RNA_ID,Disease_ID,Score
20,34,1.0
20,78,1.0
20,144,1.0
43,34,1.0
43,35,1.0
43,77,1.0
43,78,1.0
43,80,1.0
43,81,1.0
43,82,1.0
43,83,1.0
48,81,1.0
48,82,1.0
48,144,1.0
48,177,1.0
55,177,1.0
59,177,1.0
43,104,0.9999998807907104
48,83,0.9999998807907104
48,80,0.9999997615814209
20,104,0.9999992847442627
71,104,0.9999926090240479
55,144,0.9999849796295166
55,104,0.9999810457229614
29,177,0.9999779462814331
36,21,0.999962568283081
56,144,0.9998406171798706
20,178,0.9997935891151428
29,0,0.9997778534889221
36,19,0.9997022747993469
29,41,0.9996232986450195
36,30,0.9995929598808289
29,88,0.9995834231376648
84,1,0.9995542168617249
29,47,0.9995437264442444
29,72,0.9995402097702026
43,177,0.999504566192627
71,144,0.999504566192627
42,144,0.9994901418685913
46,29,0.9994679093360901
56,177,0.9994307160377502
29,43,0.9993950128555298
29,54,0.999309778213501
71,102,0.9992443323135376
36,66,0.9992225170135498
15,177,0.9990357160568237
29,57,0.9989181756973267
59,144,0.9988625049591064
42,177,0.9988356232643127
29,46,0.9988057613372803
70,144,0.9987760186195374
29,51,0.9987611770629883
46,91,0.9986020922660828
68,28,0.9985491633415222
46,19,0.9984374642372131
29,66,0.9984242916107178
48,77,0.9981122016906738
29,37,0.9980714917182922
29,86,0.9980453252792358
36,0,0.9977388381958008
55,72,0.9976770281791687
36,92,0.9976032376289368
59,8,0.9970763921737671
29,61,0.9970109462738037
36,40,0.996995210647583
68,44,0.996862530708313
29,25,0.9968276619911194
36,41,0.9967548251152039
15,102,0.9964428544044495
68,10,0.9964383840560913
55,47,0.9964324235916138
68,42,0.9962934851646423
46,43,0.9960508942604065
47,38,0.9959087371826172
68,27,0.9955706000328064
70,177,0.995554506778717
29,49,0.9952791929244995
71,72,0.9950001239776611
46,37,0.9949177503585815
29,69,0.994848370552063
29,52,0.9940342307090759
46,41,0.9939371347427368
46,40,0.9937857389450073
46,94,0.9932963252067566
43,178,0.9931123852729797
29,65,0.992946207523346
83,17,0.992782473564148
73,5,0.9921070337295532
46,52,0.9919736385345459
55,81,0.9919686913490295
29,48,0.9918952584266663
47,29,0.9918022751808167
27,27,0.9912722706794739
55,49,0.9912071824073792
59,81,0.9904589653015137
73,2,0.9902509450912476
73,7,0.9902465343475342
55,54,0.9900919198989868
83,16,0.9898046255111694
73,6,0.9897037148475647
27,10,0.9896472096443176
73,1,0.9895594120025635
29,64,0.9891856908798218
84,21,0.988872230052948
47,86,0.9887036681175232
7,5,0.9883868098258972
68,108,0.9881311655044556
36,143,0.9880508184432983
59,47,0.9878732562065125
48,35,0.9878093004226685
71,47,0.9874810576438904
29,92,0.9864916205406189
71,57,0.9862567782402039
47,30,0.9862399697303772
7,3,0.9862306714057922
7,4,0.9862189888954163
46,143,0.9861000180244446
55,51,0.9857848286628723
7,6,0.9857549667358398
83,9,0.9855652451515198
47,27,0.9854051470756531
27,42,0.9853869676589966
55,46,0.985301673412323
83,15,0.985146701335907
0,177,0.9846674203872681
68,111,0.9846662282943726
48,34,0.9833697080612183
71,54,0.9828647375106812
5,21,0.9827288389205933
68,91,0.9811549782752991
68,25,0.9807219505310059
12,17,0.9805004596710205
68,40,0.9802387952804565
68,37,0.9799915552139282
68,126,0.9796651005744934
55,57,0.979522705078125
68,43,0.9794862270355225
29,55,0.9793689250946045
29,63,0.9788499474525452
83,18,0.9785521626472473
36,117,0.9784366488456726
79,15,0.97788006067276
27,30,0.9778728485107422
29,50,0.9770231246948242
83,21,0.9769777059555054
29,70,0.9769096374511719
68,92,0.9768640398979187
46,139,0.9760833978652954
0,144,0.9752358198165894
29,71,0.9745425581932068
36,56,0.9744297862052917
47,108,0.974363386631012
75,21,0.9735799431800842
36,107,0.9730791449546814
46,73,0.9727444648742676
80,15,0.9724120497703552
29,139,0.972046971321106
46,116,0.9720410108566284
38,15,0.9716213941574097
16,21,0.970826268196106
48,102,0.970371663570404
36,70,0.9702094197273254
71,49,0.9697313904762268
46,56,0.968749463558197
46,117,0.9683145880699158
46,70,0.9679880738258362
77,17,0.9678028225898743
36,130,0.9672849178314209
61,15,0.966424822807312
71,51,0.9656776189804077
27,108,0.9656076431274414
27,40,0.9651181101799011
47,126,0.9642306566238403
47,0,0.9638953804969788
71,46,0.9622471332550049
59,104,0.9615010023117065
47,41,0.9603052139282227
18,15,0.9580111503601074
59,80,0.9565436840057373
46,107,0.9561973810195923
7,17,0.9561722278594971
60,15,0.9560670852661133
68,101,0.9552336931228638
29,68,0.9550883769989014
48,72,0.9550606608390808
84,19,0.954984188079834
59,49,0.9545807242393494
12,13,0.9543753266334534
16,18,0.9535783529281616
55,80,0.9533082246780396
44,15,0.9531815648078918
36,48,0.9520255923271179
27,25,0.9517806172370911
48,78,0.9507482647895813
41,17,0.9496729969978333
7,20,0.9489694237709045
15,124,0.9483628273010254
59,54,0.9481001496315002
27,43,0.9476400017738342
71,61,0.9473047256469727
37,16,0.9451715350151062
46,71,0.9446146488189697
17,18,0.9443881511688232
12,14,0.9443520903587341
36,33,0.9443169236183167
81,21,0.9440429210662842
55,61,0.9436812400817871
29,74,0.9435940980911255
74,15,0.9435446262359619
28,15,0.9433977603912354
20,134,0.943396270275116
55,82,0.9432830810546875
5,19,0.9430561661720276
8,21,0.942782461643219
59,51,0.9420477151870728
36,58,0.9418622851371765
56,82,0.9414752721786499
34,18,0.9405080080032349
12,9,0.9397540092468262
59,46,0.9396035671234131
27,126,0.9384341835975647
82,18,0.9360109567642212
87,24,0.9358838796615601
36,171,0.935062050819397
32,21,0.9343580603599548
36,71,0.9341856837272644
12,21,0.9329354763031006
46,171,0.9326250553131104
39,17,0.9321000576019287
56,81,0.9317266345024109
68,52,0.9297133088111877
36,59,0.929432213306427
37,12,0.9281724095344543
7,22,0.9281574487686157
37,14,0.9274629950523376
68,94,0.9269147515296936
46,158,0.9267352223396301
31,18,0.9260745048522949
71,168,0.9251308441162109
46,58,0.9248912334442139
83,29,0.9236705899238586
47,101,0.9235369563102722
29,136,0.9234638214111328
36,158,0.9229220151901245
83,19,0.9228413105010986
46,176,0.9222699999809265
46,59,0.9222502112388611
30,17,0.9205717444419861
37,9,0.9200696349143982
36,115,0.9187436103820801
63,18,0.9186182618141174
37,15,0.9185298681259155
56,104,0.9175621271133423
27,111,0.917244553565979
27,66,0.9170352816581726
75,19,0.9165756702423096
52,17,0.9162344932556152
43,181,0.9153806567192078
16,19,0.9133400321006775
36,74,0.9130383133888245
8,18,0.9127504825592041
71,96,0.9118342399597168
47,52,0.910814106464386
2,131,0.9107784032821655
11,29,0.9095995426177979
7,13,0.9094043970108032
9,20,0.9083413481712341
36,148,0.9082379341125488
62,16,0.9079129099845886
12,18,0.9077914953231812
11,0,0.9076072573661804
42,82,0.907372772693634
49,29,0.9069807529449463
37,21,0.9057052731513977
15,131,0.9047005772590637
36,176,0.9034454226493835
46,170,0.9024714231491089
46,137,0.900516927242279
87,29,0.9002529382705688
39,22,0.9000186920166016
34,19,0.8994228839874268
36,170,0.8988417983055115
55,96,0.8984265923500061
81,18,0.896898090839386
83,45,0.896668016910553
42,81,0.8960830569267273
29,143,0.8959051370620728
45,17,0.8950446248054504
52,20,0.8942963480949402
30,20,0.8939628601074219
19,17,0.8932570219039917
56,83,0.8922511339187622
36,146,0.8918542265892029
56,80,0.8918541669845581
42,104,0.8912789821624756
7,14,0.8912345767021179
27,74,0.8903834819793701
39,16,0.8897000551223755
46,60,0.8882027864456177
46,115,0.88660728931427
70,82,0.8865403532981873
77,12,0.8864536285400391
49,38,0.8864423632621765
77,21,0.8862457871437073
55,83,0.8854547739028931
37,18,0.8833224773406982
36,145,0.8833025693893433
7,21,0.8830500245094299
59,83,0.8826260566711426
87,0,0.8825735449790955
77,14,0.8820987939834595
43,168,0.8803848624229431
46,74,0.8786758780479431
83,0,0.878596305847168
77,9,0.8773006796836853
32,18,0.8772463202476501
68,74,0.8754240274429321
11,74,0.8744902610778809
58,16,0.8722695112228394
39,13,0.8706700205802917
19,20,0.870216965675354
70,81,0.8669423460960388
41,12,0.8657320141792297
62,21,0.8656643033027649
45,20,0.8651710152626038
36,122,0.8648136854171753
49,0,0.8648051023483276
46,173,0.8637465238571167
41,14,0.862947404384613
9,22,0.8623521327972412
35,0,0.8610140085220337
46,53,0.860739529132843
29,149,0.8604477047920227
84,28,0.8595119714736938
68,73,0.8585179448127747
46,169,0.8581154346466064
36,159,0.8579958081245422
29,135,0.8576948642730713
39,12,0.8561336398124695
41,21,0.8555789589881897
41,9,0.8552752137184143
36,120,0.8552598357200623
39,14,0.855252206325531
9,16,0.8551528453826904
81,19,0.8549432158470154
46,159,0.8545041084289551
83,85,0.8544476628303528
68,70,0.8543771505355835
29,67,0.8542278409004211
62,12,0.8531453609466553
46,89,0.8521416783332825
41,15,0.8517588973045349
36,105,0.8514031767845154
35,74,0.8512303829193115
59,82,0.8506362438201904
35,29,0.8489194512367249
22,0,0.8488454222679138
10,74,0.8487946391105652
36,154,0.8486189246177673
42,80,0.8478658199310303
58,13,0.8473051190376282
62,14,0.8466013669967651
48,168,0.8465198874473572
27,143,0.8464511036872864
52,22,0.8463628888130188
39,9,0.845753014087677
39,15,0.8444567322731018
42,83,0.8440238833427429
49,27,0.8436897397041321
27,101,0.8436654806137085
62,9,0.8436121940612793
68,33,0.8432654142379761
87,74,0.8426124453544617
18,82,0.8424132466316223
7,18,0.8414102792739868
86,74,0.8407884836196899
22,24,0.8407167792320251
76,74,0.8383805751800537
52,16,0.8375532031059265
46,161,0.8375357985496521
39,21,0.8374336361885071
12,19,0.8371498584747314
46,62,0.8370614647865295
51,74,0.8359229564666748
46,162,0.8356409072875977
30,22,0.8355138301849365
84,74,0.8351681232452393
32,19,0.8348912000656128
36,173,0.8348274230957031
46,106,0.8344599604606628
87,27,0.8336505889892578
5,74,0.8330608010292053
36,162,0.8321191668510437
53,74,0.8318944573402405
46,122,0.8316007852554321
5,29,0.8315310478210449
13,74,0.8313899040222168
6,74,0.8309717774391174
55,55,0.8301209807395935
79,74,0.8295311331748962
9,13,0.8294141292572021
2,72,0.8293713927268982
46,67,0.8292773365974426
14,74,0.8288901448249817
69,74,0.8287332653999329
30,16,0.8281059265136719
80,74,0.8279423117637634
75,74,0.82793128490448
47,33,0.8272923827171326
82,74,0.8257058262825012
47,74,0.8256117105484009
57,74,0.8250795006752014
46,120,0.8246857523918152
51,0,0.8242786526679993
36,87,0.8234682083129883
36,26,0.823434591293335
55,64,0.8232260346412659
36,89,0.822821855545044
61,74,0.8222732543945312
58,21,0.8221990466117859
46,172,0.8213862776756287
31,74,0.8213000893592834
72,74,0.8209505081176758
86,29,0.8208375573158264
34,74,0.8206762671470642
17,74,0.820582389831543
70,83,0.8205779194831848
36,62,0.8203295469284058
19,22,0.8199363350868225
70,80,0.8196028470993042
4,74,0.8190692067146301
60,74,0.8188807368278503
29,60,0.8186392784118652
36,67,0.8176044225692749
15,164,0.8175318241119385
44,74,0.8161888718605042
36,172,0.8159410357475281
63,74,0.8147293329238892
68,56,0.8145904541015625
46,87,0.8145474791526794
29,176,0.8144712448120117
36,155,0.8143904805183411
38,74,0.8119640946388245
58,12,0.8118563294410706
74,74,0.8118318915367126
28,74,0.8117676377296448
71,181,0.8105077147483826
36,60,0.8093752861022949
52,13,0.8091359734535217
19,16,0.8085817098617554
36,90,0.8083045482635498
36,161,0.8076294660568237
71,55,0.8070273399353027
67,3,0.8068503141403198
67,4,0.8067629933357239
83,40,0.8066816329956055
58,14,0.8063371777534485
9,21,0.8058502078056335
67,2,0.8058332204818726
67,7,0.8057921528816223
11,38,0.8046761751174927
36,169,0.8041301965713501
67,6,0.8029627203941345
73,18,0.8027061223983765
67,1,0.8024267554283142
55,50,0.8015360832214355
58,9,0.8015068769454956
38,24,0.8010328412055969
81,74,0.8005946278572083
51,29,0.7998014092445374
18,74,0.7997938990592957
15,176,0.799274206161499
68,116,0.7987151145935059
70,104,0.7980478405952454
83,74,0.7979986667633057
29,53,0.7975768446922302
79,0,0.7967646718025208
32,74,0.7966576814651489
49,45,0.7957166433334351
58,15,0.7953566908836365
30,13,0.7951614260673523
68,117,0.7950419783592224
47,56,0.7943641543388367
68,139,0.7928929328918457
9,12,0.7920241355895996
47,176,0.7905073761940002
41,18,0.7901360988616943
55,69,0.7899668216705322
38,0,0.7885267734527588
39,18,0.7879046201705933
25,20,0.7875699400901794
83,42,0.7874234914779663
83,44,0.7872605919837952
8,74,0.7870178818702698
52,21,0.7858673930168152
9,14,0.7855790853500366
46,90,0.7849931716918945
16,0,0.7845407724380493
80,0,0.7839809060096741
55,168,0.7827284932136536
69,0,0.7824683785438538
46,26,0.7823360562324524
9,9,0.7819580435752869
29,62,0.7805638909339905
83,37,0.7805386185646057
46,175,0.779487133026123
83,30,0.7790399789810181
37,19,0.778148353099823
46,105,0.7776328921318054
14,0,0.7771613597869873
55,65,0.776993989944458
19,13,0.7766081690788269
83,41,0.7763190865516663
29,161,0.7756969332695007
9,15,0.7756643295288086
53,0,0.7745132446289062
30,21,0.773952066898346
12,74,0.7733403444290161
36,53,0.7722600102424622
52,12,0.7721443772315979
46,174,0.7706066370010376
46,188,0.769464910030365
43,31,0.7687952518463135
15,161,0.7680900692939758
1,17,0.7680400013923645
3,17,0.7680400013923645
23,17,0.7680400013923645
26,17,0.7680400013923645
88,17,0.7680400013923645
47,48,0.7676612138748169
52,14,0.7675302028656006
54,17,0.7673985958099365
47,73,0.7654460072517395
84,40,0.7644103765487671
79,24,0.7640211582183838
7,19,0.7639300227165222
79,29,0.7635408043861389
78,88,0.7633273005485535
71,50,0.7628605365753174
62,18,0.7626581192016602
52,9,0.7625014781951904
40,17,0.7622115015983582
13,0,0.7615726590156555
27,33,0.76055508852005
61,0,0.7600716948509216
78,34,0.7598280310630798
17,0,0.7595056295394897
47,171,0.7585959434509277
77,74,0.7584166526794434
52,15,0.7581425905227661
48,181,0.7581365704536438
55,109,0.7580419778823853
68,107,0.7577523589134216
73,19,0.7569412589073181
46,160,0.7564108967781067
68,158,0.7562834024429321
62,74,0.7558023929595947
36,175,0.7550000548362732
45,13,0.7542625665664673
71,109,0.7540598511695862
19,21,0.7521467208862305
18,83,0.7514921426773071
77,19,0.7509508728981018
47,60,0.7507871985435486
34,0,0.7504501938819885
71,69,0.750026285648346
57,0,0.7499851584434509
47,71,0.7482660412788391
29,33,0.7478037476539612
37,74,0.7477282881736755
4,0,0.7471154928207397
30,12,0.7457028031349182
73,74,0.7451818585395813
18,0,0.7449895143508911
24,0,0.7442883253097534
72,0,0.7439606189727783
68,115,0.7430086731910706
64,17,0.7427282333374023
66,17,0.7426447868347168
19,12,0.7403258085250854
5,27,0.7394849061965942
45,21,0.7390333414077759
41,74,0.7390023469924927
36,123,0.738612711429596
78,86,0.7385443449020386
16,29,0.7379390001296997
49,10,0.7362799048423767
18,34,0.7361769080162048
27,94,0.7352491617202759
12,0,0.7346757054328918
58,74,0.7322033047676086
16,24,0.7320781946182251
19,9,0.7307224869728088
19,15,0.728389322757721
36,156,0.7283079624176025
78,77,0.728307843208313
7,74,0.7278519868850708
22,27,0.7276268005371094
84,41,0.7274580597877502
30,15,0.7273156642913818
8,82,0.7271673083305359
83,108,0.7267337441444397
69,29,0.72663813829422
78,85,0.7265836000442505
46,182,0.7259454727172852
62,19,0.7252458333969116
9,74,0.7237046360969543
80,29,0.7230319380760193
39,74,0.722776472568512
60,0,0.7224678993225098
30,74,0.7222092747688293
46,138,0.7216240167617798
83,25,0.7215646505355835
78,45,0.7205783724784851
71,64,0.7204535603523254
29,152,0.7200740575790405
37,0,0.7185407876968384
47,116,0.7185113430023193
36,174,0.7183865308761597
58,18,0.7169208526611328
36,97,0.7167916893959045
87,40,0.7166889905929565
86,27,0.7161524295806885
5,38,0.7157260179519653
2,79,0.7152103781700134
44,0,0.7148545384407043
31,0,0.7141494750976562
14,29,0.714133083820343
71,65,0.7138707637786865
12,24,0.7133742570877075
35,38,0.712660551071167
69,24,0.7121742367744446
11,28,0.7108656764030457
29,26,0.7102689146995544
56,168,0.7100919485092163
49,85,0.7098662853240967
37,29,0.7098567485809326
68,48,0.7089943289756775
40,20,0.7069364190101624
47,53,0.7058573961257935
41,19,0.7054648399353027
1,20,0.7047480940818787
3,20,0.7047480940818787
23,20,0.7047480940818787
26,20,0.7047480940818787
88,20,0.7047480940818787
19,74,0.7045358419418335
54,20,0.7043282389640808
63,0,0.7043118476867676
80,24,0.7040546536445618
83,43,0.7033774852752686
46,131,0.7028635144233704
45,14,0.7007745504379272
9,18,0.6989981532096863
12,29,0.698756754398346
42,168,0.6977948546409607
47,170,0.6973833441734314
68,71,0.6959770917892456
25,22,0.6959730982780457
45,9,0.6958316564559937
65,177,0.6956768035888672
36,160,0.6953160762786865
45,74,0.6949248909950256
36,153,0.6946718096733093
36,188,0.6943660974502563
51,27,0.6935997009277344
78,38,0.6926969289779663
61,29,0.6922601461410522
14,24,0.6918877959251404
78,92,0.6918874382972717
86,38,0.69153892993927
64,20,0.6910277605056763
74,0,0.6900419592857361
8,0,0.6898837089538574
28,0,0.6897309422492981
25,16,0.6896963119506836
83,92,0.6877362728118896
59,168,0.6857767701148987
25,74,0.6850929260253906
39,19,0.6843264698982239
78,28,0.6839483380317688
56,181,0.6835880279541016
49,37,0.6820716261863708
78,44,0.6820476651191711
53,24,0.6819614171981812
81,0,0.6812103390693665
78,83,0.6811453700065613
47,115,0.680726945400238
47,145,0.679435670375824
47,146,0.6775614619255066
13,29,0.6774888038635254
52,18,0.6770485639572144
46,187,0.6769757270812988
27,73,0.6768473386764526
47,89,0.6758638620376587
2,177,0.6756458282470703
87,45,0.6755253672599792
7,0,0.6751378178596497
78,24,0.6740302443504333
66,20,0.6739575266838074
84,85,0.673149824142456
47,148,0.6728734970092773
29,93,0.6725348830223083
34,29,0.6723925471305847
22,38,0.6719444990158081
36,149,0.6708701252937317
42,181,0.6707519292831421
78,78,0.6705002188682556
78,10,0.6703120470046997
15,128,0.669842004776001
78,143,0.6697956323623657
56,5,0.6695696711540222
58,19,0.6687592267990112
61,24,0.6671493053436279
68,159,0.6668083667755127
4,29,0.6665966510772705
87,41,0.6660240888595581
47,188,0.6655089855194092
46,184,0.6652891039848328
68,130,0.6647030115127563
0,168,0.6639716625213623
38,27,0.6639587879180908
40,74,0.6635182499885559
1,74,0.6632242798805237
3,74,0.6632242798805237
23,74,0.6632242798805237
26,74,0.6632242798805237
88,74,0.6632242798805237
54,74,0.6631263494491577
9,19,0.6628453135490417
57,29,0.6617400050163269
6,29,0.661384105682373
29,87,0.6612693667411804
72,29,0.6611862778663635
47,131,0.6604929566383362
70,168,0.6591024398803711
78,66,0.6586890816688538
78,82,0.6579577922821045
47,173,0.6570488810539246
36,150,0.6561540365219116
36,157,0.6553802490234375
66,74,0.6547665596008301
78,25,0.6546181440353394
15,139,0.6544784903526306
64,74,0.654276430606842
49,30,0.6529091596603394
10,27,0.65280681848526
36,114,0.6525907516479492
68,148,0.6525589823722839
78,108,0.6523138880729675
83,126,0.6504235863685608
36,182,0.6496701836585999
27,70,0.6483790874481201
79,27,0.6471545696258545
46,97,0.6470912098884583
2,168,0.6465972661972046
78,171,0.6452449560165405
55,181,0.6451467871665955
46,23,0.6450960040092468
25,13,0.6449514031410217
87,10,0.6449047923088074
18,29,0.6447661519050598
78,6,0.6446998119354248
78,33,0.6441292762756348
50,3,0.6432592868804932
25,21,0.6431942582130432
50,4,0.6431437134742737
36,147,0.6424153447151184
78,174,0.6423907279968262
78,111,0.6422743201255798
24,29,0.6421277523040771
78,3,0.6419475078582764
78,4,0.6419047713279724
37,38,0.6414405703544617
87,37,0.64136803150177
50,2,0.6413261294364929
19,18,0.6413218379020691
50,7,0.6412734985351562
50,1,0.641177773475647
51,38,0.641113817691803
38,38,0.6405900120735168
70,181,0.6399698257446289
29,153,0.6399474740028381
78,2,0.6381101608276367
78,7,0.6380806565284729
39,0,0.6374416947364807
50,6,0.6366347074508667
15,85,0.6345005631446838
78,5,0.6331207156181335
30,18,0.6324245929718018
36,121,0.6323271989822388
29,39,0.6318899989128113
13,24,0.6303263902664185
78,37,0.6299765706062317
78,1,0.6295783519744873
52,19,0.628383994102478
78,35,0.6281449198722839
49,42,0.6280165314674377
78,126,0.6276724338531494
0,181,0.6274652481079102
46,183,0.627281665802002
78,146,0.6271712183952332
47,62,0.6271172761917114
4,24,0.6267611384391785
47,137,0.6240592002868652
78,145,0.6239300966262817
78,42,0.6238470077514648
18,24,0.6220226287841797
16,27,0.6218207478523254
36,152,0.6217659115791321
5,28,0.6209126114845276
27,115,0.620762050151825
41,0,0.620154857635498
78,91,0.6193246245384216
78,14,0.6189315319061279
78,22,0.6184836626052856
47,169,0.6184353232383728
36,151,0.6180738210678101
47,154,0.6174417734146118
78,30,0.61674964427948
46,63,0.6165808439254761
73,0,0.6152054667472839
75,27,0.6149219870567322
71,39,0.6147817373275757
68,137,0.6146430373191833
40,22,0.6146108508110046
0,104,0.6143547296524048
60,29,0.613648533821106
18,80,0.6135924458503723
43,19,0.6135308742523193
47,67,0.6134064793586731
56,1,0.6132228970527649
77,0,0.6112476587295532
37,27,0.610970139503479
57,24,0.6109670400619507
78,158,0.6097425222396851
42,5,0.6095141768455505
36,118,0.6094971299171448
67,74,0.6093418598175049
5,40,0.6093034148216248
8,77,0.6086916327476501
84,42,0.6086146235466003
78,170,0.6078330874443054
35,40,0.6067234873771667
76,38,0.6065797805786133
78,188,0.6063951253890991
64,22,0.6057897210121155
7,24,0.605577290058136
36,98,0.6055073738098145
35,28,0.6053391098976135
47,172,0.6051652431488037
46,133,0.6050703525543213
15,40,0.604692816734314
47,130,0.6045418977737427
40,16,0.6044963598251343
78,148,0.6038682460784912
2,75,0.6037850975990295
44,29,0.6036043167114258
1,22,0.6033487319946289
3,22,0.6033487319946289
23,22,0.6033487319946289
26,22,0.6033487319946289
88,22,0.6033487319946289
47,182,0.6033324003219604
54,22,0.6032934784889221
36,183,0.6029281616210938
83,143,0.6026018261909485
56,2,0.6019659638404846
56,7,0.6019569039344788
69,27,0.6015675663948059
68,154,0.6015419363975525
78,163,0.6014930009841919
78,169,0.6009118556976318
68,162,0.5998696088790894
80,27,0.5997677445411682
78,9,0.5993288159370422
68,26,0.5992815494537354
8,83,0.598980724811554
68,146,0.5985546112060547
68,58,0.5981473922729492
68,60,0.5980111956596375
1,16,0.5979478359222412
3,16,0.5979478359222412
23,16,0.5979478359222412
26,16,0.5979478359222412
88,16,0.5979478359222412
54,16,0.5978080034255981
78,89,0.5974355340003967
56,3,0.5966367721557617
56,4,0.5964728593826294
64,16,0.5959815382957458
78,20,0.5958925485610962
68,89,0.5958680510520935
36,187,0.5952284336090088
78,19,0.5950194597244263
68,145,0.594734787940979
36,184,0.5942798852920532
0,81,0.593756377696991
12,27,0.5936549305915833
36,36,0.5912545919418335
55,124,0.5910568237304688
45,18,0.5897188782691956
20,181,0.588717520236969
20,147,0.5882800221443176
86,28,0.5875468850135803
78,182,0.5875100493431091
14,27,0.5870999693870544
68,62,0.5869914293289185
78,40,0.5867528319358826
78,15,0.5864446759223938
63,29,0.585787296295166
48,49,0.585391104221344
78,101,0.5852756500244141
78,29,0.5850944519042969
78,41,0.5843048691749573
18,81,0.583833634853363
78,23,0.5834234356880188
2,142,0.5834035277366638
78,80,0.5831908583641052
55,63,0.5822750926017761
55,110,0.5821681618690491
68,67,0.5821261405944824
39,24,0.5819672346115112
0,82,0.5814521312713623
70,5,0.5813845992088318
84,44,0.5808870792388916
29,158,0.5807519555091858
22,40,0.5802721381187439
78,172,0.5792558789253235
12,38,0.5788977742195129
71,110,0.578033983707428
49,43,0.5779440402984619
25,12,0.5777914524078369
56,6,0.5777609348297119
78,43,0.5776732563972473
78,130,0.5776300430297852
37,28,0.5773572325706482
71,31,0.5773251056671143
19,19,0.5766475796699524
53,27,0.5759386420249939
49,88,0.5755636096000671
56,32,0.5752142667770386
78,137,0.5748745799064636
2,11,0.5746868848800659
78,131,0.5746631622314453
36,23,0.5745354294776917
83,33,0.573326587677002
24,24,0.5733033418655396
25,9,0.5730573534965515
47,23,0.5717182755470276
25,14,0.5715969800949097
78,0,0.5707019567489624
78,184,0.5704666376113892
78,155,0.5688648819923401
70,32,0.5688121318817139
25,15,0.5681145787239075
50,74,0.5677980184555054
66,22,0.5677435994148254
46,123,0.5676671862602234
42,32,0.5674380660057068
49,25,0.5671977996826172
36,100,0.567037045955658
84,25,0.5653549432754517
2,140,0.5653128623962402
11,37,0.5642712712287903
62,0,0.5641807317733765
37,40,0.5637062191963196
46,114,0.5632237792015076
78,159,0.5628765225410461
66,16,0.5627840757369995
61,27,0.5627641677856445
17,27,0.5623403191566467
78,187,0.5622127652168274
56,77,0.5618038773536682
67,22,0.5617531538009644
38,40,0.5610539317131042
40,21,0.5606778860092163
1,21,0.5603212714195251
3,21,0.5603212714195251
23,21,0.5603212714195251
26,21,0.5603212714195251
88,21,0.5603212714195251
78,17,0.5602827072143555
47,155,0.5600603818893433
54,21,0.5599622130393982
51,40,0.5597749948501587
0,32,0.5594720244407654
46,121,0.559225857257843
2,179,0.5590339303016663
22,28,0.558305025100708
68,87,0.5579620003700256
74,29,0.5576544404029846
28,29,0.5571702718734741
56,31,0.5570595860481262
66,32,0.5569049715995789
40,13,0.5568103194236755
47,87,0.5566112399101257
42,1,0.5563890933990479
52,32,0.5559368133544922
82,24,0.5558891892433167
67,16,0.5555484890937805
9,32,0.5553364157676697
24,32,0.5553139448165894
42,31,0.5552771091461182
31,32,0.5552588105201721
82,32,0.5552284717559814
25,32,0.5551174283027649
29,162,0.5550317168235779
81,29,0.554948091506958
1,32,0.55484539270401
3,32,0.55484539270401
23,32,0.55484539270401
26,32,0.55484539270401
88,32,0.55484539270401
54,32,0.5547472834587097
27,36,0.5546830296516418
68,122,0.5546318888664246
32,32,0.5542699694633484
62,32,0.5539966821670532
28,32,0.5538094639778137
74,32,0.5537704825401306
81,32,0.5535376667976379
6,32,0.5534689426422119
27,158,0.553368866443634
60,32,0.553189218044281
78,173,0.5531694889068604
13,32,0.553119421005249
10,32,0.5531132817268372
34,32,0.552944540977478
16,32,0.5527382493019104
63,32,0.5526117086410522
57,32,0.5524276494979858
30,32,0.5523902177810669
8,29,0.5522968173027039
58,32,0.5522782206535339
44,32,0.5519394874572754
22,32,0.5519055128097534
47,58,0.5517724752426147
46,36,0.5517671704292297
58,0,0.5514311194419861
80,32,0.5514249801635742
17,32,0.5512969493865967
64,21,0.5511759519577026
53,32,0.5511708855628967
64,32,0.5510637760162354
19,32,0.5509602427482605
14,32,0.5508371591567993
61,32,0.5507965683937073
78,154,0.5507540702819824
75,32,0.5506442189216614
64,13,0.5503409504890442
1,13,0.5503373742103577
3,13,0.5503373742103577
23,13,0.5503373742103577
26,13,0.5503373742103577
88,13,0.5503373742103577
54,13,0.5501943230628967
33,74,0.5501344203948975
4,32,0.550066351890564
11,32,0.5500185489654541
78,74,0.5498283505439758
72,32,0.5497763752937317
69,32,0.5496684312820435
68,53,0.549531102180481
41,32,0.5494516491889954
21,32,0.5493952035903931
9,0,0.5493772625923157
77,32,0.5492780208587646
5,41,0.5492386817932129
35,32,0.549031138420105
68,188,0.549026370048523
68,161,0.5486077070236206
20,36,0.548604428768158
76,32,0.5485334992408752
39,32,0.548353374004364
5,32,0.5482050180435181
68,120,0.5480124950408936
51,32,0.5477458834648132
86,32,0.5477374792098999
46,186,0.5467589497566223
0,80,0.5466141700744629
12,32,0.5465937852859497
78,52,0.5463431477546692
73,32,0.5461888909339905
38,28,0.5457547307014465
83,66,0.5452036261558533
50,32,0.5450921058654785
42,2,0.544937252998352
42,7,0.5449299216270447
79,32,0.5447139143943787
75,38,0.5446566343307495
78,140,0.5445999503135681
85,32,0.5445668697357178
65,32,0.5441849827766418
2,178,0.5440183877944946
78,141,0.5439971089363098
45,19,0.5438034534454346
36,93,0.5435723662376404
35,41,0.5434747934341431
2,76,0.5431602597236633
65,181,0.5424929857254028
47,187,0.5424474477767944
34,27,0.5423235893249512
67,32,0.5419217348098755
38,32,0.5414958000183105
33,188,0.5414068102836609
42,3,0.5408058166503906
42,4,0.5406608581542969
87,32,0.5404437780380249
37,32,0.5402831435203552
84,32,0.5400282144546509
60,24,0.5398527383804321
52,0,0.5396599769592285
68,36,0.5391989946365356
49,108,0.5388437509536743
68,90,0.5384130477905273
46,163,0.5380989909172058
78,160,0.5373635292053223
78,94,0.5373409390449524
45,32,0.5371331572532654
78,180,0.5368089079856873
78,90,0.5365030765533447
4,27,0.5364799499511719
76,40,0.5364145636558533
78,176,0.5354211330413818
83,32,0.5348921418190002
0,31,0.5348719358444214
70,77,0.5342232584953308
15,28,0.5338239073753357
56,74,0.5325825214385986
15,38,0.5324748754501343
2,141,0.5324205756187439
66,21,0.5318165421485901
78,183,0.5315862894058228
70,1,0.5314397215843201
51,28,0.5306494832038879
41,29,0.5295718908309937
78,27,0.5293294787406921
47,184,0.5292242169380188
57,27,0.5289949178695679
70,74,0.5289168953895569
42,77,0.5288856029510498
46,98,0.528872013092041
86,41,0.5287072658538818
44,24,0.5285706520080566
72,27,0.5285213589668274
68,59,0.5279373526573181
2,164,0.5275800824165344
78,162,0.5272030830383301
78,21,0.5259367823600769
84,88,0.5258381962776184
85,74,0.525713324546814
6,27,0.5245612263679504
12,40,0.5241536498069763
70,31,0.523790180683136
15,0,0.5237195491790771
78,62,0.5232475996017456
42,6,0.5231903195381165
48,31,0.5231568813323975
27,56,0.5224710702896118
47,59,0.5222215056419373
37,41,0.5218873620033264
11,36,0.5217452049255371
70,2,0.5213883519172668
70,7,0.5213739275932312
47,90,0.5198491215705872
33,23,0.519659161567688
19,0,0.5188966989517212
69,38,0.5184926390647888
78,70,0.518069863319397
56,35,0.5180177092552185
70,3,0.5176985263824463
70,4,0.5175493955612183
67,21,0.5173006057739258
27,32,0.5171242356300354
78,36,0.5166435241699219
10,40,0.5166407227516174
29,157,0.5166262984275818
33,182,0.5162907242774963
42,74,0.5162413120269775
32,29,0.516234278678894
33,32,0.5162255764007568
46,135,0.5157470703125
83,36,0.5156888961791992
66,13,0.5155447721481323
47,122,0.515508234500885
47,120,0.5149927735328674
87,36,0.5147333145141602
49,32,0.5137857794761658
80,38,0.5137649178504944
49,92,0.5137214660644531
78,115,0.5134509205818176
33,8,0.5131731629371643
2,180,0.5129562020301819
78,84,0.5127567052841187
38,41,0.5127139091491699
29,159,0.51210618019104
36,69,0.5117617845535278
55,39,0.5117000341415405
47,175,0.511504590511322
22,36,0.5109856724739075
18,36,0.5108264684677124
84,36,0.5106745362281799
22,41,0.5098046064376831
35,36,0.5096462368965149
29,175,0.5094934105873108
46,72,0.5091813206672668
85,177,0.5088852643966675
5,36,0.5087472200393677
16,40,0.5084393620491028
5,37,0.5075244307518005
36,112,0.5072409510612488
31,24,0.5065131783485413
78,81,0.5064691305160522
78,73,0.5055568218231201
24,27,0.5051839351654053
11,10,0.5051809549331665
78,166,0.5050975680351257
78,75,0.5047000646591187
86,36,0.503663182258606
63,24,0.5035760402679443
27,159,0.5032938122749329
8,36,0.502674400806427
70,6,0.501939594745636
10,36,0.5017497539520264
16,36,0.5015038847923279
51,36,0.5013693571090698
43,36,0.5011919736862183
33,143,0.5011596083641052
7,36,0.5007246136665344
75,40,0.5005942583084106
47,36,0.5002414584159851
42,35,0.4998469948768616
8,32,0.49975013732910156
78,150,0.4993686378002167
12,36,0.49914243817329407
78,165,0.4990008771419525
0,83,0.49880683422088623
51,41,0.49868667125701904
27,171,0.498643696308136
70,35,0.4986315965652466
46,69,0.49750712513923645
87,30,0.4974317252635956
27,116,0.4969240725040436
40,15,0.4968343675136566
78,116,0.49667638540267944
64,14,0.49652576446533203
64,12,0.4964422881603241
78,134,0.49641597270965576
40,14,0.4963662922382355
40,12,0.49626222252845764
47,32,0.4959377646446228
64,15,0.49548789858818054
12,28,0.4954366087913513
69,36,0.4952223002910614
33,176,0.494924396276474
14,36,0.49468663334846497
75,36,0.4946634769439697
78,139,0.49463650584220886
40,9,0.4945792555809021
76,36,0.4945604205131531
78,186,0.494543194770813
14,38,0.49448686838150024
27,117,0.4943426847457886
78,26,0.4943360984325409
87,85,0.4940560758113861
15,118,0.49367496371269226
73,29,0.493661493062973
64,9,0.49360954761505127
49,86,0.49260058999061584
36,186,0.4924858510494232
78,167,0.49183350801467896
7,38,0.49178311228752136
34,36,0.4917452931404114
39,36,0.49131983518600464
46,65,0.4912573993206024
37,36,0.491158664226532
13,36,0.4911567270755768
67,12,0.4910869598388672
79,36,0.491045206785202
53,36,0.49103844165802
35,37,0.4907360076904297
57,36,0.4906018078327179
61,36,0.4905746579170227
37,37,0.4903978407382965
8,24,0.4903258979320526
76,28,0.4903031289577484
24,36,0.4901123344898224
30,0,0.4900467097759247
6,36,0.48983198404312134
67,14,0.489542692899704
82,27,0.48953574895858765
17,36,0.4895082116127014
77,29,0.4891635477542877
41,24,0.48915743827819824
47,174,0.48895153403282166
39,27,0.4888741970062256
18,32,0.48883214592933655
21,8,0.48881176114082336
67,15,0.4887617528438568
46,68,0.4887251853942871
18,27,0.4883498549461365
82,36,0.48820456862449646
68,105,0.48773619532585144
68,32,0.4877046048641205
73,36,0.48755306005477905
68,182,0.48751509189605713
11,45,0.4873902499675751
67,36,0.4873288571834564
60,36,0.4867226183414459
67,9,0.48641425371170044
85,5,0.4861518144607544
4,36,0.4854280352592468
31,36,0.48531389236450195
44,36,0.4847128987312317
69,40,0.4846743643283844
2,32,0.48455744981765747
72,36,0.48432204127311707
78,156,0.48421451449394226
78,32,0.48395344614982605
41,36,0.48380276560783386
21,168,0.4837031364440918
21,181,0.48351889848709106
81,36,0.48344460129737854
46,140,0.48335352540016174
54,12,0.48315608501434326
36,65,0.4830060601234436
78,117,0.48298466205596924
1,12,0.48294907808303833
3,12,0.48294907808303833
23,12,0.48294907808303833
26,12,0.48294907808303833
88,12,0.48294907808303833
63,36,0.4825417399406433
74,36,0.482474148273468
28,36,0.48243018984794617
85,168,0.4822404384613037
49,36,0.4821479022502899
52,36,0.48213672637939453
80,40,0.48190805315971375
54,9,0.481906920671463
39,38,0.48188966512680054
46,100,0.48185765743255615
1,9,0.48176801204681396
3,9,0.48176801204681396
23,9,0.48176801204681396
26,9,0.48176801204681396
88,9,0.48176801204681396
27,26,0.48158612847328186
78,189,0.481315553188324
85,36,0.4808637201786041
78,87,0.480836421251297
15,74,0.4808158874511719
27,107,0.48022255301475525
54,15,0.4801959991455078
84,92,0.480049192905426
1,15,0.48000672459602356
3,15,0.48000672459602356
23,15,0.48000672459602356
26,15,0.48000672459602356
88,15,0.48000672459602356
60,27,0.4798535704612732
32,36,0.479810893535614
25,19,0.47975969314575195
42,39,0.4797288179397583
54,14,0.47950372099876404
1,14,0.47923150658607483
3,14,0.47923150658607483
23,14,0.47923150658607483
26,14,0.47923150658607483
88,14,0.47923150658607483
7,40,0.4788338541984558
2,181,0.478257954120636
48,57,0.47821563482284546
78,142,0.4780278205871582
86,37,0.47799381613731384
27,176,0.4779127836227417
53,38,0.4777681827545166
65,31,0.47743144631385803
78,175,0.4772643446922302
58,36,0.47628965973854065
76,41,0.47625288367271423
17,38,0.4762248396873474
47,183,0.4761921167373657
46,32,0.47616174817085266
77,36,0.4753457009792328
68,23,0.4750719666481018
36,32,0.47495511174201965
21,36,0.47444677352905273
46,64,0.47441789507865906
36,131,0.47384634613990784
8,80,0.47373396158218384
68,72,0.4735966920852661
78,122,0.4735288918018341
62,36,0.47334709763526917
56,39,0.47321295738220215
19,36,0.4730227291584015
65,79,0.4729804992675781
61,38,0.4726274609565735
50,36,0.47252416610717773
46,141,0.4724631607532501
33,140,0.47239696979522705
50,17,0.47235164046287537
46,84,0.4716847240924835
68,155,0.471237450838089
12,41,0.47089704871177673
14,40,0.47061780095100403
55,68,0.47059932351112366
78,60,0.47041037678718567
78,79,0.47017380595207214
44,27,0.46934086084365845
65,76,0.4693181812763214
70,36,0.4688695967197418
33,141,0.468840092420578
83,91,0.4687838852405548
56,17,0.46825429797172546
30,36,0.46788597106933594
78,76,0.46572092175483704
18,38,0.4654768109321594
78,11,0.464943528175354
78,107,0.46492889523506165
65,8,0.4649085998535156
29,154,0.46438300609588623
25,18,0.4643547832965851
78,138,0.46245265007019043
25,36,0.4622577428817749
84,33,0.4612997770309448
2,165,0.46126604080200195
56,36,0.46086037158966064
71,32,0.4603700041770935
53,40,0.46020370721817017
85,1,0.4599999189376831
74,24,0.4596169590950012
17,40,0.4594152271747589
64,36,0.4592297375202179
46,118,0.45917755365371704
28,24,0.4590059816837311
78,161,0.4588479995727539
65,36,0.4587497115135193
42,36,0.45865342020988464
54,36,0.45844900608062744
1,36,0.45836883783340454
3,36,0.45836883783340454
23,36,0.45836883783340454
26,36,0.45836883783340454
88,36,0.45836883783340454
87,42,0.45826417207717896
85,3,0.45824915170669556
85,4,0.45816004276275635
31,27,0.45774713158607483
33,184,0.4576680660247803
46,54,0.4576546847820282
36,163,0.4576253294944763
65,11,0.4573451280593872
79,28,0.45730724930763245
40,36,0.45726221799850464
46,46,0.4569317400455475
22,37,0.4566231667995453
85,2,0.45656442642211914
85,7,0.4565340280532837
46,167,0.45649904012680054
87,43,0.45643097162246704
66,36,0.45580658316612244
70,34,0.45550185441970825
83,111,0.45439332723617554
36,102,0.4541247487068176
21,79,0.4540049731731415
56,34,0.45346370339393616
37,10,0.45322880148887634
78,120,0.4528906047344208
36,63,0.45263585448265076
85,6,0.45151418447494507
33,187,0.45135927200317383
63,27,0.4510764479637146
84,86,0.45085668563842773
87,25,0.4504798650741577
10,28,0.45011645555496216
78,53,0.45010462403297424
78,133,0.44990190863609314
45,0,0.4488781988620758
0,36,0.44875282049179077
10,41,0.44798600673675537
66,15,0.4474416673183441
66,9,0.44730278849601746
15,45,0.446689635515213
36,84,0.4466874599456787
42,34,0.4462074935436249
38,37,0.4461514353752136
66,12,0.44601374864578247
16,28,0.4458885192871094
49,126,0.4455811083316803
78,56,0.44546735286712646
65,144,0.44525495171546936
29,151,0.4448704421520233
59,131,0.4438755214214325
55,31,0.443750262260437
16,41,0.4437004625797272
66,14,0.44352343678474426
0,74,0.4430747628211975
78,67,0.44306012988090515
45,36,0.44304317235946655
34,38,0.4425479471683502
65,74,0.44205355644226074
33,180,0.44200608134269714
8,81,0.44192296266555786
5,10,0.4418298900127411
0,39,0.44137057662010193
21,76,0.4411850571632385
34,40,0.440862774848938
51,37,0.4408624768257141
20,31,0.44053035974502563
65,180,0.4404807686805725
33,89,0.4392783045768738
65,75,0.4392085671424866
49,143,0.43900567293167114
55,113,0.43866419792175293
75,41,0.4384700059890747
67,0,0.43755292892456055
33,33,0.43691787123680115
21,180,0.43549150228500366
68,183,0.43498891592025757
65,167,0.43369370698928833
46,93,0.4327653646469116
70,39,0.4326249361038208
84,126,0.43228980898857117
78,71,0.4320499002933502
4,40,0.4316006004810333
7,41,0.4312436282634735
29,36,0.4309014678001404
13,40,0.4291592836380005
36,167,0.4291192293167114
68,187,0.4290120303630829
59,181,0.428904265165329
33,92,0.4287397861480713
81,27,0.42871105670928955
18,35,0.4286244809627533
36,128,0.4271746873855591
4,38,0.42706388235092163
33,66,0.42620182037353516
68,184,0.42584341764450073
74,27,0.42568039894104004
2,166,0.4254615604877472
5,45,0.4254254400730133
28,27,0.4252166748046875
42,17,0.42510858178138733
72,40,0.4248363673686981
87,44,0.4247722029685974
36,119,0.42474955320358276
41,27,0.4246346056461334
47,156,0.42426425218582153
18,40,0.42405515909194946
13,38,0.42382222414016724
46,180,0.42344748973846436
39,41,0.4233289062976837
65,165,0.42318668961524963
78,179,0.4229770600795746
67,18,0.42216870188713074
47,141,0.4221581220626831
57,40,0.4218478798866272
46,51,0.4214957356452942
33,158,0.421366423368454
67,19,0.42049989104270935
85,31,0.42002373933792114
21,167,0.419784277677536
87,108,0.4188041090965271
78,185,0.4187360405921936
39,28,0.4184114933013916
33,84,0.4180399477481842
80,41,0.41751575469970703
21,11,0.4171208143234253
33,36,0.4169790744781494
48,39,0.4166414439678192
78,153,0.41595885157585144
83,101,0.41586509346961975
6,40,0.4155080020427704
72,38,0.4154485762119293
78,151,0.415432870388031
33,142,0.4154103994369507
21,31,0.41507548093795776
32,24,0.41503575444221497
33,41,0.41493654251098633
33,79,0.41402381658554077
21,75,0.4137718677520752
47,140,0.4136943519115448
27,139,0.41357991099357605
65,166,0.4134129285812378
36,129,0.41288623213768005
27,162,0.4121735394001007
47,186,0.4120463728904724
0,76,0.4115808606147766
83,115,0.4114316701889038
57,38,0.411070853471756
33,165,0.41028159856796265
50,181,0.41010189056396484
76,37,0.4098106026649475
65,141,0.4097607135772705
35,10,0.40941551327705383
0,35,0.4092746675014496
58,29,0.40847286581993103
14,41,0.40825363993644714
65,179,0.4072278141975403
47,163,0.40663743019104004
77,24,0.40649542212486267
27,154,0.4064079821109772
1,19,0.40568891167640686
3,19,0.40568891167640686
23,19,0.40568891167640686
26,19,0.40568891167640686
88,19,0.40568891167640686
46,165,0.40543848276138306
54,19,0.4053959846496582
41,40,0.40507104992866516
33,40,0.4048556685447693
33,167,0.40484824776649475
29,156,0.4043584167957306
25,0,0.4043455123901367
7,37,0.40415483713150024
9,29,0.4036584496498108
21,166,0.4029586613178253
36,68,0.40274322032928467
8,27,0.4025929570198059
62,29,0.402518093585968
69,28,0.40227413177490234
6,38,0.40218889713287354
29,138,0.40132197737693787
21,141,0.4007062017917633
17,41,0.40010160207748413
33,22,0.40002021193504333
86,10,0.3999224901199341
47,84,0.39968031644821167
36,141,0.3995736539363861
36,64,0.3994733393192291
21,23,0.39867520332336426
85,76,0.39848339557647705
46,136,0.39838340878486633
21,165,0.3982810378074646
64,18,0.3978312611579895
27,148,0.39774373173713684
24,40,0.3977428376674652
65,23,0.39724791049957275
80,28,0.39713549613952637
47,167,0.396765798330307
78,48,0.3964281678199768
46,166,0.39582744240760803
68,131,0.39504289627075195
65,142,0.3940812647342682
2,23,0.3938309848308563
39,37,0.3938281834125519
33,70,0.3936736583709717
33,20,0.393481969833374
29,173,0.3934495747089386
33,173,0.3930029273033142
47,180,0.3925696015357971
16,37,0.39227065443992615
73,27,0.3922443687915802
40,18,0.39220449328422546
85,167,0.39150291681289673
32,27,0.39098185300827026
68,106,0.39077189564704895
82,40,0.39064478874206543
85,79,0.39058011770248413
84,143,0.3905358910560608
37,33,0.3901871144771576
15,103,0.390173077583313
64,19,0.39013057947158813
29,137,0.3899182975292206
27,170,0.38947123289108276
33,166,0.3889751136302948
21,84,0.388472318649292
33,75,0.38845786452293396
85,180,0.3879026770591736
64,0,0.3877604305744171
65,185,0.38772761821746826
33,159,0.38755378127098083
15,100,0.38725563883781433
65,84,0.3869776427745819
87,33,0.3865157961845398
79,37,0.38642919063568115
71,113,0.38595050573349
0,79,0.38589176535606384
46,61,0.38551196455955505
0,11,0.38528263568878174
33,24,0.3852623999118805
60,40,0.3851856291294098
65,39,0.384947270154953
33,161,0.38484421372413635
40,19,0.38458922505378723
33,163,0.38428032398223877
78,105,0.38418060541152954
27,188,0.38391223549842834
65,140,0.3831091821193695
33,183,0.3821479082107544
36,140,0.38201531767845154
47,105,0.38153862953186035
54,18,0.3810499906539917
21,179,0.3809033930301666
1,18,0.3807966113090515
3,18,0.3807966113090515
23,18,0.3807966113090515
26,18,0.3807966113090515
88,18,0.3807966113090515
78,164,0.3806948959827423
68,156,0.38002142310142517
44,40,0.37969857454299927
50,168,0.3794842064380646
34,41,0.3791581094264984
40,0,0.3789866268634796
78,157,0.37861016392707825
70,78,0.3781411647796631
36,61,0.3779725432395935
14,28,0.3778073489665985
65,186,0.37703147530555725
33,11,0.37638410925865173
75,37,0.37607598304748535
4,41,0.375805526971817
46,47,0.37569549679756165
41,38,0.37568822503089905
38,10,0.37554454803466797
78,93,0.3752802610397339
66,19,0.3752482831478119
65,131,0.3748551607131958
36,180,0.3744249641895294
0,34,0.37412315607070923
33,88,0.3738934099674225
85,8,0.3736766278743744
0,77,0.3735232353210449
85,11,0.37270933389663696
42,78,0.3724842965602875
33,14,0.3723626434803009
83,158,0.3722256124019623
33,17,0.37190768122673035
29,148,0.3712252378463745
83,70,0.3712209165096283
33,169,0.37112122774124146
33,15,0.37093982100486755
33,67,0.3708583414554596
33,62,0.3708486557006836
24,38,0.37056276202201843
85,144,0.3705144226551056
33,30,0.3704935610294342
33,16,0.36943238973617554
46,142,0.36901575326919556
72,41,0.3687325417995453
83,23,0.36854973435401917
33,179,0.368472695350647
78,152,0.3680081069469452
85,34,0.36767932772636414
56,78,0.3676720857620239
0,167,0.36728549003601074
13,41,0.36697128415107727
63,40,0.3669017255306244
21,142,0.36673587560653687
83,159,0.36671730875968933
31,40,0.366210401058197
54,0,0.3660080134868622
27,23,0.3659437298774719
47,72,0.36594006419181824
1,0,0.3655608594417572
3,0,0.3655608594417572
23,0,0.3655608594417572
26,0,0.3655608594417572
88,0,0.3655608594417572
68,138,0.36518439650535583
21,140,0.3646102845668793
37,43,0.36418721079826355
17,28,0.36415472626686096
68,84,0.3638743460178375
33,186,0.3629906475543976
2,84,0.3628069758415222
33,171,0.36279040575027466
67,181,0.3625788688659668
33,170,0.36220091581344604
33,0,0.36213418841362
22,10,0.3617164194583893
33,29,0.36138859391212463
57,41,0.36133694648742676
37,85,0.3612358868122101
80,37,0.36080431938171387
68,153,0.36076217889785767
8,40,0.36073264479637146
2,47,0.3606080710887909
73,40,0.3603459894657135
61,28,0.3601894676685333
68,160,0.35972094535827637
53,28,0.35960209369659424
82,38,0.35959047079086304
41,41,0.3590328097343445
29,132,0.3588261008262634
69,37,0.3587648570537567
68,167,0.3584333062171936
15,173,0.35831505060195923
50,16,0.3582626283168793
38,45,0.3582366406917572
67,180,0.3574438989162445
50,8,0.3573397397994995
50,22,0.35732612013816833
50,21,0.35718676447868347
27,172,0.3568025827407837
47,153,0.3567107915878296
81,40,0.35638272762298584
67,167,0.35634011030197144
59,63,0.3561297357082367
15,96,0.35581785440444946
36,166,0.35540854930877686
33,38,0.35539358854293823
33,172,0.35534027218818665
33,43,0.35519224405288696
33,71,0.35488319396972656
65,34,0.35473203659057617
46,50,0.3547022044658661
6,41,0.3540051579475403
85,166,0.35385820269584656
50,167,0.3538290560245514
83,188,0.3537280261516571
33,86,0.35307252407073975
50,180,0.3521610200405121
47,138,0.352119505405426
48,32,0.3520433306694031
47,150,0.3516142666339874
48,47,0.3512958586215973
33,28,0.351039856672287
85,75,0.3509388566017151
65,35,0.3509272038936615
33,162,0.3505854904651642
8,38,0.35015028715133667
47,165,0.3500816524028778
8,78,0.34987494349479675
21,185,0.349500447511673
66,18,0.34931084513664246
85,165,0.3489196002483368
66,0,0.34880539774894714
2,167,0.3486793339252472
78,58,0.3485430181026459
51,10,0.3483770787715912
46,164,0.3481317162513733
46,112,0.3480745255947113
0,180,0.34783613681793213
65,78,0.3477059304714203
65,187,0.3471235930919647
0,78,0.34700050950050354
0,8,0.34688231348991394
33,9,0.34669816493988037
77,40,0.3462904393672943
74,40,0.3459737300872803
78,149,0.34595370292663574
21,186,0.3458786904811859
28,40,0.3457021117210388
15,10,0.34561312198638916
33,12,0.34558549523353577
15,175,0.3455182611942291
27,62,0.3450210988521576
33,25,0.3447626531124115
67,8,0.3442687392234802
68,186,0.34378930926322937
14,37,0.34343868494033813
18,37,0.34343448281288147
21,34,0.3430159389972687
36,165,0.3429221510887146
87,92,0.3428386151790619
65,188,0.34266433119773865
27,137,0.3419002592563629
50,79,0.3417617082595825
18,28,0.3416357934474945
59,64,0.34123724699020386
44,38,0.3409927189350128
27,67,0.34098002314567566
33,145,0.340728223323822
21,188,0.3405771255493164
85,39,0.3402530550956726
21,131,0.33977657556533813
85,23,0.3394436836242676
83,26,0.33916163444519043
47,166,0.3391304612159729
83,52,0.33869674801826477
46,55,0.3386017978191376
50,76,0.33830446004867554
85,141,0.33790528774261475
55,32,0.33739498257637024
39,33,0.3373103737831116
43,39,0.3371767997741699
78,114,0.33705297112464905
12,45,0.33619529008865356
27,122,0.3361380398273468
24,41,0.3357867896556854
33,76,0.33577534556388855
68,147,0.335337370634079
17,37,0.33515825867652893
85,84,0.335103839635849
29,90,0.3348977565765381
27,120,0.3347126841545105
33,13,0.3346664309501648
65,189,0.33440065383911133
68,141,0.333426296710968
46,128,0.3331124782562256
87,88,0.33307555317878723
78,59,0.3329794406890869
78,181,0.33279284834861755
11,30,0.33255672454833984
85,35,0.33246687054634094
50,13,0.33210045099258423
59,61,0.33197325468063354
32,40,0.33191540837287903
67,23,0.3315599858760834
61,37,0.3315058946609497
33,72,0.3310064375400543
50,0,0.3306853175163269
82,41,0.3302735686302185
46,189,0.3299195170402527
65,183,0.3298296630382538
85,179,0.32928672432899475
68,180,0.3291962742805481
33,21,0.32914212346076965
21,187,0.32891735434532166
8,41,0.32891345024108887
0,75,0.32884466648101807
53,37,0.32873257994651794
33,37,0.32857322692871094
11,43,0.3278278410434723
36,46,0.32755178213119507
2,51,0.3274611234664917
50,31,0.3273954391479492
60,41,0.327393114566803
21,183,0.32712507247924805
67,79,0.32675957679748535
15,98,0.32618677616119385
36,50,0.3260698914527893
22,45,0.3254419267177582
65,163,0.32539835572242737
37,42,0.3246805965900421
33,146,0.32445788383483887
85,78,0.32442107796669006
0,185,0.32433703541755676
19,40,0.3240513503551483
33,48,0.32390785217285156
67,76,0.32389867305755615
2,53,0.3237549364566803
7,33,0.3234487473964691
83,167,0.3231230676174164
83,176,0.3230563700199127
2,54,0.3224842846393585
12,33,0.32241296768188477
70,76,0.3220897912979126
78,31,0.321540892124176
0,165,0.32102707028388977
29,32,0.32083702087402344
33,45,0.32068774104118347
85,185,0.32044717669487
63,38,0.3203365206718445
65,184,0.3200494349002838
65,182,0.31982219219207764
7,10,0.31953164935112
52,27,0.31928062438964844
46,134,0.3189601004123688
31,38,0.3189486563205719
21,78,0.31894251704216003
0,179,0.31882548332214355
78,97,0.31882041692733765
42,76,0.31830230355262756
52,40,0.31829020380973816
21,182,0.3182313144207001
0,166,0.31735172867774963
39,10,0.31730008125305176
67,29,0.31697654724121094
4,28,0.3167792856693268
58,27,0.3166190981864929
67,40,0.3161126375198364
36,55,0.31598415970802307
66,181,0.3157351016998291
56,20,0.31570300459861755
34,37,0.31554391980171204
47,142,0.3153758645057678
20,168,0.31528910994529724
27,183,0.3151663541793823
73,41,0.3150840699672699
83,180,0.3147779107093811
46,119,0.3146587312221527
51,45,0.31461694836616516
21,39,0.314593642950058
85,77,0.31446465849876404
33,154,0.3142782747745514
19,27,0.3142421245574951
19,24,0.3141312897205353
21,184,0.3140091001987457
15,188,0.31323811411857605
36,54,0.3130543828010559
41,37,0.3130527436733246
21,35,0.312792032957077
50,11,0.3126670718193054
85,186,0.31261304020881653
37,143,0.31211110949516296
15,87,0.3119657635688782
67,166,0.31180712580680847
45,29,0.3117985427379608
67,168,0.31165724992752075
50,23,0.31126663088798523
33,42,0.3112035393714905
9,40,0.31114745140075684
36,127,0.31110167503356934
33,126,0.3110962510108948
67,33,0.31086915731430054
27,105,0.31054064631462097
27,182,0.31044715642929077
21,163,0.3104029595851898
67,84,0.3103378117084503
68,163,0.3102756142616272
33,164,0.30986931920051575
58,24,0.30969104170799255
50,166,0.3096460998058319
49,66,0.3096281588077545
5,30,0.3093041479587555
76,10,0.30928003787994385
47,147,0.30892953276634216
83,171,0.30862706899642944
13,28,0.30849170684814453
52,24,0.3083748519420624
36,103,0.30825182795524597
31,41,0.3082020878791809
5,43,0.308173805475235
42,102,0.3079815208911896
58,40,0.3078877627849579
33,10,0.3076739013195038
83,73,0.30735284090042114
27,167,0.30733755230903625
67,141,0.30706721544265747
2,60,0.30706092715263367
87,126,0.30691975355148315
33,174,0.3068503141403198
73,38,0.30600565671920776
72,28,0.30565279722213745
27,173,0.30527517199516296
33,87,0.3052617311477661
1,181,0.30512601137161255
3,181,0.30512601137161255
23,181,0.30512601137161255
26,181,0.30512601137161255
88,181,0.30512601137161255
54,181,0.30457472801208496
21,189,0.3044232428073883
33,175,0.304413765668869
15,179,0.30367806553840637
41,28,0.30364617705345154
81,41,0.3034540116786957
4,37,0.3029845058917999
85,142,0.30264973640441895
5,33,0.3026255667209625
15,143,0.30260932445526123
81,38,0.3019525408744812
77,41,0.3019459843635559
50,84,0.3018697500228882
9,24,0.3018034100532532
65,178,0.3017019033432007
50,165,0.30040934681892395
85,0,0.3002011775970459
33,27,0.3001165986061096
50,141,0.3001067042350769
15,32,0.2997196614742279
2,46,0.29970458149909973
67,11,0.2996704876422882
57,28,0.29961830377578735
83,84,0.2994502782821655
67,165,0.29925963282585144
50,9,0.2992441952228546
36,142,0.2986372113227844
27,130,0.29862791299819946
65,77,0.29848647117614746
68,140,0.2980201542377472
37,23,0.29771649837493896
13,37,0.2970936596393585
15,142,0.296690970659256
78,135,0.29667243361473083
33,160,0.2965222895145416
39,167,0.2954710125923157
46,179,0.29528212547302246
50,14,0.29524096846580505
7,167,0.29498422145843506
38,33,0.29498088359832764
83,162,0.2948509156703949
70,167,0.29456281661987305
78,127,0.2944009602069855
50,12,0.2943628132343292
72,37,0.2939525842666626
50,75,0.2937496304512024
27,145,0.2937416136264801
27,146,0.29361602663993835
55,128,0.29356276988983154
2,188,0.29337936639785767
42,20,0.2931596338748932
57,37,0.29303479194641113
37,167,0.2928188443183899
11,25,0.29234156012535095
37,44,0.29230478405952454
56,76,0.292027086019516
74,41,0.29199734330177307
25,181,0.2919664680957794
28,41,0.2917438745498657
39,45,0.29087162017822266
85,140,0.29041367769241333
33,18,0.2903972566127777
39,180,0.290316104888916
21,177,0.29026898741722107
33,115,0.2900504171848297
56,102,0.28964802622795105
42,167,0.28930509090423584
68,166,0.28914427757263184
67,31,0.2886592745780945
6,28,0.2886524796485901
46,11,0.2886137068271637
50,19,0.28788289427757263
64,181,0.2878330647945404
68,150,0.28776705265045166
37,180,0.2877483367919922
87,86,0.2876397669315338
67,75,0.2873053550720215
74,38,0.28686079382896423
67,41,0.28680968284606934
46,129,0.28671401739120483
28,38,0.2864416539669037
16,10,0.28618091344833374
47,63,0.2857529819011688
2,182,0.28539350628852844
79,10,0.2851892113685608
33,108,0.2851828336715698
27,187,0.28497305512428284
40,181,0.284827321767807
62,24,0.28479623794555664
43,32,0.2847299873828888
19,41,0.28468096256256104
86,33,0.28461480140686035
65,93,0.2845071852207184
6,37,0.28409451246261597
47,152,0.28395238518714905
27,84,0.28391996026039124
7,45,0.2835288345813751
55,125,0.2834429144859314
33,155,0.2832281291484833
36,189,0.28320541977882385
50,179,0.2831069827079773
2,31,0.2827285826206207
39,23,0.2825968265533447
27,48,0.2825683355331421
68,93,0.28221380710601807
77,38,0.2820571959018707
62,40,0.2819562256336212
46,75,0.2818106412887573
36,51,0.28143998980522156
49,23,0.28132861852645874
83,141,0.28125
68,97,0.2811453938484192
27,161,0.28110864758491516
47,151,0.28099894523620605
32,41,0.2808704376220703
38,43,0.2807369530200958
29,171,0.28045010566711426
33,189,0.28037258982658386
85,183,0.2802932858467102
64,8,0.2802714705467224
84,115,0.2802538573741913
0,141,0.2800484001636505
38,30,0.2795424163341522
70,20,0.27934005856513977
0,186,0.2791004776954651
83,154,0.278917133808136
33,148,0.27878880500793457
85,21,0.27874866127967834
11,42,0.27803394198417664
36,95,0.2778599262237549
83,89,0.27774497866630554
7,180,0.27764010429382324
8,37,0.27684128284454346
21,33,0.2766697108745575
36,124,0.27654924988746643
70,79,0.27651309967041016
35,43,0.2761562764644623
33,52,0.2761070132255554
12,25,0.27609243988990784
85,188,0.27576103806495667
87,143,0.27517449855804443
27,180,0.2748124599456787
59,32,0.27474260330200195
68,149,0.2746407389640808
83,187,0.2746056616306305
68,165,0.2745942175388336
85,93,0.2745760381221771
68,152,0.2742898762226105
67,188,0.2742565870285034
67,27,0.27421119809150696
37,88,0.27408501505851746
2,189,0.2738817632198334
7,43,0.2737298309803009
85,187,0.2736084461212158
39,43,0.2736051082611084
49,115,0.27356186509132385
76,45,0.27315136790275574
21,77,0.2730967104434967
68,151,0.2729243040084839
52,41,0.27274423837661743
9,181,0.2725813090801239
12,30,0.272468626499176
39,25,0.2724360525608063
27,72,0.27219653129577637
78,39,0.27211570739746094
86,30,0.2721102833747864
42,11,0.27187374234199524
59,164,0.2717406153678894
64,167,0.27135714888572693
35,30,0.2709406018257141
67,179,0.2708646059036255
0,84,0.27072855830192566
10,10,0.2706862688064575
65,164,0.27039483189582825
7,181,0.2702012360095978
33,26,0.27010777592658997
0,142,0.2699210047721863
27,184,0.2698149085044861
33,90,0.2694903314113617
78,121,0.26937010884284973
70,11,0.2691015601158142
78,168,0.2686469256877899
33,63,0.2683238983154297
59,179,0.26788705587387085
75,10,0.2677324712276459
73,37,0.26771029829978943
78,106,0.26761215925216675
83,94,0.267607718706131
11,33,0.2675022780895233
35,33,0.26732921600341797
48,61,0.2668567895889282
15,44,0.2665174901485443
42,21,0.2662631571292877
2,163,0.2662488520145416
24,37,0.26619836688041687
40,8,0.26610809564590454
67,186,0.26604902744293213
58,41,0.2659437358379364
64,180,0.26589882373809814
9,41,0.26584237813949585
85,82,0.2656727433204651
7,25,0.26504436135292053
42,79,0.26483529806137085
32,38,0.26474955677986145
52,181,0.264697790145874
37,126,0.26468539237976074
27,60,0.26372188329696655
33,139,0.2635268270969391
56,167,0.26347678899765015
71,68,0.2632962465286255
39,8,0.26283761858940125
33,56,0.2627330720424652
36,179,0.2623796761035919
82,37,0.26174572110176086
19,167,0.2614631950855255
24,28,0.261321485042572
83,166,0.261076420545578
83,172,0.26102355122566223
47,11,0.26078417897224426
38,25,0.2607335150241852
85,33,0.26052767038345337
29,164,0.2605036795139313
39,30,0.26015612483024597
85,16,0.2600097358226776
50,186,0.2598620355129242
67,183,0.2595996558666229
86,25,0.2595972716808319
51,33,0.25924262404441833
47,75,0.25889497995376587
15,112,0.2585865557193756
60,37,0.25849807262420654
59,55,0.25808435678482056
0,23,0.25807884335517883
7,23,0.25791826844215393
40,167,0.2576260566711426
20,74,0.25755205750465393
65,26,0.25741055607795715
21,93,0.25724339485168457
21,26,0.25718098878860474
41,167,0.2571227252483368
18,33,0.25697794556617737
36,99,0.25675371289253235
49,188,0.2565407454967499
12,167,0.25625139474868774
47,179,0.2562088668346405
49,167,0.25620055198669434
70,180,0.2557758688926697
50,142,0.255540132522583
33,44,0.2552829086780548
65,80,0.25522956252098083
84,23,0.25505512952804565
11,108,0.2548597455024719
15,126,0.2547595798969269
84,167,0.2547459304332733
0,93,0.25471043586730957
21,159,0.2540745735168457
44,37,0.2537166476249695
82,28,0.2536202669143677
39,84,0.253510057926178
78,136,0.25341522693634033
85,22,0.2533332407474518
37,86,0.25326812267303467
59,79,0.2531973421573639
5,42,0.25306621193885803
37,188,0.2530633211135864
70,21,0.2530360817909241
15,92,0.2528457045555115
67,140,0.2525722086429596
35,25,0.2525368630886078
85,163,0.2520102560520172
52,167,0.2517021894454956
85,19,0.25156861543655396
19,180,0.25143641233444214
56,19,0.25125744938850403
66,8,0.25107571482658386
50,18,0.25083592534065247
30,181,0.2508329153060913
67,142,0.25064316391944885
19,181,0.2506188750267029
54,8,0.2505539655685425
42,93,0.25020256638526917
1,168,0.250121146440506
3,168,0.250121146440506
23,168,0.250121146440506
26,168,0.250121146440506
88,168,0.250121146440506
65,55,0.25007444620132446
50,33,0.2500670254230499
83,170,0.24977406859397888
1,8,0.2496277242898941
3,8,0.2496277242898941
23,8,0.2496277242898941
26,8,0.2496277242898941
88,8,0.2496277242898941
46,103,0.24961498379707336
40,180,0.24953541159629822
54,168,0.24953481554985046
66,167,0.24932602047920227
85,189,0.24928559362888336
50,39,0.24904030561447144
50,185,0.2490205615758896
2,184,0.24898096919059753
37,84,0.2489679902791977
85,80,0.2489015907049179
65,33,0.24888180196285248
27,186,0.24844293296337128
30,40,0.2483973205089569
67,187,0.24826666712760925
27,58,0.24816851317882538
65,159,0.24796803295612335
45,40,0.24765214323997498
19,8,0.2476111203432083
5,108,0.24747334420681
60,28,0.24735327064990997
65,50,0.24711915850639343
50,188,0.24711711704730988
83,186,0.24702879786491394
50,140,0.24695497751235962
41,180,0.24683289229869843
5,85,0.24672111868858337
54,167,0.2463202029466629
85,26,0.24628901481628418
76,33,0.24595314264297485
85,184,0.2459103763103485
1,167,0.24586768448352814
3,167,0.24586768448352814
23,167,0.24586768448352814
26,167,0.24586768448352814
88,167,0.24586768448352814
22,33,0.24581272900104523
79,45,0.24575237929821014
29,170,0.2456565797328949
36,47,0.2455863207578659
16,33,0.24555526673793793
9,167,0.2451963871717453
11,85,0.24516519904136658
85,13,0.24515236914157867
51,43,0.24500389397144318
65,81,0.24485835433006287
65,104,0.24484457075595856
78,100,0.2448243349790573
37,115,0.24480941891670227
69,10,0.24465730786323547
8,28,0.24463093280792236
27,141,0.24462544918060303
15,158,0.24430318176746368
58,181,0.2442377358675003
67,24,0.2441413551568985
49,180,0.24410182237625122
83,165,0.2440910041332245
42,185,0.24392202496528625
16,45,0.243868887424469
85,182,0.24336419999599457
80,10,0.24319925904273987
19,38,0.2428324967622757
22,43,0.2427615225315094
70,185,0.24264554679393768
65,162,0.242152601480484
50,177,0.2420109510421753
42,180,0.24172399938106537
30,27,0.24171140789985657
46,124,0.24169063568115234
12,180,0.24167118966579437
50,183,0.24155844748020172
21,178,0.2414453774690628
63,37,0.2414221614599228
70,93,0.241268590092659
46,127,0.24114996194839478
42,19,0.2410542219877243
49,159,0.24103474617004395
44,28,0.24093098938465118
73,181,0.24089600145816803
77,37,0.240617573261261
64,29,0.24006624519824982
47,79,0.23961645364761353
62,41,0.239592045545578
67,185,0.23930393159389496
31,37,0.2390330582857132
37,141,0.2388494312763214
78,98,0.23861978948116302
78,63,0.23860971629619598
67,26,0.23842684924602509
81,37,0.23841345310211182
83,90,0.23829743266105652
33,137,0.23826231062412262
68,142,0.23826166987419128
52,180,0.2380887120962143
45,27,0.23800045251846313
56,11,0.23795455694198608
7,84,0.23791475594043732
83,148,0.2375781238079071
59,50,0.23754453659057617
39,141,0.23747172951698303
46,102,0.23721098899841309
83,62,0.23702503740787506
59,34,0.23697549104690552
66,180,0.23678342998027802
65,82,0.23655010759830475
2,63,0.2365117222070694
85,81,0.23633132874965668
36,164,0.23605762422084808
52,38,0.23582424223423004
47,97,0.23580971360206604
2,187,0.23579919338226318
39,92,0.2356962114572525
64,79,0.23560239374637604
56,79,0.23558613657951355
73,167,0.23536358773708344
59,78,0.2351664900779724
19,37,0.23495793342590332
70,19,0.23492363095283508
54,180,0.23479126393795013
21,162,0.23470766842365265
39,166,0.2347051501274109
50,34,0.23459623754024506
67,182,0.23458939790725708
59,35,0.23449204862117767
75,33,0.23430153727531433
1,180,0.23416294157505035
3,180,0.23416294157505035
23,180,0.23416294157505035
26,180,0.23416294157505035
88,180,0.23416294157505035
39,79,0.23411676287651062
49,70,0.2339617758989334
51,30,0.2337034046649933
84,180,0.2336914986371994
68,69,0.2336338311433792
25,167,0.23362673819065094
46,79,0.23354186117649078
73,28,0.23352649807929993
37,8,0.23342132568359375
83,56,0.23312808573246002
64,168,0.23303154110908508
19,33,0.23278503119945526
62,181,0.2323819249868393
45,181,0.23237964510917664
79,33,0.2322860211133957
15,88,0.231970876455307
83,67,0.23178677260875702
58,167,0.23175467550754547
84,26,0.23174569010734558
87,115,0.23172883689403534
56,93,0.2314438372850418
25,168,0.23126161098480225
25,29,0.2310820072889328
50,187,0.23107248544692993
78,68,0.2309967428445816
52,37,0.23096857964992523
27,53,0.2304994761943817
15,140,0.23035237193107605
46,185,0.23018155992031097
22,30,0.23012438416481018
84,66,0.22972643375396729
0,140,0.2294873297214508
21,89,0.2294333428144455
39,181,0.22937221825122833
11,44,0.22935856878757477
9,180,0.22926148772239685
40,168,0.2292478233575821
12,108,0.22908087074756622
64,40,0.22884804010391235
36,11,0.22868755459785461
37,166,0.2285209745168686
15,187,0.2283800095319748
65,89,0.2282963991165161
7,166,0.22829096019268036
65,61,0.22782771289348602
45,41,0.22782446444034576
67,184,0.2277791053056717
12,23,0.22767797112464905
67,115,0.22755706310272217
39,188,0.22755318880081177
73,33,0.2274898886680603
27,166,0.22743019461631775
15,182,0.22738298773765564
64,23,0.22727368772029877
9,38,0.2272576242685318
21,0,0.22694574296474457
50,40,0.22649520635604858
47,189,0.2263249158859253
14,10,0.22605499625205994
41,23,0.22604505717754364
75,45,0.22602444887161255
64,76,0.22593970596790314
10,45,0.2257455289363861
85,15,0.2255382239818573
68,157,0.22550392150878906
21,115,0.22545507550239563
36,185,0.22543297708034515
52,8,0.22542904317378998
67,159,0.2253219187259674
25,8,0.2252676635980606
83,140,0.22524237632751465
15,152,0.22515062987804413
85,131,0.22502873837947845
27,175,0.22489213943481445
9,37,0.22488176822662354
7,115,0.2248503565788269
45,167,0.2247963398694992
87,167,0.22476842999458313
78,95,0.22464506328105927
37,159,0.22460556030273438
71,124,0.22448325157165527
21,5,0.22442029416561127
65,53,0.22433756291866302
51,25,0.22419601678848267
45,8,0.22419427335262299
63,28,0.22401070594787598
33,156,0.22388525307178497
7,76,0.22372816503047943
83,131,0.22351783514022827
74,37,0.22351083159446716
28,37,0.2232818305492401
84,159,0.22304606437683105
85,83,0.22301824390888214
40,29,0.22269180417060852
70,166,0.22244280576705933
36,75,0.22225184738636017
80,33,0.22219166159629822
65,60,0.22199614346027374
7,79,0.22196120023727417
69,33,0.22194913029670715
49,26,0.22189773619174957
15,25,0.22179166972637177
33,185,0.22174496948719025
39,76,0.2215939611196518
67,39,0.22151952981948853
7,108,0.22146545350551605
40,79,0.22135291993618011
19,23,0.22131823003292084
38,85,0.22085997462272644
78,132,0.22076506912708282
67,34,0.22074928879737854
22,25,0.2207244485616684
31,28,0.22070400416851044
37,26,0.22049440443515778
10,33,0.22046859562397003
85,9,0.22044546902179718
12,85,0.22017338871955872
83,79,0.22008396685123444
2,49,0.22008097171783447
17,10,0.2200261354446411
15,117,0.21998493373394012
29,134,0.21992167830467224
70,179,0.21979694068431854
68,179,0.21978333592414856
47,106,0.21974018216133118
48,8,0.21952958405017853
76,43,0.2194790095090866
38,42,0.21944017708301544
25,180,0.21937818825244904
30,167,0.21912142634391785
17,33,0.2190849781036377
47,68,0.21870484948158264
68,135,0.21860355138778687
65,69,0.21859605610370636
41,181,0.21855513751506805
73,180,0.21828216314315796
85,159,0.2181682586669922
39,165,0.21802619099617004
7,141,0.21798992156982422
52,33,0.2179836630821228
67,163,0.2179446816444397
65,65,0.21697033941745758
41,8,0.21694472432136536
84,188,0.2168925255537033
21,172,0.21665094792842865
32,37,0.21636223793029785
58,180,0.21623645722866058
65,115,0.21623100340366364
7,26,0.2161695659160614
56,185,0.2161485105752945
33,46,0.2159748375415802
61,10,0.21587884426116943
65,154,0.21583892405033112
46,76,0.21574945747852325
12,92,0.2156827300786972
77,167,0.21561196446418762
7,8,0.21549293398857117
47,69,0.2154737412929535
47,64,0.2154049426317215
64,84,0.21529531478881836
68,65,0.21528726816177368
37,165,0.21516984701156616
47,65,0.21511679887771606
85,115,0.21508640050888062
5,44,0.21502189338207245
33,120,0.21490880846977234
39,85,0.21485590934753418
58,37,0.21478408575057983
65,67,0.21464820206165314
47,149,0.21461854875087738
37,79,0.21457087993621826
15,162,0.21434369683265686
65,72,0.21432903409004211
61,33,0.21425758302211761
42,179,0.21412789821624756
66,79,0.2139499932527542
21,1,0.2138826549053192
56,180,0.213828444480896
38,167,0.2138204723596573
65,83,0.21380479633808136
77,181,0.21379844844341278
35,42,0.21373611688613892
33,54,0.21358336508274078
21,154,0.213485985994339
18,10,0.21338525414466858
81,28,0.21336029469966888
70,8,0.2132207602262497
85,12,0.21312689781188965
86,42,0.21308021247386932
30,41,0.2129882276058197
85,14,0.2128765881061554
14,33,0.21285372972488403
70,165,0.21281030774116516
27,155,0.21263590455055237
83,173,0.21262028813362122
65,176,0.21261683106422424
50,182,0.21260154247283936
21,3,0.212385356426239
21,4,0.2123437374830246
67,93,0.212325781583786
47,164,0.21202470362186432
42,166,0.21165557205677032
7,92,0.2116411179304123
41,10,0.21157316863536835
79,43,0.21155504882335663
86,108,0.21152172982692719
65,62,0.21145404875278473
65,64,0.2114229053258896
36,57,0.2114218771457672
38,108,0.2113855630159378
40,76,0.21132679283618927
9,8,0.21132096648216248
29,186,0.21128997206687927
49,84,0.2111392319202423
77,28,0.2109421193599701
7,165,0.21082960069179535
66,76,0.21045906841754913
83,87,0.21033188700675964
16,43,0.21032178401947021
64,166,0.21028642356395721
53,10,0.21013043820858002
19,84,0.21010464429855347
65,68,0.2100580632686615
50,26,0.20991121232509613
85,40,0.20986810326576233
45,180,0.20979948341846466
33,64,0.20961543917655945
70,75,0.20954172313213348
5,167,0.20954053103923798
7,143,0.20951314270496368
21,6,0.20940914750099182
54,79,0.20933255553245544
21,2,0.20932283997535706
21,7,0.2093002200126648
37,183,0.2091819941997528
49,176,0.20909415185451508
50,184,0.208921417593956
86,85,0.20887897908687592
9,33,0.20887285470962524
27,147,0.20883284509181976
1,79,0.20881770551204681
3,79,0.20881770551204681
23,79,0.20881770551204681
26,79,0.20881770551204681
88,79,0.20881770551204681
39,42,0.20874923467636108
35,108,0.2085079401731491
15,23,0.2085004299879074
65,172,0.20836317539215088
66,31,0.20826469361782074
78,72,0.20819739997386932
56,16,0.20814478397369385
65,151,0.2081376016139984
83,8,0.20806053280830383
45,24,0.2080226093530655
30,24,0.2078847587108612
21,158,0.20779722929000854
40,23,0.20771490037441254
39,26,0.2074722796678543
0,5,0.20702221989631653
15,167,0.20694193243980408
42,165,0.2067832201719284
50,93,0.2063211351633072
0,189,0.2062341272830963
76,30,0.2062212973833084
65,147,0.20614340901374817
7,42,0.20604540407657623
68,123,0.20604291558265686
33,122,0.20590299367904663
50,41,0.20583383738994598
27,165,0.20579653978347778
64,141,0.20574887096881866
54,76,0.20556378364562988
21,164,0.20534954965114594
2,36,0.2052970826625824
1,76,0.20520178973674774
3,76,0.20520178973674774
23,76,0.20520178973674774
26,76,0.20520178973674774
88,76,0.20520178973674774
47,76,0.20508231222629547
33,68,0.2050289809703827
12,143,0.204977348446846
15,186,0.2049216330051422
34,33,0.20478618144989014
47,93,0.20471946895122528
53,33,0.2043813318014145
30,180,0.20394355058670044
37,76,0.20386962592601776
33,150,0.2036377340555191
70,102,0.20345911383628845
39,183,0.2031507045030594
50,163,0.20297320187091827
83,76,0.20289842784404755
77,33,0.20286718010902405
0,183,0.20285798609256744
49,141,0.20284080505371094
21,176,0.20278333127498627
21,90,0.20229418575763702
21,147,0.2022487223148346
41,84,0.20209531486034393
0,187,0.20200923085212708
9,168,0.20187705755233765
67,143,0.2018130123615265
67,131,0.20179395377635956
87,180,0.20172390341758728
48,36,0.201721653342247
12,84,0.20164178311824799
83,163,0.2016063630580902
64,41,0.20149295032024384
25,40,0.20137019455432892
65,161,0.20122970640659332
65,152,0.20115068554878235
2,185,0.20114544034004211
68,114,0.20110756158828735
42,16,0.2010033279657364
33,51,0.20083630084991455
7,11,0.2008286565542221
54,29,0.20078670978546143
7,188,0.20069655776023865
55,35,0.2006942331790924
39,159,0.20064714550971985
19,76,0.20064212381839752
49,91,0.20063255727291107
62,167,0.20061440765857697
43,74,0.20055259764194489
39,11,0.20050561428070068
58,33,0.20036278665065765
1,31,0.20033346116542816
3,31,0.20033346116542816
23,31,0.20033346116542816
26,31,0.20033346116542816
88,31,0.20033346116542816
85,162,0.2003282606601715
65,158,0.2002856284379959
15,37,0.2002854347229004
83,120,0.20025821030139923
12,181,0.20024356245994568
27,169,0.2002326399087906
42,75,0.20019225776195526
83,11,0.2001296877861023
54,31,0.20006722211837769
1,29,0.20001116394996643
3,29,0.20001116394996643
23,29,0.20001116394996643
26,29,0.20001116394996643
88,29,0.20001116394996643
69,45,0.19988374412059784
52,23,0.19952867925167084
84,158,0.1994951367378235
87,23,0.1994185745716095
65,153,0.19938646256923676
37,182,0.19936999678611755
76,25,0.19920049607753754
83,117,0.19911737740039825
64,11,0.19907230138778687
40,84,0.19886036217212677
4,33,0.19877928495407104
67,28,0.19873295724391937
5,92,0.19866901636123657
83,60,0.19856703281402588
16,167,0.19849343597888947
64,33,0.1984403133392334
37,187,0.19843558967113495
64,165,0.19815851747989655
65,175,0.19801482558250427
19,166,0.197871595621109
77,180,0.19781935214996338
83,122,0.19777990877628326
52,168,0.19770663976669312
7,168,0.19753482937812805
65,90,0.19747009873390198
12,115,0.19745498895645142
84,84,0.19742831587791443
83,179,0.19741328060626984
50,29,0.19725652039051056
70,16,0.19719991087913513
52,79,0.19713011384010315
21,67,0.19707632064819336
50,131,0.19703321158885956
74,28,0.19702796638011932
34,10,0.19700095057487488
58,8,0.19694434106349945
28,28,0.1967138946056366
50,78,0.19669339060783386
75,43,0.19667461514472961
68,133,0.1966540813446045
33,181,0.19652780890464783
21,62,0.19631148874759674
37,158,0.1962025761604309
80,45,0.1961650401353836
56,13,0.1961270123720169
37,186,0.19605490565299988
32,181,0.1959969401359558
83,75,0.1957719326019287
78,123,0.19569069147109985
52,84,0.19525708258152008
35,85,0.1949760615825653
70,0,0.19488924741744995
15,129,0.19486458599567413
64,31,0.1948273479938507
38,180,0.19477812945842743
79,30,0.1947622448205948
40,166,0.1947374790906906
86,167,0.19459621608257294
30,8,0.19450855255126953
83,142,0.1944718360900879
83,137,0.1944608837366104
7,183,0.1942937970161438
83,107,0.1942751258611679
65,57,0.19421151280403137
52,76,0.1941927671432495
78,119,0.1940765678882599
7,85,0.19392885267734528
49,72,0.19392840564250946
83,161,0.19375205039978027
29,167,0.19366560876369476
16,25,0.19353823363780975
7,186,0.19345709681510925
68,11,0.19333800673484802
66,177,0.19262492656707764
87,26,0.1925717145204544
85,41,0.19235384464263916
19,141,0.19234585762023926
72,33,0.19221526384353638
67,162,0.19187377393245697
65,156,0.1917787790298462
59,57,0.19174450635910034
38,92,0.19157320261001587
68,121,0.1915597915649414
37,11,0.1914249062538147
39,179,0.19136661291122437
27,153,0.19131915271282196
85,18,0.1912643313407898
33,101,0.19118475914001465
29,172,0.1911466270685196
42,13,0.19114446640014648
50,159,0.19113637506961823
51,167,0.1910833865404129
16,30,0.19101844727993011
78,50,0.19093674421310425
39,186,0.19088119268417358
36,79,0.19072845578193665
0,57,0.19072037935256958
78,65,0.1906779557466507
46,95,0.1905939280986786
62,38,0.19045983254909515
41,43,0.19044917821884155
33,153,0.1904200166463852
41,79,0.1901795119047165
39,75,0.1898263394832611
25,79,0.18966571986675262
41,166,0.18965913355350494
37,181,0.1896398961544037
84,70,0.18955592811107635
50,115,0.18941225111484528
47,8,0.18917261064052582
64,27,0.18912369012832642
83,145,0.18910227715969086
65,173,0.1890949308872223
54,40,0.1888139247894287
21,53,0.18874883651733398
25,76,0.18871666491031647
67,189,0.18863315880298615
28,181,0.18861348927021027
74,181,0.1886117160320282
9,76,0.18859106302261353
65,0,0.18857529759407043
0,55,0.18856322765350342
7,159,0.18852393329143524
15,141,0.18845349550247192
0,61,0.18839460611343384
67,25,0.1882764995098114
50,189,0.18813477456569672
21,60,0.18811814486980438
27,163,0.1880541294813156
39,126,0.18803618848323822
1,40,0.1879940629005432
3,40,0.1879940629005432
23,40,0.1879940629005432
26,40,0.1879940629005432
88,40,0.1879940629005432
29,89,0.187746062874794
27,140,0.18772806227207184
15,11,0.18763703107833862
78,69,0.18762195110321045
70,84,0.18761906027793884
25,31,0.18761758506298065
40,141,0.18753714859485626
49,182,0.18752779066562653
67,43,0.18750758469104767
10,43,0.18743406236171722
57,33,0.18732808530330658
78,64,0.18732687830924988
40,31,0.18723656237125397
68,75,0.18710222840309143
75,167,0.18701575696468353
12,8,0.18690544366836548
0,1,0.18686892092227936
9,79,0.18683630228042603
36,76,0.18679487705230713
19,168,0.18678666651248932
9,23,0.18671973049640656
49,101,0.18666550517082214
36,39,0.1866106539964676
41,141,0.1865609735250473
49,183,0.18639762699604034
59,77,0.18634003400802612
85,104,0.18624457716941833
15,165,0.18610572814941406
42,0,0.185977503657341
17,167,0.185963973402977
56,22,0.18585987389087677
7,179,0.18573608994483948
56,179,0.18570101261138916
12,166,0.18566159904003143
68,79,0.18562521040439606
78,55,0.18557648360729218
35,167,0.18540804088115692
52,166,0.18525108695030212
41,76,0.1852075159549713
66,84,0.1851080358028412
66,23,0.18508118391036987
79,25,0.1850530505180359
70,13,0.18483659625053406
20,163,0.1847153753042221
13,33,0.1846693456172943
80,167,0.1846475899219513
54,84,0.1846199333667755
9,84,0.18455277383327484
0,102,0.18449127674102783
27,156,0.1844242513179779
66,29,0.1843131184577942
83,146,0.18424423038959503
32,28,0.18421533703804016
40,11,0.1841808259487152
5,180,0.184169203042984
66,166,0.184163436293602
21,40,0.18412292003631592
73,8,0.18403762578964233
1,84,0.18397743999958038
3,84,0.18397743999958038
23,84,0.18397743999958038
26,84,0.18397743999958038
88,84,0.18397743999958038
54,23,0.18395934998989105
39,182,0.1839199662208557
68,118,0.18370582163333893
79,167,0.18367385864257812
39,187,0.18366746604442596
64,179,0.18353848159313202
2,186,0.18347735702991486
48,46,0.18342797458171844
38,23,0.18340365588665009
59,11,0.18340140581130981
67,158,0.1831628680229187
1,23,0.18313348293304443
3,23,0.18313348293304443
23,23,0.18313348293304443
26,23,0.18313348293304443
88,23,0.18313348293304443
49,187,0.18309371173381805
40,41,0.18308444321155548
56,166,0.18301768600940704
47,135,0.18290264904499054
61,167,0.1828852742910385
27,138,0.18288403749465942
49,166,0.182882159948349
21,72,0.18278224766254425
65,87,0.18257778882980347
65,160,0.18255078792572021
62,37,0.1824668049812317
55,5,0.18243294954299927
84,91,0.1824307143688202
73,23,0.18241386115550995
46,57,0.18231065571308136
0,72,0.18192225694656372
41,25,0.18187911808490753
69,167,0.18186375498771667
54,166,0.18184836208820343
55,77,0.18178632855415344
30,168,0.18172739446163177
34,167,0.18151803314685822
60,181,0.18147890269756317
40,165,0.18147574365139008
83,116,0.18140538036823273
21,173,0.1813594400882721
19,165,0.18135452270507812
1,166,0.1813025176525116
3,166,0.1813025176525116
23,166,0.1813025176525116
26,166,0.1813025176525116
88,166,0.1813025176525116
12,141,0.18126913905143738
83,72,0.18122680485248566
12,26,0.18119843304157257
42,22,0.18114542961120605
9,31,0.18112075328826904
78,103,0.18107470870018005
39,44,0.1810561567544937
31,181,0.181040421128273
7,75,0.18096117675304413
81,167,0.18090586364269257
62,180,0.18077024817466736
84,141,0.1807573288679123
7,126,0.1807279884815216
8,181,0.18067112565040588
69,43,0.18062731623649597
50,35,0.18058104813098907
37,75,0.1804749071598053
37,184,0.18036213517189026
21,161,0.1803361177444458
47,46,0.18029484152793884
0,50,0.18017178773880005
64,75,0.17993590235710144
44,181,0.17992478609085083
85,154,0.17986351251602173
47,157,0.1798481047153473
0,188,0.17976301908493042
65,135,0.17965804040431976
63,181,0.17958517372608185
6,33,0.17948830127716064
0,3,0.17946387827396393
0,4,0.17941881716251373
33,91,0.1793653815984726
55,179,0.17935359477996826
83,53,0.17930307984352112
51,108,0.17924314737319946
21,175,0.17921973764896393
83,93,0.17915821075439453
70,22,0.1791333258152008
14,167,0.17907264828681946
66,11,0.17900684475898743
71,74,0.1789146214723587
22,108,0.1789025068283081
33,50,0.17884258925914764
4,167,0.1788276880979538
37,140,0.17882758378982544
80,43,0.17856748402118683
68,98,0.1783764362335205
50,37,0.1783757209777832
16,181,0.17827396094799042
75,25,0.17822423577308655
78,129,0.1782226860523224
0,2,0.17819473147392273
0,7,0.17818845808506012
58,23,0.17814743518829346
32,167,0.17812953889369965
15,159,0.1780882477760315
25,27,0.17792274057865143
75,30,0.17788445949554443
42,186,0.17784546315670013
15,119,0.17783251404762268
66,40,0.1777600198984146
49,111,0.177753284573555
37,179,0.17774206399917603
51,42,0.17770300805568695
21,87,0.1776946634054184
85,178,0.17769113183021545
40,33,0.17761024832725525
85,147,0.1775657683610916
70,186,0.17731867730617523
9,166,0.17723238468170166
33,47,0.17720165848731995
67,78,0.17718705534934998
7,44,0.1771589070558548
65,120,0.177145853638649
68,189,0.17711137235164642
21,143,0.17709052562713623
38,44,0.1770782470703125
22,167,0.1769944280385971
8,167,0.1769544780254364
52,31,0.17676229774951935
49,162,0.17671550810337067
0,163,0.1766568124294281
80,181,0.17638124525547028
86,44,0.1762562245130539
72,10,0.17623259127140045
18,167,0.17618322372436523
56,0,0.17615334689617157
27,131,0.17608298361301422
22,42,0.176078200340271
7,93,0.17602723836898804
84,166,0.17585691809654236
39,140,0.17583094537258148
17,45,0.17579026520252228
38,143,0.1757333129644394
84,101,0.17568929493427277
12,126,0.17568038403987885
33,117,0.17563562095165253
15,121,0.17550881206989288
84,183,0.17542865872383118
82,181,0.17532983422279358
19,11,0.17530378699302673
33,111,0.17515207827091217
65,149,0.17505411803722382
24,181,0.17504224181175232
5,115,0.17502619326114655
56,165,0.17490476369857788
57,181,0.17478716373443604
16,180,0.17478324472904205
12,79,0.17468340694904327
85,37,0.1746150702238083
85,72,0.17457054555416107
72,167,0.17446725070476532
50,72,0.1743423491716385
20,39,0.17419393360614777
47,54,0.17411325871944427
34,181,0.1740998476743698
12,76,0.1739385724067688
21,153,0.17390426993370056
58,168,0.17388051748275757
86,92,0.17384633421897888
29,155,0.17381390929222107
41,165,0.17380021512508392
21,151,0.17371802031993866
52,141,0.17366763949394226
40,27,0.1734354943037033
81,33,0.17339487373828888
78,118,0.1733819991350174
67,154,0.1733449101448059
49,165,0.17332124710083008
45,79,0.1733071506023407
45,23,0.17324073612689972
0,178,0.17308694124221802
54,11,0.17305724322795868
73,84,0.17288604378700256
45,168,0.17284716665744781
9,28,0.17281381785869598
1,11,0.1726507991552353
3,11,0.1726507991552353
23,11,0.1726507991552353
26,11,0.1726507991552353
88,11,0.1726507991552353
33,19,0.172548308968544
71,128,0.17251917719841003
0,6,0.1724223494529724
33,55,0.1724061220884323
44,33,0.17239971458911896
41,45,0.17239893972873688
60,33,0.17231610417366028
25,41,0.1720772534608841
86,180,0.17204318940639496
11,167,0.17202064394950867
57,167,0.17193350195884705
70,141,0.1718185693025589
20,8,0.17170408368110657
57,10,0.1716405749320984
37,162,0.1716112196445465
66,141,0.17155443131923676
21,80,0.1715395748615265
12,188,0.17151980102062225
42,84,0.17150172591209412
58,79,0.1713809072971344
87,84,0.17135187983512878
67,92,0.17132379114627838
4,181,0.17131367325782776
66,165,0.1712886393070221
61,45,0.17127658426761627
5,126,0.17120595276355743
42,8,0.17106038331985474
58,76,0.1710449606180191
58,84,0.17090192437171936
7,187,0.17082230746746063
82,33,0.17077624797821045
2,78,0.17066897451877594
25,84,0.1704535037279129
15,108,0.1704138219356537
85,89,0.17018269002437592
39,142,0.1701488047838211
44,167,0.1701468825340271
73,76,0.16999313235282898
77,8,0.16997961699962616
40,179,0.16995075345039368
71,125,0.16980862617492676
39,184,0.1697288155555725
13,181,0.16971725225448608
10,167,0.1695409119129181
60,167,0.169509157538414
67,10,0.16945026814937592
54,141,0.16942785680294037
65,150,0.16936525702476501
37,176,0.1692969799041748
55,164,0.1692589521408081
55,74,0.16923272609710693
18,45,0.1690254956483841
25,23,0.16893504559993744
18,180,0.16893166303634644
10,25,0.1688450425863266
8,180,0.16878992319107056
1,141,0.1687317192554474
3,141,0.1687317192554474
23,141,0.1687317192554474
26,141,0.1687317192554474
88,141,0.1687317192554474
67,89,0.1686037927865982
63,167,0.16856567561626434
17,43,0.16855913400650024
6,181,0.16854603588581085
49,186,0.16843672096729279
72,181,0.16830649971961975
58,28,0.16830480098724365
33,65,0.1682448387145996
24,33,0.16823576390743256
5,143,0.16819286346435547
85,158,0.16818787157535553
10,30,0.1681048721075058
0,69,0.1680891066789627
56,75,0.1680261343717575
15,33,0.16799210011959076
12,165,0.16794876754283905
19,179,0.16791631281375885
14,181,0.16789841651916504
19,31,0.16788654029369354
68,64,0.16785828769207
45,33,0.1678391844034195
47,133,0.16779135167598724
59,142,0.16770519316196442
21,41,0.16757793724536896
30,33,0.16751959919929504
54,165,0.16751353442668915
21,55,0.16733762621879578
15,89,0.16731396317481995
13,167,0.1672244369983673
25,166,0.16719026863574982
52,165,0.16716532409191132
65,54,0.1670617163181305
21,156,0.16706083714962006
63,33,0.1670496165752411
1,165,0.16697704792022705
3,165,0.16697704792022705
23,165,0.16697704792022705
26,165,0.16697704792022705
88,165,0.16697704792022705
28,167,0.16679687798023224
74,167,0.16678375005722046
17,181,0.16659805178642273
83,139,0.16642600297927856
61,181,0.16637662053108215
41,188,0.16630896925926208
65,49,0.166281059384346
55,36,0.16627010703086853
50,162,0.16623453795909882
85,29,0.16617396473884583
45,84,0.16614100337028503
65,46,0.1660192757844925
18,181,0.16601556539535522
68,63,0.16572825610637665
51,180,0.16569878160953522
61,43,0.16569356620311737
87,159,0.16563257575035095
65,169,0.1655961275100708
73,79,0.16557230055332184
15,97,0.1655685156583786
73,166,0.16552035510540009
21,50,0.1654932051897049
68,76,0.16537578403949738
69,181,0.16532325744628906
82,167,0.16525402665138245
37,70,0.16520284116268158
5,181,0.16507311165332794
37,142,0.16496513783931732
6,167,0.164963498711586
15,36,0.16488026082515717
45,76,0.1647007167339325
53,45,0.16455624997615814
21,170,0.16455025970935822
85,90,0.1643516719341278
77,23,0.16433173418045044
75,180,0.1643197238445282
65,122,0.16431480646133423
11,92,0.16430778801441193
15,120,0.16429321467876434
73,168,0.16424332559108734
85,172,0.1642254739999771
30,76,0.16419322788715363
83,105,0.16413556039333344
32,33,0.16397534310817719
66,179,0.16391630470752716
33,147,0.1638786494731903
17,180,0.1638534665107727
21,120,0.16378429532051086
30,79,0.16367904841899872
29,183,0.16362203657627106
48,54,0.16343112289905548
65,155,0.16334904730319977
31,167,0.1632876992225647
39,31,0.16318318247795105
65,129,0.16311217844486237
52,11,0.1630856692790985
40,75,0.16302914917469025
39,158,0.16296793520450592
58,166,0.16296161711215973
21,160,0.1629209667444229
41,11,0.16287189722061157
67,176,0.1628277599811554
84,162,0.1627427041530609
62,33,0.1626483052968979
54,41,0.16251492500305176
38,115,0.16236919164657593
9,141,0.16235771775245667
84,165,0.1623268723487854
51,85,0.16224884986877441
85,62,0.16216036677360535
71,63,0.1621587723493576
21,171,0.16212280094623566
15,184,0.16211067140102386
39,168,0.16206811368465424
69,25,0.1620675027370453
67,172,0.16204778850078583
24,167,0.16203545033931732
33,168,0.16199259459972382
30,37,0.16193348169326782
47,185,0.16188988089561462
65,174,0.16182281076908112
1,41,0.1617717295885086
3,41,0.1617717295885086
23,41,0.1617717295885086
26,41,0.1617717295885086
88,41,0.1617717295885086
80,25,0.16167832911014557
6,10,0.16154471039772034
62,8,0.16150814294815063
65,105,0.1614861935377121
49,184,0.1614144891500473
47,50,0.16139720380306244
64,188,0.16116024553775787
75,181,0.16111798584461212
47,114,0.16107723116874695
83,175,0.16097880899906158
68,68,0.16095475852489471
15,153,0.16084986925125122
65,136,0.16075564920902252
12,159,0.16075541079044342
65,138,0.16072501242160797
7,39,0.160506471991539
53,181,0.16050565242767334
51,181,0.1604250818490982
61,180,0.16038861870765686
54,179,0.16037748754024506
21,152,0.16034868359565735
85,67,0.16025209426879883
0,26,0.16024236381053925
33,152,0.16023311018943787
30,23,0.1601908951997757
31,33,0.16001899540424347
1,179,0.15995360910892487
3,179,0.15995360910892487
23,179,0.15995360910892487
26,179,0.15995360910892487
88,179,0.15995360910892487
47,121,0.15975721180438995
62,168,0.1595562845468521
76,180,0.15939490497112274
69,30,0.15932811796665192
55,34,0.15926916897296906
11,115,0.15919612348079681
55,118,0.1591869294643402
84,176,0.15917453169822693
67,72,0.15915347635746002
83,71,0.15910927951335907
65,51,0.15909233689308167
0,184,0.15908990800380707
21,82,0.15908420085906982
68,136,0.1589972823858261
11,126,0.15887078642845154
39,88,0.15885278582572937
21,144,0.15877623856067657
42,141,0.15874184668064117
85,27,0.15869222581386566
68,100,0.158603236079216
34,180,0.15855877101421356
11,181,0.15855765342712402
27,179,0.15854910016059875
79,180,0.15853644907474518
38,84,0.15847401320934296
35,181,0.1584494709968567
9,165,0.1583688110113144
69,180,0.1583271473646164
53,43,0.15831173956394196
7,142,0.15826065838336945
19,188,0.15824607014656067
19,75,0.1581968516111374
39,86,0.15817785263061523
83,147,0.15802432596683502
85,176,0.15797829627990723
79,181,0.15795432031154633
15,127,0.15792325139045715
0,131,0.15791717171669006
81,180,0.15790335834026337
45,166,0.15782521665096283
64,186,0.15772727131843567
42,57,0.15745900571346283
33,69,0.15716449916362762
22,181,0.15706884860992432
71,5,0.15704742074012756
74,33,0.15704426169395447
64,37,0.1570071130990982
28,33,0.15698347985744476
7,182,0.1569109559059143
12,183,0.15691055357456207
54,33,0.15687735378742218
7,140,0.15676167607307434
68,61,0.15672773122787476
0,65,0.15672653913497925
54,27,0.15666982531547546
21,148,0.15656718611717224
84,111,0.1565336287021637
33,151,0.15648525953292847
30,84,0.15648126602172852
21,122,0.15643399953842163
32,180,0.1564197540283203
25,11,0.15628927946090698
35,180,0.15627017617225647
9,11,0.1562146097421646
41,26,0.1561185121536255
73,10,0.15611809492111206
1,27,0.15609048306941986
3,27,0.15609048306941986
23,27,0.15609048306941986
26,27,0.15609048306941986
88,27,0.15609048306941986
1,33,0.15603971481323242
3,33,0.15603971481323242
23,33,0.15603971481323242
26,33,0.15603971481323242
88,33,0.15603971481323242
73,31,0.1559464931488037
67,90,0.1559024304151535
21,169,0.1558127999305725
78,128,0.15562625229358673
22,85,0.15547986328601837
41,143,0.15547560155391693
80,30,0.15545819699764252
49,154,0.15545706450939178
58,31,0.1554477959871292
49,52,0.15542511641979218
21,37,0.15540333092212677
70,23,0.15540266036987305
4,180,0.15511105954647064
14,180,0.15510371327400208
7,185,0.15509794652462006
30,31,0.15499873459339142
37,131,0.15499819815158844
35,92,0.15492604672908783
27,142,0.15487952530384064
47,61,0.15482407808303833
52,179,0.15465524792671204
77,84,0.15457598865032196
66,75,0.15457011759281158
86,23,0.1544453352689743
65,148,0.15438169240951538
70,142,0.1543753743171692
21,174,0.15412449836730957
65,170,0.15406586229801178
33,138,0.1539894938468933
56,8,0.15398775041103363
39,162,0.15382184088230133
25,33,0.15380673110485077
20,93,0.15372513234615326
66,41,0.15364621579647064
84,182,0.1535881757736206
64,142,0.1535308063030243
47,51,0.15333110094070435
67,30,0.15332050621509552
33,31,0.1533193290233612
38,126,0.1533077508211136
21,17,0.15328335762023926
25,141,0.1532163769006729
34,43,0.15305499732494354
47,55,0.1530381292104721
76,108,0.1529681235551834
65,40,0.15264274179935455
73,141,0.15258872509002686
50,77,0.15253563225269318
10,181,0.1525324136018753
67,62,0.15249381959438324
45,141,0.15247641503810883
1,177,0.15236859023571014
3,177,0.15236859023571014
23,177,0.15236859023571014
26,177,0.15236859023571014
88,177,0.15236859023571014
37,154,0.15234045684337616
12,11,0.15228140354156494
86,115,0.1519624888896942
45,37,0.15190166234970093
25,165,0.15189239382743835
58,141,0.15187305212020874
66,33,0.15176309645175934
27,149,0.15158912539482117
21,155,0.15151849389076233
49,89,0.15142063796520233
27,174,0.15122875571250916
17,25,0.151190847158432
85,55,0.15117864310741425
67,35,0.1511545479297638
34,45,0.1511085480451584
55,78,0.15108589828014374
65,63,0.15103097259998322
30,166,0.15099504590034485
72,180,0.15091800689697266
85,151,0.1508682370185852
54,75,0.15075205266475677
16,108,0.15069162845611572
21,81,0.1506105214357376
55,8,0.15060608088970184
46,39,0.15040898323059082
7,72,0.1503695696592331
39,72,0.1503411829471588
41,183,0.15029376745224
64,183,0.15026290714740753
21,69,0.15025661885738373
1,75,0.1502196043729782
3,75,0.1502196043729782
23,75,0.1502196043729782
26,75,0.1502196043729782
88,75,0.1502196043729782
19,183,0.15018171072006226
14,25,0.15012025833129883
76,42,0.15007644891738892
38,181,0.15007387101650238
36,110,0.1500362753868103
41,179,0.14988185465335846
49,131,0.1498170644044876
35,115,0.14980268478393555
18,25,0.1497483104467392
65,143,0.14968255162239075
22,180,0.14962075650691986
12,186,0.1496039181947708
53,180,0.14957386255264282
86,143,0.14956852793693542
85,153,0.149534672498703
7,184,0.14952804148197174
27,59,0.1494429111480713
49,79,0.14944076538085938
65,119,0.14943648874759674
59,31,0.14939190447330475
27,79,0.14924360811710358
30,38,0.14917387068271637
83,181,0.14912019670009613
67,147,0.14909633994102478
87,166,0.1490090936422348
65,145,0.14898346364498138
37,89,0.14891722798347473
21,145,0.14890894293785095
68,185,0.14890021085739136
0,182,0.14889496564865112
54,177,0.14885598421096802
8,10,0.14881934225559235
19,186,0.14870457351207733
65,5,0.14868304133415222
5,84,0.1485564261674881
37,163,0.14855556190013885
19,72,0.14852139353752136
77,76,0.14848928153514862
65,128,0.148456871509552
7,162,0.14838562905788422
85,164,0.14833930134773254
77,79,0.1482384353876114
41,168,0.14819324016571045
64,24,0.14809022843837738
27,11,0.14789506793022156
48,55,0.14786475896835327
57,180,0.14778004586696625
41,186,0.14760935306549072
85,50,0.14752891659736633
4,43,0.1474905014038086
61,25,0.14738741517066956
16,23,0.14735904335975647
76,181,0.147296741604805
73,165,0.14728359878063202
67,67,0.14725995063781738
42,142,0.14725305140018463
49,140,0.1471824198961258
21,150,0.14710529148578644
78,61,0.14701342582702637
19,115,0.14697018265724182
44,180,0.14687253534793854
19,26,0.146826833486557
41,75,0.1467871367931366
83,169,0.1466987282037735
21,65,0.14666877686977386
58,165,0.14651691913604736
17,30,0.14650742709636688
48,74,0.14649823307991028
33,73,0.14646273851394653
45,165,0.14625558257102966
20,76,0.1462371051311493
71,36,0.1460956335067749
7,158,0.1460736095905304
14,30,0.14606276154518127
49,171,0.14605891704559326
29,146,0.14592066407203674
86,181,0.14590400457382202
64,140,0.14587852358818054
9,179,0.14587394893169403
56,84,0.1457670032978058
15,169,0.14572776854038239
78,112,0.14570456743240356
67,108,0.14568062126636505
37,72,0.1456596404314041
65,70,0.14565466344356537
45,11,0.14563137292861938
85,69,0.14562413096427917
63,180,0.14562156796455383
60,180,0.14558035135269165
2,64,0.14556178450584412
56,186,0.14547564089298248
66,27,0.14547039568424225
50,154,0.14526477456092834
47,98,0.1452365517616272
65,41,0.14518949389457703
77,166,0.1451645940542221
50,158,0.14510317146778107
12,88,0.14508764445781708
29,145,0.1450643390417099
52,75,0.145059272646904
85,143,0.1450522243976593
83,185,0.14500495791435242
21,138,0.1450015902519226
43,76,0.14496688544750214
10,180,0.14479689300060272
83,155,0.14475953578948975
55,1,0.14469014108181
25,179,0.14465808868408203
33,61,0.14455142617225647
65,171,0.14455024898052216
68,50,0.1445372849702835
21,83,0.14449138939380646
73,43,0.1444825381040573
41,92,0.1444457769393921
45,31,0.14441493153572083
24,10,0.14403849840164185
87,141,0.14403089880943298
27,160,0.14400573074817657
37,66,0.14396652579307556
41,31,0.14388993382453918
39,185,0.14380183815956116
15,86,0.14365513622760773
85,120,0.14362220466136932
20,127,0.14361053705215454
21,70,0.1435961276292801
84,154,0.14357227087020874
64,72,0.14334365725517273
58,11,0.14333799481391907
28,180,0.1432390809059143
74,180,0.1432114988565445
38,26,0.1431702822446823
61,30,0.143110454082489
51,115,0.1430591493844986
21,105,0.1429699808359146
51,92,0.14294981956481934
46,49,0.14287209510803223
21,61,0.14281664788722992
84,76,0.1428137868642807
13,180,0.1426868587732315
55,129,0.14266355335712433
51,23,0.14264878630638123
45,38,0.14260822534561157
85,105,0.1425924003124237
2,183,0.14251118898391724
73,11,0.1424926370382309
86,126,0.142482727766037
48,51,0.14243292808532715
19,43,0.14243099093437195
27,76,0.14239631593227386
79,108,0.14227300882339478
77,168,0.1422446221113205
40,186,0.14219039678573608
65,1,0.1421205848455429
51,44,0.14204955101013184
84,79,0.14199884235858917
27,106,0.14191526174545288
21,146,0.14182230830192566
85,149,0.14180320501327515
55,11,0.14155356585979462
33,59,0.14154697954654694
45,179,0.14153805375099182
39,93,0.14151309430599213
12,179,0.14150619506835938
82,180,0.14150196313858032
87,181,0.14150135219097137
42,23,0.141435444355011
22,44,0.14141272008419037
15,135,0.14137494564056396
65,146,0.14133860170841217
15,84,0.14125877618789673
79,42,0.1411738395690918
40,188,0.1411588490009308
62,76,0.1411578357219696
50,89,0.14114803075790405
49,11,0.14112043380737305
21,149,0.14111459255218506
38,8,0.1410720944404602
6,180,0.1410379558801651
52,26,0.14101535081863403
38,166,0.1409563273191452
72,43,0.1409113109111786
82,10,0.1408444494009018
65,47,0.14078642427921295
42,72,0.14075110852718353
39,163,0.14066371321678162
50,143,0.1405537873506546
39,176,0.1404852271080017
68,55,0.1404600292444229
4,45,0.1402871459722519
41,159,0.14027443528175354
12,86,0.14026422798633575
15,8,0.14022807776927948
85,152,0.140174001455307
49,76,0.13982649147510529
29,179,0.13974809646606445
21,21,0.13969624042510986
20,17,0.13968327641487122
52,115,0.1396043598651886
18,43,0.1395185887813568
16,115,0.13941794633865356
31,180,0.13934625685214996
65,3,0.13917730748653412
65,4,0.13915930688381195
53,25,0.13913379609584808
27,151,0.1391221135854721
60,10,0.13909342885017395
21,135,0.13902784883975983
42,9,0.13899198174476624
62,31,0.1389601081609726
85,87,0.13891689479351044
75,23,0.1388288140296936
30,141,0.13882775604724884
42,15,0.13877509534358978
70,9,0.13863492012023926
5,88,0.13858407735824585
70,15,0.1385602504014969
62,23,0.13853995501995087
16,84,0.13849541544914246
62,79,0.13843075931072235
65,121,0.13842719793319702
27,75,0.13840346038341522
22,115,0.13832169771194458
85,61,0.13798214495182037
76,23,0.13796201348304749
33,107,0.13782721757888794
19,142,0.1378033310174942
40,142,0.13778746128082275
87,183,0.13778343796730042
39,131,0.1377689391374588
40,37,0.1377255618572235
62,84,0.1376391500234604
24,180,0.13744252920150757
76,85,0.13743199408054352
49,67,0.13742300868034363
85,161,0.13735485076904297
56,9,0.13727045059204102
50,176,0.1372334510087967
12,75,0.13709485530853271
37,172,0.137090802192688
85,175,0.13706181943416595
66,72,0.13702070713043213
40,72,0.13696198165416718
65,2,0.13690727949142456
65,7,0.13689839839935303
85,65,0.13678959012031555
66,39,0.13673675060272217
17,23,0.13671143352985382
41,108,0.13670165836811066
9,75,0.13665275275707245
15,180,0.13654738664627075
65,6,0.13652954995632172
84,184,0.13648520410060883
52,186,0.13645146787166595
7,86,0.1363406777381897
11,180,0.13620063662528992
11,26,0.1361190229654312
54,72,0.13608060777187347
52,183,0.13607123494148254
21,68,0.13600128889083862
1,72,0.13596211373806
3,72,0.13596211373806
23,72,0.13596211373806
26,72,0.13596211373806
88,72,0.13596211373806
9,26,0.13590051233768463
35,126,0.13584356009960175
56,15,0.13582105934619904
25,177,0.13581666350364685
70,72,0.1357879340648651
34,25,0.13575716316699982
64,187,0.13568393886089325
53,30,0.13566069304943085
44,10,0.1356169432401657
19,10,0.13554151356220245
77,141,0.13550187647342682
73,26,0.13545039296150208
48,96,0.13544653356075287
73,115,0.13544319570064545
84,73,0.13538751006126404
39,154,0.13538441061973572
84,11,0.13534127175807953
13,43,0.13527719676494598
30,165,0.13523706793785095
30,11,0.13521605730056763
86,84,0.13520628213882446
67,70,0.13519461452960968
52,188,0.13517767190933228
57,43,0.13511022925376892
64,185,0.13508833944797516
75,108,0.1349237859249115
62,28,0.13488633930683136
67,126,0.13485963642597198
7,88,0.13480961322784424
12,187,0.13474982976913452
21,137,0.13466426730155945
33,58,0.13432155549526215
50,172,0.13432113826274872
84,181,0.1343015432357788
85,156,0.13427625596523285
49,179,0.13417039811611176
40,183,0.13410964608192444
12,31,0.13408367335796356
59,76,0.13397493958473206
65,137,0.13395321369171143
25,75,0.13393019139766693
85,122,0.13375680148601532
79,23,0.13365398347377777
5,166,0.13362477719783783
20,32,0.1336035132408142
50,62,0.13351571559906006
77,10,0.1335151195526123
73,25,0.1334957778453827
64,26,0.13345234096050262
35,23,0.13342632353305817
0,17,0.13339096307754517
65,118,0.13335055112838745
37,31,0.13312698900699615
38,72,0.1329823136329651
86,26,0.13294096291065216
83,153,0.1329336166381836
37,93,0.13283494114875793
49,172,0.1327930986881256
58,179,0.13278593122959137
68,8,0.13272565603256226
9,115,0.1326969712972641
50,67,0.13267210125923157
0,164,0.132661834359169
21,64,0.132633775472641
49,73,0.13256330788135529
66,186,0.1324094831943512
85,136,0.13240228593349457
19,140,0.13232696056365967
52,72,0.13230770826339722
79,72,0.1322518289089203
37,62,0.13217996060848236
61,23,0.13214629888534546
65,98,0.1320476233959198
41,187,0.13200892508029938
15,115,0.13193243741989136
38,188,0.13183145225048065
72,45,0.13168558478355408
35,26,0.1316358596086502
21,20,0.13157078623771667
85,173,0.13148890435695648
15,123,0.13136069476604462
78,46,0.13128037750720978
83,189,0.13121208548545837
29,147,0.13118499517440796
22,92,0.131064772605896
77,31,0.13096527755260468
50,90,0.13094265758991241
87,158,0.1309366077184677
83,156,0.13087010383605957
21,19,0.13086417317390442
62,166,0.1308508813381195
1,39,0.1307331770658493
3,39,0.1307331770658493
23,39,0.1307331770658493
26,39,0.1307331770658493
88,39,0.1307331770658493
39,70,0.13058938086032867
19,25,0.13053347170352936
54,39,0.13052485883235931
20,180,0.13046681880950928
51,84,0.13023769855499268
37,185,0.1302286684513092
69,23,0.13022470474243164
37,171,0.13020315766334534
65,157,0.1301923394203186
27,152,0.1300746351480484
73,179,0.1300727277994156
39,89,0.13000045716762543
9,186,0.12987637519836426
7,154,0.1298232078552246
67,171,0.12981021404266357
87,165,0.12980803847312927
56,141,0.12965424358844757
52,43,0.1296124905347824
77,165,0.1296117603778839
65,95,0.12951266765594482
80,23,0.12948808073997498
29,150,0.12943243980407715
19,159,0.12943238019943237
65,97,0.12937195599079132
7,163,0.1292974054813385
67,87,0.12913008034229279
54,186,0.12908615171909332
19,187,0.12907060980796814
64,39,0.12900881469249725
18,23,0.12888582050800323
67,77,0.12879924476146698
34,30,0.12877461314201355
1,186,0.12863488495349884
3,186,0.12863488495349884
23,186,0.12863488495349884
26,186,0.12863488495349884
88,186,0.12863488495349884
25,72,0.1285220980644226
0,33,0.12849265336990356
49,142,0.12845110893249512
85,53,0.12839284539222717
40,24,0.12835724651813507
40,140,0.12834525108337402
13,45,0.12831850349903107
85,60,0.12829191982746124
85,135,0.12827707827091217
25,37,0.12825262546539307
38,79,0.12823325395584106
67,45,0.12795878946781158
4,25,0.12785227596759796
50,147,0.12773525714874268
34,23,0.12773150205612183
49,75,0.1276746690273285
77,43,0.12767039239406586
51,26,0.12765756249427795
5,86,0.1276368498802185
35,143,0.12761743366718292
56,72,0.12748903036117554
9,183,0.12747202813625336
66,142,0.12740246951580048
84,93,0.12738680839538574
79,115,0.12735894322395325
42,61,0.12729968130588531
16,26,0.12729308009147644
76,92,0.1272115707397461
9,39,0.12719981372356415
75,84,0.1271435022354126
68,164,0.12703928351402283
76,115,0.12702681124210358
38,88,0.1268412470817566
0,64,0.1268286257982254
65,114,0.12671469151973724
10,108,0.12671057879924774
12,168,0.12667106091976166
12,182,0.12658058106899261
75,42,0.12655353546142578
6,43,0.12649787962436676
65,100,0.12638552486896515
52,10,0.12633433938026428
37,67,0.12622246146202087
70,12,0.12614277005195618
0,129,0.1261315643787384
41,140,0.1260879933834076
8,23,0.1260463297367096
41,142,0.12592244148254395
37,90,0.12591946125030518
64,182,0.1259119063615799
67,120,0.12589694559574127
87,72,0.12585407495498657
32,8,0.12584422528743744
78,49,0.1258416473865509
87,76,0.1258058249950409
33,116,0.12575025856494904
38,76,0.1256936937570572
14,23,0.12567205727100372
65,102,0.12565208971500397
57,45,0.12564709782600403
29,188,0.12553943693637848
79,84,0.12549063563346863
25,24,0.12545011937618256
12,93,0.1253747195005417
4,23,0.12534746527671814
75,115,0.12518948316574097
64,115,0.12512683868408203
16,166,0.1251058727502823
63,10,0.12508897483348846
38,165,0.1250627636909485
51,143,0.12505704164505005
56,57,0.1248975619673729
9,72,0.12476681172847748
42,12,0.12475556135177612
12,72,0.12474879622459412
55,3,0.12462282925844193
55,4,0.12457842379808426
77,11,0.12445223331451416
16,92,0.12444505095481873
65,37,0.12441924214363098
87,79,0.12433750927448273
2,35,0.12433386594057083
54,142,0.12426257878541946
30,179,0.12426112592220306
19,143,0.12418904155492783
38,159,0.12418060004711151
67,173,0.12409726530313492
64,38,0.12405513226985931
47,100,0.12392353266477585
41,182,0.1238967552781105
39,172,0.1238727942109108
73,186,0.12383250147104263
41,72,0.12375238537788391
1,142,0.12374371290206909
3,142,0.12374371290206909
23,142,0.12374371290206909
26,142,0.12374371290206909
88,142,0.12374371290206909
58,75,0.12371713668107986
47,47,0.12371139973402023
17,84,0.12364508956670761
15,160,0.12359916418790817
4,30,0.12349220365285873
85,43,0.12345060706138611
16,85,0.12340883910655975
15,183,0.12338630110025406
16,8,0.12334676086902618
81,10,0.12330929189920425
87,186,0.12328151613473892
5,141,0.12322262674570084
78,124,0.12315408885478973
73,75,0.12315388023853302
50,43,0.12306344509124756
22,23,0.12297745794057846
52,39,0.12296795099973679
25,39,0.12292728573083878
79,85,0.1229231059551239
80,84,0.12289364635944366
9,188,0.12283608317375183
12,158,0.12279614061117172
84,8,0.122746042907238
7,176,0.12274269759654999
35,84,0.12273503839969635
19,182,0.12273397296667099
67,161,0.12270881235599518
11,143,0.12266410887241364
84,89,0.1226368099451065
56,12,0.1226055920124054
84,52,0.12259972840547562
66,185,0.12259581685066223
55,7,0.12254774570465088
55,2,0.12254595756530762
45,75,0.12246858328580856
70,183,0.12229481339454651
40,39,0.1222836971282959
5,76,0.12227213382720947
61,84,0.12217096239328384
21,92,0.12214777618646622
84,140,0.1221417710185051
73,188,0.12204036861658096
76,84,0.12200150638818741
40,185,0.12196967750787735
73,183,0.12196850031614304
37,168,0.12193737924098969
29,187,0.12179103493690491
85,148,0.12178642302751541
58,72,0.12168990820646286
52,142,0.12165764719247818
58,26,0.12161567807197571
84,179,0.12158883363008499
81,8,0.1215629056096077
84,72,0.12146708369255066
69,84,0.1214432641863823
48,50,0.12137125432491302
81,23,0.1213529035449028
72,25,0.12125467509031296
31,10,0.12122345715761185
22,26,0.12119536846876144
80,108,0.12111467868089676
83,48,0.12096425890922546
19,185,0.12093640863895416
34,84,0.1209263801574707
77,72,0.12090997397899628
49,60,0.12089075893163681
53,23,0.12088064104318619
80,115,0.1208513006567955
54,37,0.12084668129682541
7,70,0.12083253264427185
15,110,0.12082086503505707
69,108,0.12080167233943939
70,14,0.12079641968011856
9,43,0.12073828279972076
72,23,0.1207147091627121
32,168,0.12066235393285751
21,136,0.12061861902475357
16,76,0.12061762064695358
9,93,0.12061648070812225
12,140,0.12056209146976471
29,160,0.12055466324090958
39,39,0.1205441802740097
85,70,0.12047404795885086
29,133,0.1204710304737091
5,159,0.12032133340835571
86,166,0.1202835962176323
81,168,0.1202835813164711
87,8,0.12014593183994293
1,37,0.12012187391519547
3,37,0.12012187391519547
23,37,0.12012187391519547
26,37,0.12012187391519547
88,37,0.12012187391519547
33,94,0.12009043246507645
66,183,0.12000681459903717
83,174,0.11995367705821991
65,71,0.11995206773281097
51,126,0.11994720995426178
15,156,0.11993288993835449
71,179,0.11986041069030762
67,148,0.1196770966053009
58,115,0.11961732804775238
15,166,0.11954697221517563
67,122,0.11951994895935059
54,183,0.11951714009046555
11,72,0.11938286572694778
54,185,0.11930641531944275
8,8,0.11922808736562729
84,75,0.11921757459640503
64,184,0.11918599903583527
1,185,0.11905010789632797
3,185,0.11905010789632797
23,185,0.11905010789632797
26,185,0.11905010789632797
88,185,0.11905010789632797
42,14,0.11897561699151993
52,25,0.11897493898868561
70,26,0.1189483106136322
1,183,0.1189446821808815
3,183,0.1189446821808815
23,183,0.1189446821808815
26,183,0.1189446821808815
88,183,0.1189446821808815
32,23,0.11892527341842651
87,70,0.11889084428548813
58,186,0.11888516694307327
64,159,0.11887376755475998
67,170,0.11886748671531677
66,188,0.11880898475646973
0,136,0.11876850575208664
84,171,0.11874062567949295
41,42,0.11868757754564285
50,38,0.11864908784627914
40,26,0.11863590031862259
12,142,0.11858274787664413
85,25,0.11848486214876175
21,25,0.11840716749429703
0,159,0.11832737177610397
40,187,0.1182989776134491
85,138,0.11827275902032852
52,93,0.11826538294553757
69,115,0.11813676357269287
49,90,0.11810512095689774
9,10,0.11801119893789291
83,138,0.11801101267337799
14,84,0.11800341308116913
54,188,0.11788562685251236
56,142,0.11783216148614883
10,42,0.11774712055921555
21,43,0.11773505806922913
52,185,0.11768626421689987
33,105,0.11766411364078522
87,93,0.11763150990009308
10,23,0.11761415004730225
39,90,0.11753585189580917
81,84,0.11753422021865845
38,86,0.11750461906194687
12,184,0.11732930690050125
25,186,0.11725929379463196
18,84,0.11717437207698822
1,188,0.11712315678596497
3,188,0.11712315678596497
23,188,0.11712315678596497
26,188,0.11712315678596497
88,188,0.11712315678596497
0,162,0.11707018315792084
62,141,0.11700639873743057
5,79,0.11699125170707703
19,39,0.11699002981185913
50,24,0.11684266477823257
58,188,0.11679475009441376
72,30,0.1167701929807663
33,93,0.11672178655862808
38,183,0.11668668687343597
13,25,0.11660304665565491
73,72,0.11657010018825531
8,84,0.11655639111995697
21,29,0.11654432862997055
79,92,0.11640799790620804
84,62,0.11638152599334717
50,25,0.11633796989917755
27,185,0.1163240298628807
30,72,0.11630306392908096
67,60,0.1162804588675499
16,79,0.11624933779239655
76,44,0.1162106841802597
6,45,0.11617337167263031
85,171,0.11605092138051987
65,112,0.11602748185396194
12,162,0.11600565165281296
78,51,0.11591872572898865
45,188,0.11589835584163666
67,175,0.11585014313459396
4,84,0.11581864207983017
58,183,0.11578187346458435
32,84,0.11578182131052017
8,76,0.11575686186552048
21,22,0.1157536432147026
5,165,0.11564506590366364
73,30,0.11563431471586227
34,8,0.11562690138816833
46,99,0.11561522632837296
68,46,0.1156114786863327
52,159,0.1156090572476387
56,14,0.11560769379138947
77,115,0.11560370773077011
2,34,0.11559097468852997
77,179,0.11557735502719879
67,153,0.11548279970884323
61,8,0.11547649651765823
24,43,0.1154739037156105
60,43,0.1153094545006752
39,62,0.1151851937174797
85,129,0.11510472744703293
16,143,0.11507057398557663
57,23,0.11498024314641953
41,184,0.11491531133651733
19,184,0.11482614278793335
30,75,0.11481157690286636
75,8,0.11473581194877625
58,43,0.11470508575439453
81,76,0.11470365524291992
67,105,0.11468422412872314
62,165,0.11466694623231888
0,68,0.11466127634048462
79,26,0.11458609998226166
83,160,0.1145380362868309
9,185,0.11453317850828171
82,43,0.11449861526489258
18,30,0.11449428647756577
42,55,0.11449053883552551
75,166,0.11440352350473404
83,31,0.11439228802919388
77,26,0.11435753107070923
85,170,0.11433470994234085
17,115,0.11432436853647232
45,186,0.11431409418582916
70,140,0.11429443210363388
76,143,0.1142456978559494
0,115,0.11418391019105911
5,188,0.11392204463481903
62,72,0.11388295888900757
22,126,0.11386778950691223
39,67,0.11386020481586456
75,26,0.11384493112564087
20,16,0.1138216182589531
32,76,0.11382140964269638
2,50,0.11377988755702972
27,150,0.1137659028172493
44,43,0.11374039202928543
29,31,0.11367084085941315
76,26,0.11360637843608856
62,11,0.11351276934146881
52,140,0.11350086331367493
19,30,0.11349691450595856
75,92,0.11348846554756165
66,140,0.11348426342010498
84,172,0.11344634741544724
10,115,0.11341717094182968
11,88,0.11336927115917206
56,23,0.11336500942707062
79,8,0.11336316168308258
73,45,0.11325450241565704
67,42,0.11319456249475479
17,166,0.11316381394863129
36,49,0.11310005933046341
73,93,0.11308521777391434
15,91,0.11303988099098206
17,8,0.11303120106458664
16,141,0.11300138384103775
72,84,0.11298368126153946
14,115,0.11290924996137619
87,162,0.11290314793586731
42,69,0.11289350688457489
18,8,0.11280269920825958
67,53,0.11279777437448502
19,93,0.11262382566928864
77,25,0.1126084178686142
61,115,0.11259438842535019
66,37,0.11232037097215652
5,8,0.11231863498687744
80,8,0.11231520771980286
8,25,0.11230538785457611
28,168,0.11229436099529266
86,141,0.11228235810995102
74,168,0.11227888613939285
27,97,0.11226173490285873
86,88,0.11225283890962601
9,142,0.11223387718200684
44,23,0.11221868544816971
8,166,0.11219127476215363
53,84,0.11216714978218079
80,26,0.11213263124227524
85,160,0.11207550764083862
80,166,0.1120743378996849
81,31,0.11202491074800491
52,187,0.11193916201591492
42,183,0.11184275895357132
11,23,0.1117575541138649
75,85,0.11175362765789032
21,27,0.11174746602773666
21,15,0.11169354617595673
15,79,0.11161984503269196
73,39,0.11157215386629105
79,166,0.11153941601514816
18,166,0.11141655594110489
55,167,0.11131526529788971
49,170,0.11130321025848389
50,87,0.11128845065832138
18,76,0.11119939386844635
58,10,0.1111842542886734
54,140,0.11112505197525024
37,101,0.11106670647859573
16,44,0.11106190830469131
42,26,0.11102401465177536
61,166,0.11101963371038437
5,183,0.11101953685283661
7,89,0.11098585277795792
22,143,0.1109531819820404
70,57,0.1109185665845871
69,42,0.11088024824857712
7,90,0.11087355762720108
87,187,0.1108480766415596
41,93,0.11081071943044662
63,23,0.11072482168674469
63,8,0.11071615666151047
60,23,0.11064992100000381
15,109,0.11060734838247299
11,93,0.11056921631097794
21,157,0.1105358824133873
1,140,0.11050772666931152
3,140,0.11050772666931152
23,140,0.11050772666931152
26,140,0.11050772666931152
88,140,0.11050772666931152
85,64,0.11050313711166382
21,13,0.11048413813114166
22,72,0.11047954112291336
87,66,0.1104535385966301
13,30,0.11044027656316757
57,84,0.11042217165231705
2,55,0.11040755361318588
33,130,0.11039051413536072
13,23,0.11037404835224152
80,76,0.11037284135818481
32,31,0.11034294962882996
41,185,0.11027705669403076
14,108,0.11024562269449234
9,25,0.11024367809295654
86,8,0.11023231595754623
38,186,0.1102249026298523
38,11,0.11019228398799896
35,166,0.11010808497667313
34,166,0.11007700115442276
57,30,0.1099618449807167
70,18,0.10995528101921082
17,108,0.10995019972324371
44,8,0.10991627722978592
69,166,0.10986601561307907
49,56,0.10986389964818954
64,93,0.10985857993364334
81,166,0.10985305905342102
69,8,0.10982067137956619
54,26,0.10981785506010056
85,68,0.10981544852256775
45,142,0.10981335490942001
28,8,0.10976654291152954
40,115,0.10972516983747482
74,8,0.1097007468342781
5,72,0.10966351628303528
50,161,0.10961690545082092
85,57,0.10956203937530518
84,142,0.10954836010932922
76,166,0.10952294617891312
47,123,0.10949809849262238
65,17,0.10948049277067184
51,76,0.10946429520845413
59,65,0.10944737493991852
7,172,0.10941912233829498
15,154,0.10938999056816101
1,26,0.10937812179327011
3,26,0.10937812179327011
23,26,0.10937812179327011
26,26,0.10937812179327011
88,26,0.10937812179327011
75,76,0.10936594754457474
34,115,0.1093529462814331
71,1,0.10934467613697052
15,163,0.10929526388645172
15,101,0.10928209125995636
55,6,0.10927730053663254
86,76,0.10925290733575821
74,10,0.1092454120516777
47,118,0.10923659801483154
10,84,0.10921748727560043
34,76,0.1091979593038559
87,11,0.10916905850172043
32,79,0.10913068801164627
81,79,0.10912685841321945
25,142,0.10909245163202286
48,69,0.10907766968011856
28,10,0.10906904935836792
81,43,0.10904518514871597
33,39,0.10903903096914291
41,126,0.10903036594390869
70,189,0.10900767147541046
6,25,0.108949676156044
49,181,0.1089433804154396
46,8,0.10888775438070297
84,67,0.10879824310541153
11,84,0.10875482857227325
66,26,0.10874883830547333
25,183,0.10873733460903168
18,108,0.10868232697248459
83,130,0.10866304486989975
48,76,0.10866224765777588
69,26,0.10858041048049927
44,84,0.10848988592624664
39,171,0.10847525298595428
0,149,0.10846714675426483
6,23,0.10845885425806046
80,42,0.1084362119436264
84,90,0.10842952877283096
2,68,0.10831305384635925
61,76,0.10827414691448212
32,166,0.10825007408857346
8,43,0.1081288680434227
50,120,0.10804633051156998
5,93,0.10798592865467072
15,107,0.10797387361526489
51,72,0.1079040914773941
40,182,0.10789800435304642
12,185,0.10785424709320068
45,183,0.1078459694981575
4,8,0.10780525207519531
60,84,0.10779860615730286
49,148,0.10771936178207397
30,28,0.10771028697490692
25,185,0.10770487785339355
65,132,0.1076715886592865
27,8,0.10763759911060333
85,92,0.10761847347021103
65,21,0.10760955512523651
14,8,0.10760259628295898
60,8,0.10756290704011917
72,8,0.10751519352197647
7,62,0.10745078325271606
85,155,0.10730545967817307
18,115,0.10728374868631363
16,31,0.10728064179420471
82,23,0.10720549523830414
16,72,0.10716131329536438
49,173,0.10714091360569
14,166,0.10711363703012466
73,159,0.10710456967353821
63,43,0.10709182173013687
27,189,0.1070837751030922
61,108,0.10708325356245041
63,84,0.10706756263971329
16,165,0.10698968172073364
79,143,0.10696543008089066
45,28,0.10690160095691681
1,34,0.10684657096862793
3,34,0.10684657096862793
23,34,0.10684657096862793
26,34,0.10684657096862793
88,34,0.10684657096862793
65,103,0.10683158040046692
50,60,0.10679161548614502
54,34,0.1067761555314064
7,67,0.1067027822136879
77,188,0.10667230188846588
4,166,0.10666089504957199
21,129,0.10658411681652069
78,47,0.10656546801328659
9,159,0.10655685514211655
58,39,0.10647323727607727
69,76,0.10643128305673599
67,151,0.10639768838882446
17,26,0.10639380663633347
8,45,0.10634075850248337
4,76,0.10629598796367645
39,189,0.1062641367316246
79,44,0.10619096457958221
15,26,0.10611803829669952
84,163,0.10611701756715775
64,163,0.10610536485910416
28,23,0.10610369592905045
13,84,0.10608981549739838
74,23,0.10607627034187317
37,170,0.10604578256607056
17,79,0.1059904396533966
85,150,0.1059810221195221
51,141,0.10596545040607452
68,39,0.10596387088298798
49,161,0.10592717677354813
77,186,0.10592694580554962
68,119,0.10591784864664078
30,186,0.10590511560440063
5,186,0.10589414834976196
49,87,0.10585924983024597
50,153,0.10585924983024597
42,129,0.10579802095890045
57,8,0.10576455295085907
62,179,0.10575273633003235
75,143,0.10575173795223236
64,131,0.10573573410511017
75,79,0.10568799823522568
68,128,0.10568700730800629
60,168,0.10562136024236679
50,53,0.10556995123624802
55,112,0.10555435717105865
32,10,0.1055150106549263
8,31,0.10545673966407776
49,53,0.10544901341199875
46,132,0.10539203137159348
86,79,0.10537800937891006
87,179,0.10534274578094482
31,168,0.10529378801584244
67,156,0.10526850819587708
56,18,0.1052526980638504
77,75,0.10522916167974472
21,9,0.10522338002920151
38,179,0.10514075309038162
25,188,0.10513383895158768
15,39,0.1051008328795433
0,151,0.10508318245410919
51,8,0.10504572838544846
27,135,0.10503579676151276
14,76,0.10502707958221436
18,26,0.10500233620405197
50,92,0.10498996824026108
42,140,0.1048959419131279
53,115,0.10489244759082794
86,159,0.10486705601215363
37,87,0.10486182570457458
28,84,0.10481271147727966
34,79,0.10480249673128128
35,72,0.1048009842634201
74,84,0.10479813069105148
63,168,0.1047949567437172
78,54,0.10479278862476349
0,21,0.10478422045707703
40,38,0.10476530343294144
44,168,0.10466835647821426
61,26,0.10462013632059097
22,166,0.10461657494306564
14,26,0.10458006709814072
42,50,0.10457725822925568
68,54,0.10457209497690201
50,70,0.10456595569849014
25,26,0.1045193150639534
79,76,0.1045098751783371
75,141,0.10446588695049286
87,182,0.10445055365562439
52,143,0.10441260039806366
31,8,0.10437531024217606
61,79,0.10435055196285248
54,24,0.10431159287691116
51,79,0.10422835499048233
0,152,0.10408385843038559
82,84,0.10408312827348709
19,92,0.10403768718242645
83,151,0.10401664674282074
55,76,0.10388655215501785
6,84,0.10385899245738983
74,31,0.1037943959236145
28,31,0.10378450155258179
86,86,0.10378007590770721
7,189,0.10377760976552963
77,183,0.10375609248876572
53,8,0.10363194346427917
50,173,0.10361922532320023
21,97,0.10359938442707062
4,115,0.10357357561588287
17,141,0.10352024435997009
1,24,0.10350891202688217
3,24,0.10350891202688217
23,24,0.10350891202688217
26,24,0.10350891202688217
88,24,0.10350891202688217
86,165,0.10348989069461823
31,23,0.10348163545131683
0,49,0.10343700647354126
33,97,0.1034029871225357
80,79,0.10338594019412994
82,8,0.10338298976421356
83,39,0.1033535972237587
72,166,0.10334908217191696
86,188,0.10319294035434723
66,93,0.10316479206085205
16,168,0.10314430296421051
9,140,0.10314295440912247
45,26,0.10308675467967987
44,76,0.10299482196569443
73,143,0.10298193991184235
7,131,0.10296578705310822
78,99,0.10292623192071915
80,31,0.10291306674480438
65,19,0.10289917141199112
41,158,0.10286656767129898
50,175,0.10285230726003647
72,76,0.1028483435511589
76,8,0.10282287746667862
9,187,0.10282003879547119
66,187,0.10281231254339218
42,189,0.10279244184494019
24,23,0.10278639197349548
68,112,0.10275763273239136
21,57,0.10272379219532013
28,76,0.10271558910608292
74,76,0.10269328951835632
29,84,0.10267402231693268
87,101,0.1026652380824089
16,126,0.10265830159187317
58,25,0.10257142782211304
5,31,0.1025489941239357
31,43,0.10253444314002991
34,26,0.1025293618440628
10,26,0.1024727001786232
58,142,0.10243391990661621
60,76,0.1024271696805954
5,11,0.1024179458618164
52,182,0.10240694135427475
79,79,0.10236597061157227
71,11,0.10231806337833405
40,159,0.1022735983133316
30,26,0.10226082056760788
85,174,0.10225477814674377
76,76,0.10221273452043533
63,76,0.10219418257474899
35,76,0.1021646112203598
31,84,0.1021575927734375
75,72,0.10212542861700058
40,184,0.10209919512271881
54,93,0.10207133740186691
57,76,0.10206958651542664
29,169,0.10203573852777481
41,162,0.10199490189552307
1,93,0.10197677463293076
3,93,0.10197677463293076
23,93,0.10197677463293076
26,93,0.10197677463293076
88,93,0.10197677463293076
37,173,0.10195315629243851
11,86,0.10191435366868973
21,14,0.10190503299236298
37,148,0.10188170522451401
53,166,0.10182369500398636
42,136,0.1018209457397461
76,126,0.10178918391466141
25,34,0.10178445279598236
15,111,0.10176923871040344
30,39,0.10173110663890839
67,85,0.10170143842697144
6,30,0.10169351100921631
59,180,0.10164516419172287
21,104,0.10163760930299759
69,79,0.1015782579779625
37,73,0.10155431181192398
37,189,0.10138130933046341
21,119,0.10137172043323517
41,39,0.10136846452951431
85,38,0.10135772079229355
24,84,0.10135719925165176
37,39,0.10123291611671448
85,137,0.10121165961027145
73,185,0.1011812761425972
0,135,0.10116127133369446
57,166,0.101146399974823
79,141,0.10109402239322662
65,43,0.10108038783073425
73,142,0.10107389092445374
4,79,0.1009802594780922
12,39,0.1009753867983818
76,141,0.10093940794467926
27,69,0.10093284398317337
54,187,0.10086452215909958
50,55,0.10084636509418488
70,187,0.10082194209098816
85,169,0.10080568492412567
60,31,0.10073082894086838
50,28,0.1007169857621193
50,164,0.10067824274301529
10,85,0.10064537823200226
66,34,0.10064459592103958
77,30,0.10062204301357269
58,93,0.10062166303396225
68,129,0.1005915030837059
21,71,0.10058823972940445
65,56,0.10058757662773132
59,75,0.10057543218135834
72,72,0.10054461658000946
61,141,0.10049669444561005
13,8,0.10047577321529388
49,93,0.10047142207622528
30,183,0.10044974833726883
12,154,0.10038625448942184
37,91,0.10036183893680573
18,141,0.10033021867275238
50,105,0.10028804838657379
1,187,0.10028230398893356
3,187,0.10028230398893356
23,187,0.10028230398893356
26,187,0.10028230398893356
88,187,0.10028230398893356
8,141,0.10021806508302689
44,166,0.10015548020601273
50,122,0.10012669116258621
69,72,0.10010334104299545
61,72,0.10009561479091644
85,145,0.10006783902645111
82,168,0.10003092139959335
34,168,0.10002150386571884
53,108,0.09993928670883179
24,8,0.099935382604599
69,92,0.09983986616134644
50,69,0.09982235729694366
14,42,0.09972460567951202
6,8,0.09968381375074387
44,31,0.09967613220214844
53,76,0.09965880215167999
15,122,0.09963501244783401
37,60,0.09962575137615204
14,79,0.09961296617984772
30,188,0.09959295392036438
24,45,0.09959013015031815
52,30,0.09958889335393906
72,115,0.09957548975944519
80,168,0.09956007450819016
40,93,0.09950736165046692
34,31,0.0994718000292778
20,13,0.09946628659963608
17,42,0.09946504235267639
57,168,0.09946237504482269
33,135,0.0994388684630394
73,187,0.09940962493419647
60,166,0.09940364211797714
54,115,0.09939393401145935
9,34,0.09934667497873306
65,124,0.0993368849158287
24,168,0.09932326525449753
50,151,0.09927898645401001
10,92,0.09918636083602905
86,72,0.09912369400262833
45,115,0.09911798685789108
48,11,0.09911713004112244
87,91,0.09909965097904205
21,12,0.09907159954309464
45,140,0.0990714356303215
21,114,0.09901424497365952
45,39,0.09899769723415375
80,72,0.09897807240486145
63,166,0.09896805882453918
1,115,0.09890080243349075
3,115,0.09890080243349075
23,115,0.09890080243349075
26,115,0.09890080243349075
88,115,0.09890080243349075
70,61,0.09886932373046875
80,141,0.09882088005542755
63,31,0.0987449586391449
85,119,0.09873604774475098
31,31,0.09873329102993011
65,99,0.09861895442008972
0,128,0.09861046075820923
4,72,0.09860767424106598
37,161,0.09860111027956009
87,154,0.09856024384498596
69,141,0.09844637662172318
58,185,0.09844063222408295
12,70,0.09843484312295914
72,79,0.09838934987783432
50,50,0.09831301867961884
57,115,0.09830757230520248
0,147,0.09830404072999954
31,76,0.09826045483350754
60,25,0.09825998544692993
17,165,0.09825920313596725
82,76,0.09821814298629761
34,141,0.09821073710918427
76,79,0.09816781431436539
37,120,0.09816565364599228
14,72,0.09816111624240875
42,110,0.09810767322778702
0,19,0.09810426086187363
75,165,0.09808813780546188
34,72,0.0980839878320694
80,92,0.09803260117769241
8,79,0.09800612181425095
22,76,0.09797177463769913
12,163,0.09796589612960815
4,26,0.09795848280191422
25,93,0.0979480966925621
24,25,0.09791988879442215
18,31,0.09791148453950882
10,166,0.09789858013391495
4,168,0.09786919504404068
82,25,0.097814179956913
52,184,0.097745880484581
57,31,0.09773575514554977
34,108,0.09773451089859009
73,34,0.09772597253322601
81,72,0.09772083908319473
19,45,0.09772048890590668
35,93,0.09770548343658447
21,121,0.09770220518112183
19,163,0.09759002178907394
76,72,0.0975763276219368
41,163,0.09755668044090271
67,44,0.09752547740936279
13,76,0.09749914705753326
59,178,0.09748940914869308
56,61,0.09747881442308426
28,166,0.09747803211212158
12,176,0.09747350215911865
65,123,0.09746842831373215
74,166,0.09746056795120239
44,79,0.09744978696107864
25,38,0.09744977205991745
67,86,0.09741772711277008
75,44,0.09737267345190048
16,11,0.09735726565122604
53,26,0.09733261168003082
82,45,0.09730462729930878
58,159,0.09728607535362244
49,120,0.09724642336368561
64,28,0.09723562747240067
65,92,0.09722524136304855
55,79,0.09718608111143112
35,141,0.09716108441352844
85,102,0.0971301943063736
86,183,0.09710996598005295
66,115,0.09706854075193405
63,79,0.09702052175998688
30,115,0.0970185399055481
32,43,0.09695560485124588
44,25,0.09689735621213913
22,8,0.09689206629991531
38,187,0.09687716513872147
61,42,0.09680391103029251
32,72,0.09678642451763153
13,166,0.09677343815565109
35,88,0.09673687070608139
87,176,0.09673677384853363
28,79,0.09673526883125305
74,79,0.09669750183820724
0,153,0.09668605029582977
4,31,0.09666389226913452
81,141,0.09664512425661087
85,118,0.09664018452167511
39,87,0.0965886041522026
60,79,0.09656397253274918
25,140,0.0965275764465332
74,43,0.09634473919868469
11,166,0.09633558988571167
67,152,0.09624351561069489
28,43,0.09623853117227554
57,79,0.09623584151268005
6,76,0.09619329869747162
67,137,0.09618417173624039
19,162,0.09613270312547684
44,72,0.09610281884670258
27,157,0.09603892266750336
13,115,0.09595466405153275
8,26,0.0959269180893898
82,31,0.09590808302164078
73,108,0.09587259590625763
60,45,0.09587112814188004
67,145,0.09583860635757446
17,92,0.09583484381437302
62,26,0.09581182897090912
4,141,0.09580904245376587
57,72,0.09579803794622421
29,181,0.09575030207633972
5,179,0.0957217738032341
79,126,0.09568946063518524
14,31,0.09567737579345703
16,183,0.09566398710012436
82,166,0.09562606364488602
72,168,0.0955577939748764
50,171,0.09548266977071762
24,31,0.09547581523656845
25,115,0.09544528275728226
60,72,0.09537079185247421
24,76,0.0953560471534729
63,72,0.09534364938735962
0,67,0.0953267440199852
73,140,0.09531590342521667
51,31,0.09530007839202881
51,159,0.09529687464237213
32,141,0.0952945277094841
16,93,0.0952942818403244
17,31,0.09528622031211853
14,141,0.09528161585330963
87,75,0.09524217247962952
61,165,0.09507352858781815
58,187,0.0950576514005661
85,146,0.09505707025527954
16,159,0.09503687918186188
6,166,0.09502853453159332
8,115,0.09502606838941574
13,168,0.09502057731151581
67,149,0.09501294791698456
58,140,0.09501169621944427
69,31,0.0949477031826973
53,72,0.09493749588727951
35,79,0.09489556401968002
79,165,0.0948934406042099
64,143,0.09488940238952637
61,31,0.09482715278863907
74,72,0.0947895497083664
87,184,0.09477320313453674
53,79,0.09476286917924881
41,44,0.09475859999656677
28,72,0.09473252296447754
33,49,0.09467817097902298
83,58,0.0946064442396164
8,168,0.09460354596376419
11,31,0.09459962695837021
73,92,0.09452781081199646
70,55,0.09450414031744003
80,165,0.09450117498636246
65,48,0.0944235622882843
69,85,0.09436649829149246
42,187,0.09432388097047806
76,165,0.09430583566427231
42,65,0.09428299218416214
65,25,0.09426823258399963
81,165,0.09426026791334152
50,178,0.09420459717512131
38,75,0.09419907629489899
31,166,0.09419401735067368
17,168,0.09415364265441895
10,76,0.0941511020064354
13,72,0.09414266049861908
77,45,0.09412148594856262
84,148,0.0941176563501358
72,26,0.09405340254306793
35,31,0.09403102099895477
6,168,0.09393375366926193
72,31,0.09392882138490677
16,188,0.0938786193728447
64,43,0.09382644295692444
83,152,0.093815378844738
14,168,0.09376021474599838
35,159,0.09375914186239243
13,31,0.09374621510505676
64,34,0.09373477846384048
61,168,0.09372720122337341
27,39,0.09370391815900803
34,165,0.09360962361097336
69,143,0.09353161603212357
37,52,0.09350467473268509
62,75,0.09348443895578384
81,25,0.09336667507886887
17,72,0.09332559257745743
10,8,0.09332223981618881
57,26,0.09332125633955002
62,39,0.09331439435482025
44,45,0.09327831864356995
69,165,0.0932612344622612
19,108,0.09324303269386292
7,147,0.09321122616529465
0,20,0.09320702403783798
30,142,0.09319363534450531
75,31,0.09317951649427414
65,134,0.09314104169607162
20,5,0.09313435852527618
70,69,0.09312859922647476
62,115,0.09304426610469818
37,147,0.0930224135518074
50,156,0.09300738573074341
65,133,0.093002550303936
67,164,0.09295571595430374
81,115,0.09295133501291275
22,79,0.09293879568576813
35,165,0.09292673319578171
37,122,0.09292320907115936
45,187,0.09287246316671371
24,72,0.09281429648399353
17,143,0.09271639585494995
24,166,0.09269018471240997
0,119,0.09266392141580582
32,165,0.0926366001367569
7,120,0.09259594976902008
87,73,0.09252713620662689
0,154,0.09248121082782745
31,79,0.09245038032531738
31,72,0.09244527667760849
82,79,0.09242771565914154
72,141,0.09239206463098526
50,152,0.0923432931303978
16,179,0.09232186526060104
18,79,0.09231410175561905
9,143,0.0923047661781311
16,186,0.09223157167434692
65,27,0.09223049134016037
50,65,0.09222270548343658
47,136,0.09218095988035202
21,18,0.092166006565094
61,92,0.09212525933980942
4,165,0.0921177864074707
6,31,0.09210006147623062
8,165,0.09206761419773102
51,188,0.09202919155359268
67,138,0.09200841933488846
86,186,0.0919320359826088
69,168,0.09189870953559875
50,148,0.09178448468446732
67,155,0.09176158905029297
51,93,0.0917387381196022
50,170,0.09172581136226654
84,120,0.09172166138887405
51,183,0.09172018617391586
81,26,0.09170278906822205
79,31,0.09170052409172058
13,79,0.09156496822834015
6,115,0.09155330061912537
66,24,0.09152732789516449
0,62,0.09151451289653778
21,56,0.09150329232215881
85,157,0.09148303419351578
22,31,0.09146670997142792
0,118,0.09143874049186707
38,31,0.09143746644258499
21,128,0.09141942858695984
87,31,0.09140053391456604
84,131,0.09132499247789383
38,158,0.09131082147359848
21,98,0.09125977754592896
37,53,0.09122907370328903
80,143,0.09121697396039963
85,128,0.09113404154777527
22,141,0.09105423092842102
67,146,0.09103792905807495
49,122,0.09101308137178421
45,43,0.09101176261901855
21,126,0.09099998325109482
18,92,0.09099455922842026
14,92,0.09094434231519699
5,168,0.0909380167722702
64,162,0.09091299027204514
53,141,0.09085313975811005
21,118,0.09084469825029373
14,165,0.09084109216928482
65,20,0.09082795679569244
27,136,0.09079904109239578
75,126,0.09078242629766464
9,182,0.0907817855477333
7,105,0.09077271074056625
39,170,0.09075303375720978
77,159,0.09074119478464127
45,185,0.09072612226009369
56,26,0.09070311486721039
81,11,0.09069955348968506
19,158,0.0906905084848404
70,136,0.0906345546245575
22,93,0.09063050150871277
63,25,0.09062463045120239
85,121,0.09061386436223984
9,30,0.09059067815542221
13,26,0.09058164060115814
86,11,0.09056120365858078
30,185,0.09055200964212418
80,85,0.09054861962795258
85,24,0.09052517265081406
18,165,0.09051204472780228
7,171,0.09050565212965012
77,39,0.09050297737121582
62,186,0.09044696390628815
19,131,0.09037497639656067
53,42,0.09037221223115921
48,179,0.09034451842308044
60,115,0.09033093601465225
15,104,0.09028639644384384
6,79,0.09025348722934723
4,108,0.0902414470911026
27,181,0.09023105353116989
68,51,0.09020739793777466
17,11,0.09020037204027176
10,44,0.09018800407648087
83,149,0.09017603099346161
24,30,0.09009537845849991
84,31,0.0900893583893776
38,182,0.0900864526629448
82,72,0.09003447741270065
35,86,0.08999738842248917
39,120,0.08996973931789398
50,61,0.08994664996862411
67,73,0.08978944271802902
60,30,0.08974713087081909
70,33,0.0896410122513771
48,65,0.08963776379823685
51,11,0.08961046487092972
40,163,0.08960548788309097
75,168,0.08950743824243546
44,115,0.08950716257095337
39,147,0.0894847884774208
66,182,0.08947522193193436
32,11,0.08943776786327362
6,72,0.08937817811965942
53,31,0.08934354037046432
82,30,0.08930390328168869
67,160,0.08929172903299332
77,93,0.08927695453166962
61,143,0.08927683532238007
24,79,0.08925559371709824
25,187,0.08919007331132889
50,10,0.08915097266435623
65,29,0.08901850134134293
67,169,0.08894328027963638
36,31,0.08887532353401184
49,94,0.08887303620576859
54,182,0.08886969834566116
40,131,0.08877681195735931
10,143,0.08876863121986389
50,149,0.08876737952232361
7,87,0.08874726295471191
51,186,0.0886925607919693
30,93,0.08867581188678741
52,92,0.08867429196834564
75,11,0.08867048472166061
67,69,0.08863309025764465
11,76,0.08854752779006958
72,165,0.08849404007196426
57,141,0.08838166296482086
44,30,0.08837029337882996
35,8,0.08833238482475281
29,23,0.08824814856052399
71,3,0.08823785185813904
50,30,0.08822569251060486
83,150,0.08822387456893921
1,182,0.08821345865726471
3,182,0.08821345865726471
23,182,0.08821345865726471
26,182,0.08821345865726471
88,182,0.08821345865726471
71,4,0.08818619698286057
10,79,0.08816550672054291
76,188,0.08816132694482803
77,143,0.08814026415348053
56,183,0.08810798078775406
53,168,0.0880264937877655
87,140,0.08802250772714615
38,93,0.08795250207185745
82,115,0.08793625235557556
54,159,0.08789891004562378
67,174,0.08788878470659256
80,93,0.0878780260682106
9,184,0.08781219273805618
77,142,0.08778351545333862
21,63,0.0877644419670105
85,28,0.0877583846449852
39,173,0.08772863447666168
51,168,0.08757616579532623
35,183,0.08757313340902328
79,168,0.08754734694957733
71,2,0.08753081411123276
71,7,0.08752624690532684
44,141,0.08752365410327911
21,73,0.08746187388896942
10,72,0.08741097897291183
24,115,0.0874038115143776
75,188,0.08740061521530151
64,189,0.08737975358963013
60,26,0.08737152814865112
70,129,0.08735988289117813
85,114,0.08734674006700516
1,159,0.0873330757021904
3,159,0.0873330757021904
23,159,0.0873330757021904
26,159,0.0873330757021904
88,159,0.0873330757021904
61,11,0.0873003900051117
18,93,0.08728624135255814
62,43,0.08725965023040771
84,170,0.08716980367898941
86,93,0.08716513216495514
39,66,0.08712571859359741
39,161,0.08712401241064072
78,57,0.08711576461791992
58,143,0.08705545216798782
52,45,0.08701042085886002
45,159,0.08700808882713318
6,26,0.08698298037052155
11,159,0.08686995506286621
0,105,0.08684643357992172
80,11,0.08683444559574127
66,159,0.08682972192764282
7,73,0.0868145003914833
70,50,0.0867818221449852
44,26,0.0867563784122467
32,115,0.08674684166908264
85,126,0.08673360198736191
66,184,0.08670228719711304
34,11,0.08667195588350296
56,69,0.0866570919752121
85,97,0.08661142736673355
15,75,0.08653901517391205
63,141,0.08652828633785248
76,159,0.08650585263967514
73,182,0.08647523820400238
58,30,0.08646039664745331
5,187,0.0864434614777565
32,26,0.0863921195268631
84,56,0.08638841658830643
53,165,0.08638017624616623
62,183,0.08634211122989655
84,87,0.08631651848554611
10,141,0.08626788854598999
60,141,0.08624748140573502
56,55,0.08624676614999771
21,100,0.08623471856117249
31,25,0.08619792759418488
15,105,0.086126908659935
7,122,0.08611424267292023
41,176,0.08609741181135178
14,143,0.08607877045869827
15,170,0.08603425323963165
63,115,0.08603254705667496
75,183,0.08598094433546066
30,34,0.08596798032522202
54,184,0.08596493303775787
86,31,0.08593659102916718
22,165,0.08593613654375076
41,154,0.08592043071985245
70,188,0.0858679935336113
85,30,0.08578857034444809
34,42,0.08578044921159744
8,11,0.08576852083206177
79,11,0.0857580229640007
65,107,0.08573650568723679
84,122,0.08570972830057144
5,75,0.08565530180931091
0,54,0.0855359435081482
12,89,0.08553586900234222
27,65,0.08552180975675583
54,38,0.08547274768352509
85,108,0.08538463711738586
1,184,0.08537426590919495
3,184,0.08537426590919495
23,184,0.08537426590919495
26,184,0.08537426590919495
88,184,0.08537426590919495
83,168,0.08532607555389404
39,148,0.08530525863170624
57,165,0.08528302609920502
70,163,0.08523829281330109
17,188,0.08515701442956924
79,159,0.08514633774757385
67,88,0.08512120693922043
55,99,0.08511734753847122
69,11,0.08511224389076233
87,142,0.0850636214017868
27,123,0.08496048301458359
39,122,0.08495316654443741
17,85,0.0849400982260704
35,186,0.08491285890340805
72,108,0.08488626778125763
67,55,0.0848727747797966
71,129,0.08481034636497498
10,31,0.08479886502027512
44,165,0.0847795307636261
35,188,0.08475153148174286
1,38,0.08474252372980118
3,38,0.08474252372980118
23,38,0.08474252372980118
26,38,0.08474252372980118
88,38,0.08474252372980118
41,131,0.08464930206537247
82,26,0.08462893962860107
79,183,0.08459316939115524
52,34,0.08455976098775864
85,10,0.08454813063144684
52,108,0.08449474722146988
52,162,0.08441141992807388
20,185,0.08437048643827438
21,46,0.0843583345413208
79,188,0.08434503525495529
71,81,0.08433319628238678
63,45,0.08431659638881683
69,44,0.08431016653776169
5,158,0.08430199325084686
51,179,0.08429555594921112
77,187,0.0842818096280098
76,11,0.08416380733251572
13,141,0.08415193110704422
30,140,0.08413181453943253
49,185,0.08408870548009872
86,179,0.08408511430025101
64,25,0.08408211916685104
52,163,0.08407874405384064
22,159,0.08407758176326752
58,182,0.0840475857257843
21,108,0.08401317149400711
28,141,0.08393923193216324
45,182,0.08391505479812622
74,141,0.0839148685336113
7,34,0.08387348055839539
76,183,0.0838635116815567
63,26,0.08384602516889572
37,111,0.08383990079164505
60,165,0.08383262902498245
76,31,0.08382397145032883
63,165,0.08381228893995285
38,168,0.08381137251853943
38,162,0.08380628377199173
80,44,0.0838012844324112
62,93,0.08379746228456497
24,26,0.0837828516960144
35,168,0.08372844010591507
55,103,0.08370055258274078
21,95,0.08368075639009476
53,92,0.08362601697444916
75,186,0.08362504839897156
56,129,0.08357758820056915
22,168,0.08345940709114075
12,172,0.08345461636781693
14,11,0.08343788981437683
33,149,0.0833660438656807
0,46,0.08335791528224945
68,134,0.083332858979702
85,98,0.08328860998153687
81,179,0.0832858607172966
67,50,0.08325721323490143
84,94,0.0831853449344635
12,90,0.08316545188426971
34,92,0.08315225690603256
75,179,0.08313081413507462
65,58,0.08306686580181122
81,30,0.08305525034666061
31,115,0.08300561457872391
21,49,0.0829920619726181
65,127,0.0829637423157692
17,186,0.08295539766550064
85,132,0.08294464647769928
35,11,0.08289767056703568
73,184,0.08289375901222229
70,115,0.08285938948392868
62,10,0.08282624185085297
65,73,0.0827987939119339
14,85,0.08278298377990723
8,93,0.08277636021375656
51,88,0.08274618536233902
21,133,0.08274039626121521
27,114,0.08272004872560501
82,141,0.08270446956157684
81,45,0.08263372629880905
55,142,0.08263123035430908
6,141,0.08261553943157196
77,185,0.08255013823509216
39,60,0.08253084868192673
17,183,0.08251754194498062
8,30,0.08250588923692703
72,11,0.08250384777784348
32,179,0.08250311017036438
50,108,0.08249255269765854
39,73,0.08247233927249908
32,25,0.08245448768138885
65,16,0.08243395388126373
62,188,0.08239451050758362
67,178,0.08229614049196243
18,143,0.08221691101789474
28,165,0.08220810443162918
74,165,0.08218847215175629
21,132,0.08217782527208328
18,11,0.08209051191806793
74,115,0.08200785517692566
63,30,0.08199780434370041
57,108,0.0819893479347229
47,39,0.08197902888059616
76,186,0.08197256922721863
28,115,0.08196297287940979
17,179,0.08195377141237259
80,183,0.08189477771520615
59,68,0.08188841491937637
33,157,0.08188413083553314
10,165,0.08176232874393463
56,136,0.08175978809595108
84,105,0.08167514950037003
34,143,0.08167140930891037
59,69,0.08166738599538803
77,140,0.08165738731622696
48,167,0.08165667951107025
13,108,0.08164650201797485
5,39,0.08163035660982132
79,93,0.08161906898021698
85,73,0.08159679919481277
12,62,0.08157166093587875
61,85,0.08148707449436188
79,186,0.0814746767282486
18,168,0.08144395053386688
67,65,0.08137538284063339
20,167,0.08137451112270355
30,187,0.08136073499917984
21,107,0.0813504233956337
67,135,0.08134810626506805
38,184,0.08130962401628494
61,179,0.08124347031116486
13,165,0.08124308288097382
29,165,0.08117405325174332
61,188,0.08113396167755127
21,30,0.08113311231136322
34,179,0.08112902194261551
80,179,0.08109934628009796
11,168,0.08108615130186081
74,26,0.0810670554637909
30,43,0.08104424923658371
28,26,0.0810319110751152
37,175,0.08102837949991226
16,75,0.0809873566031456
75,93,0.08094117790460587
46,31,0.08092908561229706
31,26,0.08092019706964493
50,126,0.08086983859539032
59,102,0.08084843307733536
69,183,0.08082699775695801
31,141,0.08082680404186249
64,158,0.08080627769231796
85,95,0.08078517019748688
27,118,0.08071678131818771
25,159,0.08068754523992538
43,8,0.0806732177734375
4,42,0.08066723495721817
5,162,0.08066148310899734
74,25,0.08065138757228851
50,135,0.08064095675945282
69,93,0.0806322991847992
61,183,0.08060593158006668
22,183,0.08058120310306549
28,25,0.08056119084358215
19,176,0.08055068552494049
71,76,0.08054036647081375
0,112,0.08051136881113052
44,11,0.0804530531167984
80,186,0.08040650188922882
45,93,0.08039715886116028
33,178,0.08037576079368591
10,126,0.0803489089012146
45,177,0.08034314960241318
31,45,0.08019404113292694
84,173,0.08018359541893005
82,165,0.08015982806682587
40,28,0.0801415666937828
69,126,0.08013585209846497
53,143,0.08005718886852264
65,110,0.08002381771802902
58,184,0.07999669760465622
37,105,0.07997492700815201
10,168,0.07989654690027237
11,141,0.07988983392715454
59,141,0.07983874529600143
57,11,0.0798351913690567
63,11,0.07979012280702591
17,159,0.07978688180446625
69,188,0.07975294440984726
69,179,0.07974585890769958
61,186,0.07972308248281479
21,54,0.07970273494720459
6,165,0.07970181107521057
19,154,0.07968142628669739
80,126,0.07965677976608276
16,39,0.07963746786117554
29,185,0.07961099594831467
56,110,0.07961050420999527
60,11,0.07956944406032562
7,148,0.07950989902019501
80,159,0.07942578196525574
85,100,0.0793769359588623
0,89,0.07934381812810898
65,15,0.07933948189020157
53,11,0.0793231800198555
11,79,0.07930965721607208
71,118,0.07930944859981537
24,141,0.07927512377500534
87,90,0.07926299422979355
29,182,0.07926087081432343
14,93,0.07923604547977448
28,11,0.07922478765249252
18,183,0.07920882850885391
65,96,0.07920517772436142
74,11,0.07920198142528534
50,138,0.07919095456600189
69,186,0.07917451113462448
40,177,0.07909297943115234
0,110,0.07908585667610168
51,86,0.07905253767967224
30,159,0.07901855558156967
42,96,0.07901109755039215
40,43,0.07895942777395248
9,92,0.07892267405986786
31,165,0.07887501269578934
0,90,0.07887391746044159
69,159,0.07887045294046402
29,142,0.07886770367622375
7,161,0.07882732152938843
56,140,0.07875733822584152
9,45,0.07873506098985672
48,79,0.07871571183204651
65,117,0.07869570702314377
66,163,0.07863976061344147
34,183,0.07862764596939087
21,38,0.07861465960741043
11,165,0.07861096411943436
4,179,0.07852435111999512
77,92,0.07839745283126831
34,93,0.07835567742586136
80,188,0.07834579050540924
84,161,0.07829708606004715
45,184,0.07824333012104034
65,22,0.07824244350194931
56,189,0.07822449505329132
84,39,0.07820601761341095
20,1,0.07817913591861725
59,165,0.07816712558269501
85,112,0.07815123349428177
4,92,0.07811282575130463
12,67,0.0780978724360466
0,176,0.07803935557603836
19,126,0.07797220349311829
54,163,0.07795268297195435
76,168,0.07787811756134033
34,186,0.0778658464550972
39,101,0.07786288857460022
14,179,0.0778602659702301
11,183,0.07784506678581238
68,181,0.07784203439950943
70,65,0.07782728970050812
77,108,0.07779785990715027
35,179,0.07778901606798172
40,34,0.07778102904558182
40,143,0.07777012139558792
59,167,0.07775455713272095
42,163,0.07771249115467072
67,150,0.07771015912294388
38,70,0.07768271863460541
19,189,0.07762555778026581
9,163,0.0775819942355156
39,53,0.07757124304771423
76,179,0.07754355669021606
56,50,0.07751411199569702
14,183,0.07751293480396271
87,111,0.07750385254621506
18,188,0.07746318727731705
1,163,0.0774560421705246
3,163,0.0774560421705246
23,163,0.0774560421705246
26,163,0.0774560421705246
88,163,0.0774560421705246
31,30,0.0774337649345398
87,185,0.07736949622631073
41,70,0.07732777297496796
73,42,0.0772995725274086
4,143,0.07728784531354904
9,108,0.07727515697479248
71,8,0.0772654339671135
4,186,0.07726451754570007
17,93,0.07724782824516296
42,33,0.077232226729393
61,159,0.07723069936037064
9,162,0.07717821002006531
25,182,0.07710631191730499
24,165,0.07710248231887817
81,39,0.07709479331970215
50,160,0.07703609019517899
20,7,0.077030710875988
65,139,0.07697909325361252
40,162,0.07697205245494843
20,2,0.07697200030088425
41,89,0.07694003731012344
87,62,0.07693203538656235
8,108,0.0769219622015953
18,42,0.07689257711172104
76,93,0.07687798887491226
87,172,0.07677572220563889
61,93,0.07675949484109879
7,101,0.0767589583992958
0,161,0.07675417512655258
14,186,0.07668115198612213
34,188,0.07665948569774628
0,156,0.07660136371850967
49,175,0.07658453285694122
81,93,0.07654916495084763
39,105,0.07654853165149689
49,147,0.07651189714670181
0,120,0.07648681104183197
62,185,0.0764838308095932
81,186,0.07647296041250229
72,179,0.07647160440683365
58,34,0.07645419985055923
0,53,0.07644587010145187
87,89,0.07643810659646988
36,181,0.0764356330037117
15,155,0.07633980363607407
15,172,0.07630640268325806
8,183,0.07629211246967316
49,137,0.0762830376625061
42,188,0.07627104222774506
22,11,0.0762651339173317
87,39,0.07626465708017349
86,168,0.07624487578868866
52,158,0.07615768164396286
21,51,0.0761447548866272
41,86,0.07599486410617828
35,39,0.07599148154258728
37,137,0.07595673203468323
71,167,0.07590287178754807
47,181,0.07589106261730194
73,162,0.07588224858045578
0,51,0.07586868107318878
0,175,0.0758151188492775
5,182,0.0758051797747612
67,56,0.07579997181892395
13,11,0.07578370720148087
19,42,0.07572697848081589
14,188,0.07571668922901154
47,128,0.07569953054189682
82,11,0.07569688558578491
85,56,0.0756901428103447
4,188,0.07562565058469772
66,38,0.07561621069908142
7,170,0.07557271420955658
7,173,0.07556238770484924
22,179,0.07553219795227051
86,75,0.07553203403949738
0,96,0.07552284002304077
84,147,0.07550755888223648
86,187,0.07547132670879364
18,186,0.07546470314264297
62,142,0.07542407512664795
4,183,0.07541827112436295
72,42,0.07541285455226898
10,93,0.075405552983284
21,117,0.07538527995347977
12,131,0.0753282681107521
31,11,0.0752854123711586
22,88,0.07527097314596176
64,176,0.07525251805782318
11,186,0.07506997138261795
73,163,0.0750526711344719
67,136,0.07503428310155869
6,108,0.07502834498882294
22,186,0.07501833885908127
0,40,0.07501699775457382
80,39,0.07497191429138184
49,145,0.07493169605731964
65,126,0.07488515228033066
8,186,0.07483434677124023
14,44,0.07482607662677765
25,184,0.07480417937040329
0,95,0.07480226457118988
17,126,0.0747579038143158
49,117,0.07475358247756958
14,159,0.07468774914741516
50,155,0.07467713952064514
50,136,0.07465654611587524
18,159,0.07459916174411774
49,71,0.07459266483783722
40,189,0.07459039241075516
44,179,0.07456987351179123
6,11,0.0745459720492363
4,93,0.07453373819589615
29,184,0.07450522482395172
1,78,0.07448866963386536
3,78,0.07448866963386536
23,78,0.07448866963386536
26,78,0.07448866963386536
88,78,0.07448866963386536
17,44,0.0744856595993042
54,78,0.07448440045118332
49,105,0.07447082549333572
37,145,0.07445187866687775
53,85,0.07442206144332886
22,188,0.07440408319234848
57,93,0.07439268380403519
8,75,0.0743865817785263
87,163,0.07433833181858063
57,179,0.07432219386100769
27,121,0.07431723922491074
58,45,0.07426343858242035
87,171,0.07422363758087158
18,144,0.07418845593929291
67,61,0.07409258186817169
68,47,0.07408865541219711
62,25,0.07407142221927643
32,39,0.07405853271484375
42,115,0.07405692338943481
27,31,0.07402917742729187
77,182,0.07399555295705795
64,154,0.07398159801959991
60,179,0.07397215813398361
21,10,0.07395581156015396
63,179,0.07388134300708771
8,188,0.07388003915548325
38,176,0.07386742532253265
39,175,0.07386061549186707
65,9,0.0738353505730629
0,172,0.07378534972667694
32,186,0.07377732545137405
81,183,0.07376931607723236
34,159,0.07376280426979065
10,11,0.07367274165153503
58,92,0.07363839447498322
50,137,0.07361186295747757
50,145,0.07356282323598862
47,134,0.07354781031608582
15,174,0.0735292136669159
53,179,0.07350356876850128
87,168,0.0734989121556282
46,181,0.07343392819166183
28,179,0.07342726737260818
21,48,0.07341617345809937
74,179,0.07341214269399643
72,186,0.07340200990438461
51,39,0.07339168339967728
0,60,0.07337832450866699
70,184,0.073371022939682
71,6,0.07331985235214233
41,172,0.07325898855924606
72,92,0.07322204113006592
51,75,0.07311558723449707
41,62,0.07308918982744217
73,126,0.07306690514087677
72,143,0.07303258031606674
18,44,0.07292412221431732
19,89,0.07289636135101318
14,126,0.07282019406557083
85,71,0.0727977603673935
75,75,0.07277077436447144
24,11,0.07276109606027603
70,178,0.0727572813630104
70,40,0.0727522000670433
7,153,0.0726962760090828
5,142,0.07267964631319046
49,107,0.07265334576368332
43,93,0.07264602184295654
53,183,0.07262209057807922
71,79,0.07255623489618301
85,123,0.07253322005271912
49,31,0.07250584661960602
45,143,0.07248380035161972
5,185,0.07244226336479187
81,75,0.07242632657289505
53,186,0.07235734164714813
20,3,0.07235511392354965
72,183,0.07235236465930939
41,88,0.07228557020425797
45,25,0.07228078693151474
20,4,0.07224699854850769
21,134,0.072239950299263
53,93,0.07222523540258408
22,86,0.07220590859651566
67,101,0.07219657301902771
18,75,0.07212819159030914
29,166,0.07210195064544678
64,10,0.07209234684705734
53,188,0.0720335990190506
50,169,0.0720256119966507
50,174,0.07202247530221939
36,8,0.07201406359672546
61,44,0.0720122754573822
32,93,0.07195497304201126
47,119,0.07190962135791779
13,93,0.07190832495689392
60,93,0.07190608233213425
85,107,0.0718928724527359
68,31,0.07186964899301529
86,158,0.07183824479579926
21,28,0.0718018040060997
0,158,0.07176172733306885
66,78,0.0717611089348793
7,66,0.07174593955278397
18,85,0.0717378705739975
72,188,0.07171802967786789
32,30,0.07169722765684128
16,187,0.07167395949363708
10,183,0.07165306061506271
0,16,0.07165046036243439
84,60,0.07163222134113312
10,159,0.07162822782993317
32,75,0.07160110771656036
72,93,0.07141277939081192
25,28,0.07135117799043655
74,30,0.07131576538085938
41,90,0.07130344957113266
83,135,0.07127632945775986
5,70,0.07124815136194229
12,171,0.07123925536870956
32,183,0.07123290747404099
21,112,0.07122540473937988
19,67,0.07122357934713364
28,30,0.07121922075748444
8,179,0.07121897488832474
50,64,0.07121841609477997
0,41,0.07120797783136368
37,153,0.07120461761951447
42,149,0.07118459790945053
41,189,0.07115621119737625
5,140,0.07094592601060867
13,42,0.07091554254293442
61,75,0.07091086357831955
20,20,0.0708952471613884
19,62,0.07086952775716782
22,39,0.07085751742124557
42,118,0.07076223939657211
73,158,0.07073720544576645
57,42,0.07070358097553253
4,159,0.07067710906267166
13,179,0.07066256552934647
67,177,0.07063643634319305
80,75,0.07060588896274567
74,39,0.07054518163204193
49,146,0.07054458558559418
41,67,0.07053971290588379
19,34,0.07053927332162857
45,10,0.07053273916244507
5,184,0.07053027302026749
28,39,0.07051726430654526
44,93,0.07049786299467087
57,186,0.07046078145503998
74,45,0.07042109221220016
38,185,0.07039143145084381
64,89,0.07038431614637375
81,188,0.07031351327896118
34,75,0.07031144946813583
34,39,0.07030961662530899
28,45,0.07028259336948395
30,10,0.07023828476667404
83,69,0.07023327797651291
82,179,0.07023312151432037
37,146,0.07020561397075653
30,25,0.07019220292568207
31,179,0.0701843723654747
30,182,0.07015722244977951
19,172,0.0700451210141182
58,163,0.07002420723438263
58,108,0.06999563425779343
11,11,0.0699390321969986
57,183,0.06985613703727722
60,39,0.06983145326375961
10,186,0.06982146203517914
52,154,0.06980548053979874
79,39,0.06977465003728867
62,159,0.06970489025115967
42,178,0.06968072056770325
64,92,0.0696803629398346
77,184,0.06966671347618103
10,188,0.0696585401892662
56,65,0.06964468210935593
33,133,0.0696326345205307
65,14,0.06962026655673981
0,99,0.06955791264772415
56,187,0.06954651325941086
53,159,0.06952178478240967
49,189,0.06942727416753769
15,145,0.06933621317148209
84,107,0.06929574906826019
42,109,0.06929057836532593
24,93,0.06927763670682907
38,154,0.0692594051361084
7,175,0.06922513991594315
12,189,0.06921546161174774
84,168,0.06921237707138062
79,75,0.06919845938682556
51,187,0.06913542002439499
45,131,0.06912678480148315
58,162,0.06909815967082977
38,39,0.06909523159265518
21,52,0.06908181309700012
50,146,0.06908101588487625
69,75,0.06906643509864807
74,93,0.06905502825975418
28,93,0.06901028752326965
6,93,0.06901006400585175
19,90,0.06898675113916397
66,189,0.06897010654211044
14,39,0.0689624547958374
57,39,0.06894691288471222
6,179,0.06894530355930328
39,153,0.06891033053398132
69,39,0.0688926950097084
52,189,0.06888032704591751
21,139,0.06884979456663132
82,93,0.06883780658245087
40,25,0.06879696995019913
4,39,0.06874702870845795
0,121,0.06872041523456573
44,186,0.06871657818555832
85,49,0.0686897337436676
33,121,0.0686660185456276
44,39,0.0686543881893158
20,6,0.06864719092845917
64,78,0.06858641654253006
50,68,0.06850823014974594
10,179,0.06847651302814484
66,131,0.06845875084400177
57,92,0.06842345744371414
4,75,0.06835661828517914
64,62,0.06831705570220947
16,185,0.06829600036144257
11,179,0.06829144805669785
24,179,0.06828809529542923
62,34,0.06828153133392334
76,75,0.0682656466960907
33,98,0.06825198978185654
52,126,0.06821742653846741
20,12,0.06819797307252884
60,186,0.06814249604940414
67,107,0.06812119483947754
45,163,0.06810526549816132
18,179,0.06810519844293594
32,45,0.06808885931968689
63,93,0.06808445602655411
76,88,0.06808364391326904
25,78,0.06803059577941895
9,158,0.06802702695131302
64,67,0.06801664084196091
8,92,0.0680130273103714
0,87,0.06800980865955353
32,188,0.06797055155038834
67,52,0.06796198338270187
48,178,0.06794758886098862
0,13,0.06794620305299759
50,150,0.0678749680519104
19,70,0.0678674578666687
31,93,0.06780542433261871
25,163,0.06779875606298447
57,143,0.0677308514714241
11,188,0.06770561635494232
5,154,0.0677020475268364
15,94,0.0676608458161354
75,39,0.06750226765871048
55,165,0.06744465231895447
63,186,0.06743258237838745
67,66,0.06743015348911285
61,39,0.06741655617952347
8,159,0.06740891188383102
31,39,0.06738415360450745
86,162,0.0673498660326004
8,39,0.06733527779579163
63,39,0.06731175631284714
30,184,0.06726770848035812
54,189,0.06725972145795822
65,12,0.06724157929420471
70,149,0.06723606586456299
72,159,0.06720949709415436
17,39,0.06719840317964554
14,75,0.06719817966222763
44,183,0.06711630523204803
59,140,0.06709552556276321
13,186,0.06707360595464706
13,92,0.06700198352336884
16,142,0.06696953624486923
1,189,0.06691116094589233
3,189,0.06691116094589233
23,189,0.06691116094589233
26,189,0.06691116094589233
88,189,0.06691116094589233
48,109,0.06690102070569992
65,59,0.06688063591718674
7,60,0.06681657582521439
47,31,0.06679028272628784
15,76,0.0667770728468895
21,123,0.0667165219783783
60,108,0.0666661411523819
8,143,0.06666507571935654
60,183,0.06665048003196716
48,64,0.06663065403699875
18,72,0.06661732494831085
24,108,0.0665886253118515
39,52,0.06658463925123215
13,183,0.06654410064220428
0,47,0.06653615832328796
62,140,0.06652148813009262
86,182,0.06646930426359177
84,137,0.06644711643457413
70,110,0.06641111522912979
62,187,0.06639302521944046
57,188,0.06636351346969604
72,39,0.06635778397321701
65,52,0.0663522481918335
42,128,0.06634920090436935
50,104,0.06634014844894409
65,109,0.06632202863693237
65,18,0.06627155840396881
53,44,0.06626901775598526
24,39,0.06620216369628906
40,158,0.06619367003440857
82,108,0.06614604592323303
13,39,0.0661199539899826
35,75,0.06607688963413239
64,30,0.06606251746416092
15,189,0.06601707637310028
25,43,0.06598521023988724
82,39,0.06588996946811676
21,58,0.06588977575302124
87,52,0.0658658817410469
27,133,0.06582792848348618
8,72,0.06579288095235825
70,159,0.06575305014848709
67,71,0.06574945896863937
65,30,0.06572616100311279
53,126,0.06567505747079849
12,147,0.06566166877746582
28,186,0.06563246995210648
74,186,0.06562673300504684
63,183,0.06560938060283661
13,143,0.06560933589935303
34,126,0.0656038150191307
15,149,0.06555662304162979
15,151,0.06554915010929108
72,75,0.06548921018838882
52,42,0.06548529863357544
64,172,0.06546513736248016
12,73,0.06544923782348633
9,78,0.06542985141277313
76,86,0.06542734056711197
18,126,0.06542336195707321
11,8,0.06541827321052551
66,162,0.06539853662252426
6,186,0.06535066664218903
54,131,0.06534659117460251
44,108,0.0653434619307518
54,162,0.06534171104431152
83,97,0.06533542275428772
37,156,0.0652056634426117
45,30,0.06516198813915253
0,22,0.06514246761798859
38,163,0.06512461602687836
75,187,0.0651225820183754
0,122,0.06503047049045563
82,186,0.06496751308441162
54,43,0.06494030356407166
1,162,0.06491248309612274
3,162,0.06491248309612274
23,162,0.06491248309612274
26,162,0.06491248309612274
88,162,0.06491248309612274
4,85,0.06482703983783722
29,180,0.06479501724243164
39,137,0.06476125866174698
16,86,0.06474998593330383
64,177,0.06473910063505173
1,131,0.0647360235452652
3,131,0.0647360235452652
23,131,0.0647360235452652
26,131,0.0647360235452652
88,131,0.0647360235452652
16,88,0.06468495726585388
86,39,0.06467878073453903
65,108,0.06461821496486664
76,187,0.0646064430475235
52,131,0.06457468122243881
6,183,0.06453730165958405
27,98,0.06446748971939087
1,43,0.06443507224321365
3,43,0.06443507224321365
23,43,0.06443507224321365
26,43,0.06443507224321365
88,43,0.06443507224321365
33,114,0.06442616134881973
70,182,0.0644199401140213
0,98,0.06439150869846344
12,120,0.06438998132944107
2,61,0.06436128914356232
29,11,0.06434316188097
39,34,0.06431437283754349
77,42,0.06429187953472137
42,184,0.06421663612127304
39,91,0.0641784518957138
57,159,0.06416643410921097
85,46,0.06416136771440506
18,39,0.06411497294902802
84,117,0.06410478800535202
19,85,0.06410029530525208
6,42,0.06404862552881241
35,187,0.06401126086711884
17,187,0.06400246918201447
52,176,0.0639943927526474
6,39,0.06398680806159973
54,28,0.063933365046978
81,159,0.06390821188688278
9,189,0.06384098529815674
82,183,0.06382369995117188
44,188,0.06378389894962311
12,87,0.06376820802688599
9,154,0.06366963684558868
42,40,0.06362508237361908
55,17,0.06359775364398956
44,75,0.06354132294654846
87,120,0.06354016065597534
34,44,0.06352625042200089
53,39,0.06347508728504181
70,41,0.06338734924793243
86,142,0.06334574520587921
1,28,0.06332342326641083
3,28,0.06332342326641083
23,28,0.06332342326641083
26,28,0.06332342326641083
88,28,0.06332342326641083
57,75,0.06328056007623672
7,53,0.06327560544013977
53,75,0.06326732039451599
64,90,0.06323462724685669
31,186,0.06321179866790771
28,183,0.063201405107975
73,85,0.0631992369890213
74,183,0.06319830566644669
73,154,0.06315960735082626
1,35,0.06310410797595978
3,35,0.06310410797595978
23,35,0.06310410797595978
26,35,0.06310410797595978
88,35,0.06310410797595978
84,189,0.06309671700000763
33,100,0.06303717941045761
45,162,0.06300441175699234
54,35,0.06298045814037323
13,188,0.06293235719203949
21,47,0.06289990991353989
84,53,0.06287990510463715
63,75,0.06287681311368942
30,143,0.06270376592874527
78,102,0.06269101053476334
60,75,0.06268807500600815
16,140,0.06268221884965897
79,187,0.062677301466465
85,99,0.06264130026102066
77,162,0.06257611513137817
81,108,0.06256311386823654
65,116,0.06251589953899384
63,188,0.06250771135091782
60,188,0.062478937208652496
24,186,0.06247030198574066
42,112,0.06244976446032524
83,65,0.06244928762316704
47,129,0.06241218373179436
50,129,0.06240668520331383
51,158,0.062392182648181915
6,92,0.062386851757764816
12,66,0.0623713843524456
86,140,0.06234346702694893
55,180,0.062285181134939194
16,182,0.06228133291006088
16,162,0.06215314567089081
50,73,0.06215188279747963
29,174,0.062130820006132126
21,103,0.06211192533373833
58,158,0.06211007013916969
59,36,0.06206752732396126
0,100,0.0620487816631794
40,176,0.06203966215252876
39,56,0.062025122344493866
28,75,0.06199777126312256
74,75,0.06197628378868103
7,149,0.06191883236169815
6,143,0.06191139668226242
51,162,0.06187334656715393
49,39,0.061794381588697433
87,105,0.06179182603955269
21,116,0.06177171692252159
85,117,0.0617540068924427
76,39,0.06171056255698204
5,176,0.061654407531023026
22,75,0.061638012528419495
51,185,0.061613939702510834
24,183,0.06160445883870125
62,30,0.06154976040124893
31,183,0.06154002994298935
0,109,0.06153958663344383
10,39,0.06151866167783737
13,159,0.061506740748882294
39,145,0.06146769970655441
37,155,0.06136186048388481
84,175,0.06135345622897148
7,91,0.061344146728515625
8,185,0.06129959970712662
41,34,0.061289239674806595
6,188,0.06127161905169487
67,117,0.06127104535698891
49,139,0.06127019226551056
51,142,0.06125393509864807
12,101,0.061140358448028564
7,151,0.06112758442759514
86,184,0.06110531464219093
40,154,0.06110287830233574
21,101,0.06109946221113205
9,126,0.061092983931303024
59,166,0.06108145788311958
37,169,0.06102365255355835
83,157,0.06101546436548233
66,43,0.06101151555776596
4,126,0.06101062893867493
7,52,0.06097353249788284
42,119,0.06093506142497063
7,78,0.06092970073223114
16,158,0.060910288244485855
20,132,0.060819972306489944
42,99,0.060796432197093964
61,187,0.06076721101999283
67,64,0.060764752328395844
37,107,0.060754962265491486
67,157,0.06074044853448868
67,68,0.060735832899808884
52,90,0.06070612743496895
20,166,0.060677267611026764
80,185,0.06067263334989548
35,158,0.060591623187065125
49,153,0.060543812811374664
66,35,0.06052437052130699
0,138,0.06049879640340805
35,162,0.060438789427280426
21,102,0.060420580208301544
56,96,0.060419175773859024
30,163,0.06041787937283516
81,143,0.06040150299668312
42,113,0.06039487197995186
86,185,0.060337722301483154
70,118,0.060336723923683167
32,159,0.06031925976276398
81,185,0.06031547859311104
18,163,0.06028708815574646
63,108,0.06023504585027695
0,132,0.06020906940102577
7,56,0.06020498275756836
7,137,0.060191262513399124
85,54,0.06017749384045601
75,142,0.06017405539751053
18,185,0.06010008975863457
54,143,0.06006525829434395
56,33,0.0600203275680542
7,156,0.059971168637275696
77,163,0.05996302142739296
79,88,0.05991388484835625
21,24,0.05990251153707504
72,85,0.05988781526684761
39,156,0.05987052619457245
69,187,0.05984250828623772
82,188,0.059805359691381454
12,122,0.059783533215522766
73,78,0.05975297465920448
80,187,0.05973123013973236
73,44,0.059710197150707245
70,162,0.05966434255242348
38,62,0.05965649336576462
17,142,0.059655822813510895
13,75,0.05961869657039642
79,142,0.05953433737158775
87,87,0.05950688198208809
27,61,0.05948961153626442
1,143,0.05945252254605293
3,143,0.05945252254605293
23,143,0.05945252254605293
26,143,0.05945252254605293
88,143,0.05945252254605293
82,75,0.05944681912660599
12,105,0.059432607144117355
44,159,0.059431158006191254
52,89,0.0592593252658844
87,122,0.05924324691295624
51,182,0.0592130646109581
85,63,0.05918872728943825
60,159,0.05911674350500107
77,126,0.05906777083873749
0,173,0.05903947353363037
55,185,0.05903645604848862
0,15,0.05897984653711319
75,185,0.05894682928919792
6,159,0.058937132358551025
52,172,0.05888724699616432
52,67,0.05885252356529236
44,143,0.0588173009455204
79,86,0.058789242058992386
35,185,0.0587887167930603
31,75,0.05876205116510391
10,75,0.058750566095113754
17,185,0.05867619439959526
50,80,0.05866633355617523
25,162,0.0586477555334568
32,185,0.05864470452070236
20,33,0.0586320199072361
50,57,0.05861980840563774
50,42,0.05860419198870659
16,184,0.05858816206455231
52,62,0.05856345593929291
68,57,0.05855964496731758
6,75,0.05854923278093338
28,188,0.05850275605916977
9,42,0.058498818427324295
74,188,0.05848672613501549
60,143,0.058465469628572464
18,187,0.05839075893163681
9,177,0.058375291526317596
42,135,0.058324653655290604
37,117,0.05826631560921669
8,144,0.058260124176740646
85,133,0.05815558880567551
50,56,0.05809950456023216
56,115,0.05809486284852028
34,185,0.05804504081606865
34,187,0.05804240703582764
61,142,0.0580216720700264
4,44,0.058021631091833115
85,42,0.05796404182910919
49,169,0.057954806834459305
21,86,0.05794559791684151
51,140,0.05792701244354248
40,10,0.057921938598155975
65,130,0.05785006284713745
77,158,0.057849373668432236
39,146,0.057775646448135376
62,143,0.057745274156332016
52,78,0.057721249759197235
77,34,0.057704173028469086
70,105,0.05770054832100868
67,97,0.057652655988931656
25,189,0.05764520540833473
81,142,0.057585474103689194
2,39,0.057582270354032516
30,177,0.057567354291677475
29,141,0.05749877169728279
25,35,0.057493921369314194
63,159,0.057419657707214355
84,145,0.0574103407561779
5,163,0.057392667979002
42,41,0.05737888067960739
4,187,0.057359371334314346
42,159,0.05735626444220543
87,147,0.05730485916137695
61,185,0.057275936007499695
69,185,0.05723659321665764
42,105,0.05720870941877365
41,171,0.0571819543838501
79,185,0.057174038141965866
7,69,0.05715914070606232
66,143,0.057157471776008606
43,185,0.05714959651231766
31,108,0.057143934071063995
12,34,0.05711742863059044
55,119,0.057090502232313156
40,67,0.05704634264111519
14,187,0.05702650547027588
82,143,0.05702066421508789
72,126,0.05701534077525139
21,99,0.056966908276081085
38,67,0.05695442110300064
12,148,0.05694406107068062
34,142,0.056926995515823364
19,44,0.0569244921207428
70,27,0.05690176039934158
33,134,0.05689452961087227
40,89,0.0568685308098793
82,159,0.05684306100010872
38,89,0.056840382516384125
80,142,0.056831661611795425
37,71,0.05681917816400528
60,92,0.056781869381666183
41,147,0.05676008760929108
24,75,0.056758809834718704
32,142,0.05675160884857178
76,142,0.05673989653587341
31,188,0.05671823397278786
49,156,0.056677572429180145
73,189,0.05665993317961693
75,140,0.05663374811410904
44,92,0.05662775784730911
8,187,0.05656314641237259
49,116,0.05655408650636673
66,28,0.056548479944467545
24,188,0.05652548372745514
84,153,0.05647854879498482
83,164,0.05647466331720352
69,142,0.056455984711647034
70,147,0.05644150823354721
40,62,0.05639595538377762
49,155,0.056367963552474976
15,181,0.056357868015766144
67,129,0.05633627995848656
50,45,0.056333452463150024
27,50,0.05631861463189125
64,70,0.056311000138521194
40,78,0.05630042403936386
37,94,0.05628358945250511
81,92,0.056273434311151505
37,151,0.0562545582652092
2,161,0.05624670907855034
75,182,0.056230347603559494
87,148,0.05622890591621399
75,88,0.05619809031486511
62,177,0.05615506321191788
25,143,0.05613990128040314
25,25,0.05613090842962265
76,158,0.05612434074282646
8,163,0.056104738265275955
14,185,0.05609209090471268
85,51,0.05606419965624809
17,140,0.0560460090637207
75,86,0.05600881204009056
56,163,0.05598125979304314
19,87,0.05597854033112526
27,55,0.05596618354320526
58,154,0.05591676011681557
62,182,0.055913425981998444
45,158,0.055908553302288055
63,143,0.05589151382446289
47,112,0.05589010939002037
82,92,0.055830568075180054
0,9,0.05581429600715637
50,118,0.05580296367406845
4,185,0.055786021053791046
83,59,0.05577576905488968
86,154,0.05576357990503311
68,127,0.055763229727745056
30,30,0.0557144433259964
21,130,0.05571142956614494
12,170,0.0557023249566555
24,42,0.05566596984863281
41,87,0.055665526539087296
73,176,0.0556492805480957
45,176,0.05555453151464462
0,123,0.05554182454943657
4,142,0.05553054064512253
54,25,0.0555170401930809
60,42,0.05545360594987869
7,152,0.05544237419962883
39,151,0.05543689429759979
50,82,0.05541577562689781
65,113,0.05540812760591507
22,187,0.05539954453706741
15,146,0.055399052798748016
42,182,0.055394962430000305
9,176,0.055394839495420456
11,162,0.05538438633084297
43,180,0.055343981832265854
52,70,0.055340781807899475
76,182,0.0553094856441021
30,162,0.05530073866248131
51,184,0.05527925118803978
40,92,0.05526728928089142
32,143,0.05524081736803055
70,135,0.05518782138824463
85,52,0.055171675980091095
58,126,0.05517148971557617
24,143,0.05515970662236214
85,103,0.055156491696834564
42,64,0.05515601858496666
9,90,0.0550772100687027
24,159,0.0550573468208313
35,142,0.05505557358264923
49,168,0.05502935126423836
1,25,0.05500313267111778
3,25,0.05500313267111778
23,25,0.05500313267111778
26,25,0.05500313267111778
88,25,0.05500313267111778
56,188,0.054967381060123444
82,42,0.05495324730873108
22,185,0.054936476051807404
76,162,0.05490385368466377
15,73,0.05488985404372215
64,108,0.0548824816942215
27,100,0.05481324344873428
81,187,0.0548015832901001
79,140,0.05479777976870537
75,162,0.054793208837509155
21,66,0.05476351082324982
50,157,0.054736535996198654
85,58,0.05473076552152634
21,127,0.0546935498714447
57,85,0.05468675494194031
24,92,0.05466581881046295
38,90,0.05466142296791077
13,85,0.05465216934680939
38,172,0.054645247757434845
45,92,0.054644253104925156
79,162,0.05463610962033272
58,189,0.054631564766168594
50,71,0.05462886765599251
14,142,0.05449896678328514
19,147,0.05448262766003609
85,101,0.05444495752453804
79,182,0.05443214625120163
12,161,0.05442539602518082
42,162,0.05440586432814598
84,146,0.054383784532547
75,158,0.05436722934246063
15,148,0.05435344576835632
15,171,0.05435021221637726
76,140,0.05433904752135277
76,185,0.054325904697179794
65,101,0.05432557314634323
70,29,0.05432127043604851
44,42,0.05430346354842186
21,42,0.0542977936565876
48,180,0.054280661046504974
79,158,0.05421501025557518
37,174,0.05419103428721428
37,138,0.05417250841856003
56,118,0.054035209119319916
17,182,0.054029662162065506
72,187,0.0540216900408268
57,126,0.05399245768785477
74,159,0.053930334746837616
28,159,0.05391940101981163
32,108,0.05390703305602074
70,128,0.05388517677783966
59,53,0.05386082082986832
61,140,0.05382809787988663
8,142,0.05381603166460991
62,184,0.05374455824494362
5,90,0.053718648850917816
72,44,0.0536896213889122
65,10,0.0536460280418396
68,103,0.05363963916897774
53,187,0.05363839492201805
85,134,0.05363810434937477
50,97,0.0536244660615921
12,173,0.05361860617995262
11,185,0.05361372232437134
7,138,0.053573813289403915
15,90,0.05356619879603386
50,119,0.05354853346943855
15,95,0.05350187048316002
11,158,0.05348988249897957
41,120,0.0534886009991169
56,109,0.05347409471869469
7,107,0.05345523729920387
31,159,0.053454119712114334
0,160,0.05341339483857155
42,27,0.05340295657515526
83,136,0.05337253212928772
57,185,0.05334370210766792
72,142,0.05332561954855919
35,182,0.05332249030470848
40,30,0.053318265825510025
64,147,0.05331450328230858
30,78,0.05331370607018471
72,185,0.05330983176827431
70,119,0.05327954143285751
65,38,0.053275465965270996
67,114,0.053261592984199524
56,149,0.0532354973256588
54,158,0.05322134122252464
40,172,0.053154513239860535
36,125,0.053109847009181976
45,189,0.05310078337788582
13,126,0.05304834619164467
9,131,0.05304607003927231
11,75,0.05303596705198288
9,35,0.05301482230424881
0,114,0.05299147590994835
87,170,0.05295932665467262
65,125,0.05294424295425415
63,92,0.05293916538357735
60,185,0.052908383309841156
67,118,0.052907176315784454
32,34,0.052895065397024155
44,185,0.05288739874958992
68,95,0.052876997739076614
81,34,0.052855055779218674
0,150,0.052849166095256805
39,155,0.052828431129455566
73,90,0.052825890481472015
33,57,0.05281376093626022
37,160,0.05278559401631355
74,108,0.052781280130147934
1,158,0.05275236815214157
3,158,0.05275236815214157
23,158,0.05275236815214157
26,158,0.05275236815214157
88,158,0.05275236815214157
32,187,0.05274299532175064
28,108,0.05270680785179138
67,91,0.05267517641186714
45,34,0.05263747647404671
73,62,0.052593667060136795
9,62,0.05256073176860809
18,142,0.052372995764017105
22,162,0.05235884711146355
75,184,0.05234271660447121
74,185,0.05229828879237175
28,185,0.05229721590876579
66,158,0.05228643864393234
65,106,0.05228463187813759
5,62,0.05228001996874809
69,140,0.05223904550075531
52,85,0.05222949758172035
64,35,0.05216984823346138
84,116,0.05216323584318161
9,172,0.05211539939045906
9,67,0.052101559937000275
8,140,0.05202890932559967
34,140,0.052013952285051346
80,140,0.05201299116015434
11,187,0.05196915939450264
85,48,0.05195155367255211
7,145,0.05194477736949921
63,185,0.05189363285899162
64,87,0.05189274251461029
55,166,0.05188875272870064
18,140,0.051875125616788864
25,131,0.05186514928936958
86,176,0.051863472908735275
19,120,0.05185344070196152
0,63,0.05181650072336197
40,90,0.051811523735523224
8,42,0.05178061127662659
58,176,0.051761310547590256
58,131,0.0517369769513607
22,158,0.051720310002565384
35,70,0.051720064133405685
53,185,0.051707178354263306
54,154,0.05168326944112778
5,73,0.05167628079652786
39,138,0.051659923046827316
2,65,0.05161966755986214
61,182,0.051607467234134674
18,147,0.0515739768743515
50,102,0.05154090374708176
51,70,0.051487840712070465
9,89,0.05147848278284073
35,140,0.05147084593772888
39,169,0.05146512761712074
10,187,0.05141313746571541
56,40,0.05139482021331787
49,48,0.05138440057635307
38,131,0.051378488540649414
77,85,0.051371898502111435
66,25,0.05136280134320259
66,154,0.051301710307598114
1,154,0.05130060762166977
3,154,0.05130060762166977
23,154,0.05130060762166977
26,154,0.05130060762166977
88,154,0.05130060762166977
67,121,0.051274899393320084
17,162,0.051257889717817307
85,45,0.05124976485967636
83,50,0.051243606954813004
53,142,0.05122854933142662
22,142,0.05122803896665573
73,70,0.05117897689342499
15,168,0.05116165801882744
39,111,0.05111251398921013
81,140,0.05109838768839836
45,67,0.051085084676742554
16,154,0.05101749300956726
83,55,0.051012929528951645
76,184,0.05100863799452782
31,143,0.051001690328121185
29,131,0.05098244920372963
57,44,0.050891198217868805
19,171,0.05088050290942192
0,37,0.05083951726555824
85,116,0.05080471560359001
13,44,0.05080196261405945
45,62,0.05080180615186691
4,140,0.05077777057886124
81,42,0.05070412531495094
37,152,0.05069572478532791
74,34,0.050690267235040665
69,182,0.050656888633966446
28,34,0.05062275379896164
52,147,0.05061512440443039
0,103,0.05060672387480736
57,142,0.050565220415592194
80,162,0.0505642332136631
79,184,0.0505586601793766
51,154,0.050537191331386566
44,142,0.050527218729257584
80,34,0.05050342157483101
27,64,0.050502289086580276
17,184,0.05049574375152588
50,121,0.05048026517033577
62,45,0.05045714229345322
13,185,0.05045126751065254
57,187,0.050427377223968506
11,70,0.050419408828020096
2,89,0.05036866292357445
19,161,0.05032309889793396
73,172,0.050317347049713135
70,96,0.050288327038288116
0,97,0.050283633172512054
67,116,0.05027751252055168
33,128,0.050239838659763336
70,151,0.050172727555036545
35,184,0.050158947706222534
77,154,0.05014738440513611
70,112,0.050136011093854904
32,140,0.0501180961728096
21,124,0.05009792000055313
12,91,0.05008137598633766
69,162,0.05007226765155792
39,107,0.05006552115082741
19,78,0.05003853514790535
73,89,0.05002567172050476
50,107,0.04999060183763504
82,185,0.04995528981089592
14,140,0.04994307830929756
84,156,0.04992775246500969
63,142,0.04992695897817612
5,172,0.0499257855117321
73,67,0.049881745129823685
42,151,0.04985601827502251
5,67,0.04984458163380623
39,152,0.049836598336696625
80,182,0.04981858655810356
32,92,0.04981788620352745
42,152,0.049811046570539474
17,158,0.04979230836033821
0,113,0.049788326025009155
31,185,0.049770742654800415
42,147,0.049748215824365616
20,75,0.049745943397283554
60,142,0.04971630871295929
41,161,0.0497053824365139
49,174,0.04967775568366051
64,161,0.049648936837911606
74,143,0.049614716321229935
52,44,0.04959847405552864
28,143,0.049592889845371246
15,116,0.04955423250794411
63,42,0.049543868750333786
67,119,0.0495167076587677
35,154,0.0494794026017189
83,114,0.04947780817747116
71,112,0.04945816844701767
10,185,0.049441300332546234
25,10,0.04943748190999031
86,163,0.04939333349466324
29,168,0.04936142638325691
85,86,0.04930367320775986
85,139,0.04930344969034195
50,128,0.04929354041814804
65,28,0.04924320802092552
0,157,0.049240704625844955
1,77,0.04920363798737526
3,77,0.04920363798737526
23,77,0.04920363798737526
26,77,0.04920363798737526
88,77,0.04920363798737526
61,162,0.0491911917924881
0,14,0.04918863996863365
50,81,0.04918382316827774
30,92,0.04911203309893608
54,77,0.04906148836016655
5,89,0.04903915897011757
6,185,0.04903557896614075
34,182,0.04900629073381424
7,146,0.049000103026628494
70,99,0.04897661879658699
41,122,0.04895622655749321
50,114,0.04894349351525307
6,85,0.048929110169410706
0,12,0.048923786729574203
42,132,0.048918187618255615
58,78,0.04891195148229599
70,132,0.048889365047216415
56,178,0.04886896163225174
7,65,0.04878292605280876
87,56,0.0487486757338047
28,142,0.048735085874795914
74,142,0.04871974512934685
21,59,0.048697203397750854
44,187,0.04869536682963371
6,126,0.04869002103805542
66,176,0.04865872114896774
45,154,0.048657920211553574
24,185,0.048640284687280655
42,29,0.04862336069345474
31,92,0.04861469566822052
69,158,0.04860730841755867
9,70,0.048573173582553864
73,131,0.048573072999715805
27,68,0.048557914793491364
87,131,0.04848510026931763
64,60,0.04841896519064903
9,147,0.04840395599603653
70,152,0.0483674481511116
54,176,0.04836171865463257
72,140,0.048350222408771515
39,149,0.048325322568416595
61,184,0.04828847199678421
55,53,0.04822864010930061
16,70,0.04820524901151657
0,124,0.048201922327280045
80,158,0.048199448734521866
16,163,0.0480833575129509
62,92,0.04801749810576439
7,111,0.048015207052230835
38,66,0.04801229014992714
56,128,0.048006221652030945
84,71,0.04796580970287323
7,135,0.0479632243514061
1,176,0.04794018715620041
3,176,0.04794018715620041
23,176,0.04794018715620041
26,176,0.04794018715620041
88,176,0.04794018715620041
37,149,0.04789818450808525
8,126,0.04789202660322189
46,110,0.0478862002491951
67,139,0.0478811152279377
58,62,0.04787449538707733
62,108,0.04786358401179314
66,67,0.047862548381090164
60,187,0.04785629361867905
7,136,0.04783603921532631
19,86,0.0478241927921772
5,101,0.04781993478536606
77,176,0.04778289794921875
41,173,0.047761041671037674
14,182,0.047724924981594086
18,158,0.047695182263851166
0,70,0.047652121633291245
63,187,0.04765075817704201
7,155,0.047628603875637054
25,158,0.04762066900730133
64,120,0.047587160021066666
69,184,0.04758084937930107
55,75,0.047563135623931885
48,185,0.04755759611725807
13,187,0.04753708466887474
61,158,0.04753194749355316
13,142,0.047520339488983154
30,189,0.04751995950937271
22,182,0.04751366749405861
27,129,0.04750790819525719
2,74,0.047493256628513336
50,86,0.04746454581618309
80,184,0.0474565364420414
85,110,0.04743722826242447
78,144,0.04740943759679794
30,158,0.047380927950143814
73,147,0.0473562553524971
44,34,0.04735419154167175
39,78,0.04735369607806206
70,153,0.047343909740448
39,160,0.047318752855062485
54,67,0.04731345549225807
87,161,0.04730173200368881
4,182,0.04728374630212784
65,66,0.047274716198444366
85,44,0.04724347963929176
14,162,0.047215528786182404
62,163,0.047210220247507095
41,105,0.04718708246946335
62,162,0.047174450010061264
56,113,0.047133225947618484
66,62,0.0471152625977993
10,142,0.04710361734032631
60,34,0.047087009996175766
19,122,0.04706030711531639
39,174,0.04704902693629265
15,150,0.04701824113726616
54,62,0.04699190333485603
1,67,0.046981994062662125
3,67,0.046981994062662125
23,67,0.046981994062662125
26,67,0.046981994062662125
88,67,0.046981994062662125
48,110,0.046958331018686295
53,140,0.04695146530866623
69,86,0.04694541543722153
10,88,0.046936891973018646
58,67,0.04690598323941231
34,162,0.04690168797969818
58,90,0.0468863770365715
64,53,0.04687494412064552
82,142,0.046818606555461884
52,87,0.04678691178560257
85,47,0.04676290974020958
10,86,0.046750664710998535
87,173,0.04674825072288513
37,34,0.046652309596538544
1,62,0.04664558544754982
3,62,0.04664558544754982
23,62,0.04664558544754982
26,62,0.04664558544754982
88,62,0.04664558544754982
68,124,0.04664015769958496
41,170,0.04659336805343628
22,140,0.04657718539237976
39,69,0.0465574786067009
20,102,0.046527061611413956
0,18,0.04648439958691597
50,98,0.046459488570690155
31,42,0.0464433953166008
19,60,0.04642787575721741
77,44,0.04637883976101875
43,167,0.0463787242770195
0,148,0.04636775702238083
0,27,0.04632825031876564
39,117,0.04630864039063454
6,142,0.0463026687502861
83,61,0.046247776597738266
56,99,0.0462222695350647
29,163,0.046218276023864746
37,116,0.046213842928409576
69,88,0.04620841518044472
2,67,0.04620562493801117
34,184,0.046203963458538055
7,55,0.04618562012910843
33,119,0.046173617243766785
31,142,0.04617292433977127
25,154,0.04615922272205353
6,187,0.04615677893161774
8,44,0.04614992439746857
7,117,0.04611404240131378
74,92,0.04611119255423546
19,173,0.046101443469524384
50,44,0.04609902948141098
28,92,0.046071093529462814
58,89,0.046062808483839035
54,10,0.04604122042655945
18,182,0.0460348017513752
67,98,0.04601467400789261
19,105,0.046012766659259796
41,148,0.04601007699966431
18,184,0.04600956290960312
80,86,0.04600919038057327
33,118,0.045999571681022644
56,112,0.04597768932580948
52,120,0.045935992151498795
12,52,0.04593433067202568
25,77,0.045918866991996765
45,108,0.045912694185972214
63,34,0.04585285857319832
79,70,0.045842815190553665
70,154,0.04582667350769043
38,171,0.04575755074620247
47,57,0.045749783515930176
42,95,0.04573384299874306
70,37,0.0457281731069088
52,177,0.04571972414851189
31,34,0.045712776482105255
12,153,0.045708514750003815
2,176,0.04570626839995384
56,184,0.04568037763237953
40,70,0.04559878632426262
51,176,0.04558979347348213
20,11,0.04558633640408516
1,10,0.04557882621884346
3,10,0.04557882621884346
23,10,0.04557882621884346
26,10,0.04557882621884346
88,10,0.04557882621884346
12,60,0.04553386569023132
42,153,0.045522090047597885
6,44,0.04551274701952934
36,109,0.0454680435359478
50,85,0.04542139917612076
39,71,0.04541725292801857
82,187,0.04540610313415527
51,163,0.0453798808157444
12,175,0.04534672945737839
66,77,0.045329999178647995
73,35,0.04531083628535271
58,172,0.045290686190128326
59,60,0.04528866708278656
4,162,0.04525406286120415
67,94,0.04522555693984032
28,187,0.04517718404531479
74,187,0.04516710713505745
70,64,0.04514231160283089
57,140,0.04514123499393463
14,158,0.045134276151657104
84,155,0.04511592164635658
87,94,0.04509733244776726
54,89,0.04508765786886215
21,45,0.045071497559547424
21,44,0.04506935924291611
11,154,0.04506427049636841
15,99,0.04504135623574257
14,184,0.04499854892492294
70,109,0.0449967198073864
76,70,0.044981732964515686
56,41,0.044973649084568024
0,155,0.04497012495994568
66,89,0.044873032718896866
9,85,0.04487219825387001
41,60,0.04479173198342323
22,184,0.0447850227355957
72,182,0.044770024716854095
81,182,0.04475872591137886
80,88,0.044738851487636566
24,142,0.04471910744905472
16,176,0.04470793902873993
7,50,0.04469915106892586
8,85,0.04469520226120949
11,142,0.04469456896185875
49,160,0.04469330981373787
5,105,0.04467673972249031
1,89,0.0446639209985733
3,89,0.0446639209985733
23,89,0.0446639209985733
26,89,0.0446639209985733
88,89,0.0446639209985733
44,140,0.04466300085186958
37,139,0.044647686183452606
64,173,0.044623080641031265
53,182,0.04461430013179779
30,108,0.044604524970054626
52,35,0.04458426311612129
54,90,0.044536907225847244
67,48,0.044530272483825684
58,70,0.04451161250472069
4,184,0.04450627788901329
2,62,0.04447917640209198
19,53,0.04445435479283333
47,49,0.04442909359931946
56,119,0.044418659061193466
77,189,0.044402867555618286
42,68,0.04436103254556656
8,182,0.04433298110961914
64,45,0.04433077946305275
57,34,0.04431779310107231
8,184,0.04429677128791809
50,52,0.04428296908736229
60,126,0.04427231103181839
83,121,0.044265929609537125
34,158,0.0442068874835968
75,154,0.04419388249516487
1,90,0.04419367387890816
3,90,0.04419367387890816
23,90,0.04419367387890816
26,90,0.04419367387890816
88,90,0.04419367387890816
9,44,0.04417077824473381
42,49,0.04415684938430786
37,69,0.04414335638284683
18,162,0.04411136731505394
11,73,0.04411040246486664
38,73,0.04410805180668831
45,70,0.04405003413558006
21,94,0.04404965415596962
2,77,0.04403075948357582
63,140,0.044017527252435684
50,117,0.04401228949427605
50,100,0.04400954023003578
85,127,0.0440061092376709
27,119,0.0439903661608696
85,124,0.043978072702884674
10,162,0.043969035148620605
52,105,0.04386414214968681
79,154,0.043797872960567474
45,45,0.04379165545105934
66,90,0.04375749081373215
18,86,0.043743789196014404
36,96,0.04373469203710556
60,140,0.043724145740270615
30,154,0.043680623173713684
16,34,0.043677594512701035
44,126,0.04367346316576004
27,164,0.043622907251119614
82,34,0.04360595718026161
8,147,0.043603990226984024
49,138,0.043561484664678574
21,85,0.04354472830891609
78,110,0.04354117438197136
21,88,0.04353536665439606
19,170,0.04353123530745506
67,57,0.04350423440337181
77,131,0.0435035414993763
54,172,0.0434904545545578
56,27,0.04347345978021622
53,162,0.043453384190797806
5,66,0.04344562813639641
86,90,0.04342824965715408
10,140,0.0434066466987133
31,187,0.043395113199949265
7,35,0.04336358234286308
17,86,0.04333111643791199
86,62,0.043327074497938156
45,89,0.04332686588168144
82,126,0.04332260414958
77,62,0.04330567270517349
30,131,0.04330326244235039
32,182,0.043284397572278976
64,171,0.043277107179164886
81,126,0.043231818825006485
24,34,0.04322720319032669
41,73,0.04322277754545212
15,185,0.04320602864027023
67,128,0.04320153221487999
22,70,0.043150678277015686
29,140,0.043136969208717346
40,108,0.043133996427059174
1,172,0.04310053959488869
3,172,0.04310053959488869
23,172,0.04310053959488869
26,172,0.04310053959488869
88,172,0.04310053959488869
7,61,0.043073706328868866
67,100,0.04306017607450485
5,120,0.04305040463805199
24,126,0.04304523393511772
55,186,0.04301527887582779
50,101,0.04299923777580261
9,77,0.04298622906208038
55,100,0.04298204183578491
83,106,0.04297879710793495
40,147,0.04296382516622543
24,187,0.042942535132169724
10,158,0.04289887472987175
50,83,0.042864009737968445
77,70,0.04286259412765503
35,176,0.0428449884057045
75,163,0.042843423783779144
66,172,0.04283994436264038
81,184,0.04283648356795311
22,154,0.04282495006918907
67,111,0.04277396202087402
84,139,0.042760904878377914
75,70,0.04272603988647461
27,102,0.04269696772098541
34,34,0.04269547015428543
38,87,0.04265185073018074
10,182,0.04264311492443085
64,122,0.04264101758599281
47,103,0.042638204991817474
85,85,0.04263344034552574
56,105,0.04262370616197586
83,68,0.042587969452142715
72,162,0.04256127029657364
49,151,0.042529668658971786
32,42,0.04250756651163101
42,164,0.04247759282588959
84,151,0.04247193783521652
4,158,0.0424523763358593
40,35,0.04244207590818405
67,58,0.042440660297870636
83,64,0.04241779074072838
73,86,0.04239724576473236
38,101,0.04236274212598801
65,42,0.04230494052171707
7,169,0.042292192578315735
58,85,0.04224064573645592
17,163,0.04223719984292984
13,140,0.04223121330142021
17,88,0.04220031201839447
28,140,0.04219701886177063
74,140,0.042180296033620834
38,120,0.04217764735221863
25,30,0.04217371717095375
74,42,0.042165376245975494
40,87,0.04215163737535477
84,138,0.042125772684812546
70,67,0.042125578969717026
85,130,0.04210735857486725
28,42,0.04209506884217262
72,184,0.042086727917194366
12,53,0.04207710921764374
77,67,0.04207262024283409
87,107,0.04202201962471008
19,88,0.041998252272605896
29,189,0.041974056512117386
7,160,0.04195491597056389
56,135,0.04195176437497139
25,176,0.04194868728518486
0,29,0.04189996048808098
55,21,0.04189885035157204
83,133,0.04189854487776756
9,105,0.04189334809780121
54,92,0.04189051687717438
9,120,0.04187491163611412
83,118,0.04186858609318733
56,159,0.0418613962829113
41,53,0.04185931012034416
53,184,0.04185382276773453
6,34,0.04184873029589653
5,147,0.041841790080070496
55,60,0.04183976352214813
38,189,0.04183180257678032
30,35,0.04182670637965202
47,127,0.04179621860384941
84,149,0.04175850749015808
79,176,0.04175258427858353
19,153,0.041719239205121994
65,94,0.041709963232278824
19,175,0.04167566075921059
2,173,0.04166054353117943
76,163,0.04162317141890526
30,45,0.04162240028381348
14,34,0.04161275923252106
52,122,0.04157574474811554
53,158,0.041543953120708466
59,84,0.04153387248516083
5,171,0.04152769222855568
64,175,0.04149025306105614
7,94,0.04146793112158775
85,66,0.04142558202147484
16,90,0.04142547771334648
1,92,0.041417304426431656
3,92,0.041417304426431656
23,92,0.041417304426431656
26,92,0.041417304426431656
88,92,0.041417304426431656
11,182,0.041413698345422745
76,176,0.04140803962945938
64,153,0.04139997810125351
12,56,0.04136844351887703
32,184,0.0413549542427063
8,158,0.04131842777132988
69,34,0.041317086666822433
61,86,0.04131056368350983
70,164,0.0413062646985054
36,113,0.041295647621154785
57,182,0.041269365698099136
25,67,0.04121299088001251
66,10,0.04121235013008118
82,140,0.04119972884654999
9,87,0.041192732751369476
81,162,0.041186731308698654
25,62,0.041175659745931625
6,140,0.04117336496710777
54,30,0.04114534333348274
64,105,0.041142795234918594
14,86,0.04107161611318588
41,175,0.041060883551836014
65,86,0.04104505851864815
13,34,0.04103895276784897
79,163,0.041017405688762665
71,99,0.0410173274576664
86,172,0.04100596532225609
70,131,0.04100210964679718
60,85,0.04098980501294136
52,171,0.040987636893987656
35,163,0.0409824475646019
77,90,0.04095146059989929
19,148,0.040947265923023224
80,154,0.04091846942901611
17,154,0.04086930677294731
18,88,0.04086195304989815
41,78,0.040817394852638245
0,143,0.04080510139465332
84,169,0.040804244577884674
48,165,0.040766917169094086
86,89,0.040765322744846344
21,106,0.04076167941093445
82,85,0.04074941202998161
1,30,0.040733832865953445
3,30,0.040733832865953445
23,30,0.040733832865953445
26,30,0.040733832865953445
88,30,0.040733832865953445
24,85,0.04072347283363342
20,21,0.04068936035037041
39,65,0.04063231125473976
86,67,0.040565796196460724
12,137,0.040550511330366135
8,162,0.040509387850761414
41,153,0.04049031063914299
62,78,0.04049026221036911
25,92,0.04045309126377106
7,71,0.040429819375276566
63,126,0.04041332006454468
44,85,0.04036407172679901
70,113,0.040349528193473816
49,152,0.0403435118496418
45,172,0.04033145681023598
77,89,0.04027467966079712
42,154,0.0402546301484108
75,176,0.0402473621070385
73,120,0.040231507271528244
69,154,0.0402265340089798
57,162,0.04022427275776863
61,163,0.04021630808711052
40,161,0.040200576186180115
39,94,0.04016521945595741
80,163,0.04016467183828354
45,90,0.04015206918120384
73,105,0.04014631733298302
62,158,0.040135663002729416
10,184,0.04007801041007042
47,124,0.04003613069653511
61,88,0.040024615824222565
31,140,0.04001103341579437
0,174,0.03997551649808884
37,150,0.03996507450938225
39,135,0.039935849606990814
42,123,0.03990645334124565
70,62,0.03989795222878456
18,154,0.039897821843624115
14,88,0.03986629843711853
51,90,0.03985321521759033
52,161,0.03984725847840309
27,112,0.03983698785305023
65,24,0.039811406284570694
56,29,0.03980983793735504
30,176,0.03980737924575806
72,158,0.03978460282087326
64,42,0.03978108614683151
70,90,0.039776742458343506
51,62,0.03977590426802635
58,147,0.03977248817682266
70,95,0.03976890444755554
69,163,0.03970843553543091
11,105,0.039695266634225845
70,120,0.03969414904713631
39,164,0.0396890863776207
11,184,0.03968740627169609
11,140,0.03961524739861488
44,182,0.039603784680366516
2,160,0.039602771401405334
58,44,0.0395863875746727
16,62,0.03954694792628288
5,91,0.039527662098407745
54,147,0.03948230296373367
25,90,0.039473824203014374
21,91,0.03946990892291069
2,169,0.039438601583242416
77,172,0.03942010551691055
7,174,0.03937883302569389
38,147,0.03928672522306442
57,184,0.03925156593322754
1,147,0.03922223299741745
3,147,0.03922223299741745
23,147,0.03922223299741745
26,147,0.03922223299741745
88,147,0.03922223299741745
42,67,0.03920956701040268
61,154,0.039198681712150574
39,55,0.03917662426829338
45,126,0.039132386445999146
55,95,0.03905043005943298
87,137,0.03904788941144943
5,122,0.03900567814707756
15,137,0.03900289162993431
4,34,0.03896969556808472
66,92,0.038962285965681076
67,123,0.03894181177020073
15,31,0.03892246261239052
24,44,0.03891705721616745
64,170,0.03891030699014664
37,164,0.0389040932059288
55,141,0.0388885922729969
73,87,0.03887154161930084
60,44,0.03886749967932701
24,140,0.0388619564473629
27,128,0.038841623812913895
40,60,0.03884027153253555
55,19,0.038832224905490875
0,169,0.03882211819291115
66,147,0.03880877420306206
60,182,0.03879166767001152
37,65,0.03877076506614685
5,87,0.03874826058745384
67,102,0.038736552000045776
63,182,0.03871621564030647
49,69,0.038709335029125214
50,95,0.0387069471180439
52,86,0.038697436451911926
13,182,0.038693126291036606
35,90,0.038679640740156174
61,34,0.0386737659573555
32,162,0.03864206373691559
85,94,0.03863408789038658
40,120,0.03860947862267494
58,177,0.03860744461417198
56,162,0.038592979311943054
34,163,0.038592562079429626
87,153,0.038584087044000626
25,89,0.03852683678269386
85,106,0.038508012890815735
83,98,0.03850428760051727
82,44,0.03849507495760918
40,126,0.038479458540678024
5,189,0.03844154253602028
72,34,0.03843570128083229
27,168,0.038423534482717514
0,170,0.03841564059257507
50,112,0.03839190676808357
56,182,0.03838692605495453
86,73,0.03838511183857918
39,50,0.0383625365793705
17,34,0.038340430706739426
38,105,0.03832482919096947
16,67,0.03829532489180565
64,69,0.03827313333749771
30,62,0.03824746236205101
73,77,0.03824076056480408
13,162,0.03814850002527237
35,73,0.03812689706683159
50,123,0.03811144456267357
67,133,0.0380779467523098
12,111,0.03807283192873001
42,37,0.038061872124671936
38,122,0.03804969787597656
71,185,0.03804951533675194
67,130,0.03803204745054245
56,132,0.03802119195461273
5,34,0.038010526448488235
84,152,0.03799377381801605
48,166,0.03796844929456711
0,125,0.037960316985845566
66,30,0.03793483227491379
45,42,0.03793344646692276
44,44,0.03792843595147133
37,135,0.03788537532091141
51,67,0.037876587361097336
33,129,0.03784077987074852
16,172,0.037816278636455536
17,70,0.03781262785196304
73,88,0.03777544945478439
44,184,0.03775562718510628
25,172,0.037746742367744446
50,46,0.0377427414059639
9,122,0.03773276507854462
14,154,0.03772346302866936
69,70,0.037722524255514145
35,62,0.037706468254327774
14,163,0.037695396691560745
4,163,0.037687864154577255
40,53,0.0376846119761467
31,126,0.03765540197491646
87,175,0.03763222694396973
71,164,0.03759021684527397
11,101,0.03755051642656326
33,136,0.037544116377830505
32,126,0.03751765191555023
85,88,0.037464775145053864
70,68,0.037439897656440735
7,116,0.037420280277729034
39,150,0.0374068059027195
2,174,0.037398722022771835
6,182,0.03738882765173912
50,88,0.037368178367614746
34,154,0.03734023869037628
44,162,0.037289876490831375
41,66,0.03728662431240082
81,85,0.03728286921977997
30,67,0.037191759794950485
17,176,0.037189848721027374
12,156,0.03716818988323212
81,163,0.03715138137340546
50,132,0.03714991733431816
7,164,0.03714544698596001
48,75,0.03712378442287445
49,149,0.037117455154657364
60,184,0.03707924112677574
50,66,0.03707081452012062
60,162,0.03705548867583275
64,77,0.03693506121635437
42,62,0.036918941885232925
42,131,0.03690830618143082
80,70,0.036907490342855453
39,116,0.03688913956284523
12,78,0.03688548132777214
62,154,0.03687945008277893
63,184,0.03686956688761711
62,189,0.03685377910733223
57,158,0.03685012459754944
51,34,0.03682684525847435
13,184,0.0367826484143734
38,161,0.036754950881004333
82,182,0.03671654686331749
53,34,0.036711130291223526
37,48,0.036705631762742996
20,22,0.0366939976811409
79,62,0.03668491542339325
42,120,0.03668034076690674
33,124,0.03667229413986206
50,48,0.036670468747615814
52,153,0.0366450659930706
64,148,0.03660266846418381
11,176,0.036546602845191956
16,89,0.036531057208776474
58,35,0.03650662675499916
85,59,0.036474063992500305
61,70,0.03644661232829094
30,90,0.036445893347263336
68,132,0.03640815243124962
81,158,0.036407917737960815
63,85,0.036393385380506516
67,132,0.03638968989253044
6,162,0.036346856504678726
51,172,0.0363440215587616
0,137,0.0363369882106781
56,64,0.036324642598629
55,84,0.03631079941987991
73,122,0.03627171739935875
41,101,0.036270976066589355
2,69,0.036234866827726364
28,182,0.036196041852235794
74,182,0.036184340715408325
64,55,0.03616627678275108
45,78,0.03615739569067955
87,117,0.03615020215511322
87,60,0.0361233688890934
53,86,0.036120738834142685
68,49,0.03611978515982628
52,173,0.036119457334280014
21,110,0.03608681261539459
22,34,0.03607722744345665
85,96,0.03605484962463379
19,73,0.03605155646800995
75,34,0.03604152426123619
55,131,0.03604109585285187
83,123,0.03603716939687729
34,86,0.0360349677503109
62,42,0.03602537512779236
35,67,0.03602086380124092
56,147,0.03600151464343071
62,126,0.03598028048872948
63,162,0.03594709932804108
50,49,0.03593715280294418
22,176,0.03592556715011597
32,163,0.03586319088935852
22,163,0.03581671789288521
19,69,0.03580382466316223
54,70,0.03580193966627121
48,142,0.035760581493377686
79,67,0.035747453570365906
37,55,0.03574318811297417
71,165,0.03573652729392052
7,150,0.03569547086954117
73,171,0.03560073673725128
10,34,0.035586874932050705
8,154,0.03556442633271217
58,87,0.0355500690639019
11,90,0.03554411977529526
6,184,0.035532236099243164
30,126,0.035526175051927567
42,125,0.03552401065826416
12,151,0.03552094101905823
72,163,0.035517167299985886
4,154,0.03551623597741127
30,89,0.035497020930051804
81,44,0.0354800820350647
1,70,0.035479314625263214
3,70,0.035479314625263214
23,70,0.035479314625263214
26,70,0.035479314625263214
88,70,0.035479314625263214
67,95,0.0354546420276165
51,89,0.035433001816272736
74,126,0.035416096448898315
61,176,0.03541545197367668
69,176,0.035383615642786026
28,126,0.035373855382204056
71,142,0.03534824773669243
58,120,0.03534632921218872
66,70,0.03531429171562195
77,78,0.035293322056531906
37,50,0.035292331129312515
25,147,0.03525790572166443
76,62,0.03525622934103012
9,171,0.035255126655101776
47,168,0.03521448373794556
19,35,0.035195134580135345
86,101,0.035177525132894516
82,162,0.03516807407140732
10,154,0.03516095504164696
54,87,0.03515620157122612
67,112,0.03510363772511482
22,90,0.03508174419403076
75,62,0.03507343307137489
40,173,0.03503965586423874
82,184,0.03502596914768219
79,90,0.03501812368631363
50,63,0.03500809893012047
42,121,0.034964412450790405
45,87,0.034961383789777756
53,163,0.034953389316797256
53,88,0.0349392294883728
66,87,0.03492019698023796
13,158,0.03491091728210449
47,95,0.034895531833171844
75,90,0.03488616272807121
30,172,0.03487356752157211
1,87,0.03486954793334007
3,87,0.03486954793334007
23,87,0.03486954793334007
26,87,0.03486954793334007
88,87,0.03486954793334007
50,58,0.034852903336286545
31,182,0.03484443575143814
64,50,0.03483963757753372
50,139,0.03482688590884209
12,149,0.03478822484612465
12,107,0.03478667885065079
28,184,0.034785766154527664
74,184,0.03477706387639046
38,148,0.03476422280073166
70,123,0.03475407883524895
14,70,0.034744955599308014
45,60,0.03472396358847618
25,108,0.034651897847652435
51,73,0.03463318198919296
35,34,0.03462868183851242
0,171,0.03462076187133789
12,145,0.034614235162734985
85,91,0.03456972539424896
24,182,0.03454187139868736
38,91,0.03449618071317673
0,145,0.03448853641748428
52,170,0.034448686987161636
9,161,0.03436235338449478
50,116,0.03435231372714043
56,151,0.03433604910969734
45,161,0.03433585166931152
53,154,0.03428973630070686
38,170,0.03428436443209648
33,127,0.034225981682538986
84,174,0.03418799117207527
80,176,0.03418586030602455
50,54,0.034181080758571625
63,44,0.034161560237407684
54,108,0.03415893018245697
34,88,0.03413332998752594
56,152,0.034127525985240936
40,122,0.03412481024861336
35,172,0.034124117344617844
20,79,0.034049082547426224
38,173,0.03403341770172119
64,151,0.03400489687919617
29,76,0.03397340700030327
58,105,0.0339423343539238
84,160,0.033920612186193466
39,61,0.03390031307935715
47,102,0.0338921993970871
16,189,0.033857837319374084
0,43,0.03385283797979355
40,105,0.03384724631905556
52,175,0.03384694457054138
52,148,0.03383466601371765
76,90,0.03382887691259384
32,158,0.03382723778486252
24,162,0.03382571041584015
1,108,0.03379711136221886
3,108,0.03379711136221886
23,108,0.03379711136221886
26,108,0.03379711136221886
88,108,0.03379711136221886
74,162,0.033788058906793594
28,162,0.03378209471702576
20,141,0.03376653417944908
7,118,0.033734533935785294
55,93,0.03369809314608574
40,153,0.033656515181064606
77,147,0.03360283374786377
68,168,0.033588964492082596
49,65,0.033587027341127396
30,77,0.03356672823429108
40,45,0.033564284443855286
54,120,0.03354445844888687
9,153,0.033539097756147385
39,139,0.03353269025683403
83,100,0.03351658582687378
86,171,0.03351190313696861
52,77,0.03350060060620308
66,120,0.033500075340270996
75,67,0.033464305102825165
44,158,0.03342186659574509
34,70,0.03341588005423546
31,184,0.03339814394712448
16,105,0.03336749225854874
86,66,0.033365484327077866
64,65,0.033358413726091385
18,90,0.03334827348589897
57,163,0.03333881497383118
40,171,0.033325791358947754
64,164,0.0333227664232254
5,148,0.03331611678004265
1,120,0.033314697444438934
3,120,0.033314697444438934
23,120,0.033314697444438934
26,120,0.033314697444438934
88,120,0.033314697444438934
11,62,0.03328593820333481
72,154,0.03328150510787964
42,90,0.03326728567481041
86,120,0.033243391662836075
45,53,0.033240992575883865
37,78,0.033229030668735504
40,69,0.033216867595911026
64,156,0.03320612013339996
86,147,0.033201299607753754
2,175,0.03319602459669113
5,131,0.0331742949783802
31,85,0.033159662038087845
10,70,0.03315051272511482
6,158,0.03314746543765068
76,67,0.033144377171993256
51,105,0.03314419463276863
86,105,0.03313426300883293
40,175,0.03312047943472862
20,84,0.033108510076999664
31,162,0.03310024365782738
71,17,0.03309500962495804
52,88,0.03308752179145813
24,184,0.03307764232158661
33,103,0.03303508087992668
10,163,0.03302353620529175
60,158,0.033012986183166504
19,151,0.032980822026729584
43,11,0.032958466559648514
16,147,0.03291977196931839
9,86,0.032896462827920914
41,156,0.03288410231471062
66,69,0.0328812338411808
65,91,0.03288017958402634
11,67,0.032851800322532654
35,101,0.03284655883908272
80,90,0.03284262865781784
14,176,0.032794978469610214
19,156,0.03275912255048752
84,69,0.03273642808198929
49,58,0.03273111581802368
17,62,0.032696597278118134
52,73,0.03265349566936493
62,176,0.032626550644636154
67,104,0.03261644020676613
70,122,0.032616280019283295
65,44,0.032602518796920776
66,161,0.03258794918656349
34,176,0.032579101622104645
52,60,0.0325641892850399
39,136,0.03253651410341263
35,89,0.03252379596233368
78,125,0.03251244127750397
44,163,0.03250797837972641
4,70,0.032484814524650574
4,86,0.03247051686048508
22,73,0.0324556864798069
73,161,0.03245076909661293
43,79,0.032434940338134766
68,99,0.0324244350194931
21,111,0.03242054581642151
59,39,0.03241332247853279
87,53,0.03239339962601662
30,70,0.032353535294532776
12,146,0.032338324934244156
12,138,0.03232025355100632
41,137,0.032319821417331696
86,34,0.032299499958753586
75,172,0.03226982429623604
70,49,0.03226717934012413
22,62,0.03219270333647728
42,98,0.032185375690460205
77,86,0.032182708382606506
81,154,0.032176487147808075
30,42,0.03216209262609482
67,80,0.03213256970047951
4,176,0.03213033080101013
25,70,0.03211309388279915
30,147,0.03205190971493721
54,161,0.032018642872571945
63,158,0.032018329948186874
45,69,0.032014962285757065
7,129,0.03197335824370384
79,172,0.03194529563188553
69,90,0.03189828246831894
16,120,0.031887758523225784
15,106,0.0318804532289505
31,44,0.03187275677919388
56,95,0.0318659171462059
69,62,0.031822916120290756
75,89,0.03182138130068779
38,60,0.03181461617350578
60,163,0.03180181235074997
11,163,0.031791698187589645
53,70,0.03178143873810768
70,121,0.031774669885635376
41,151,0.03177093341946602
50,133,0.031766608357429504
38,52,0.03175146132707596
1,161,0.031748440116643906
3,161,0.031748440116643906
23,161,0.031748440116643906
26,161,0.031748440116643906
88,161,0.031748440116643906
79,34,0.03173499554395676
63,163,0.03170911967754364
71,180,0.03167710453271866
42,100,0.03166836500167847
76,89,0.03165202960371971
17,90,0.03162539750337601
56,153,0.03161606565117836
20,165,0.03161175176501274
7,97,0.031611401587724686
76,172,0.03160165995359421
57,154,0.031596589833498
85,109,0.031555239111185074
61,62,0.031544171273708344
64,152,0.03154026344418526
80,62,0.03153490647673607
66,105,0.031528983265161514
54,105,0.03150864690542221
35,120,0.03149103745818138
12,152,0.03146973252296448
83,129,0.03145742416381836
58,122,0.03145623207092285
0,146,0.031450264155864716
62,62,0.031447604298591614
22,67,0.03144450485706329
51,120,0.03142121061682701
82,158,0.03141642361879349
52,53,0.031401365995407104
45,120,0.0313890166580677
1,105,0.03135697916150093
3,105,0.03135697916150093
23,105,0.03135697916150093
26,105,0.03135697916150093
88,105,0.03135697916150093
86,189,0.03134557604789734
45,147,0.031326666474342346
87,34,0.03132205829024315
51,147,0.03131994605064392
70,172,0.031283069401979446
70,158,0.03122991882264614
62,35,0.03119479864835739
64,61,0.031184624880552292
78,104,0.031155508011579514
7,157,0.03114370070397854
50,51,0.03113686852157116
67,63,0.031124405562877655
73,73,0.031116344034671783
79,89,0.031114578247070312
66,108,0.03109121136367321
37,61,0.031065354123711586
77,120,0.031062211841344833
11,120,0.031058847904205322
52,69,0.03104325197637081
13,163,0.03102736547589302
77,87,0.031004855409264565
19,55,0.030944189056754112
9,173,0.03093589097261429
41,56,0.030924059450626373
40,55,0.03091813623905182
62,67,0.030906930565834045
61,90,0.030884886160492897
66,55,0.030877428129315376
17,67,0.03083101101219654
73,153,0.030811181291937828
4,88,0.030784225091338158
86,87,0.03077804483473301
11,91,0.03074544481933117
7,77,0.03071662038564682
64,85,0.03071531467139721
35,147,0.030695954337716103
32,85,0.03068457916378975
46,168,0.030665289610624313
7,177,0.03065468929708004
54,69,0.03063945472240448
84,48,0.03063751384615898
58,161,0.030613292008638382
40,42,0.030589299276471138
5,52,0.030587365850806236
1,69,0.03057241253554821
3,69,0.03057241253554821
23,69,0.03057241253554821
26,69,0.03057241253554821
88,69,0.03057241253554821
22,105,0.030537761747837067
5,161,0.03053375333547592
62,90,0.03051815927028656
49,130,0.030484411865472794
19,65,0.030463730916380882
0,71,0.03045837953686714
49,150,0.030440758913755417
53,176,0.03040720708668232
25,87,0.030406741425395012
20,18,0.03039875254034996
72,70,0.030397014692425728
19,177,0.030396008864045143
41,52,0.030365996062755585
73,148,0.03035932220518589
21,96,0.030340176075696945
67,82,0.0303397998213768
51,189,0.030337272211909294
22,172,0.03033723682165146
58,171,0.030336948111653328
87,149,0.030326634645462036
12,69,0.030298294499516487
11,34,0.03023754432797432
19,152,0.03023695945739746
65,85,0.03022504597902298
28,163,0.030222633853554726
74,163,0.030218834057450294
12,117,0.030203746631741524
36,168,0.030197596177458763
69,67,0.030194593593478203
6,163,0.030178280547261238
2,172,0.03017685003578663
70,156,0.030165428295731544
7,139,0.030153624713420868
87,156,0.030085653066635132
72,176,0.030072716996073723
83,119,0.030064458027482033
61,67,0.03001813217997551
9,148,0.03001677803695202
66,153,0.030006734654307365
62,131,0.02999539114534855
76,34,0.029992206022143364
5,170,0.029987160116434097
24,158,0.029983537271618843
19,149,0.02998059242963791
7,102,0.029972903430461884
8,62,0.02994486875832081
32,154,0.029943862929940224
54,126,0.02994273416697979
86,122,0.029936281964182854
67,134,0.029930923134088516
18,189,0.029921261593699455
40,170,0.02992106042802334
39,35,0.029887564480304718
65,45,0.029866859316825867
87,145,0.02986297756433487
80,67,0.02984270639717579
14,90,0.02983333170413971
13,154,0.02983161434531212
77,105,0.029830792918801308
73,173,0.02982606180012226
34,90,0.02980923280119896
72,86,0.029809067025780678
82,163,0.02979837916791439
10,176,0.02978304587304592
19,50,0.02977852337062359
14,62,0.02975790575146675
70,87,0.029754629358649254
8,189,0.029742654412984848
12,155,0.029741430655121803
25,120,0.029726674780249596
70,89,0.029693245887756348
74,85,0.029672259464859962
9,73,0.029631366953253746
8,90,0.029622504487633705
28,85,0.029621239751577377
1,126,0.029619598761200905
3,126,0.029619598761200905
23,126,0.029619598761200905
26,126,0.029619598761200905
88,126,0.029619598761200905
40,50,0.029614262282848358
34,62,0.029593434184789658
9,175,0.029591720551252365
87,116,0.02956915646791458
17,89,0.029568133875727654
54,153,0.029497988522052765
19,137,0.029494352638721466
7,64,0.029451986774802208
54,122,0.029449312016367912
17,172,0.029427923262119293
65,88,0.029417473822832108
41,69,0.029416117817163467
51,101,0.029413355514407158
58,86,0.029403410851955414
16,87,0.02937629073858261
74,177,0.02937472052872181
20,9,0.02936415746808052
28,177,0.02934705838561058
1,153,0.029311126098036766
3,153,0.029311126098036766
23,153,0.029311126098036766
26,153,0.029311126098036766
88,153,0.029311126098036766
15,138,0.029309814795851707
9,170,0.029287712648510933
66,50,0.02928255870938301
33,106,0.02927539125084877
25,126,0.029271550476551056
64,149,0.02924816682934761
70,176,0.02924499846994877
66,60,0.029244091361761093
32,44,0.029229212552309036
1,122,0.02922770380973816
3,122,0.02922770380973816
23,122,0.02922770380973816
26,122,0.02922770380973816
88,122,0.02922770380973816
74,158,0.029224818572402
52,151,0.029222600162029266
28,158,0.029218535870313644
80,172,0.029212551191449165
41,145,0.029208866879343987
41,149,0.02918294444680214
66,122,0.029174529016017914
70,98,0.029169296845793724
67,46,0.029163438826799393
4,62,0.029080873355269432
42,122,0.02907487563788891
33,123,0.028999878093600273
86,131,0.02899542637169361
37,136,0.028986722230911255
44,154,0.02897856943309307
11,172,0.02894441969692707
56,37,0.028944294899702072
27,63,0.028931157663464546
69,172,0.028915921226143837
37,58,0.02889673411846161
31,158,0.028887033462524414
18,172,0.02888626791536808
38,34,0.028858676552772522
2,80,0.02884204313158989
38,53,0.028829969465732574
25,105,0.028824711218476295
60,154,0.028817476704716682
75,189,0.028771178796887398
66,53,0.028761466965079308
9,69,0.0287519171833992
40,77,0.028738033026456833
74,44,0.028718382120132446
28,44,0.028664762154221535
31,163,0.02859560400247574
77,88,0.028582893311977386
16,122,0.028552642092108727
40,65,0.028543740510940552
81,78,0.028533000499010086
73,170,0.02852540835738182
39,97,0.028511246666312218
52,149,0.02850903570652008
12,94,0.02846519462764263
32,78,0.02846425212919712
16,171,0.02844521589577198
8,86,0.02844519168138504
41,152,0.028443126007914543
54,55,0.028441809117794037
70,100,0.028439681977033615
61,172,0.028425956144928932
5,173,0.028422636911273003
20,0,0.028422599658370018
51,87,0.028404373675584793
62,70,0.028373943641781807
34,67,0.028372978791594505
1,55,0.028369955718517303
3,55,0.028369955718517303
23,55,0.028369955718517303
26,55,0.028369955718517303
88,55,0.028369955718517303
79,105,0.028365690261125565
56,123,0.028357675299048424
70,175,0.02831977978348732
6,154,0.028307083994150162
64,44,0.028295371681451797
14,67,0.02828715182840824
40,148,0.028266478329896927
5,111,0.028253626078367233
17,189,0.028243357315659523
86,91,0.028224963694810867
39,48,0.02822018973529339
0,127,0.028210926800966263
38,56,0.028205782175064087
84,135,0.028196407482028008
42,156,0.02815808728337288
51,171,0.028148675337433815
11,147,0.028111254796385765
87,146,0.028109757229685783
62,172,0.0281032994389534
37,97,0.028072532266378403
19,56,0.02807074412703514
54,60,0.028066208586096764
69,89,0.028066007420420647
72,88,0.028054986149072647
24,163,0.028051210567355156
61,89,0.02801351808011532
56,68,0.02800750732421875
51,122,0.028002645820379257
45,55,0.027972377836704254
35,122,0.027966897934675217
79,189,0.027954846620559692
22,89,0.027946025133132935
38,175,0.027938472107052803
80,189,0.027909796684980392
62,89,0.027864372357726097
33,95,0.027853233739733696
33,78,0.02785041369497776
39,157,0.027799339964985847
66,65,0.027796272188425064
56,49,0.027783680707216263
1,60,0.027783112600445747
3,60,0.027783112600445747
23,60,0.027783112600445747
26,60,0.027783112600445747
88,60,0.027783112600445747
45,105,0.027780860662460327
80,89,0.027780750766396523
63,154,0.027774587273597717
58,77,0.027772463858127594
66,126,0.027765506878495216
87,151,0.02776491269469261
56,154,0.027727900072932243
9,149,0.02771499566733837
73,177,0.02771051786839962
58,153,0.02771013230085373
9,88,0.027686497196555138
79,73,0.02767929621040821
70,161,0.02767612598836422
50,134,0.027658797800540924
57,70,0.027643732726573944
38,153,0.027625013142824173
50,91,0.02761085517704487
81,176,0.027598422020673752
85,113,0.027583351358771324
4,67,0.027578234672546387
45,85,0.027568280696868896
73,175,0.02756693959236145
54,53,0.027557706460356712
80,147,0.02755545824766159
52,156,0.027523880824446678
15,93,0.02751786634325981
78,96,0.027501028031110764
35,189,0.02749146893620491
4,90,0.027465926483273506
66,61,0.027462603524327278
5,153,0.027452746406197548
10,90,0.027434954419732094
45,173,0.027427205815911293
77,122,0.02742673084139824
57,86,0.027424408122897148
49,55,0.027405936270952225
7,68,0.027393188327550888
85,111,0.027389848604798317
72,62,0.027388395741581917
79,120,0.027384068816900253
53,62,0.027369847521185875
0,56,0.027334721758961678
11,122,0.02733083814382553
30,87,0.027319859713315964
19,61,0.02730816788971424
87,138,0.027307352051138878
15,114,0.02730005793273449
49,135,0.02728850580751896
1,53,0.027287276461720467
3,53,0.027287276461720467
23,53,0.027287276461720467
26,53,0.027287276461720467
88,53,0.027287276461720467
66,175,0.02727533131837845
61,189,0.027262898162007332
40,151,0.027258606627583504
49,50,0.02725740522146225
75,147,0.027254857122898102
82,154,0.027252493426203728
66,173,0.02724878303706646
41,138,0.02719702385365963
80,105,0.02718956768512726
22,120,0.027185620740056038
54,173,0.027176786214113235
19,138,0.02717635966837406
58,173,0.027175161987543106
32,177,0.02717304229736328
37,130,0.02714851312339306
22,147,0.027108674868941307
50,94,0.027103424072265625
7,114,0.02710016258060932
45,122,0.02709488943219185
84,65,0.027065252885222435
30,120,0.027033716440200806
75,105,0.027030162513256073
40,61,0.02700791135430336
81,189,0.02700359933078289
34,172,0.027001481503248215
35,87,0.026995696127414703
45,65,0.02698925882577896
54,50,0.026969829574227333
76,73,0.02696600742638111
41,146,0.026960480958223343
19,101,0.026920260861516
25,161,0.026920141652226448
69,189,0.026910487562417984
9,151,0.026906684041023254
81,177,0.026901306584477425
1,173,0.02690119296312332
3,173,0.02690119296312332
23,173,0.02690119296312332
26,173,0.02690119296312332
88,173,0.02690119296312332
1,50,0.026892712339758873
3,50,0.026892712339758873
23,50,0.026892712339758873
26,50,0.026892712339758873
88,50,0.026892712339758873
34,189,0.0268742386251688
54,175,0.026870887726545334
57,176,0.02687022089958191
16,131,0.02683689445257187
19,145,0.026831915602087975
14,172,0.026829158887267113
56,164,0.02682626061141491
77,171,0.026822391897439957
65,111,0.026796141639351845
7,121,0.026784120127558708
35,66,0.026751305907964706
11,66,0.026737483218312263
25,45,0.026735687628388405
37,157,0.026724794879555702
53,90,0.026707807555794716
35,171,0.02669728733599186
50,99,0.026687530800700188
13,86,0.02668442204594612
19,164,0.026683270931243896
10,62,0.026669742539525032
12,169,0.026659490540623665
1,175,0.02664293348789215
3,175,0.02664293348789215
23,175,0.02664293348789215
26,175,0.02664293348789215
88,175,0.02664293348789215
76,189,0.026639387011528015
77,161,0.026630597189068794
45,50,0.026607874780893326
40,164,0.026592940092086792
75,120,0.0265501756221056
56,67,0.026536250486969948
9,60,0.026517216116189957
80,78,0.026504121720790863
70,138,0.02647649124264717
41,91,0.026456817984580994
64,137,0.02642948366701603
7,58,0.02642729878425598
78,109,0.026422839611768723
79,147,0.026421280577778816
59,23,0.026421159505844116
81,70,0.026401540264487267
52,152,0.026398487389087677
64,138,0.026397138833999634
5,56,0.02638544701039791
39,64,0.026372916996479034
0,25,0.026362648233771324
41,35,0.02636166661977768
83,34,0.026347719132900238
43,147,0.026318933814764023
45,61,0.02630791999399662
13,70,0.02630786970257759
64,86,0.02630148082971573
64,73,0.026299724355340004
52,55,0.026297982782125473
62,147,0.026290249079465866
25,69,0.026279913261532784
75,73,0.02627752162516117
84,58,0.02626187354326248
55,140,0.026251545175909996
76,105,0.026244478300213814
50,144,0.026235857978463173
34,89,0.026234220713377
18,70,0.026230091229081154
81,62,0.026226771995425224
42,158,0.026189124211668968
24,154,0.026184065267443657
18,89,0.026160016655921936
30,105,0.026150310412049294
22,101,0.026145504787564278
48,113,0.026139015331864357
74,78,0.026135124266147614
28,78,0.026106037199497223
32,189,0.02609439380466938
19,66,0.026091257110238075
67,59,0.026082975789904594
72,67,0.0260765440762043
76,147,0.026066021993756294
76,120,0.0260340366512537
42,176,0.026023628190159798
16,101,0.026023361831903458
71,166,0.02601921744644642
25,122,0.02598843351006508
74,154,0.025987647473812103
67,49,0.025982994586229324
79,87,0.02598116733133793
28,154,0.025980601087212563
14,89,0.025971321389079094
11,89,0.025967570021748543
40,156,0.025967149063944817
72,90,0.025958696380257607
42,46,0.025950727984309196
50,130,0.025933442637324333
53,67,0.025915367528796196
86,148,0.025910090655088425
35,91,0.025899045169353485
45,153,0.0258906502276659
0,134,0.02587982267141342
2,159,0.02584531344473362
8,172,0.025844570249319077
32,176,0.025824595242738724
41,155,0.025790667161345482
21,109,0.0257774218916893
29,79,0.025767993181943893
54,65,0.02575966715812683
14,189,0.025754904374480247
64,135,0.025752780959010124
69,147,0.025731481611728668
52,65,0.02570081502199173
4,189,0.025698676705360413
54,171,0.025698456913232803
37,64,0.025690976530313492
1,65,0.025686291977763176
3,65,0.025686291977763176
23,65,0.025686291977763176
26,65,0.025686291977763176
88,65,0.025686291977763176
78,113,0.02568604238331318
42,54,0.02568398416042328
45,175,0.025682225823402405
81,90,0.025680165737867355
33,34,0.02567916363477707
83,128,0.02567412331700325
42,175,0.02566923387348652
2,81,0.025660131126642227
15,125,0.025651466101408005
42,87,0.025604020804166794
49,61,0.025599030777812004
9,53,0.0255883876234293
56,125,0.02557973377406597
73,149,0.025568177923560143
15,134,0.025542553514242172
67,54,0.025504708290100098
69,105,0.025503847748041153
12,135,0.02550080418586731
7,48,0.025485379621386528
7,119,0.02548537217080593
31,154,0.025465579703450203
84,150,0.025462118908762932
25,153,0.025454595685005188
17,147,0.025454293936491013
57,88,0.02542842924594879
51,66,0.025412995368242264
1,171,0.025398030877113342
3,171,0.025398030877113342
23,171,0.025398030877113342
26,171,0.025398030877113342
88,171,0.025398030877113342
12,71,0.025390975177288055
42,161,0.02538391388952732
64,145,0.025380410254001617
58,148,0.02535126358270645
45,171,0.02534121461212635
58,175,0.02533205971121788
42,172,0.02533097006380558
40,152,0.025326738134026527
13,176,0.025272531434893608
62,85,0.025265583768486977
50,47,0.025214288383722305
50,103,0.025210097432136536
56,120,0.025209940969944
81,67,0.02516797184944153
12,174,0.025149019435048103
10,67,0.025146793574094772
57,62,0.025118719786405563
73,60,0.02511466108262539
8,88,0.025104360654950142
19,135,0.025098858401179314
58,60,0.025085996836423874
12,160,0.02508268691599369
52,50,0.02507803402841091
12,65,0.02506360411643982
4,172,0.0250486359000206
58,88,0.025030646473169327
54,61,0.02502942457795143
58,170,0.025025473907589912
57,90,0.025018809363245964
43,166,0.025016123428940773
80,120,0.025012459605932236
70,125,0.024991726502776146
1,61,0.024990415200591087
3,61,0.024990415200591087
23,61,0.024990415200591087
26,61,0.024990415200591087
88,61,0.024990415200591087
38,111,0.024989420548081398
51,131,0.024954915046691895
4,89,0.024943778291344643
18,176,0.02492470294237137
84,130,0.024917565286159515
39,68,0.02491491287946701
13,88,0.024862904101610184
85,125,0.02481720596551895
75,131,0.024804651737213135
44,176,0.024802427738904953
22,189,0.0247879046946764
62,77,0.024771537631750107
41,65,0.024769704788923264
75,87,0.02476566843688488
55,127,0.02476082555949688
66,171,0.02473902702331543
17,131,0.02472693845629692
66,151,0.02469918131828308
54,45,0.024689553305506706
80,73,0.024679210036993027
73,69,0.024676794186234474
83,63,0.02467120625078678
37,68,0.024664906784892082
61,147,0.024658598005771637
42,89,0.024631783366203308
19,146,0.02463049814105034
62,44,0.024629108607769012
32,62,0.02462788112461567
39,58,0.02460651844739914
56,62,0.02459709346294403
19,155,0.024572253227233887
19,52,0.024567367509007454
9,156,0.024551907554268837
67,106,0.024544958025217056
5,175,0.02454240620136261
45,35,0.024517737329006195
16,78,0.024517236277461052
44,70,0.02450980246067047
6,70,0.024509631097316742
11,87,0.02449921891093254
87,152,0.024493731558322906
64,160,0.024488236755132675
44,78,0.024475453421473503
79,131,0.024452796205878258
76,131,0.024436743929982185
77,177,0.02443062514066696
77,35,0.0244260486215353
70,114,0.024411672726273537
17,105,0.024396847933530807
31,177,0.02437090501189232
64,155,0.024366561323404312
1,45,0.024366505444049835
3,45,0.024366505444049835
23,45,0.024366505444049835
26,45,0.024366505444049835
88,45,0.024366505444049835
84,136,0.02436334453523159
10,172,0.024358058348298073
33,112,0.0243578739464283
67,81,0.024356216192245483
60,78,0.024344252422451973
60,176,0.024315953254699707
60,70,0.02430115081369877
14,147,0.024288373067975044
41,107,0.024286389350891113
69,120,0.024269483983516693
22,122,0.024266961961984634
52,137,0.02426149696111679
73,151,0.024254780262708664
72,189,0.024253901094198227
58,69,0.024252504110336304
86,161,0.024223586544394493
22,87,0.024198437109589577
53,172,0.02417808398604393
42,114,0.024168971925973892
14,105,0.024166278541088104
34,147,0.024165676906704903
41,55,0.024125700816512108
17,120,0.024124329909682274
79,122,0.02412114292383194
9,152,0.024120735004544258
58,73,0.024120334535837173
55,20,0.024090250954031944
19,77,0.0240692850202322
32,70,0.02405114658176899
45,44,0.024039629846811295
6,86,0.02403130568563938
76,87,0.024029912427067757
7,123,0.024024594575166702
54,151,0.0239906907081604
32,90,0.023986978456377983
76,171,0.02398110181093216
41,169,0.023972677066922188
57,67,0.023963263258337975
87,155,0.023944420740008354
58,53,0.023937825113534927
63,176,0.023924993351101875
87,71,0.023921919986605644
75,171,0.023902175948023796
40,149,0.02389386110007763
61,105,0.02388809621334076
6,176,0.02388347126543522
9,55,0.02386060357093811
1,151,0.023841720074415207
3,151,0.023841720074415207
23,151,0.023841720074415207
26,151,0.023841720074415207
88,151,0.023841720074415207
39,118,0.023827578872442245
52,138,0.02381723001599312
55,98,0.023797424510121346
79,171,0.023769328370690346
8,89,0.023764150217175484
0,107,0.023761415854096413
42,138,0.02375958114862442
12,116,0.02374332770705223
73,53,0.02372918277978897
86,170,0.023729028180241585
63,78,0.023711439222097397
71,75,0.023707641288638115
30,122,0.023698195815086365
43,75,0.023695791140198708
32,67,0.023663248866796494
53,89,0.02364364080131054
20,189,0.023643268272280693
30,161,0.023608867079019547
69,73,0.023607362061738968
13,62,0.02357638068497181
7,98,0.023558279499411583
72,172,0.023554814979434013
44,62,0.023539870977401733
34,105,0.023532791063189507
12,136,0.023530611768364906
75,122,0.023525580763816833
25,55,0.023520566523075104
87,69,0.023502372205257416
13,90,0.023498820140957832
25,42,0.023488176986575127
9,65,0.02345668151974678
71,119,0.023449720814824104
64,169,0.02344299852848053
62,105,0.023439310491085052
53,189,0.02342558465898037
18,105,0.023416956886649132
66,164,0.0234166719019413
67,51,0.023408211767673492
77,173,0.023332566022872925
61,120,0.02332073077559471
63,70,0.02331405319273472
41,50,0.023310909047722816
19,160,0.023309649899601936
31,78,0.023306654766201973
67,83,0.023305276408791542
10,89,0.02329421229660511
57,189,0.02328694425523281
72,89,0.023264555260539055
52,61,0.02325521595776081
22,171,0.02323661930859089
48,141,0.02323286607861519
77,153,0.02319297008216381
19,169,0.02319161966443062
64,174,0.023187687620520592
12,55,0.023170575499534607
5,149,0.023166395723819733
60,62,0.023142457008361816
64,146,0.023127218708395958
66,149,0.023114347830414772
48,93,0.023107759654521942
66,152,0.023105774074792862
0,73,0.023104429244995117
41,160,0.02308073081076145
56,121,0.023073185235261917
64,56,0.02307073399424553
38,137,0.02304806187748909
81,172,0.023035015910863876
5,107,0.023030413314700127
52,135,0.023021617904305458
12,35,0.02301810309290886
61,131,0.023011639714241028
54,170,0.022997284308075905
56,90,0.02299155853688717
76,122,0.02297305501997471
62,120,0.022950803861021996
44,90,0.022949296981096268
82,70,0.02294909954071045
30,85,0.02293606474995613
57,78,0.022915182635188103
44,189,0.02290237508714199
60,90,0.022894499823451042
54,42,0.022889945656061172
0,58,0.022880919277668
76,101,0.022880082949995995
73,156,0.022870684042572975
8,176,0.022864673286676407
34,78,0.02285926230251789
20,95,0.022850120440125465
82,176,0.02282227948307991
42,103,0.02281605452299118
18,171,0.02281278558075428
41,174,0.022778581827878952
14,120,0.022740762680768967
1,170,0.02273203805088997
3,170,0.02273203805088997
23,170,0.02273203805088997
26,170,0.02273203805088997
88,170,0.02273203805088997
70,43,0.02272172085940838
63,62,0.022694768384099007
52,101,0.022690575569868088
25,173,0.02267492562532425
86,173,0.022653283551335335
86,52,0.022642554715275764
77,73,0.02263191156089306
9,50,0.022628355771303177
16,161,0.02262168750166893
1,42,0.022621281445026398
3,42,0.022621281445026398
23,42,0.022621281445026398
26,42,0.022621281445026398
88,42,0.022621281445026398
60,189,0.02261270023882389
16,148,0.022598747164011
11,171,0.022595202550292015
51,91,0.022590771317481995
13,67,0.022516567260026932
51,148,0.02251172997057438
8,70,0.022511392831802368
25,175,0.02250838093459606
54,149,0.02249866910278797
41,135,0.02249523624777794
10,105,0.022493237629532814
73,101,0.02248561754822731
81,89,0.022478563711047173
80,87,0.022463826462626457
67,103,0.022462978959083557
34,120,0.02245628833770752
4,147,0.022445959970355034
67,99,0.022428525611758232
25,60,0.02242789790034294
66,170,0.022421250119805336
44,67,0.02241130731999874
15,130,0.022407488897442818
1,149,0.022405337542295456
3,149,0.022405337542295456
23,149,0.022405337542295456
26,149,0.022405337542295456
88,149,0.022405337542295456
12,50,0.022392671555280685
40,85,0.022386372089385986
79,101,0.02238505147397518
7,128,0.022379877045750618
39,114,0.02237500064074993
6,62,0.022368310019373894
62,87,0.022364988923072815
19,174,0.022361556068062782
63,189,0.022357989102602005
70,157,0.022349080070853233
11,189,0.02232510969042778
54,148,0.02232494205236435
17,87,0.022320305928587914
45,170,0.022287817671895027
69,87,0.022283630445599556
52,56,0.022279538214206696
54,152,0.022263774648308754
5,137,0.0222624558955431
48,84,0.022219568490982056
6,90,0.022198015823960304
25,50,0.022190382704138756
80,122,0.022188397124409676
30,44,0.022184066474437714
56,131,0.022178974002599716
82,78,0.02217423915863037
24,70,0.02216920256614685
6,88,0.02215760387480259
60,67,0.022150341421365738
25,171,0.02214706316590309
57,172,0.02214702218770981
51,161,0.02213372476398945
1,152,0.02213261090219021
3,152,0.02213261090219021
23,152,0.02213261090219021
26,152,0.02213261090219021
88,152,0.02213261090219021
4,105,0.022098155692219734
1,148,0.022094912827014923
3,148,0.022094912827014923
23,148,0.022094912827014923
26,148,0.022094912827014923
88,148,0.022094912827014923
10,147,0.022073429077863693
64,64,0.022040095180273056
66,156,0.022019322961568832
77,148,0.022005289793014526
21,113,0.022003406658768654
50,59,0.02199355885386467
49,64,0.021986322477459908
41,164,0.02198047563433647
66,148,0.021975189447402954
54,164,0.021974928677082062
81,147,0.02196969836950302
29,75,0.02196415513753891
84,55,0.021953800693154335
21,125,0.021952763199806213
63,90,0.021950485184788704
25,53,0.021941538900136948
17,73,0.021940287202596664
0,92,0.02190469205379486
70,97,0.02189020812511444
52,136,0.02188819833099842
9,136,0.021873196586966515
49,97,0.021859213709831238
28,189,0.021851353347301483
74,189,0.02184823527932167
14,78,0.021836280822753906
27,134,0.021833740174770355
61,87,0.0218235831707716
24,78,0.021819954738020897
5,60,0.021816881373524666
1,164,0.021816346794366837
3,164,0.021816346794366837
23,164,0.021816346794366837
26,164,0.021816346794366837
88,164,0.021816346794366837
77,60,0.02181079238653183
10,189,0.02180979959666729
69,78,0.0218063872307539
35,148,0.02180609665811062
18,73,0.021804343909025192
7,57,0.02175169624388218
74,176,0.021750474348664284
28,176,0.02175016514956951
30,153,0.021714292466640472
37,114,0.02169438824057579
25,65,0.021650614216923714
63,67,0.021646950393915176
32,172,0.02163451537489891
58,151,0.021632321178913116
39,130,0.02162509597837925
24,176,0.021619880571961403
54,156,0.021615518257021904
10,73,0.02160833030939102
39,129,0.021606341004371643
0,133,0.021600091829895973
14,73,0.021597784012556076
82,62,0.021585678681731224
58,149,0.021581117063760757
73,152,0.021580498665571213
13,189,0.021539729088544846
84,50,0.02153855934739113
82,90,0.02153760939836502
53,147,0.021517526358366013
5,78,0.021513234823942184
77,170,0.021504459902644157
55,67,0.02150149457156658
30,171,0.021489217877388
66,45,0.02148771844804287
19,107,0.0214499831199646
1,156,0.02143894135951996
3,156,0.02143894135951996
23,156,0.02143894135951996
26,156,0.02143894135951996
88,156,0.02143894135951996
9,138,0.021435219794511795
20,14,0.02140616439282894
37,118,0.021382877603173256
9,61,0.021368393674492836
4,131,0.021364590153098106
60,177,0.02136155031621456
9,135,0.021343618631362915
19,136,0.021341392770409584
41,71,0.02133733592927456
16,66,0.021335728466510773
61,73,0.02132650837302208
7,100,0.021326405927538872
77,175,0.02131245657801628
50,111,0.021305659785866737
57,89,0.021282514557242393
42,51,0.021252335980534554
69,131,0.02125033363699913
42,97,0.021239936351776123
53,105,0.02121885120868683
6,67,0.02121581695973873
7,130,0.021210025995969772
4,120,0.021207962185144424
31,176,0.021196255460381508
41,117,0.021195096895098686
2,162,0.021193603053689003
17,122,0.021173909306526184
9,137,0.02117161639034748
32,89,0.02116934396326542
56,98,0.021151134744286537
74,62,0.021129600703716278
83,112,0.021127549931406975
28,62,0.02112472802400589
64,136,0.021095074713230133
38,156,0.021091565489768982
75,101,0.02108752354979515
60,86,0.021067211404442787
16,153,0.021064801141619682
66,104,0.021061696112155914
41,61,0.021056657657027245
6,78,0.02105548232793808
39,121,0.02104767970740795
74,70,0.021040763705968857
72,147,0.021032705903053284
28,70,0.021031072363257408
19,71,0.021029775962233543
34,131,0.02102414332330227
76,66,0.02100745029747486
64,88,0.020994381979107857
38,107,0.0209930632263422
18,120,0.020988203585147858
31,70,0.020981576293706894
82,189,0.020958472043275833
13,78,0.020940540358424187
17,171,0.020924171432852745
25,61,0.020913448184728622
80,171,0.02089897356927395
45,148,0.02089565619826317
44,86,0.020887423306703568
16,170,0.020885484293103218
15,136,0.020857583731412888
57,147,0.020852316170930862
69,171,0.02084585279226303
56,100,0.020819464698433876
40,44,0.02081853523850441
24,90,0.02081768587231636
34,87,0.020807022228837013
6,189,0.02077401615679264
8,105,0.02077348530292511
10,120,0.020762208849191666
4,78,0.020746732130646706
66,42,0.02073787897825241
61,78,0.0207316055893898
50,127,0.02072352170944214
73,137,0.02071646973490715
40,135,0.02071497030556202
14,87,0.02071313187479973
72,105,0.020693551748991013
81,105,0.02069290727376938
74,90,0.020692048594355583
28,90,0.02068537101149559
86,153,0.020665984600782394
13,172,0.02066085673868656
42,157,0.020649690181016922
42,124,0.0206450242549181
0,48,0.02064293809235096
12,61,0.020640306174755096
82,67,0.020637916401028633
24,62,0.020634697750210762
84,61,0.02063262090086937
32,35,0.0206290315836668
17,78,0.020607218146324158
79,161,0.0205890741199255
57,105,0.02057328261435032
2,87,0.020558591932058334
81,35,0.020557697862386703
82,86,0.020556485280394554
81,86,0.02055177465081215
77,53,0.020546218380331993
38,69,0.02050074189901352
84,34,0.02049667201936245
31,189,0.020494861528277397
61,122,0.020490722730755806
52,145,0.020482372492551804
27,57,0.02047072909772396
18,67,0.02046111412346363
32,147,0.020452139899134636
63,177,0.020449871197342873
27,132,0.02041916735470295
35,161,0.020406071096658707
77,69,0.020402224734425545
25,151,0.020397894084453583
37,121,0.020384982228279114
31,62,0.020382601767778397
16,173,0.020380597561597824
44,172,0.02037627622485161
30,69,0.02036905847489834
52,164,0.02036147564649582
11,111,0.020360777154564857
64,178,0.020343052223324776
58,156,0.020342262461781502
40,138,0.02033017762005329
24,177,0.020317085087299347
87,169,0.020316939800977707
30,173,0.020314836874604225
71,93,0.02026955597102642
72,78,0.020259058102965355
74,67,0.020253365859389305
28,67,0.020250659435987473
11,52,0.02024533413350582
51,170,0.020240964367985725
31,90,0.020238827913999557
53,120,0.020219141617417336
34,73,0.020205510780215263
27,46,0.020199673250317574
81,131,0.020178698003292084
45,164,0.020152945071458817
60,172,0.020152246579527855
71,186,0.020140213891863823
50,106,0.02013842947781086
24,86,0.020137114450335503
61,171,0.020136266946792603
87,135,0.020109008997678757
5,151,0.020097173750400543
67,127,0.02009338140487671
83,78,0.020084932446479797
22,91,0.020077187567949295
40,73,0.02006169967353344
79,66,0.020046275109052658
58,55,0.020032543689012527
51,153,0.020022543147206306
35,131,0.020017322152853012
22,66,0.01999800279736519
25,149,0.019986866042017937
14,122,0.01997486688196659
66,135,0.01995834894478321
73,65,0.019952137023210526
48,68,0.019950995221734047
5,156,0.01994285173714161
62,122,0.019941939041018486
84,97,0.019941464066505432
51,78,0.019940977916121483
24,189,0.019919129088521004
72,131,0.01991361752152443
12,150,0.01991126872599125
20,23,0.019909532740712166
49,68,0.019905252382159233
32,131,0.019892502576112747
40,137,0.019875984638929367
50,124,0.01987493969500065
5,53,0.019870685413479805
38,149,0.01986619643867016
70,70,0.0198521725833416
24,67,0.019852079451084137
12,164,0.01983884908258915
48,186,0.019837230443954468
44,177,0.01983214169740677
87,139,0.01982949487864971
18,122,0.019818803295493126
51,173,0.01979227177798748
13,89,0.019791826605796814
9,101,0.019788766279816628
27,95,0.019777212291955948
87,136,0.01977202668786049
58,65,0.019765419885516167
35,52,0.019739974290132523
34,122,0.019720839336514473
55,23,0.01971553824841976
44,89,0.019714225083589554
14,131,0.019709737971425056
80,131,0.01967628486454487
5,94,0.019661767408251762
86,111,0.019620707258582115
38,151,0.019606027752161026
31,67,0.01960095949470997
56,122,0.019599122926592827
73,138,0.019598759710788727
58,152,0.019586147740483284
6,172,0.019567403942346573
75,78,0.01955448091030121
63,172,0.0195451769977808
73,55,0.019542843103408813
11,102,0.019513148814439774
35,153,0.019502053037285805
64,68,0.019501520320773125
13,105,0.019501160830259323
86,56,0.019496623426675797
64,71,0.0194901991635561
75,161,0.01947668567299843
4,87,0.019463976845145226
70,173,0.019454455003142357
13,147,0.01944758929312229
81,120,0.019431129097938538
44,147,0.019398339092731476
73,56,0.019394097849726677
30,175,0.019389651715755463
41,136,0.019387511536478996
41,111,0.01937916874885559
8,67,0.019376609474420547
25,170,0.019362064078450203
60,89,0.019355544820427895
60,147,0.01935110241174698
70,53,0.019348446279764175
64,150,0.0193349439650774
5,69,0.01929582841694355
54,135,0.019291451200842857
52,155,0.019261164590716362
70,46,0.01925608143210411
70,103,0.019249070435762405
25,148,0.019247185438871384
11,149,0.019246922805905342
42,43,0.01923181116580963
76,161,0.01922100968658924
16,91,0.0192042738199234
1,135,0.019201336428523064
3,135,0.019201336428523064
23,135,0.019201336428523064
26,135,0.019201336428523064
88,135,0.019201336428523064
39,77,0.019192762672901154
30,60,0.01918569952249527
74,35,0.019146079197525978
45,151,0.019128773361444473
28,35,0.019119376316666603
52,52,0.01910700462758541
9,56,0.019104158505797386
49,34,0.019095759838819504
1,104,0.01908642053604126
3,104,0.01908642053604126
23,104,0.01908642053604126
26,104,0.01908642053604126
88,104,0.01908642053604126
18,148,0.019042115658521652
55,178,0.019031474366784096
58,50,0.019013166427612305
11,148,0.019002821296453476
38,145,0.01898970641195774
51,52,0.018984878435730934
53,78,0.018979545682668686
63,89,0.018978001549839973
57,120,0.018966659903526306
45,152,0.018951475620269775
73,136,0.018950823694467545
7,112,0.01894998922944069
59,185,0.018943337723612785
86,175,0.018936697393655777
63,86,0.018935775384306908
7,178,0.01893429271876812
82,172,0.01892479509115219
14,171,0.01891903206706047
8,171,0.01890234835445881
45,86,0.018891261890530586
22,78,0.018883109092712402
60,88,0.018882157281041145
76,148,0.01885090582072735
60,105,0.018847761675715446
40,86,0.018834993243217468
8,120,0.018821395933628082
54,104,0.018820136785507202
52,146,0.018813028931617737
25,152,0.01881083846092224
6,89,0.01880132034420967
45,156,0.018766317516565323
52,66,0.01875564269721508
75,148,0.018753202632069588
40,145,0.018751904368400574
39,119,0.018747132271528244
32,105,0.018739299848675728
35,170,0.018738599494099617
84,164,0.018738489598035812
44,88,0.018705783411860466
53,131,0.018702374771237373
39,98,0.018701670691370964
34,171,0.018700487911701202
48,124,0.018695952370762825
87,174,0.018678957596421242
19,117,0.018661580979824066
53,73,0.018618499860167503
12,139,0.018602147698402405
19,64,0.018562281504273415
73,50,0.01855180412530899
44,105,0.01854838617146015
53,87,0.018547197803854942
79,148,0.018541712313890457
6,147,0.01853574439883232
70,143,0.0185315553098917
5,117,0.018511343747377396
62,161,0.018509920686483383
18,87,0.018499376252293587
82,88,0.018498556688427925
63,147,0.018488438799977303
87,65,0.01847848668694496
80,101,0.01847667433321476
52,107,0.018457211554050446
10,87,0.018444044515490532
19,150,0.018443182110786438
42,47,0.01843455620110035
30,53,0.018426179885864258
37,129,0.018421705812215805
11,153,0.01841326616704464
83,134,0.018389860168099403
72,87,0.018384894356131554
4,122,0.018381521105766296
73,66,0.018361687660217285
73,135,0.018351048231124878
67,47,0.018349897116422653
40,160,0.018348807469010353
70,54,0.018315425142645836
49,136,0.018304383382201195
35,78,0.018303684890270233
80,35,0.018281351774930954
49,157,0.018269024789333344
55,62,0.01826798915863037
4,73,0.0182624701410532
87,78,0.018258007243275642
10,122,0.01824931800365448
75,66,0.018248654901981354
42,53,0.0182202085852623
84,157,0.018216656520962715
66,136,0.018213432282209396
16,175,0.01820327714085579
38,117,0.018202513456344604
30,148,0.01818627305328846
19,91,0.01816781982779503
70,60,0.01816767081618309
40,155,0.018166905269026756
69,101,0.01815168373286724
0,117,0.018143387511372566
6,105,0.018141547217965126
24,88,0.018139228224754333
45,149,0.018135301768779755
82,89,0.018132474273443222
74,172,0.018121669068932533
28,172,0.0181199349462986
49,59,0.01811748743057251
25,156,0.01811487227678299
87,160,0.01809958554804325
39,178,0.01809506118297577
82,147,0.018073439598083496
35,173,0.01805354282259941
40,64,0.01804313063621521
81,88,0.01802881248295307
24,172,0.01800871081650257
17,161,0.017986461520195007
48,164,0.0179852657020092
52,160,0.017975617200136185
81,87,0.017957016825675964
55,189,0.017956789582967758
41,150,0.017941618338227272
22,148,0.01793680526316166
30,170,0.017929213121533394
37,35,0.017919376492500305
41,77,0.017904479056596756
82,177,0.017904259264469147
58,61,0.0178975872695446
56,156,0.017895366996526718
83,102,0.017864376306533813
77,77,0.017861725762486458
38,152,0.01785358600318432
32,120,0.017841726541519165
77,149,0.017837274819612503
13,120,0.01783226989209652
5,138,0.017820656299591064
10,78,0.01781880483031273
74,147,0.01781461574137211
28,147,0.017804715782403946
11,56,0.01777191460132599
5,152,0.017752138897776604
79,153,0.017744500190019608
37,98,0.017741873860359192
64,52,0.01771210879087448
35,149,0.017673596739768982
35,56,0.017666064202785492
46,178,0.017657412216067314
66,102,0.017640670761466026
54,136,0.0176373403519392
31,172,0.017634952440857887
53,122,0.017630551010370255
73,61,0.017629269510507584
15,157,0.017608562484383583
64,101,0.0176079198718071
86,60,0.017599549144506454
1,136,0.01759885624051094
3,136,0.01759885624051094
23,136,0.01759885624051094
26,136,0.01759885624051094
88,136,0.01759885624051094
79,173,0.017596697434782982
40,56,0.017591044306755066
82,105,0.01758904941380024
16,149,0.017587309703230858
62,153,0.017576569691300392
79,78,0.017555611208081245
10,171,0.017551951110363007
63,105,0.017546113580465317
66,138,0.017544321715831757
83,46,0.017538102343678474
9,164,0.017525264993309975
73,52,0.017523951828479767
20,179,0.017517196014523506
54,138,0.017494291067123413
35,111,0.017490463331341743
77,151,0.0174847599118948
51,56,0.01747354120016098
8,122,0.01747209206223488
24,105,0.01746143028140068
24,147,0.01745266281068325
42,70,0.017441105097532272
38,146,0.01743927411735058
51,175,0.017427267506718636
28,89,0.01740286871790886
74,89,0.017401598393917084
79,170,0.017395321279764175
86,78,0.01738756336271763
70,148,0.017379092052578926
75,170,0.017375167459249496
75,173,0.017357420176267624
11,161,0.017352500930428505
1,138,0.01735086739063263
3,138,0.01735086739063263
23,138,0.01735086739063263
26,138,0.01735086739063263
88,138,0.01735086739063263
58,137,0.017350314185023308
45,73,0.017315195873379707
38,138,0.01730955019593239
60,120,0.017285380512475967
2,57,0.017283063381910324
32,86,0.017281848937273026
60,35,0.017263071611523628
48,5,0.01726018264889717
44,120,0.01725139282643795
61,161,0.017250625416636467
40,169,0.01723482832312584
40,136,0.01723201759159565
16,52,0.017228618264198303
9,145,0.01722598634660244
75,153,0.017215285450220108
22,161,0.017214495688676834
62,171,0.017204778268933296
57,87,0.01720293052494526
38,78,0.017202680930495262
20,72,0.01720043085515499
25,104,0.017199069261550903
76,173,0.017195789143443108
44,35,0.017190076410770416
69,161,0.01718774065375328
45,102,0.017183827236294746
30,55,0.017176838591694832
55,123,0.017170939594507217
72,122,0.017167968675494194
31,147,0.01713612861931324
76,170,0.017133278772234917
52,169,0.01706550270318985
38,94,0.017057064920663834
25,164,0.017052972689270973
64,107,0.017050286754965782
42,60,0.017045557498931885
62,69,0.017039742320775986
76,91,0.017036011442542076
24,89,0.017029235139489174
74,105,0.017028219997882843
28,105,0.017013484612107277
4,171,0.017005128785967827
52,174,0.01700412482023239
0,126,0.01699410192668438
84,118,0.016984887421131134
56,158,0.016984712332487106
31,86,0.01698126643896103
54,73,0.01696779578924179
17,101,0.016960320994257927
58,138,0.016956297680735588
72,73,0.01695016212761402
40,146,0.016940051689743996
8,73,0.016927199438214302
80,161,0.016921306028962135
80,148,0.016920607537031174
11,107,0.0169085543602705
27,54,0.01690535433590412
51,149,0.016896922141313553
39,100,0.016886042430996895
40,174,0.016877219080924988
56,87,0.016874631866812706
66,64,0.016872236505150795
30,149,0.016868557780981064
30,151,0.01685173809528351
8,87,0.01684161275625229
31,89,0.016832496970891953
17,148,0.016829773783683777
1,73,0.016809698194265366
3,73,0.016809698194265366
23,73,0.016809698194265366
26,73,0.016809698194265366
88,73,0.016809698194265366
70,25,0.016806231811642647
81,122,0.016801904886960983
63,88,0.016786733642220497
73,145,0.01678616739809513
32,87,0.016782326623797417
57,131,0.01677612029016018
31,35,0.01677282527089119
53,171,0.016769852489233017
44,131,0.016742544248700142
77,156,0.01673905923962593
31,105,0.01672319695353508
22,153,0.016706787049770355
10,101,0.016686197370290756
6,120,0.01667124591767788
86,137,0.01665055938065052
45,64,0.016613895073533058
58,135,0.016611412167549133
22,131,0.01661062426865101
73,107,0.016602283343672752
63,35,0.016601504758000374
63,131,0.016596727073192596
20,186,0.016589708626270294
69,148,0.016589287668466568
16,56,0.016571514308452606
56,172,0.016568101942539215
64,66,0.01656368374824524
50,110,0.01656329445540905
30,86,0.01656058430671692
57,73,0.016531789675354958
83,57,0.016529696062207222
41,94,0.016521016135811806
79,91,0.01651337929069996
32,77,0.016503555700182915
9,155,0.016474146395921707
57,122,0.016474084928631783
80,153,0.01647268608212471
25,135,0.016465727239847183
30,65,0.016461703926324844
9,107,0.016447659581899643
81,77,0.016436100006103516
12,97,0.016434596851468086
58,101,0.01642787642776966
58,56,0.016424471512436867
63,120,0.016418904066085815
76,153,0.01641680859029293
42,173,0.016406817361712456
38,65,0.01640675589442253
19,68,0.01639195904135704
70,150,0.016385793685913086
56,176,0.016362499445676804
77,65,0.016360918059945107
86,149,0.016355739906430244
62,86,0.016328560188412666
7,132,0.016319340094923973
11,69,0.016318436712026596
1,102,0.016318107023835182
3,102,0.016318107023835182
23,102,0.016318107023835182
26,102,0.016318107023835182
88,102,0.016318107023835182
9,102,0.01630820706486702
64,129,0.016295673325657845
45,56,0.01624448597431183
38,71,0.016244227066636086
54,102,0.01623276248574257
5,145,0.016230814158916473
5,136,0.01622687838971615
86,107,0.01622632145881653
22,170,0.016224434599280357
56,175,0.016219139099121094
48,129,0.016208816319704056
39,123,0.016200879588723183
30,50,0.01619943603873253
67,124,0.016197923570871353
61,101,0.016197727993130684
48,128,0.016196519136428833
14,101,0.016162917017936707
35,175,0.016156639903783798
55,135,0.01615244895219803
66,73,0.01613609679043293
16,35,0.016124842688441277
30,73,0.01612156815826893
77,55,0.016116593033075333
37,119,0.016113009303808212
12,157,0.016112767159938812
82,120,0.01611201837658882
34,161,0.016099119558930397
39,128,0.01609656773507595
45,77,0.016091251745820045
9,52,0.016075994819402695
13,87,0.016059236600995064
33,102,0.016032923012971878
0,30,0.016028184443712234
61,148,0.01600600779056549
8,148,0.015998447313904762
12,77,0.01598827727138996
60,131,0.015953410416841507
17,153,0.015948140993714333
56,161,0.0159461572766304
70,124,0.015941675752401352
14,161,0.01592869497835636
77,152,0.015920601785182953
17,173,0.01591825671494007
58,136,0.015903795138001442
16,69,0.015899458900094032
76,78,0.01588909886777401
37,100,0.015887459740042686
19,118,0.01588616892695427
86,53,0.015879632905125618
12,118,0.01586470566689968
44,87,0.015855202451348305
72,171,0.01584783010184765
64,118,0.01584150269627571
49,118,0.015841443091630936
10,131,0.015841316431760788
71,21,0.015837056562304497
74,77,0.015828773379325867
38,155,0.015828587114810944
18,101,0.015823833644390106
69,153,0.015814071521162987
9,146,0.015807906165719032
25,44,0.01580085977911949
28,77,0.015796424821019173
25,136,0.01577289029955864
13,73,0.015769248828291893
57,35,0.01576383225619793
11,136,0.01574786752462387
11,177,0.01574528031051159
60,87,0.015732988715171814
25,73,0.015704402700066566
74,86,0.015703236684203148
4,161,0.0156985055655241
66,178,0.015698034316301346
54,137,0.01569455675780773
56,114,0.015694115310907364
41,116,0.015682805329561234
28,86,0.015681633725762367
35,107,0.015668589621782303
57,177,0.015665868297219276
16,60,0.015663104131817818
24,120,0.015658708289265633
79,175,0.015630988404154778
73,155,0.015630027279257774
11,78,0.015619685873389244
25,85,0.015618468634784222
22,52,0.01561751589179039
40,68,0.015610890462994576
45,88,0.015584585256874561
71,80,0.015566620044410229
74,120,0.015539919957518578
82,35,0.015534083358943462
28,120,0.01553197018802166
83,95,0.015526728704571724
1,137,0.015523157082498074
3,137,0.015523157082498074
23,137,0.015523157082498074
26,137,0.015523157082498074
88,137,0.015523157082498074
79,52,0.015520067885518074
79,69,0.015512281097471714
56,89,0.015508809126913548
62,173,0.015500016510486603
24,35,0.015498503111302853
19,97,0.015486319549381733
45,135,0.01548023708164692
71,84,0.015477735549211502
51,60,0.015468192286789417
52,102,0.01545171719044447
70,51,0.01544403750449419
13,122,0.015442434698343277
15,113,0.015439259819686413
30,156,0.015430252067744732
73,146,0.015428810380399227
61,153,0.015427549369633198
37,59,0.015426325611770153
84,114,0.01541720237582922
54,44,0.015408976003527641
32,122,0.015400759875774384
66,137,0.015391015447676182
11,170,0.01538736093789339
17,170,0.015360956080257893
54,85,0.015359138138592243
56,138,0.015354365110397339
54,64,0.015339319594204426
30,152,0.015318549238145351
7,133,0.015311047434806824
51,111,0.015295564197003841
16,151,0.01528321485966444
75,91,0.015276248566806316
87,55,0.01527094841003418
1,64,0.015268108807504177
3,64,0.015268108807504177
23,64,0.015268108807504177
26,64,0.015268108807504177
88,64,0.015268108807504177
34,35,0.015265966765582561
30,61,0.015265916474163532
52,118,0.01526527851819992
77,50,0.015262547880411148
13,131,0.015260204672813416
52,117,0.015256449580192566
51,69,0.01525523979216814
0,106,0.015252144075930119
40,178,0.015236182138323784
9,160,0.015236052684485912
64,102,0.01523150410503149
52,71,0.015224725008010864
54,178,0.015214812010526657
1,44,0.015203248709440231
3,44,0.015203248709440231
23,44,0.015203248709440231
26,44,0.015203248709440231
88,44,0.015203248709440231
64,97,0.015202008187770844
75,175,0.015192109160125256
63,87,0.01518971286714077
19,129,0.015169723890721798
14,148,0.015169396065175533
31,120,0.015168612822890282
48,19,0.015166027471423149
76,52,0.015162894502282143
79,56,0.015162445604801178
9,66,0.015151483938097954
69,173,0.015145208686590195
83,132,0.015130664221942425
1,85,0.015126742422580719
3,85,0.015126742422580719
23,85,0.015126742422580719
26,85,0.015126742422580719
88,85,0.015126742422580719
61,173,0.015125676058232784
22,173,0.015124370343983173
1,178,0.015120470896363258
3,178,0.015120470896363258
23,178,0.015120470896363258
26,178,0.015120470896363258
88,178,0.015120470896363258
28,131,0.015102658420801163
69,170,0.015091809444129467
80,170,0.015089456923305988
74,131,0.015087862499058247
25,102,0.015083009377121925
5,135,0.01507422886788845
79,60,0.015071630477905273
35,69,0.015071447007358074
5,146,0.015063167549669743
20,26,0.015057557262480259
6,87,0.015046713873744011
77,56,0.015025096014142036
39,102,0.01501696277409792
73,91,0.015012984164059162
52,129,0.015008494257926941
58,164,0.015007112175226212
46,96,0.015003271400928497
80,173,0.014995980076491833
34,153,0.014971552416682243
80,77,0.014967234805226326
8,131,0.014966221526265144
62,175,0.01496488694101572
37,123,0.01493995450437069
84,64,0.014937056228518486
34,148,0.014935940504074097
62,73,0.014920962043106556
70,160,0.014920569956302643
60,122,0.014916638843715191
31,88,0.014909625984728336
86,156,0.014908247627317905
39,133,0.014892841689288616
18,170,0.014887666329741478
44,122,0.014885476790368557
14,153,0.014874167740345001
16,137,0.014861778356134892
13,177,0.014856312423944473
5,65,0.014842236414551735
64,117,0.014840151183307171
32,88,0.01483955793082714
52,91,0.014839538373053074
49,114,0.014820449985563755
81,73,0.01481165923178196
25,138,0.014807512983679771
51,107,0.014805473387241364
69,66,0.01479281485080719
52,150,0.014787810854613781
73,164,0.01478523388504982
22,149,0.014773000963032246
6,131,0.0147622125223279
84,121,0.014761560596525669
61,170,0.01474829949438572
76,175,0.014729845337569714
7,106,0.014726967550814152
83,54,0.014719903469085693
2,150,0.014717360027134418
34,101,0.014708505012094975
56,46,0.014696194790303707
87,50,0.014693557284772396
19,157,0.01469203270971775
57,171,0.01469092071056366
2,158,0.01468373741954565
77,137,0.014646398834884167
72,161,0.014645436778664589
82,131,0.014644919894635677
0,108,0.01464426051825285
19,102,0.014637401327490807
40,71,0.014636685140430927
40,88,0.014634065330028534
71,141,0.014631734229624271
77,61,0.01462541799992323
86,151,0.01462504081428051
82,87,0.014614839106798172
49,121,0.014613300561904907
81,171,0.01461253222078085
9,118,0.014604013413190842
9,129,0.014588883146643639
51,137,0.01456272043287754
12,48,0.014557103626430035
16,156,0.014539418742060661
7,95,0.014527522027492523
11,94,0.014524491503834724
38,55,0.014516705647110939
37,133,0.014516494236886501
0,59,0.01451403833925724
16,53,0.014507737942039967
41,64,0.014489389024674892
17,66,0.014487496577203274
64,157,0.014486312866210938
11,173,0.014479785226285458
62,148,0.014469174668192863
58,145,0.014453557319939137
64,57,0.014444160275161266
53,161,0.014442788437008858
79,149,0.014439226128160954
42,150,0.014436619356274605
66,129,0.014432508498430252
66,160,0.014411436393857002
9,174,0.014410989359021187
52,64,0.014410408213734627
6,122,0.014405511319637299
40,150,0.014387061819434166
6,35,0.014382937923073769
14,35,0.014376071281731129
6,73,0.014362658374011517
5,116,0.014359244145452976
87,61,0.01434631273150444
42,148,0.014332441613078117
80,149,0.014301838353276253
62,149,0.014300297945737839
16,107,0.014299371279776096
51,151,0.01428504940122366
56,54,0.014283592812716961
13,35,0.014282229356467724
12,58,0.01427897997200489
18,131,0.014275678433477879
66,68,0.014226631261408329
4,153,0.014225193299353123
81,161,0.014213744550943375
74,87,0.014201268553733826
28,87,0.014197558164596558
87,150,0.014185723848640919
75,52,0.014184776693582535
22,56,0.014184670522809029
45,137,0.0141841359436512
27,103,0.014176963828504086
87,58,0.014176418073475361
39,57,0.014173145405948162
76,56,0.014139040373265743
51,53,0.014136973768472672
54,160,0.014136097393929958
69,35,0.014135532081127167
12,129,0.01413043588399887
63,122,0.014124359004199505
42,143,0.014122845605015755
38,169,0.01412210799753666
45,138,0.014121253043413162
9,169,0.014118616469204426
77,66,0.014085966162383556
56,103,0.014085131697356701
76,60,0.01407956425100565
24,87,0.014076526276767254
60,73,0.014070221222937107
84,68,0.014052101410925388
17,175,0.014041665941476822
80,66,0.014028463512659073
66,155,0.014027011580765247
71,103,0.014026972465217113
34,173,0.014023088850080967
35,137,0.01401345245540142
37,128,0.013994425535202026
6,177,0.013989063911139965
1,160,0.013981645926833153
3,160,0.013981645926833153
23,160,0.013981645926833153
26,160,0.013981645926833153
88,160,0.013981645926833153
60,77,0.013980910181999207
62,60,0.013964381068944931
0,38,0.013958420604467392
41,97,0.013955775648355484
75,60,0.013952987268567085
38,135,0.013948769308626652
31,131,0.013947766274213791
4,148,0.01394613366574049
73,160,0.01393725723028183
37,178,0.013929761946201324
27,51,0.013927659951150417
38,50,0.013921879231929779
54,155,0.013913881964981556
5,155,0.013905314728617668
35,151,0.01389652956277132
14,173,0.01389524806290865
82,122,0.01389048621058464
44,77,0.013887240551412106
10,148,0.013875373639166355
62,170,0.013874644413590431
59,189,0.013872073031961918
79,53,0.013864254578948021
18,153,0.013853970915079117
0,139,0.013853956945240498
53,101,0.013849561102688313
55,136,0.013848272152245045
12,64,0.013841156847774982
54,145,0.013840732164680958
73,102,0.0138395419344306
51,156,0.013835553079843521
86,69,0.013822449371218681
44,73,0.013821376487612724
66,57,0.013796459883451462
73,174,0.013789229094982147
75,149,0.01378429401665926
41,139,0.013780723325908184
31,87,0.013776155188679695
58,52,0.013771679252386093
46,125,0.013765611685812473
1,155,0.013757244683802128
3,155,0.013757244683802128
23,155,0.013757244683802128
26,155,0.013757244683802128
88,155,0.013757244683802128
77,138,0.013753052800893784
34,170,0.013738037087023258
11,175,0.013725437223911285
75,56,0.013722086325287819
58,66,0.01371838990598917
66,145,0.013718350790441036
81,153,0.01371392048895359
10,161,0.013708670623600483
14,170,0.013700401410460472
66,44,0.013672812841832638
1,145,0.01366595271974802
3,145,0.01366595271974802
23,145,0.01366595271974802
26,145,0.01366595271974802
88,145,0.01366595271974802
31,77,0.013663176447153091
2,155,0.01364564523100853
13,171,0.013644367456436157
54,56,0.013637630268931389
22,175,0.013631584122776985
54,129,0.01362585835158825
58,155,0.013624429702758789
61,66,0.01362296286970377
80,175,0.013606748543679714
1,129,0.013604994863271713
3,129,0.013604994863271713
23,129,0.013604994863271713
26,129,0.013604994863271713
88,129,0.013604994863271713
19,178,0.013604393228888512
56,97,0.013593520037829876
66,85,0.013562825508415699
74,88,0.013559636659920216
19,116,0.013552583754062653
87,48,0.013544643297791481
66,56,0.013543087989091873
28,88,0.013538413681089878
41,157,0.013525059446692467
69,175,0.013513143174350262
1,56,0.013499794527888298
3,56,0.013499794527888298
23,56,0.013499794527888298
26,56,0.013499794527888298
88,56,0.013499794527888298
16,152,0.013495254330337048
62,55,0.013491337187588215
24,122,0.013481288217008114
38,61,0.013469358906149864
4,35,0.013444917276501656
66,118,0.013435452245175838
61,175,0.013434010557830334
32,171,0.013429113663733006
20,174,0.013413537293672562
70,38,0.013398716226220131
4,173,0.01339801773428917
53,148,0.013397474773228168
41,118,0.013391961343586445
62,88,0.01336670108139515
52,97,0.013362564146518707
62,53,0.013360823504626751
40,102,0.013348502106964588
4,101,0.013346931897103786
36,178,0.013338608667254448
56,157,0.013334272429347038
73,169,0.013330220244824886
47,132,0.01332947425544262
86,94,0.013327072374522686
62,65,0.013327047228813171
35,60,0.013323022052645683
32,161,0.013318434357643127
74,122,0.013316943310201168
73,117,0.013312765397131443
28,122,0.01330975815653801
2,170,0.013296565972268581
18,149,0.01329125463962555
87,118,0.013284408487379551
82,73,0.013279653154313564
77,135,0.013278772123157978
87,97,0.013278578408062458
25,137,0.013277742080390453
63,77,0.013266120105981827
84,129,0.01326182670891285
2,90,0.013248218223452568
72,153,0.013243569061160088
62,151,0.013236086815595627
61,35,0.013230501674115658
18,173,0.013223816640675068
43,134,0.013221757486462593
20,183,0.013214729726314545
30,88,0.013210533186793327
40,129,0.013210322707891464
24,131,0.013192474842071533
41,68,0.013187448494136333
24,73,0.013179737143218517
72,35,0.013175818137824535
45,71,0.013168839737772942
9,117,0.013167625293135643
38,116,0.013166632503271103
57,161,0.01316392607986927
27,127,0.013161170296370983
58,146,0.013159051537513733
70,155,0.013158432208001614
53,153,0.013150460086762905
12,114,0.0131470812484622
38,174,0.013139788992702961
54,86,0.01313481293618679
42,25,0.013131753541529179
72,177,0.013130808249115944
59,186,0.013128472492098808
58,107,0.013124105520546436
69,149,0.0131224375218153
17,60,0.013112789951264858
7,59,0.013111247681081295
83,178,0.013110519386827946
52,157,0.013103808276355267
22,111,0.013103555887937546
56,43,0.013102365657687187
77,52,0.013098618015646935
75,69,0.013094457797706127
64,119,0.013091795146465302
2,154,0.013082052581012249
86,117,0.013079066760838032
35,156,0.01307870913296938
4,177,0.013067340478301048
54,174,0.01304561272263527
45,68,0.013040691614151001
84,78,0.01303857285529375
76,149,0.013034315779805183
10,66,0.013033672235906124
47,99,0.01302439346909523
38,160,0.013022187165915966
30,135,0.013020306825637817
87,130,0.013017144985496998
44,171,0.013012930750846863
17,35,0.013010701164603233
31,122,0.013010628521442413
54,68,0.013005907647311687
80,91,0.012962635606527328
5,35,0.012959841638803482
9,104,0.012956304475665092
10,153,0.01295541413128376
32,73,0.012955146841704845
16,138,0.012947618030011654
66,174,0.012940708547830582
1,68,0.01293181348592043
3,68,0.01293181348592043
23,68,0.01293181348592043
26,68,0.01293181348592043
88,68,0.01293181348592043
1,86,0.012930620461702347
3,86,0.012930620461702347
23,86,0.012930620461702347
26,86,0.012930620461702347
88,86,0.012930620461702347
8,153,0.012927760370075703
19,111,0.012920315377414227
70,47,0.01291751116514206
20,142,0.012909798882901669
39,59,0.012905350886285305
35,136,0.012904975563287735
40,52,0.012901822105050087
86,138,0.012897147797048092
1,174,0.012887292541563511
3,174,0.012887292541563511
23,174,0.012887292541563511
26,174,0.012887292541563511
88,174,0.012887292541563511
16,111,0.012873299419879913
11,151,0.012861174531280994
60,171,0.012854649685323238
40,118,0.01284659281373024
54,118,0.012846078723669052
22,69,0.012831514701247215
42,160,0.012826798483729362
5,55,0.012824498116970062
45,145,0.012820333242416382
86,152,0.012819621711969376
72,148,0.012819452211260796
1,118,0.0128153245896101
3,118,0.0128153245896101
23,118,0.0128153245896101
26,118,0.0128153245896101
88,118,0.0128153245896101
55,152,0.012813654728233814
70,137,0.01281265914440155
14,66,0.012811369262635708
5,71,0.012803904712200165
69,91,0.012802047654986382
75,53,0.012801663018763065
8,170,0.01278974860906601
70,170,0.01278779748827219
63,73,0.012783222831785679
9,150,0.012774753384292126
49,98,0.01276425737887621
6,171,0.012761403806507587
76,53,0.012749580666422844
43,165,0.01273941807448864
12,68,0.012737696059048176
17,149,0.01273575983941555
40,101,0.012734536081552505
19,94,0.01273200660943985
16,136,0.012730629183351994
70,73,0.01272809412330389
83,51,0.012725918553769588
48,1,0.012721899896860123
40,107,0.012717528268694878
51,152,0.012712572701275349
22,107,0.012702109292149544
34,175,0.012701224535703659
32,153,0.012689831666648388
66,169,0.012677578255534172
27,99,0.012672537006437778
59,74,0.012671570293605328
84,123,0.012649831362068653
57,153,0.012645835988223553
80,69,0.012643258087337017
52,68,0.012628456577658653
35,94,0.012618317268788815
77,136,0.012617949396371841
62,50,0.012617302127182484
58,160,0.012616001069545746
25,86,0.012614896520972252
24,77,0.012608340941369534
9,91,0.012605140917003155
87,157,0.01260189525783062
55,161,0.012582104653120041
54,169,0.012573245912790298
30,138,0.012571540661156178
46,109,0.012564901262521744
57,77,0.012563765980303288
4,170,0.012557296082377434
30,136,0.012553618289530277
59,163,0.012531612999737263
14,175,0.012522358447313309
30,164,0.012520618736743927
9,64,0.012510247528553009
9,71,0.012493052519857883
54,146,0.012488005682826042
14,149,0.012480569072067738
53,173,0.012480287812650204
11,131,0.012477190233767033
82,77,0.01247381791472435
58,102,0.012471234425902367
41,129,0.012463215738534927
0,116,0.01245829276740551
55,187,0.01245436817407608
45,136,0.012443006969988346
70,24,0.012434877455234528
61,149,0.012434824369847775
12,102,0.012433652766048908
12,121,0.012420076876878738
19,139,0.012417105957865715
1,169,0.012413504533469677
3,169,0.012413504533469677
23,169,0.012413504533469677
26,169,0.012413504533469677
88,169,0.012413504533469677
72,173,0.01240745559334755
70,171,0.012401888146996498
47,178,0.012390843592584133
0,10,0.012373157776892185
61,60,0.012367606163024902
64,121,0.012354787439107895
69,69,0.012354356236755848
66,146,0.01234770193696022
62,61,0.012345021590590477
45,160,0.012344173155725002
17,69,0.012343062087893486
34,149,0.012336007319390774
81,69,0.012335781008005142
1,146,0.012327435426414013
3,146,0.012327435426414013
23,146,0.012327435426414013
26,146,0.012327435426414013
88,146,0.012327435426414013
12,130,0.012326065450906754
35,152,0.0123233487829566
63,171,0.012314570136368275
86,145,0.012312738224864006
45,155,0.012310819700360298
51,35,0.012309630401432514
61,69,0.012302136048674583
44,161,0.012299610301852226
56,124,0.012298410758376122
22,35,0.012296222150325775
40,57,0.012281087227165699
1,57,0.012270252220332623
3,57,0.012270252220332623
23,57,0.012270252220332623
26,57,0.012270252220332623
88,57,0.012270252220332623
49,78,0.012268438003957272
10,170,0.012267588637769222
54,57,0.012265404686331749
37,102,0.012263378128409386
2,145,0.012259421870112419
11,137,0.012253747321665287
76,69,0.012250405736267567
38,136,0.012238714843988419
0,52,0.012237096205353737
19,119,0.01223641075193882
79,151,0.012231038883328438
73,118,0.012230625376105309
4,69,0.012206241488456726
84,98,0.012199746444821358
75,151,0.012197257950901985
13,161,0.012193403206765652
2,156,0.01218708697706461
5,61,0.012182467617094517
81,148,0.012176581658422947
11,117,0.01217587012797594
72,101,0.012173725292086601
5,50,0.01216615829616785
30,137,0.012159117497503757
51,138,0.012152331881225109
4,175,0.012148011475801468
75,35,0.012141290120780468
35,53,0.012139522470533848
8,149,0.01213610265403986
53,35,0.012134760618209839
25,64,0.012107860296964645
53,170,0.012103088200092316
16,65,0.012102808803319931
55,16,0.012097034603357315
10,173,0.012087101116776466
73,71,0.012082699686288834
34,69,0.01207904051989317
60,161,0.01207274291664362
58,174,0.012056113220751286
82,171,0.012047246098518372
16,77,0.01204585563391447
39,112,0.012042757123708725
62,152,0.012036978267133236
17,53,0.012029307894408703
52,178,0.01201989222317934
69,52,0.012018244713544846
64,128,0.01201670989394188
68,110,0.011996482498943806
67,110,0.011995109729468822
81,173,0.011983699165284634
41,48,0.011976724490523338
19,57,0.011975307017564774
45,52,0.011973276734352112
75,137,0.011973039247095585
57,148,0.011950181797146797
31,73,0.01194916944950819
8,173,0.01194581389427185
55,183,0.011942122131586075
77,145,0.011934207752346992
79,107,0.011925940401852131
35,117,0.01192061509937048
58,169,0.011916425079107285
19,121,0.011916239745914936
69,56,0.011909589171409607
55,13,0.01188106182962656
73,129,0.011875990778207779
9,97,0.011872812174260616
79,137,0.011870273388922215
7,104,0.011868814006447792
14,69,0.011866990476846695
80,52,0.011865470558404922
9,157,0.011863881722092628
51,136,0.011861953884363174
19,48,0.011856583878397942
75,156,0.011852433905005455
64,114,0.011849429458379745
63,161,0.01184848602861166
69,60,0.011844929307699203
10,91,0.011838692240417004
79,156,0.011832837015390396
17,56,0.011819613166153431
80,151,0.011818737722933292
62,156,0.011813154444098473
80,56,0.011809580959379673
76,137,0.011809241957962513
35,138,0.01180096436291933
19,114,0.011772631667554379
45,66,0.011771062389016151
25,56,0.011770485900342464
18,161,0.011765849776566029
44,153,0.011764147318899632
66,150,0.011753292754292488
60,153,0.011743731796741486
66,86,0.01174337137490511
37,63,0.01173497922718525
13,153,0.011733940802514553
79,65,0.011732546612620354
16,135,0.011731822043657303
4,149,0.011729379184544086
84,59,0.011723488569259644
25,129,0.011721528135240078
17,91,0.011720080859959126
74,73,0.01171624194830656
28,73,0.011702237650752068
34,77,0.01168003398925066
72,170,0.011675680987536907
17,52,0.011659251525998116
34,177,0.01165737770497799
45,169,0.011655932292342186
40,66,0.011645709164440632
77,107,0.011625018902122974
49,100,0.011620286852121353
34,66,0.011611626483500004
25,178,0.011604185216128826
40,97,0.011602435261011124
45,174,0.011600909754633904
81,149,0.01159464567899704
51,117,0.011594432406127453
11,152,0.011577052064239979
11,65,0.011558829806745052
22,137,0.011552201583981514
37,57,0.011549866758286953
22,151,0.011541763320565224
56,51,0.011539358645677567
72,69,0.011524108238518238
51,65,0.011518921703100204
76,151,0.011513699777424335
54,150,0.011513146571815014
32,69,0.011510947719216347
6,77,0.011503453366458416
35,102,0.011497327126562595
55,121,0.011494948528707027
52,119,0.01147331204265356
17,151,0.011473128572106361
77,164,0.011471149511635303
45,146,0.011462494730949402
0,28,0.011462424881756306
37,106,0.011453659273684025
45,101,0.01144530437886715
76,156,0.01143324188888073
73,150,0.01143304817378521
6,161,0.011430030688643456
57,101,0.011429555714130402
24,171,0.011408073827624321
1,150,0.011395802721381187
3,150,0.011395802721381187
23,150,0.011395802721381187
26,150,0.011395802721381187
88,150,0.011395802721381187
9,178,0.011392181739211082
61,53,0.011387087404727936
5,102,0.011385686695575714
8,101,0.011368678882718086
84,102,0.011365056969225407
35,35,0.01135743036866188
10,35,0.011349556967616081
61,56,0.011343768797814846
51,94,0.011341255158185959
76,111,0.011341010220348835
45,57,0.011337374337017536
18,137,0.01132691465318203
52,116,0.011326621286571026
86,146,0.011324458755552769
4,60,0.011316570453345776
49,129,0.011315679177641869
76,107,0.011311599053442478
13,77,0.011306053958833218
2,153,0.011304540559649467
87,102,0.01130436547100544
55,163,0.011303693056106567
81,175,0.011297625489532948
25,155,0.011273236013948917
11,156,0.011272975243628025
72,175,0.011269866488873959
39,106,0.01125471293926239
64,98,0.011254506185650826
63,153,0.011247264221310616
53,66,0.01124573778361082
11,135,0.011238190345466137
25,145,0.011232702061533928
75,107,0.011224194429814816
25,160,0.011217682622373104
5,169,0.01120881550014019
64,104,0.01120791770517826
50,96,0.011207230389118195
69,151,0.011204087175428867
48,140,0.011195051483809948
79,152,0.0111948037520051
57,173,0.011176629923284054
30,56,0.01116983313113451
53,175,0.01116950623691082
16,117,0.01116856373846531
32,173,0.011164231225848198
25,118,0.011163361370563507
14,91,0.01115956250578165
61,91,0.01115246582776308
35,65,0.011143561452627182
61,52,0.01114289928227663
34,60,0.011137988418340683
8,161,0.011121682822704315
14,77,0.011120392940938473
30,102,0.011115480214357376
12,119,0.01110492367297411
82,161,0.011100959964096546
18,91,0.011095669120550156
32,148,0.011085492558777332
42,155,0.011075654067099094
18,175,0.011074415408074856
74,171,0.011069090105593204
28,171,0.011066109873354435
49,63,0.011064018122851849
17,156,0.011062880046665668
81,170,0.011058676056563854
13,148,0.011057795956730843
77,155,0.0110431257635355
45,118,0.011039367876946926
22,136,0.011025299318134785
80,60,0.011023386381566525
87,164,0.011022928170859814
0,24,0.011022143997251987
80,177,0.011011882685124874
10,149,0.011010781861841679
64,48,0.010997699573636055
6,153,0.010991389863193035
66,71,0.010966897942125797
16,55,0.010956631042063236
74,161,0.010947665199637413
28,161,0.010947246104478836
58,71,0.010946348309516907
80,156,0.010944359935820103
4,66,0.010943896137177944
9,68,0.010942584834992886
39,63,0.010936842299997807
61,151,0.010934836231172085
42,63,0.010931882075965405
41,114,0.010925083421170712
49,102,0.010923681780695915
19,128,0.010921569541096687
69,53,0.010903947055339813
31,171,0.010900687426328659
38,164,0.01089596375823021
58,118,0.010891725309193134
40,157,0.010890938341617584
7,46,0.0108877494931221
79,111,0.010884278453886509
5,160,0.010882502421736717
13,101,0.010877699591219425
51,135,0.010874119587242603
35,135,0.010871360078454018
62,136,0.01086698193103075
41,58,0.010859901085495949
62,102,0.010859552770853043
56,70,0.010859327390789986
18,178,0.010857217013835907
69,77,0.010856233537197113
11,138,0.01085620280355215
72,149,0.010843941010534763
40,117,0.010840586386620998
14,60,0.01083308830857277
77,146,0.01082660537213087
75,152,0.010825329460203648
2,26,0.010823506861925125
49,123,0.010821204632520676
53,149,0.010820250026881695
14,56,0.010807676240801811
57,149,0.010795250535011292
82,153,0.010794776491820812
80,137,0.01079398300498724
19,98,0.010783310979604721
74,153,0.01078244112432003
57,69,0.010781093500554562
28,153,0.01077846996486187
19,58,0.01077320333570242
9,119,0.01076568104326725
54,71,0.010755954310297966
10,175,0.01073005422949791
57,170,0.010720320045948029
66,119,0.01071736216545105
41,102,0.010717164725065231
5,174,0.010713353753089905
22,156,0.01071037258952856
52,57,0.010709053836762905
38,139,0.010709003545343876
16,145,0.010688487440347672
70,174,0.010685719549655914
79,35,0.010680322535336018
34,151,0.010679244063794613
48,125,0.010679153725504875
14,52,0.010674961842596531
12,98,0.010664170607924461
58,129,0.010662405751645565
39,132,0.010659901425242424
77,102,0.010659477673470974
58,117,0.010658558458089828
22,60,0.010656893253326416
86,136,0.01065596379339695
53,69,0.010654546320438385
44,148,0.010652520693838596
64,91,0.010636797174811363
1,71,0.01063601579517126
3,71,0.01063601579517126
23,71,0.01063601579517126
26,71,0.01063601579517126
88,71,0.01063601579517126
41,121,0.010633431375026703
52,114,0.01063304953277111
37,77,0.010621057823300362
69,156,0.010616758838295937
7,63,0.010611341334879398
52,94,0.010609829798340797
17,137,0.010608888231217861
52,121,0.010607562027871609
58,64,0.010593959130346775
12,123,0.010589411482214928
33,35,0.010585390962660313
84,100,0.010573002509772778
48,23,0.01056770607829094
60,148,0.010546522215008736
14,151,0.010543572716414928
86,65,0.010537241585552692
42,73,0.010534049943089485
32,175,0.0105337118729949
62,135,0.010532871820032597
64,100,0.010531112551689148
83,103,0.010524779558181763
70,92,0.010524268262088299
24,161,0.010515457950532436
18,156,0.01051341462880373
69,137,0.01049789972603321
64,139,0.01049639843404293
18,151,0.010495764203369617
84,119,0.01048306468874216
32,149,0.010480744764208794
72,60,0.010470869950950146
60,69,0.010462438687682152
31,161,0.010462054051458836
80,136,0.010459116660058498
87,129,0.010456467978656292
44,69,0.010455287992954254
66,97,0.01044565811753273
61,156,0.010442079976201057
54,107,0.010436898097395897
70,107,0.010436095297336578
2,83,0.01043411623686552
4,53,0.010432408191263676
86,135,0.010424677282571793
42,137,0.010414239019155502
24,153,0.010411133989691734
43,163,0.010407867841422558
5,118,0.010407311841845512
34,56,0.010404753498733044
77,91,0.010401583276689053
79,55,0.010380816645920277
80,152,0.010379415936768055
80,107,0.010373270139098167
25,174,0.010371709242463112
56,53,0.010363886132836342
45,107,0.010362189263105392
48,3,0.010356944054365158
64,116,0.01034952700138092
48,4,0.010349156334996223
86,155,0.010347798466682434
6,148,0.010347764939069748
58,91,0.010339388623833656
57,175,0.010337582789361477
40,119,0.01033591479063034
1,107,0.010335046797990799
3,107,0.010335046797990799
23,107,0.010335046797990799
26,107,0.010335046797990799
88,107,0.010335046797990799
43,102,0.010331472381949425
34,53,0.010329351760447025
8,175,0.01032602321356535
51,145,0.01032330933958292
42,38,0.010312591679394245
16,50,0.010308723896741867
73,111,0.010308509692549706
44,173,0.010304827243089676
31,153,0.010304627940058708
73,64,0.010295606218278408
79,102,0.010295426473021507
37,112,0.010294478386640549
39,95,0.010290009900927544
55,149,0.010282902978360653
13,173,0.010282806120812893
10,52,0.010282049886882305
16,94,0.010275127366185188
41,178,0.010258329100906849
84,106,0.010256526991724968
43,132,0.010251943953335285
52,104,0.010250421240925789
73,157,0.010248810052871704
54,97,0.010241759940981865
48,7,0.010239377617835999
40,104,0.010238545946776867
48,2,0.010237695649266243
32,170,0.010231532156467438
76,152,0.01023105438798666
73,97,0.01022201869636774
16,61,0.010216299444437027
52,111,0.010207242332398891
80,53,0.010206221602857113
66,107,0.010195644572377205
45,129,0.010192795656621456
17,152,0.010185466147959232
54,119,0.010178474709391594
22,152,0.010173003189265728
75,138,0.010172777809202671
4,151,0.010166988708078861
1,97,0.010166974738240242
3,97,0.010166974738240242
23,97,0.010166974738240242
26,97,0.010166974738240242
88,97,0.010166974738240242
87,114,0.010161222890019417
25,68,0.01016023475676775
1,119,0.010143923573195934
3,119,0.010143923573195934
23,119,0.010143923573195934
26,119,0.010143923573195934
88,119,0.010143923573195934
58,150,0.010142607614398003
9,57,0.010142162442207336
79,138,0.010140988975763321
63,69,0.010131717659533024
83,127,0.010126128792762756
25,146,0.010120274499058723
14,177,0.010100074112415314
51,55,0.010093778371810913
79,61,0.010091405361890793
60,173,0.010088976472616196
2,33,0.010087919421494007
11,35,0.010081736370921135
42,24,0.010079381056129932
61,137,0.010071985423564911
75,111,0.01007042545825243
63,148,0.010070244781672955
74,69,0.010060951113700867
73,94,0.010058131068944931
30,145,0.010057385079562664
28,69,0.010056882165372372
60,149,0.01005640346556902
2,147,0.010054978542029858
25,57,0.010054124519228935
13,149,0.010050233453512192
13,69,0.01004164107143879
11,118,0.010038115084171295
42,127,0.010026270523667336
20,140,0.010019808076322079
66,128,0.010018402710556984
48,118,0.010014232248067856
53,60,0.010008069686591625
79,136,0.009999177418649197
34,52,0.009992429986596107
14,53,0.00999198667705059
39,46,0.009989388287067413
81,151,0.00998730305582285
4,77,0.00998096913099289
18,66,0.009979518130421638
52,128,0.009975165128707886
11,61,0.009968453086912632
19,100,0.009967478923499584
22,138,0.009966589510440826
77,160,0.009965281002223492
7,99,0.009965229779481888
0,101,0.009962093085050583
4,56,0.009959976188838482
34,156,0.0099545419216156
86,35,0.009954363107681274
8,178,0.00995044969022274
69,107,0.009950303472578526
44,149,0.00992801133543253
75,65,0.009921170771121979
69,152,0.00992021057754755
81,60,0.00991756934672594
70,56,0.009914807043969631
41,177,0.00991279911249876
30,101,0.009911695495247841
34,91,0.00990829337388277
41,119,0.009903570637106895
25,169,0.009895638562738895
72,66,0.009891574271023273
11,60,0.009890262968838215
2,152,0.009887013584375381
27,47,0.009875653311610222
72,77,0.009874925948679447
13,170,0.009872185066342354
8,151,0.00987154245376587
63,173,0.00987132266163826
10,56,0.009866807609796524
14,156,0.009861205704510212
66,157,0.009859845973551273
22,102,0.009857062250375748
37,46,0.00984049029648304
62,138,0.009832469746470451
22,53,0.00983151700347662
73,116,0.009819581173360348
16,146,0.009808511473238468
54,157,0.00980724673718214
82,148,0.009806464426219463
56,47,0.00980285368859768
22,94,0.009801806882023811
56,173,0.009796458296477795
51,102,0.009793475270271301
49,119,0.009790049865841866
61,77,0.00978682842105627
70,28,0.009782153181731701
6,101,0.00977245345711708
9,114,0.009771516546607018
9,116,0.009761334396898746
86,116,0.009756077080965042
9,121,0.009744088165462017
42,170,0.009740118868649006
0,130,0.009735760278999805
79,50,0.009735442698001862
54,88,0.00973215140402317
1,157,0.009731843136250973
3,157,0.009731843136250973
23,157,0.009731843136250973
26,157,0.009731843136250973
88,157,0.009731843136250973
61,152,0.009731742553412914
54,101,0.009729959070682526
43,84,0.009728614240884781
16,102,0.009727107360959053
30,155,0.009722239337861538
80,138,0.009714337065815926
15,147,0.00971120037138462
87,35,0.009694421663880348
79,177,0.009693785570561886
38,150,0.009687859565019608
59,188,0.009684721007943153
70,127,0.009671353735029697
72,53,0.009670211933553219
10,69,0.009663610719144344
2,71,0.009659180417656898
6,173,0.00965619832277298
81,101,0.009655782952904701
51,61,0.009640401229262352
44,170,0.009626375511288643
33,99,0.009625175967812538
70,30,0.009623848833143711
12,100,0.009620940312743187
44,175,0.009620935656130314
76,138,0.00961308367550373
1,101,0.009608226828277111
3,101,0.009608226828277111
23,101,0.009608226828277111
26,101,0.009608226828277111
88,101,0.009608226828277111
79,135,0.009601309895515442
77,174,0.00959427934139967
27,124,0.009591139853000641
8,156,0.009586013853549957
56,60,0.009571569040417671
1,88,0.009565983898937702
3,88,0.009565983898937702
23,88,0.009565983898937702
26,88,0.009565983898937702
88,88,0.009565983898937702
22,117,0.009561530314385891
77,169,0.009560325182974339
40,128,0.009546613320708275
14,137,0.00953863188624382
8,137,0.009534834884107113
17,107,0.009532938711345196
64,58,0.009527902118861675
22,77,0.009526794776320457
4,156,0.009518138132989407
13,175,0.009510763920843601
49,106,0.009505266323685646
77,71,0.00949972402304411
51,50,0.009496956132352352
11,116,0.009492875076830387
53,56,0.009491651318967342
60,175,0.009482761844992638
60,170,0.009482111781835556
51,146,0.009477231651544571
16,177,0.009472823701798916
52,98,0.009471614845097065
17,77,0.009470339864492416
35,55,0.009468886069953442
40,121,0.009463525377213955
54,52,0.00946332048624754
34,152,0.009460438042879105
62,137,0.009456136263906956
16,155,0.009452460333704948
25,88,0.009450456127524376
79,117,0.009444552473723888
34,137,0.00944317877292633
75,136,0.009441684000194073
87,121,0.009440516121685505
77,117,0.00943363830447197
80,65,0.009421342983841896
31,69,0.009414305910468102
86,71,0.009407291188836098
63,149,0.00940284039825201
82,69,0.009400317445397377
17,65,0.0093885138630867
7,134,0.009387494064867496
32,60,0.009385352022945881
53,91,0.009381740354001522
87,123,0.009368915110826492
62,56,0.009364662691950798
12,128,0.009364485740661621
35,145,0.009356707334518433
70,63,0.009354251436889172
6,149,0.009351873770356178
22,65,0.009345506317913532
14,152,0.00934218242764473
1,52,0.0093417102470994
3,52,0.0093417102470994
23,52,0.0093417102470994
26,52,0.0093417102470994
88,52,0.0093417102470994
72,151,0.009341021999716759
33,132,0.00934034213423729
54,128,0.009337902069091797
35,61,0.009334907867014408
18,138,0.009324805811047554
11,55,0.009314306080341339
6,69,0.009313210844993591
1,128,0.009312348440289497
3,128,0.009312348440289497
23,128,0.009312348440289497
26,128,0.009312348440289497
88,128,0.009312348440289497
50,109,0.009311552159488201
19,123,0.0093085877597332
4,52,0.009307448752224445
81,53,0.009305937215685844
81,65,0.009297939017415047
61,65,0.009296468459069729
82,173,0.009293995797634125
22,135,0.009280347265303135
24,148,0.009274040348827839
41,98,0.009273303672671318
70,169,0.009272616356611252
24,69,0.009266209788620472
74,149,0.009262174367904663
53,52,0.00926047284156084
69,65,0.009258857928216457
17,138,0.009258853271603584
9,128,0.009258442558348179
49,128,0.00925777293741703
76,65,0.009255368262529373
28,149,0.009254826232790947
45,150,0.009251438081264496
5,139,0.009247706271708012
30,160,0.009240823797881603
60,101,0.00923637580126524
18,174,0.009230993688106537
69,136,0.009226921014487743
76,35,0.009226489812135696
70,145,0.009226332418620586
63,175,0.009226161986589432
7,54,0.00922462809830904
6,170,0.00922030583024025
70,10,0.009219975210726261
43,179,0.009219112806022167
53,151,0.0092131607234478
5,77,0.009205902926623821
38,35,0.00920180231332779
82,149,0.0092000812292099
4,65,0.00919914711266756
53,53,0.009193490259349346
69,138,0.00918833538889885
25,107,0.0091866385191679
32,151,0.009182112291455269
9,94,0.009177831932902336
74,148,0.00917749386280775
25,150,0.009177315980196
28,148,0.009174298495054245
55,22,0.009172131307423115
61,107,0.009166672825813293
42,171,0.009164134971797466
72,56,0.00916308257728815
70,126,0.009160230867564678
49,46,0.009158231317996979
30,104,0.009153234772384167
86,55,0.009147312492132187
42,107,0.009142912924289703
63,170,0.009140719659626484
4,152,0.00913968775421381
53,77,0.00913391076028347
62,101,0.009132517501711845
44,101,0.009120624512434006
58,68,0.009119171649217606
48,189,0.009118659421801567
70,108,0.009116923436522484
8,104,0.00911547988653183
73,68,0.009112061001360416
84,128,0.00911200512200594
66,101,0.009108114056289196
75,135,0.00908489990979433
58,97,0.009083161130547523
80,135,0.009076310321688652
66,52,0.009073860943317413
52,139,0.009071264415979385
34,65,0.00906810536980629
30,146,0.00906689278781414
11,53,0.009061615914106369
24,149,0.009051174856722355
14,107,0.009048130363225937
73,178,0.00902445800602436
10,151,0.009022530168294907
35,116,0.009022394195199013
66,121,0.009022018872201443
51,77,0.009019993245601654
27,34,0.009010301902890205
52,123,0.009007953107357025
74,173,0.008996470831334591
28,173,0.008996364660561085
2,146,0.008995315060019493
45,117,0.008993865922093391
51,155,0.008988121524453163
83,47,0.008987233974039555
18,136,0.008978947065770626
45,104,0.008977839723229408
75,55,0.008964608423411846
46,113,0.008954579010605812
57,151,0.008950376883149147
25,101,0.008943899534642696
81,156,0.008938884362578392
76,117,0.008938867598772049
81,152,0.008935142308473587
48,63,0.008934157900512218
31,148,0.008933056145906448
81,55,0.00892346166074276
42,56,0.008922749198973179
6,175,0.008915313519537449
53,177,0.008898850530385971
55,188,0.008894066326320171
40,114,0.008873644284904003
39,134,0.008870654739439487
14,136,0.008870487101376057
35,50,0.008863476105034351
49,133,0.008860590867698193
38,118,0.008859790861606598
10,60,0.00885717011988163
31,149,0.008855168707668781
48,6,0.008854135870933533
30,174,0.008852202445268631
14,65,0.008851277641952038
56,143,0.008842727169394493
4,91,0.008836306631565094
61,138,0.00883471965789795
64,46,0.008829614147543907
32,53,0.00882907584309578
38,48,0.00882237683981657
75,117,0.008813103660941124
64,123,0.008807078935205936
5,129,0.008806212805211544
61,177,0.008805871941149235
34,136,0.008799148723483086
82,170,0.00879443809390068
58,157,0.00877902191132307
57,60,0.008777283132076263
75,77,0.008772119879722595
10,77,0.008762099780142307
87,64,0.008760625496506691
5,150,0.008748596534132957
80,102,0.008744793012738228
52,100,0.008743523620069027
77,118,0.008743491023778915
38,102,0.008731270208954811
30,107,0.008730845525860786
82,101,0.008720283396542072
75,145,0.008716294541954994
72,156,0.008715140633285046
1,80,0.00871176365762949
3,80,0.00871176365762949
23,80,0.00871176365762949
26,80,0.00871176365762949
88,80,0.00871176365762949
24,173,0.00870934221893549
25,71,0.008692319504916668
82,175,0.008689776062965393
83,35,0.008684815838932991
32,65,0.008681056089699268
45,97,0.008676260709762573
5,97,0.008674624375998974
17,136,0.008673356845974922
4,137,0.008672057650983334
53,156,0.008670594543218613
86,50,0.008669737726449966
17,55,0.008666467852890491
73,119,0.008651209063827991
30,64,0.008642364293336868
72,65,0.008637147955596447
9,123,0.008635621517896652
76,145,0.008635086938738823
42,174,0.00863399263471365
56,148,0.00862753763794899
34,107,0.008626743219792843
40,98,0.008621972985565662
54,121,0.008621214888989925
18,107,0.008620437234640121
54,80,0.008619825355708599
35,146,0.008618501015007496
31,173,0.00861282367259264
56,25,0.00861029140651226
9,98,0.008608524687588215
18,52,0.0086074098944664
30,129,0.008602394722402096
51,116,0.008601549081504345
11,50,0.008601288311183453
74,175,0.008599137887358665
28,175,0.008598308078944683
37,95,0.008597739040851593
30,52,0.008583914488554
66,88,0.00857997965067625
1,121,0.008572847582399845
3,121,0.008572847582399845
23,121,0.008572847582399845
26,121,0.008572847582399845
88,121,0.008572847582399845
52,58,0.008571461774408817
34,138,0.008566341362893581
69,177,0.008561252616345882
10,137,0.008555871434509754
80,55,0.008551746606826782
76,136,0.00855065044015646
41,128,0.008550586178898811
81,136,0.008550375699996948
24,101,0.008550351485610008
61,136,0.008550327271223068
38,97,0.008536647073924541
37,134,0.008534633554518223
68,178,0.008533947169780731
30,118,0.008530966006219387
12,178,0.008529720827937126
14,138,0.008524229750037193
9,111,0.00852188840508461
57,66,0.008518464863300323
61,55,0.008513133972883224
4,55,0.008511004969477654
72,52,0.008506652899086475
18,104,0.008505679666996002
41,130,0.008503668941557407
79,145,0.00849913526326418
64,94,0.008498930372297764
62,164,0.008498677052557468
54,117,0.008496603928506374
25,119,0.008492134511470795
81,102,0.008476690389215946
69,135,0.008476181887090206
25,97,0.008472992107272148
86,61,0.008463102392852306
79,94,0.008461887016892433
10,107,0.008461314253509045
73,114,0.008457791060209274
10,156,0.00845240242779255
86,169,0.008451930247247219
35,77,0.008448646403849125
20,136,0.008446461521089077
32,55,0.00844025332480669
41,100,0.008433285169303417
30,169,0.008431495167315006
75,50,0.008430673740804195
17,135,0.008411497808992863
72,152,0.00840712059289217
1,117,0.008401294238865376
3,117,0.008401294238865376
23,117,0.008401294238865376
26,117,0.008401294238865376
88,117,0.008401294238865376
84,133,0.008400297723710537
77,64,0.0083972392603755
34,55,0.008385277353227139
73,104,0.008383318781852722
69,55,0.008375386707484722
56,150,0.00837425421923399
8,136,0.0083694439381361
83,49,0.008363925851881504
80,111,0.008363316766917706
7,49,0.00836197193711996
70,146,0.008358821272850037
16,116,0.008355257101356983
44,60,0.008353590033948421
58,178,0.008352626115083694
51,71,0.008352005854249
73,121,0.008350766263902187
41,57,0.008347067050635815
38,64,0.008346490561962128
76,135,0.008339847438037395
44,151,0.008339200168848038
60,151,0.008334162645041943
8,138,0.008329832926392555
75,61,0.008322985842823982
63,101,0.008321458473801613
81,61,0.008318791165947914
5,157,0.008301740512251854
81,50,0.00829918123781681
76,94,0.008294351398944855
39,54,0.008293363265693188
66,117,0.0082897013053298
69,111,0.008286557160317898
25,52,0.008285922929644585
24,170,0.008279389701783657
57,56,0.00827181339263916
53,137,0.008270741440355778
74,170,0.008259984664618969
28,170,0.008258781395852566
66,98,0.008258480578660965
66,114,0.008243267424404621
13,151,0.00823079515248537
32,156,0.008230638690292835
16,71,0.00823039747774601
70,134,0.008225358091294765
41,123,0.008224226534366608
77,129,0.008221913129091263
24,175,0.008221687749028206
32,152,0.008220327086746693
32,101,0.008208679966628551
35,155,0.008195534348487854
83,99,0.008190245367586613
53,152,0.008186299353837967
52,48,0.008184402249753475
31,175,0.008184242993593216
4,136,0.008181874640285969
76,55,0.008174244314432144
61,135,0.008158246986567974
57,53,0.008152472786605358
86,174,0.008150595240294933
17,50,0.008145878091454506
12,57,0.008144961670041084
25,157,0.008144218474626541
62,104,0.008144091814756393
11,129,0.00814136117696762
5,164,0.008138800971210003
34,135,0.008132478222250938
63,60,0.008122449740767479
16,118,0.00812132004648447
57,156,0.008115622214972973
35,118,0.008096643723547459
37,54,0.008096299134194851
10,53,0.008095472119748592
18,152,0.008094771765172482
86,160,0.00808114092797041
81,56,0.00808082427829504
2,151,0.008078064769506454
22,55,0.008074264042079449
1,82,0.008071950636804104
3,82,0.008071950636804104
23,82,0.008071950636804104
26,82,0.008071950636804104
88,82,0.008071950636804104
54,114,0.008059727028012276
7,103,0.008059471845626831
43,141,0.008055145852267742
14,55,0.008053576573729515
60,60,0.00804210640490055
13,66,0.008035418577492237
45,178,0.008032439276576042
14,135,0.008031219244003296
31,170,0.008029548451304436
4,61,0.008019774220883846
40,100,0.008013726212084293
13,60,0.008013350889086723
80,61,0.008007769472897053
1,114,0.008003607392311096
3,114,0.008003607392311096
23,114,0.008003607392311096
26,114,0.008003607392311096
88,114,0.008003607392311096
72,55,0.007990602403879166
80,50,0.007985115982592106
72,91,0.007983038201928139
9,100,0.007982680574059486
61,50,0.00798049382865429
64,112,0.007979580201208591
17,61,0.00797240436077118
54,82,0.00796988233923912
57,65,0.007968761958181858
66,80,0.007957356050610542
40,48,0.00795635487884283
57,152,0.007956129498779774
0,42,0.007954461500048637
63,151,0.007954186759889126
70,71,0.007953867316246033
4,50,0.007953645661473274
38,58,0.007953066378831863
2,144,0.007951256819069386
87,98,0.0079405028373003
75,146,0.007940303534269333
22,177,0.007939338684082031
72,137,0.007937498390674591
4,107,0.007931957952678204
53,65,0.007922695949673653
61,61,0.007914169691503048
4,138,0.007902109064161777
17,177,0.007881227880716324
87,119,0.007876651361584663
10,152,0.00787362176924944
7,51,0.007868576794862747
54,98,0.007866681553423405
4,102,0.007863548584282398
76,146,0.00786216463893652
55,26,0.007858364842832088
75,94,0.007857420481741428
87,68,0.007854974828660488
18,145,0.00785213615745306
57,136,0.007850264199078083
59,187,0.007848087698221207
17,145,0.00784466601908207
32,50,0.007844412699341774
69,61,0.007840342819690704
69,50,0.007839133962988853
34,50,0.007835074327886105
42,92,0.007834088057279587
71,20,0.007831178605556488
69,102,0.00782621931284666
77,150,0.007826194167137146
58,119,0.007823806256055832
80,117,0.007823484018445015
1,98,0.007822996005415916
3,98,0.007822996005415916
23,98,0.007822996005415916
26,98,0.007822996005415916
88,98,0.007822996005415916
71,100,0.007816653698682785
30,66,0.007807835005223751
14,102,0.007806893903762102
22,61,0.007805380038917065
58,104,0.007796204183250666
44,53,0.007790717761963606
32,61,0.007786207366734743
34,61,0.007786008529365063
66,100,0.007778125815093517
8,174,0.007777127902954817
73,57,0.0077728573232889175
42,30,0.007767621893435717
58,57,0.007763801142573357
44,65,0.007754062302410603
81,135,0.007752422243356705
8,152,0.007747376337647438
45,128,0.007743143476545811
35,71,0.007737416308373213
79,146,0.007728375028818846
60,65,0.0077239335514605045
13,56,0.0077226110734045506
10,136,0.007719132583588362
11,77,0.007716573309153318
71,53,0.00770967872813344
53,107,0.007709124591201544
19,112,0.007708044722676277
6,151,0.0077069648541510105
25,128,0.007706177420914173
16,160,0.007702830713242292
76,50,0.007699340581893921
5,58,0.007693914230912924
4,135,0.0076855202205479145
38,157,0.007683028932660818
60,102,0.007679321803152561
45,119,0.007671833503991365
64,63,0.0076715899631381035
74,151,0.007670598570257425
28,151,0.007667957339435816
32,136,0.007666161749511957
57,102,0.007659123279154301
76,61,0.0076580652967095375
30,178,0.007657572161406279
57,52,0.007655137684196234
70,58,0.007641634903848171
51,118,0.007641002535820007
69,117,0.007637524511665106
79,71,0.00762924226000905
37,132,0.007628459017723799
74,102,0.007628046907484531
75,155,0.007627957500517368
81,137,0.0076202331110835075
17,111,0.007614685222506523
28,102,0.007613226305693388
54,66,0.007610538508743048
82,151,0.007600594777613878
30,71,0.0075948177836835384
25,80,0.0075896186754107475
50,113,0.007582976948469877
63,53,0.007579869590699673
39,177,0.007577815093100071
32,102,0.007571707013994455
72,136,0.007570317015051842
58,116,0.007565152365714312
36,34,0.0075597986578941345
16,169,0.007557240780442953
34,102,0.007556143216788769
14,61,0.007554924581199884
42,134,0.007539273239672184
72,61,0.007534532807767391
31,101,0.007532728835940361
71,140,0.007528320886194706
72,102,0.007520205806940794
6,60,0.007519821170717478
14,50,0.007519668433815241
18,56,0.007519558072090149
22,50,0.007516700774431229
63,65,0.007516017649322748
10,111,0.007515082601457834
79,77,0.0075148725882172585
81,138,0.007514641620218754
60,53,0.00751181785017252
44,156,0.0075069633312523365
35,177,0.007505358196794987
42,169,0.007502328604459763
22,145,0.007496504113078117
1,66,0.007487746421247721
3,66,0.007487746421247721
23,66,0.007487746421247721
26,66,0.007487746421247721
88,66,0.007487746421247721
16,174,0.007486987859010696
53,136,0.00747973145917058
19,130,0.007479699794203043
49,57,0.007464111782610416
75,102,0.007462472654879093
79,155,0.007459626998752356
62,107,0.007453097961843014
44,152,0.007452163379639387
80,145,0.007451919838786125
72,50,0.0074517326429486275
54,100,0.007445820607244968
76,155,0.007444425020366907
52,112,0.007442547474056482
13,156,0.0074386633932590485
69,145,0.007434919010847807
60,152,0.007434594910591841
64,54,0.007432831916958094
17,117,0.007432273123413324
13,53,0.007430946454405785
60,156,0.007430496625602245
84,112,0.007429164368659258
74,65,0.007419135887175798
28,65,0.00741680758073926
60,136,0.0074159614741802216
44,102,0.00741448812186718
57,137,0.0074063753709197044
1,100,0.007405614480376244
3,100,0.007405614480376244
23,100,0.007405614480376244
26,100,0.007405614480376244
88,100,0.007405614480376244
10,138,0.007405102252960205
57,91,0.007404320873320103
27,49,0.007401581387966871
42,28,0.007397363893687725
64,111,0.007395501714199781
12,112,0.0073946514166891575
64,95,0.007392579223960638
30,150,0.007389935199171305
8,91,0.007379654794931412
40,139,0.007378302980214357
9,139,0.007377559784799814
57,55,0.007375262677669525
73,139,0.007369292434304953
73,123,0.007367272395640612
73,128,0.007366976235061884
13,65,0.007363703101873398
62,52,0.00735916243866086
9,58,0.007355188950896263
42,58,0.007354328874498606
18,146,0.007344219833612442
53,138,0.007333087269216776
61,145,0.007331386674195528
18,111,0.007330575026571751
25,82,0.0073235235176980495
45,157,0.007319185417145491
44,55,0.007315953262150288
13,152,0.007315929513424635
25,117,0.007308200001716614
42,71,0.007307377178221941
62,118,0.0073058693669736385
13,136,0.00730446120724082
40,91,0.007299021352082491
40,116,0.007298261392861605
49,54,0.00729331886395812
28,60,0.007292974274605513
13,102,0.0072914413176476955
74,60,0.007290022913366556
58,121,0.007289367727935314
82,60,0.007288625929504633
30,68,0.007281063590198755
42,145,0.007275812327861786
24,151,0.0072738355956971645
74,101,0.007271735463291407
62,145,0.007268108893185854
60,55,0.007268087938427925
64,49,0.00726460013538599
28,101,0.007262262515723705
31,151,0.007257887162268162
22,116,0.0072575402446091175
72,138,0.007255228701978922
72,107,0.007253363728523254
56,160,0.007246808614581823
45,48,0.00724220322445035
38,129,0.007228231988847256
73,98,0.0072228750213980675
61,102,0.00721342395991087
44,136,0.007207249291241169
53,55,0.0072053829208016396
6,66,0.007191602140665054
12,133,0.007190138101577759
44,56,0.007189089432358742
61,111,0.007187490817159414
32,56,0.007186037488281727
9,112,0.007183887530118227
58,94,0.0071786860935389996
70,106,0.007174992933869362
13,52,0.007174014579504728
39,51,0.007171281147748232
19,104,0.007170857395976782
66,82,0.007165383081883192
24,102,0.007164440117776394
77,97,0.007159133907407522
60,56,0.007155935280025005
63,156,0.00715457322075963
11,145,0.00714851263910532
58,114,0.007146232761442661
66,66,0.007143972907215357
38,68,0.007142951246351004
62,129,0.007142065558582544
50,125,0.007137100212275982
25,121,0.0071326070465147495
14,111,0.0071291131898760796
51,160,0.007128866855055094
63,55,0.007127800490707159
81,66,0.007121951784938574
51,169,0.007119942456483841
63,152,0.007119163405150175
16,129,0.007118334528058767
31,102,0.007117812056094408
17,146,0.00711600249633193
72,135,0.007114856969565153
74,55,0.0071071842685341835
61,117,0.007106134667992592
42,126,0.00710593955591321
28,55,0.007105912547558546
32,135,0.007097812835127115
52,132,0.00708318967372179
87,100,0.0070831491611897945
77,68,0.007079210132360458
8,66,0.0070663741789758205
83,124,0.007059531752020121
10,65,0.007058358751237392
71,131,0.007047503255307674
63,102,0.0070440699346363544
13,91,0.0070418124087154865
79,118,0.007041289005428553
56,38,0.007036860100924969
6,56,0.007031853776425123
62,155,0.0070192995481193066
42,10,0.007015218958258629
51,174,0.007011635694652796
67,96,0.007009013555943966
86,102,0.007009010296314955
70,133,0.007008731830865145
56,24,0.0069960025139153
17,155,0.006994863040745258
2,171,0.006986271124333143
9,132,0.006984672974795103
37,51,0.00698177982121706
22,118,0.006980606354773045
80,94,0.006980464328080416
86,77,0.006977235432714224
68,34,0.0069707403890788555
6,53,0.006966704502701759
57,138,0.006963267922401428
6,156,0.006962885148823261
8,107,0.006952846422791481
57,61,0.0069491867907345295
66,123,0.006947827525436878
40,58,0.006944169756025076
45,46,0.006940073799341917
17,102,0.006937560625374317
73,58,0.00693470286205411
57,135,0.006932144984602928
30,117,0.00692985812202096
81,52,0.006928978022187948
0,94,0.00692481966689229
42,106,0.0069187358021736145
76,71,0.0069158305414021015
74,136,0.006915410980582237
32,137,0.006912870332598686
28,136,0.006907899864017963
53,135,0.006907707080245018
58,111,0.006906316615641117
57,107,0.006890978664159775
77,111,0.0068892198614776134
82,65,0.006888160016387701
31,65,0.006885492242872715
42,108,0.006883705500513315
45,121,0.006880186032503843
22,146,0.006879332475364208
58,128,0.006877173203974962
14,117,0.006871840450912714
74,152,0.006868310272693634
28,152,0.006865818984806538
32,138,0.006861506029963493
44,61,0.006858491338789463
40,46,0.006852802820503712
28,53,0.0068504707887768745
74,53,0.006847703363746405
57,50,0.006846591830253601
75,71,0.006845336407423019
36,78,0.006842238362878561
60,61,0.006841052323579788
5,114,0.0068392581306397915
31,60,0.006837314926087856
39,49,0.006835715379565954
6,152,0.00682228384539485
71,95,0.006821250077337027
6,65,0.006818602327257395
35,129,0.006811985280364752
45,91,0.006811701692640781
20,41,0.006808972451835871
62,66,0.006806383840739727
13,137,0.00680195027962327
80,146,0.006798129994422197
82,53,0.006791227962821722
40,123,0.006790768355131149
84,57,0.00679022166877985
19,46,0.0067868842743337154
63,136,0.006784161552786827
44,50,0.006782963871955872
1,81,0.006781813222914934
3,81,0.006781813222914934
23,81,0.006781813222914934
26,81,0.006781813222914934
88,81,0.006781813222914934
13,55,0.0067798481322824955
82,156,0.006779790855944157
2,93,0.006766459438949823
18,155,0.006765010766685009
69,146,0.006763450335711241
53,61,0.006759389769285917
10,135,0.006756179966032505
66,112,0.006751778069883585
5,123,0.006745257880538702
63,56,0.006744711194187403
24,136,0.006741571705788374
55,176,0.006740407086908817
82,152,0.006739605683833361
44,66,0.006737933028489351
77,157,0.006736484821885824
8,145,0.006733485963195562
34,145,0.006732504349201918
24,65,0.006730788853019476
73,100,0.00673040933907032
60,50,0.00672950129956007
6,136,0.006729124579578638
53,102,0.006725769490003586
82,102,0.006725594401359558
5,48,0.006723651196807623
82,136,0.006723036523908377
74,156,0.006722778547555208
53,50,0.0067221359349787235
76,102,0.006722040008753538
28,156,0.006721117068082094
54,123,0.006720753852277994
69,94,0.006719025783240795
25,66,0.006716763600707054
48,163,0.006716206669807434
86,118,0.0067148166708648205
24,60,0.006709638051688671
16,164,0.006708395667374134
87,106,0.006696770433336496
54,81,0.006695986725389957
1,123,0.00669573899358511
3,123,0.00669573899358511
23,123,0.00669573899358511
26,123,0.00669573899358511
88,123,0.00669573899358511
80,155,0.006691687740385532
25,114,0.006687805987894535
79,116,0.006687761750072241
14,145,0.006686450447887182
30,97,0.006681062746793032
74,61,0.0066804043017327785
55,153,0.006679948419332504
28,61,0.0066781737841665745
70,117,0.006671072915196419
63,61,0.006669026333838701
55,41,0.0066658551804721355
60,66,0.006665618158876896
11,71,0.006659363862127066
77,94,0.006649271119385958
51,177,0.006646878086030483
61,146,0.00664358539506793
55,9,0.006641480606049299
5,121,0.006641401909291744
56,73,0.006640590261667967
27,78,0.006638662423938513
12,106,0.006625418085604906
8,52,0.006624436471611261
30,57,0.00662062456831336
81,107,0.006613848265260458
75,177,0.006613321602344513
11,146,0.006612103432416916
5,64,0.006611833814531565
63,50,0.006605598144233227
31,136,0.006592291407287121
69,155,0.0065922788344323635
6,102,0.00658345315605402
34,117,0.006575939245522022
64,132,0.006574935745447874
82,56,0.006574050989001989
77,116,0.006573730614036322
9,48,0.006563188973814249
74,50,0.006561886519193649
28,50,0.006560873240232468
44,137,0.006556585896760225
71,23,0.006554340478032827
42,146,0.0065469457767903805
87,128,0.006541278678923845
62,146,0.006536632310599089
22,155,0.006531707476824522
60,135,0.006523231975734234
61,155,0.006521860137581825
31,55,0.006521667819470167
60,137,0.006506152451038361
45,98,0.006504358723759651
18,135,0.006498565431684256
19,95,0.006492968183010817
20,15,0.006491891108453274
51,129,0.006490723229944706
31,152,0.00647215498611331
6,52,0.0064667207188904285
24,152,0.006466368678957224
62,160,0.006463912781327963
44,135,0.006460853852331638
82,55,0.006452927831560373
25,98,0.006448124069720507
86,139,0.0064463126473128796
30,157,0.006445536855608225
58,98,0.00643272465094924
48,99,0.006427301559597254
13,107,0.006427140440791845
87,77,0.006424942519515753
11,123,0.006415363866835833
13,61,0.006412668619304895
76,77,0.006412610877305269
80,118,0.006408215966075659
24,156,0.006407775916159153
31,53,0.006405308376997709
49,112,0.0063968440517783165
11,155,0.006395168136805296
13,135,0.006393323186784983
19,132,0.00639228755608201
13,138,0.006392002571374178
8,56,0.006375615019351244
64,51,0.006375083699822426
31,156,0.006371752824634314
76,116,0.00636893417686224
10,102,0.006363839376717806
62,64,0.006360113155096769
7,127,0.006353101693093777
12,59,0.006348419934511185
75,116,0.006346302572637796
16,97,0.006344306282699108
54,112,0.0063418238423764706
24,56,0.006337368860840797
44,52,0.006334382109344006
60,138,0.006330421660095453
73,48,0.006329815834760666
44,138,0.006328604184091091
1,112,0.006327587645500898
3,112,0.006327587645500898
23,112,0.006327587645500898
26,112,0.006327587645500898
88,112,0.006327587645500898
19,133,0.006322975270450115
10,117,0.006322094239294529
60,52,0.006317824590951204
6,55,0.006308503448963165
6,137,0.006306028459221125
35,160,0.006301987450569868
34,111,0.0062973094172775745
12,132,0.006287607830017805
13,50,0.006282214540988207
24,55,0.006274268496781588
8,135,0.006268768105655909
4,145,0.006265349220484495
24,53,0.006265091244131327
40,112,0.006262242328375578
82,66,0.006258477922528982
10,55,0.006252830848097801
64,133,0.006248956546187401
66,46,0.006246966775506735
8,146,0.006240658927708864
18,60,0.006240017246454954
45,100,0.006239739246666431
86,150,0.006239151116460562
17,94,0.0062318523414433
56,155,0.006226899567991495
41,112,0.0062248194590210915
66,81,0.006222972646355629
6,91,0.00621687201783061
16,150,0.006215787958353758
35,169,0.006209434475749731
75,160,0.006207731086760759
64,130,0.006191611289978027
10,177,0.0061741778627038
8,60,0.0061713955365121365
63,66,0.006168070714920759
63,137,0.00616745138540864
75,169,0.00615933770313859
18,117,0.00615359004586935
5,119,0.006151248700916767
55,0,0.006145709194242954
63,135,0.006143566220998764
31,61,0.006140964105725288
58,139,0.006136129144579172
38,114,0.0061304084956645966
49,51,0.006126902997493744
30,119,0.006125976797193289
18,94,0.006115650292485952
58,123,0.006115525495260954
38,121,0.006114079616963863
79,160,0.00611354922875762
20,149,0.0061105224303901196
16,157,0.006108089815825224
19,63,0.006107893772423267
75,174,0.006104099564254284
52,95,0.006103347521275282
34,146,0.006100808270275593
48,112,0.006100510712713003
25,100,0.006097692064940929
86,164,0.0060974061489105225
45,139,0.006091369781643152
35,174,0.006086236331611872
56,137,0.0060815042816102505
62,174,0.006079677026718855
74,56,0.006073520053178072
75,118,0.006072000600397587
14,146,0.006069405470043421
28,56,0.006069390568882227
5,130,0.0060690538957715034
17,71,0.006069002207368612
22,71,0.006067323032766581
4,117,0.006064787041395903
34,155,0.006063028238713741
74,135,0.006057111080735922
28,135,0.006053426768630743
32,66,0.006053134333342314
82,61,0.006049709394574165
79,169,0.006042086984962225
59,182,0.006040607113391161
71,60,0.006038786377757788
32,52,0.006021732464432716
76,169,0.006016799248754978
31,50,0.006015661638230085
45,114,0.006001211702823639
82,137,0.005991704761981964
14,155,0.0059900605119764805
18,102,0.005983616225421429
8,69,0.00598344299942255
63,138,0.0059817018918693066
31,56,0.005980293266475201
58,100,0.005974615458399057
8,155,0.005970870144665241
82,50,0.005967604927718639
51,164,0.005961842834949493
52,130,0.005958139430731535
24,66,0.005956953391432762
20,187,0.005952592473477125
39,103,0.005946143064647913
61,94,0.005945165175944567
68,78,0.0059446608647704124
79,174,0.005944390315562487
24,61,0.0059412941336631775
38,130,0.005938258953392506
76,160,0.005936463829129934
48,17,0.0059339432045817375
6,138,0.005932601168751717
67,109,0.005930968094617128
14,94,0.005927547346800566
6,61,0.005924825556576252
53,111,0.005919904448091984
60,107,0.005914701148867607
6,135,0.005909567233175039
81,91,0.005908528342843056
77,119,0.005898985080420971
77,57,0.005896035581827164
39,99,0.005892356391996145
82,135,0.00588965555652976
66,95,0.005886646918952465
25,81,0.005884482059627771
8,102,0.0058788638561964035
48,95,0.005876852199435234
10,61,0.00587399723008275
40,94,0.005872733425348997
76,174,0.005870523396879435
51,97,0.005864470731467009
82,52,0.005860941484570503
44,107,0.005859405267983675
41,133,0.005857969168573618
53,117,0.005855628754943609
10,94,0.0058547211810946465
63,52,0.00585335586220026
37,49,0.005849544890224934
79,164,0.005847548134624958
6,50,0.0058418880216777325
86,97,0.005836802534759045
53,145,0.005835693329572678
6,107,0.005828452296555042
45,58,0.005827850196510553
10,50,0.005822986830025911
79,129,0.005817636847496033
58,58,0.005817601457238197
69,118,0.005816412623971701
62,169,0.0058089061640203
25,123,0.0058088237419724464
69,71,0.005797939840704203
9,95,0.005796991754323244
66,48,0.005796510726213455
73,112,0.005795878823846579
59,124,0.005790094844996929
54,116,0.005789120681583881
22,129,0.0057862806133925915
24,50,0.005785208661109209
32,107,0.005784100387245417
45,54,0.0057800463400781155
82,138,0.005778944585472345
10,145,0.005777372512966394
17,160,0.005772211588919163
40,54,0.005770742893218994
84,35,0.005769719369709492
20,177,0.005769292823970318
7,47,0.005764499772340059
55,184,0.005762997083365917
56,127,0.005760112777352333
61,71,0.00575801869854331
55,48,0.005757737439125776
66,49,0.005756934639066458
24,135,0.005753248929977417
49,134,0.005746477283537388
42,133,0.005745725706219673
5,68,0.005742726847529411
38,77,0.0057372357696294785
60,91,0.00573514960706234
35,97,0.005729855503886938
62,117,0.005728472489863634
31,135,0.005726194474846125
62,71,0.0057260640896856785
71,98,0.0057222433388233185
80,116,0.005721616558730602
1,116,0.005719609558582306
3,116,0.005719609558582306
23,116,0.005719609558582306
26,116,0.005719609558582306
88,116,0.005719609558582306
12,177,0.005709541495889425
4,155,0.005709490273147821
12,95,0.00570568535476923
30,91,0.005705344956368208
11,97,0.005702491383999586
80,129,0.005687945522367954
72,145,0.005684022791683674
0,66,0.005682600196450949
74,138,0.005673285573720932
51,150,0.0056726401671767235
28,138,0.00567060150206089
56,170,0.005665906704962254
58,48,0.005664415657520294
24,137,0.0056634461507201195
45,116,0.0056616016663610935
4,146,0.005652142222970724
44,91,0.005651790648698807
17,169,0.005647368263453245
24,52,0.005646463483572006
17,174,0.005642860662192106
40,63,0.005640365183353424
42,117,0.005637934431433678
18,69,0.00563001399859786
77,121,0.005629200022667646
8,53,0.00562784681096673
74,137,0.005625296849757433
18,53,0.005624800454825163
28,137,0.0056230113841593266
66,58,0.005622877739369869
54,48,0.005619465839117765
40,49,0.00561595568433404
55,71,0.005615108646452427
54,95,0.005609230604022741
19,54,0.0056009250693023205
87,59,0.005600590258836746
86,129,0.005600412376224995
80,71,0.00559544051066041
2,82,0.005594291724264622
4,111,0.005593366455286741
1,95,0.005586761049926281
3,95,0.005586761049926281
23,95,0.005586761049926281
26,95,0.005586761049926281
88,95,0.005586761049926281
55,15,0.005575854796916246
5,98,0.005567931104451418
66,116,0.005566679872572422
87,112,0.005565745290368795
14,118,0.005563135724514723
75,164,0.005557395983487368
86,157,0.005556703079491854
1,48,0.005550822243094444
3,48,0.005550822243094444
23,48,0.005550822243094444
26,48,0.005550822243094444
88,48,0.005550822243094444
54,58,0.005544038023799658
34,118,0.005543525330722332
71,136,0.005542461294680834
40,95,0.005540379788726568
51,157,0.005538307595998049
66,132,0.0055377245880663395
24,138,0.005531819071620703
72,117,0.005525317508727312
56,63,0.005522569641470909
54,132,0.005518995691090822
59,184,0.005515273194760084
7,124,0.005513978656381369
1,132,0.0055002132430672646
3,132,0.0055002132430672646
23,132,0.0055002132430672646
26,132,0.0055002132430672646
88,132,0.0055002132430672646
54,46,0.00549278175458312
51,139,0.005490482319146395
17,118,0.005490110255777836
1,58,0.0054892669431865215
3,58,0.0054892669431865215
23,58,0.0054892669431865215
26,58,0.0054892669431865215
88,58,0.0054892669431865215
69,116,0.005482783541083336
17,164,0.005477720871567726
76,118,0.005476962309330702
61,118,0.005472569260746241
81,145,0.005471964832395315
1,46,0.00546026136726141
3,46,0.00546026136726141
23,46,0.00546026136726141
26,46,0.00546026136726141
88,46,0.00546026136726141
77,114,0.00545895379036665
84,63,0.0054583060555160046
31,137,0.005454122554510832
82,107,0.005445064045488834
30,128,0.005437340587377548
30,121,0.005434473976492882
56,107,0.005428161006420851
63,107,0.005427740979939699
34,94,0.005424334201961756
31,138,0.005423732567578554
80,160,0.005422574933618307
38,119,0.005418140906840563
35,157,0.0054171024821698666
81,118,0.005407128017395735
82,91,0.005403429269790649
61,160,0.005391894374042749
56,171,0.005374257918447256
77,178,0.005368974059820175
69,160,0.005366321187466383
48,183,0.005357743706554174
25,112,0.00535437511280179
80,174,0.005340851377695799
45,123,0.0053344061598181725
45,49,0.005331115331500769
52,133,0.005325899459421635
9,80,0.005324449390172958
16,139,0.005319602787494659
62,91,0.005317771341651678
54,91,0.005311834625899792
24,107,0.005307674407958984
24,91,0.005304329562932253
69,174,0.005293155554682016
77,139,0.005287524778395891
38,123,0.005284406244754791
38,98,0.00528331333771348
39,127,0.005283087491989136
11,157,0.005281684920191765
54,139,0.005279966630041599
4,118,0.005275460425764322
61,174,0.005274975206702948
35,139,0.005273944232612848
19,49,0.005272228736430407
53,146,0.005271273199468851
19,59,0.005268653389066458
66,54,0.005258993711322546
9,82,0.005258616525679827
62,57,0.005257140379399061
66,139,0.00525374012067914
16,64,0.005252867937088013
75,129,0.005250050686299801
61,169,0.005249455571174622
31,66,0.005249219015240669
10,146,0.005247426684945822
17,116,0.0052400147542357445
77,128,0.005235361400991678
1,91,0.005232900846749544
3,91,0.005232900846749544
23,91,0.005232900846749544
26,91,0.005232900846749544
88,91,0.005232900846749544
14,71,0.005227574612945318
30,114,0.005218749400228262
69,169,0.005214319564402103
53,155,0.0052139488980174065
62,150,0.005213923752307892
18,160,0.005211426876485348
1,139,0.005209051538258791
3,139,0.005209051538258791
23,139,0.005209051538258791
26,139,0.005209051538258791
88,139,0.005209051538258791
61,164,0.005208075977861881
34,71,0.0052017574198544025
62,68,0.005198400467634201
18,169,0.005193461198359728
62,97,0.005189068149775267
73,132,0.005181361921131611
39,47,0.00517559889703989
79,97,0.0051733702421188354
80,169,0.00517199607565999
5,128,0.005167333874851465
72,155,0.005165880545973778
81,155,0.005155989434570074
81,164,0.005150250159204006
87,133,0.005149219185113907
41,95,0.005146261770278215
35,150,0.005141839850693941
31,52,0.005139586515724659
37,103,0.005136637482792139
73,130,0.005134532228112221
54,49,0.005121565889567137
72,146,0.005118214059621096
57,117,0.005114831030368805
2,48,0.0051107145845890045
71,135,0.0051093497313559055
56,56,0.005109114572405815
57,145,0.005104918498545885
4,71,0.005104761105030775
1,49,0.005101904273033142
3,49,0.005101904273033142
23,49,0.005101904273033142
26,49,0.005101904273033142
88,49,0.005101904273033142
9,130,0.005094684660434723
74,52,0.005094628781080246
86,58,0.005094391759485006
28,52,0.0050900098867714405
76,164,0.005089377053081989
69,129,0.005085863173007965
10,155,0.005082264076918364
22,160,0.0050801909528672695
74,66,0.00507816206663847
63,91,0.005076372530311346
81,129,0.005073611158877611
28,66,0.00507338484749198
41,132,0.005071914289146662
79,64,0.005063740070909262
64,134,0.005049013067036867
71,189,0.005038579925894737
34,160,0.005036988295614719
77,104,0.005022641737014055
35,123,0.0050187730230391026
41,59,0.005018356256186962
7,110,0.005017349496483803
37,47,0.005016847047954798
58,112,0.005014013033360243
32,145,0.0050093671306967735
5,177,0.005006798077374697
5,100,0.0049996813759207726
35,164,0.004998061805963516
72,111,0.004997196141630411
1,83,0.004994683898985386
3,83,0.004994683898985386
23,83,0.004994683898985386
26,83,0.004994683898985386
88,83,0.004994683898985386
61,116,0.004993579816073179
87,57,0.004991466645151377
49,178,0.004978720098733902
0,86,0.004976583179086447
25,116,0.004975088406354189
74,107,0.004973512142896652
69,164,0.004968591965734959
28,107,0.0049684979021549225
45,94,0.004968313965946436
34,164,0.004962786566466093
4,164,0.004961828701198101
22,174,0.004961706232279539
80,164,0.004956708289682865
34,129,0.004954806063324213
32,164,0.004948347806930542
8,117,0.004945922642946243
0,44,0.004942964296787977
54,83,0.004939691163599491
77,98,0.004938589874655008
62,157,0.004938411992043257
81,117,0.004937657155096531
22,169,0.004935232922434807
45,63,0.004932292737066746
11,119,0.004931277129799128
31,107,0.004929971881210804
20,115,0.004926223307847977
16,114,0.004925786051899195
64,59,0.00492222560569644
81,146,0.004920694045722485
55,182,0.00491467397660017
18,116,0.004914281889796257
53,94,0.004912743344902992
72,118,0.004911549389362335
67,113,0.004911263473331928
40,111,0.004907272756099701
14,129,0.004904037341475487
14,116,0.004899320658296347
11,58,0.004899185616523027
17,129,0.0048990692012012005
34,174,0.004896598868072033
22,97,0.004892970900982618
14,160,0.004892917815595865
57,118,0.004892792087048292
32,91,0.004891434218734503
51,64,0.004890916869044304
25,91,0.0048843929544091225
67,144,0.004879062529653311
16,119,0.0048767016269266605
40,132,0.004871285054832697
77,58,0.004865660332143307
32,118,0.004864309448748827
66,91,0.004859547596424818
40,51,0.004857233259826899
62,119,0.00485674012452364
71,35,0.004855785518884659
4,94,0.004850498400628567
16,123,0.004848100710660219
75,150,0.004844301845878363
45,112,0.004838535096496344
77,48,0.0048327939584851265
56,28,0.004826921969652176
67,125,0.004822961054742336
64,47,0.004822173621505499
35,58,0.004821381997317076
16,121,0.004815971944481134
51,58,0.004813170526176691
61,129,0.004811880178749561
30,98,0.004810282029211521
84,95,0.004809492267668247
34,169,0.004806198179721832
77,123,0.004801716189831495
16,58,0.0047914208844304085
38,100,0.004788561258465052
75,97,0.004788363352417946
71,82,0.004788336344063282
56,30,0.004786968231201172
2,148,0.004786073230206966
14,174,0.004785825964063406
38,128,0.004783380310982466
8,160,0.004778391215950251
20,188,0.0047716000117361546
4,160,0.004770370665937662
79,150,0.004764985758811235
45,51,0.004749980755150318
8,111,0.004738680087029934
19,51,0.00473866006359458
13,117,0.0047386400401592255
55,18,0.004735625348985195
19,106,0.004732829984277487
41,46,0.004731330089271069
41,63,0.004730368964374065
4,129,0.004729780834168196
30,116,0.004720891360193491
11,104,0.004720394033938646
32,155,0.004717764910310507
11,160,0.004714780952781439
49,35,0.004714747425168753
70,116,0.004711732268333435
53,118,0.004702742677181959
56,92,0.004698307253420353
56,174,0.004696597810834646
14,169,0.0046917651779949665
37,127,0.004689327906817198
11,139,0.00468765664845705
86,48,0.0046866643242537975
57,155,0.004679845180362463
25,132,0.004675507079809904
43,186,0.00466944882646203
48,119,0.0046674879267811775
11,121,0.004665798041969538
72,71,0.00466361315920949
22,157,0.004661829210817814
34,116,0.0046598538756370544
81,104,0.004658799152821302
79,157,0.004657408222556114
14,164,0.004652015399187803
66,63,0.0046502938494086266
59,183,0.004649232141673565
76,129,0.004640656523406506
62,178,0.0046374681405723095
52,46,0.004637314472347498
60,118,0.004634946119040251
73,95,0.004632971715182066
49,47,0.004630737937986851
10,118,0.00462548341602087
49,95,0.004625055473297834
8,169,0.004618960898369551
13,145,0.004618169739842415
53,71,0.004612192045897245
57,146,0.004603996407240629
80,97,0.00460142083466053
4,174,0.004595163278281689
51,123,0.004593889694660902
9,133,0.004587557632476091
72,164,0.0045853848569095135
32,129,0.004585008602589369
86,64,0.004581034183502197
44,145,0.004578497726470232
77,100,0.004577143583446741
57,111,0.00457001430913806
79,139,0.004568344447761774
25,58,0.004567102529108524
55,12,0.00456567807123065
5,57,0.004563650116324425
84,46,0.004558186046779156
25,95,0.004553093574941158
10,116,0.0045499433763325214
76,150,0.004546756856143475
55,14,0.004543514456599951
38,57,0.004541506990790367
13,118,0.004538576118648052
4,169,0.004538343753665686
54,54,0.004538246430456638
74,104,0.004537496715784073
41,106,0.004536689259111881
31,91,0.004533597733825445
44,118,0.004533173982053995
30,100,0.004531270358711481
0,45,0.00452939048409462
28,104,0.004527058452367783
11,114,0.004525258205831051
70,42,0.0045196786522865295
75,157,0.004516742657870054
1,54,0.004511901643127203
3,54,0.004511901643127203
23,54,0.004511901643127203
26,54,0.004511901643127203
88,54,0.004511901643127203
51,114,0.004510713275521994
54,94,0.0045036934316158295
35,114,0.004499533213675022
35,121,0.004493629094213247
80,157,0.004491782281547785
55,105,0.004490392282605171
32,146,0.004489379469305277
17,150,0.004482495132833719
30,123,0.004480642266571522
60,145,0.004478832706809044
51,121,0.004478388465940952
45,111,0.004469402600079775
70,48,0.004464879631996155
56,10,0.004461807198822498
81,160,0.004458336625248194
19,134,0.004455436021089554
86,114,0.004450246691703796
1,94,0.004444335121661425
3,94,0.004444335121661425
23,94,0.004444335121661425
26,94,0.004444335121661425
88,94,0.004444335121661425
8,65,0.0044409967958927155
48,187,0.004438665695488453
11,169,0.00443668756633997
16,68,0.004436139948666096
35,64,0.004427808336913586
35,119,0.004419828299432993
27,110,0.0044178226962685585
66,83,0.0044175791554152966
25,48,0.004407369531691074
18,157,0.004407072439789772
66,51,0.004406373482197523
71,123,0.004405572544783354
8,164,0.004404418170452118
12,63,0.004403433296829462
57,129,0.004403109662234783
32,104,0.004399992059916258
80,150,0.004396845120936632
84,132,0.004393268376588821
10,71,0.004386499524116516
76,97,0.004386232700198889
5,112,0.004375131335109472
72,129,0.004368655849248171
72,94,0.0043677762150764465
20,62,0.004367320332676172
51,119,0.00436494080349803
71,67,0.004358173348009586
25,83,0.004353004042059183
8,94,0.004352282732725143
11,174,0.004351280629634857
60,117,0.0043480657041072845
18,150,0.00434667244553566
44,117,0.004339356441050768
69,97,0.004339298699051142
83,77,0.0043322136625647545
63,145,0.00432969257235527
74,118,0.004329339135438204
72,160,0.004327532835304737
28,118,0.004324579145759344
32,117,0.0043232981115579605
64,99,0.0043197753839194775
76,139,0.004316950216889381
13,111,0.004308199044317007
74,91,0.004307800438255072
76,177,0.004303225316107273
28,91,0.004300994798541069
64,80,0.004300888627767563
6,145,0.004298754967749119
52,106,0.004297832492738962
62,128,0.004296021070331335
27,178,0.004293079022318125
40,133,0.004289234522730112
56,126,0.004283730871975422
63,118,0.004280358087271452
6,117,0.004280014894902706
17,97,0.004278568085283041
81,71,0.0042763277888298035
37,99,0.004276001360267401
86,121,0.00427050469443202
75,64,0.004270356614142656
87,132,0.004270028322935104
56,108,0.004267020616680384
25,139,0.004266305360943079
70,101,0.0042658173479139805
53,160,0.004265035502612591
12,134,0.0042586252093315125
58,132,0.004258226603269577
44,155,0.004253387451171875
0,91,0.004252680577337742
18,164,0.004248728509992361
81,174,0.004244296811521053
69,150,0.004244125448167324
60,129,0.004243269097059965
71,19,0.0042426809668540955
66,94,0.004240566398948431
8,55,0.004233422223478556
42,48,0.0042306771501898766
13,155,0.004228675272315741
11,128,0.004228058736771345
75,139,0.0042218053713440895
55,97,0.004214801359921694
12,46,0.004212172701954842
62,121,0.004204782657325268
61,150,0.00420336751267314
54,63,0.004197349771857262
72,174,0.0041890530847013
56,134,0.004178980365395546
46,78,0.004176137503236532
30,94,0.004175739362835884
60,155,0.0041719358414411545
4,116,0.004171894397586584
11,57,0.004167704377323389
53,174,0.004166287835687399
24,118,0.004160128068178892
22,123,0.004159882664680481
53,164,0.004159507341682911
13,146,0.004159456118941307
22,150,0.00415923073887825
61,97,0.004159055184572935
1,63,0.004157890100032091
3,63,0.004157890100032091
23,63,0.004157890100032091
26,63,0.004157890100032091
88,63,0.004157890100032091
18,65,0.004150469321757555
51,48,0.004147921688854694
44,129,0.004147037398070097
22,164,0.004142767749726772
69,157,0.004136049188673496
40,130,0.004134596325457096
32,160,0.004127532243728638
82,118,0.004127140156924725
79,58,0.0041263955645263195
53,129,0.004123980179429054
6,118,0.004117139615118504
11,112,0.004115893971174955
49,49,0.004110479727387428
46,34,0.004109755624085665
44,146,0.004109506029635668
72,169,0.004105203319340944
57,94,0.004104977007955313
17,64,0.004101831931620836
53,169,0.004100813530385494
51,68,0.004098739940673113
86,123,0.004095947369933128
16,98,0.004091266542673111
31,118,0.004090609960258007
82,145,0.004086715169250965
55,175,0.004082344938069582
16,128,0.004080832935869694
76,157,0.004078721161931753
56,106,0.004077760502696037
34,97,0.004075266886502504
53,116,0.004071485251188278
56,58,0.004068389069288969
70,52,0.004067720379680395
81,169,0.0040675620548427105
11,150,0.004065976478159428
64,103,0.0040651229210197926
44,164,0.004061275161802769
13,129,0.004057261627167463
84,178,0.004055451136082411
79,68,0.004054923541843891
57,164,0.004054282326251268
39,124,0.004047381691634655
11,64,0.004046218935400248
16,48,0.004044848959892988
52,99,0.004043514374643564
17,157,0.004039120860397816
74,129,0.004036858212202787
28,129,0.004032759461551905
63,155,0.004030837211757898
14,97,0.004026731010526419
60,146,0.00402356730774045
58,95,0.004023219458758831
63,117,0.004019117448478937
86,130,0.004017111845314503
57,71,0.004012249875813723
84,134,0.0040104323998093605
52,63,0.004009339027106762
10,160,0.00400556530803442
62,114,0.004003703128546476
25,94,0.004003339912742376
2,70,0.004002575762569904
22,139,0.00400085374712944
10,129,0.003996873274445534
34,150,0.003993093501776457
25,46,0.0039924983866512775
64,106,0.0039832270704209805
82,117,0.003978713881224394
43,189,0.0039784666150808334
61,64,0.0039717587642371655
39,104,0.0039686886593699455
8,150,0.003967348951846361
52,49,0.003963598981499672
63,164,0.003962868824601173
8,50,0.0039568617939949036
81,64,0.0039563486352562904
56,169,0.003954680170863867
76,64,0.003949867095798254
8,157,0.003949782811105251
32,174,0.003949126228690147
19,99,0.0039452193304896355
86,68,0.003942172043025494
79,119,0.003941074945032597
10,174,0.003939921967685223
6,155,0.00393742835149169
60,164,0.003931394312530756
79,123,0.003928360994905233
63,129,0.003925615455955267
4,64,0.00392500776797533
9,99,0.003923946991562843
56,145,0.003921666648238897
61,157,0.003920139744877815
11,98,0.003919350448995829
55,151,0.003917638212442398
62,116,0.0038995801005512476
55,162,0.0038959714584052563
16,57,0.003889978863298893
57,160,0.0038881576620042324
34,157,0.003887682920321822
14,150,0.00388433993794024
86,119,0.0038831443525850773
56,71,0.0038825361989438534
31,104,0.003882325952872634
30,58,0.003880653763189912
10,169,0.003879435360431671
63,146,0.0038769631646573544
32,71,0.003875052323564887
30,139,0.0038741726893931627
74,145,0.0038721966557204723
28,145,0.00387198175303638
9,106,0.0038698690477758646
9,81,0.0038670978974550962
18,129,0.003863642457872629
6,146,0.003863506717607379
66,99,0.0038623709697276354
73,133,0.003858591429889202
60,104,0.003855894785374403
58,130,0.0038545250426977873
79,121,0.003852023044601083
69,64,0.0038493743631988764
24,117,0.0038393582217395306
41,134,0.0038362336345016956
80,64,0.0038354501593858004
18,55,0.003835198702290654
13,94,0.003834828967228532
14,157,0.003833282506093383
52,59,0.0038268512580543756
35,48,0.0038257737178355455
8,129,0.0038236246909946203
30,112,0.0038224586751312017
42,116,0.003821338526904583
54,51,0.0038211860228329897
45,95,0.003814599011093378
8,116,0.0038004773668944836
45,47,0.0038003793451935053
1,51,0.0037968535907566547
3,51,0.0037968535907566547
23,51,0.0037968535907566547
26,51,0.0037968535907566547
88,51,0.0037968535907566547
41,54,0.0037964030634611845
34,64,0.003795474302023649
73,82,0.00379416742362082
28,164,0.0037910721730440855
9,46,0.0037900242023169994
74,164,0.003789898008108139
62,123,0.003787900321185589
22,119,0.0037837279960513115
82,155,0.0037829247303307056
72,116,0.0037769004702568054
6,111,0.0037744720466434956
25,49,0.0037740974221378565
51,98,0.0037733910139650106
77,112,0.003773338859900832
24,145,0.0037678794469684362
31,129,0.0037649592850357294
79,48,0.00376469106413424
4,97,0.0037638277281075716
48,103,0.0037631732411682606
22,58,0.003762619337067008
24,129,0.0037623082753270864
82,129,0.0037618703208863735
57,174,0.003758151549845934
52,54,0.0037541042547672987
30,48,0.003752068616449833
32,169,0.003751736832782626
35,98,0.0037497165612876415
79,114,0.003747394308447838
47,34,0.0037402217276394367
5,106,0.0037367409095168114
35,128,0.0037357397377490997
2,115,0.003731369273737073
4,150,0.003730006515979767
30,80,0.0037291296757757664
20,37,0.003728631418198347
18,118,0.003713378217071295
22,114,0.0037119511980563402
80,119,0.0037100983317941427
16,100,0.0037096648011356592
51,128,0.003708693664520979
73,80,0.0037077495362609625
6,129,0.0037076580338180065
32,64,0.0037041876930743456
62,98,0.0037020291201770306
31,145,0.0036953205708414316
80,123,0.0036898404359817505
35,68,0.003683661110699177
79,57,0.003679384710267186
81,97,0.003678950946778059
75,58,0.0036730081774294376
74,155,0.003668231423944235
28,155,0.003667904296889901
82,146,0.0036662716884166002
62,94,0.003663713810965419
0,85,0.003660108894109726
2,124,0.00365806114859879
13,71,0.0036579237785190344
11,164,0.0036534934770315886
54,99,0.003642478957772255
30,111,0.003641638206318021
52,134,0.003639102913439274
80,114,0.0036384612321853638
84,54,0.003638044698163867
44,104,0.003638017224147916
47,78,0.0036375035997480154
1,99,0.0036373913753777742
3,99,0.0036373913753777742
23,99,0.0036373913753777742
26,99,0.0036373913753777742
88,99,0.0036373913753777742
14,64,0.0036345410626381636
81,111,0.003632659325376153
54,133,0.0036324160173535347
30,82,0.003631917294114828
72,64,0.0036263568326830864
74,117,0.0036188748199492693
13,164,0.003618510439991951
40,47,0.0036184194032102823
28,117,0.0036156149581074715
44,71,0.003614972345530987
57,169,0.0036130647640675306
22,121,0.003610784187912941
75,114,0.0036102880258113146
2,120,0.003609871258959174
44,160,0.0036084363237023354
33,77,0.003606189275160432
8,118,0.003601105883717537
76,58,0.0036004490684717894
17,139,0.0035995219368487597
2,134,0.0035987235605716705
66,133,0.003593708388507366
18,50,0.003593445522710681
1,133,0.00359097751788795
3,133,0.00359097751788795
23,133,0.00359097751788795
26,133,0.00359097751788795
88,133,0.00359097751788795
55,59,0.0035882284864783287
81,94,0.003584034973755479
48,131,0.003583845915272832
87,95,0.003581969765946269
75,121,0.00357883982360363
81,150,0.003573827212676406
31,117,0.003573227906599641
22,64,0.0035626341123133898
24,104,0.003559434786438942
71,78,0.003558421740308404
57,116,0.003557277377694845
80,121,0.0035572098568081856
75,68,0.0035571453627198935
68,96,0.003555337665602565
86,98,0.0035510140005499125
75,119,0.003548337146639824
18,130,0.0035432034637778997
41,104,0.0035396397579461336
11,100,0.003534624818712473
60,71,0.0035340890754014254
51,57,0.003532759379595518
35,57,0.0035274233669042587
60,160,0.0035245069302618504
71,183,0.0035203343722969294
38,112,0.003520165104418993
69,139,0.0035071943420916796
63,104,0.003505195491015911
24,155,0.0035026096738874912
81,157,0.0035019090864807367
70,59,0.0035001023206859827
4,157,0.003498353064060211
42,42,0.003496789373457432
19,47,0.0034954554866999388
56,146,0.0034939590841531754
13,160,0.0034885758068412542
44,174,0.003487039590254426
64,82,0.003485435852780938
10,164,0.0034824975300580263
37,124,0.0034823187161237
55,87,0.00347927026450634
51,130,0.00347715662792325
79,128,0.003474129131063819
60,111,0.003473117249086499
16,130,0.003472505137324333
72,97,0.0034690778702497482
31,155,0.003468453185632825
62,100,0.003464628243818879
82,164,0.0034637576900422573
74,146,0.003463085973635316
28,146,0.0034627453424036503
19,103,0.0034607911948114634
75,123,0.003457265440374613
80,139,0.003457220969721675
20,184,0.003453116398304701
35,130,0.003450451185926795
63,160,0.003440082771703601
9,49,0.0034395549446344376
8,61,0.0034394257236272097
54,111,0.003432845463976264
2,104,0.003431925317272544
44,111,0.0034316875971853733
43,23,0.0034299511462450027
63,71,0.0034272433258593082
51,100,0.0034260759130120277
43,142,0.003423824906349182
17,68,0.0034231545869261026
47,110,0.0034215201158076525
6,164,0.0034172451123595238
41,49,0.0034153892192989588
20,90,0.0034151654690504074
73,106,0.003408284392207861
5,132,0.0034066089428961277
40,59,0.003405732801184058
42,59,0.0034028920345008373
31,164,0.0034027143847197294
70,139,0.0034024897031486034
40,134,0.0034018491860479116
6,94,0.003395669860765338
53,97,0.0033948032651096582
20,159,0.003383886069059372
35,100,0.0033838683739304543
60,174,0.003382661147043109
81,116,0.0033800818491727114
24,146,0.0033799950033426285
1,111,0.003376795444637537
3,111,0.003376795444637537
23,111,0.003376795444637537
26,111,0.003376795444637537
88,111,0.003376795444637537
72,150,0.0033740075305104256
61,139,0.003368222387507558
69,119,0.0033638696186244488
80,104,0.003362907562404871
13,174,0.00336080021224916
52,80,0.003351191058754921
79,98,0.003346284618601203
6,71,0.0033398596569895744
76,48,0.0033379821106791496
66,47,0.003335018642246723
32,97,0.0033331664744764566
18,71,0.0033314498141407967
18,97,0.003331264480948448
18,114,0.00332988565787673
53,150,0.0033275997266173363
10,97,0.003326418809592724
12,54,0.00332592218182981
16,112,0.0033188327215611935
69,114,0.0033144396729767323
63,174,0.0033129609655588865
57,97,0.00330988597124815
44,169,0.003309291321784258
48,21,0.00330807245336473
31,146,0.0033065699972212315
62,111,0.0033043990842998028
42,101,0.003303893143311143
60,94,0.0032991906628012657
76,68,0.003295935457572341
69,121,0.003295001806691289
57,104,0.003290534019470215
69,123,0.0032876920886337757
64,127,0.003286406397819519
75,48,0.003285775426775217
17,121,0.0032852431759238243
13,116,0.0032831982243806124
76,114,0.0032825274392962456
76,121,0.0032800445333123207
11,48,0.003279653377830982
32,150,0.003277700627222657
12,99,0.0032773332204669714
38,59,0.0032770123798400164
81,119,0.003276816103607416
61,68,0.00327603449113667
80,58,0.003275895956903696
40,99,0.0032739329617470503
34,119,0.0032701247837394476
17,114,0.0032660258002579212
17,119,0.003261471400037408
71,187,0.00325616798363626
35,112,0.0032555118668824434
6,160,0.0032553912606090307
42,52,0.0032532645855098963
44,94,0.0032525116112083197
81,57,0.003252143505960703
82,111,0.003247049869969487
9,134,0.003244337858632207
25,54,0.0032390255946666002
13,169,0.0032328516244888306
82,104,0.003232827177271247
53,64,0.003229746362194419
86,128,0.0032253852114081383
30,132,0.003223411040380597
55,115,0.003223025007173419
58,46,0.0032223190646618605
54,130,0.003218059428036213
72,157,0.00321505987085402
60,169,0.0032132905907928944
81,68,0.0032098835799843073
11,68,0.003207530127838254
61,119,0.0032074996270239353
9,63,0.003205373650416732
41,51,0.003203632775694132
24,164,0.003203209489583969
48,136,0.0032028579153120518
14,119,0.003201480256393552
11,130,0.003198678605258465
58,133,0.003197025042027235
69,58,0.0031963398214429617
10,157,0.0031934469006955624
4,68,0.003192976349964738
53,157,0.003191885305568576
57,64,0.0031918701715767384
87,178,0.0031915134750306606
86,100,0.003187415888532996
80,68,0.003187374910339713
69,68,0.0031846656929701567
1,130,0.003174079582095146
3,130,0.003174079582095146
23,130,0.003174079582095146
26,130,0.003174079582095146
88,130,0.003174079582095146
32,157,0.0031740088015794754
10,150,0.0031726572196930647
56,133,0.003172477940097451
82,71,0.0031704155262559652
17,58,0.0031679284293204546
82,160,0.003167809685692191
24,111,0.0031600629445165396
28,160,0.0031552750151604414
74,160,0.003155088983476162
6,174,0.003153450321406126
52,51,0.0031526617240160704
61,121,0.003151274286210537
77,130,0.003149529919028282
30,95,0.0031486779917031527
44,64,0.003147708484902978
57,157,0.003146827220916748
63,169,0.003146774834021926
38,178,0.0031401554588228464
61,114,0.0031383889727294445
56,117,0.003136724466457963
9,59,0.0031367200426757336
66,111,0.0031311828643083572
76,123,0.0031264263670891523
62,112,0.0031260133255273104
55,159,0.003124463837593794
34,68,0.0031233872286975384
22,128,0.0031207737047225237
2,138,0.003114312654361129
34,121,0.003111057449132204
76,119,0.0031107855029404163
9,83,0.003109527286142111
34,114,0.003104734467342496
25,111,0.003103819442912936
57,150,0.0031033088453114033
14,139,0.0031024166382849216
71,152,0.003102031769230962
14,123,0.0031016042921692133
38,177,0.003099465509876609
66,130,0.0030947397463023663
18,61,0.003094554180279374
54,134,0.0030916165560483932
60,64,0.003090783255174756
8,97,0.0030875352676957846
14,121,0.0030860488768666983
14,114,0.0030837757512927055
80,128,0.0030788544099777937
12,104,0.003075899090617895
16,104,0.003072853432968259
79,100,0.0030717842746526003
66,134,0.0030717041809111834
4,119,0.0030669255647808313
74,71,0.0030617949087172747
18,134,0.0030612624250352383
28,71,0.003061042632907629
63,111,0.0030608547385782003
1,134,0.003060363233089447
3,134,0.003060363233089447
23,134,0.003060363233089447
26,134,0.003060363233089447
88,134,0.003060363233089447
22,98,0.0030602263286709785
84,77,0.0030592139810323715
63,64,0.0030563606414943933
34,123,0.0030515927355736494
17,123,0.0030486942268908024
64,124,0.003044513054192066
51,112,0.0030419190879911184
82,94,0.003041887190192938
82,174,0.003040846437215805
62,58,0.0030383262783288956
60,97,0.0030380806419998407
64,81,0.003034972818568349
61,58,0.0030326189007610083
9,54,0.0030289303977042437
13,104,0.003026816062629223
75,98,0.003026079386472702
80,57,0.0030252537690103054
44,97,0.0030235140584409237
68,125,0.003021315671503544
34,139,0.003020548727363348
59,62,0.0030202257912606
40,80,0.003019861178472638
68,109,0.003016154980286956
13,97,0.0030133503023535013
61,123,0.003013264387845993
6,169,0.003013055305927992
74,174,0.003011109307408333
28,174,0.003010860178619623
52,82,0.0030107770580798388
75,128,0.0030065877363085747
8,114,0.0030051087960600853
32,94,0.003004164667800069
8,71,0.0030032149516046047
25,63,0.0029993054922670126
25,99,0.0029949767049402
80,98,0.002991460496559739
32,57,0.0029911305755376816
32,68,0.0029905205592513084
2,135,0.0029861547518521547
14,68,0.0029858325142413378
2,122,0.002984055783599615
11,132,0.0029830303974449635
38,106,0.0029809148982167244
60,116,0.0029777209274470806
73,46,0.0029775709845125675
49,103,0.00297639355994761
24,71,0.002975223585963249
24,94,0.0029728226363658905
66,103,0.002970829140394926
32,111,0.002969689667224884
84,51,0.0029696400742977858
12,49,0.002968867775052786
11,106,0.0029683175962418318
32,119,0.0029672016389667988
74,64,0.002965977182611823
28,64,0.002965784166008234
4,121,0.002959540346637368
52,103,0.0029560148250311613
44,116,0.0029504618141800165
45,130,0.0029473158065229654
81,121,0.0029468447901308537
33,110,0.0029460827354341745
31,160,0.0029422654770314693
40,103,0.0029405623208731413
63,94,0.0029398088809102774
6,116,0.0029389774426817894
75,57,0.0029315657448023558
72,68,0.0029222131706774235
4,57,0.0029208753257989883
24,160,0.002918992890045047
49,127,0.0029177400283515453
32,116,0.0029159190598875284
62,139,0.0029151802882552147
31,71,0.002914671553298831
45,59,0.0029144790023565292
70,130,0.002910921350121498
70,45,0.002910049632191658
22,57,0.0029047303833067417
5,133,0.002903788583353162
22,68,0.0028997985646128654
82,169,0.002893746830523014
14,58,0.002892643678933382
73,59,0.002889850176870823
48,188,0.002888145623728633
0,111,0.002886161906644702
13,64,0.002884829882532358
77,132,0.0028846748173236847
54,47,0.002884663874283433
60,157,0.0028842990286648273
17,48,0.002881770022213459
42,139,0.002878478029742837
0,88,0.0028703133575618267
1,47,0.0028666637372225523
3,47,0.0028666637372225523
23,47,0.0028666637372225523
26,47,0.0028666637372225523
88,47,0.0028666637372225523
77,95,0.002864283509552479
44,150,0.0028636869974434376
44,157,0.0028627286665141582
48,26,0.0028608753345906734
4,139,0.002860659034922719
34,57,0.002856300212442875
4,114,0.002855129772797227
13,157,0.002851816825568676
19,127,0.0028518058825284243
73,134,0.0028500829357653856
63,97,0.0028495248407125473
22,48,0.00284949759952724
81,114,0.0028458782471716404
73,99,0.0028451248072087765
25,133,0.0028399049770087004
81,123,0.002837738487869501
69,128,0.0028357761912047863
34,104,0.002835345920175314
4,123,0.0028337137773633003
12,103,0.002832883968949318
69,57,0.002832158003002405
5,178,0.002831363584846258
72,119,0.002830738900229335
81,128,0.002829471370205283
34,58,0.0028293246868997812
86,57,0.002828295575454831
60,150,0.002820108085870743
28,169,0.0028190866578370333
74,169,0.0028187113348394632
6,104,0.0028147869743406773
41,99,0.0028135892935097218
61,57,0.0028130889404565096
17,57,0.002808096120133996
31,174,0.002804025076329708
57,119,0.0028018273878842592
59,67,0.002800295827910304
16,132,0.002798231318593025
12,51,0.0027960301376879215
5,59,0.002794249216094613
17,128,0.002789406105875969
24,174,0.0027877618558704853
40,106,0.0027860947884619236
5,95,0.0027823562268167734
69,98,0.0027813599444925785
13,150,0.002779439091682434
22,100,0.0027777808718383312
38,133,0.0027731352020055056
55,120,0.0027727752458304167
49,132,0.002770055318251252
54,103,0.0027687910478562117
34,128,0.0027643286157399416
17,98,0.002759999595582485
22,104,0.0027543199248611927
1,103,0.0027532591484487057
3,103,0.0027532591484487057
23,103,0.0027532591484487057
26,103,0.0027532591484487057
88,103,0.0027532591484487057
14,57,0.002751269843429327
75,100,0.0027490754146128893
4,104,0.0027468460611999035
6,97,0.0027464437298476696
74,97,0.0027431088965386152
76,98,0.002743013668805361
80,100,0.0027420304249972105
28,97,0.002741308184340596
70,44,0.002733921632170677
61,128,0.0027334769256412983
20,40,0.0027323386166244745
62,48,0.002727281302213669
69,48,0.0027269788552075624
58,49,0.0027252016589045525
72,57,0.00271826540119946
82,116,0.0027160211466252804
63,150,0.0027153869159519672
16,178,0.0027151687536388636
55,70,0.0027110325172543526
61,48,0.0027095952536910772
10,64,0.0027092101518064737
82,97,0.002707597566768527
58,63,0.0027065277099609375
79,112,0.0027052988298237324
14,128,0.002704253187403083
63,116,0.0027029996272176504
86,177,0.002701600082218647
25,51,0.0026991551276296377
30,81,0.002698977943509817
83,110,0.002694536931812763
72,104,0.0026920828968286514
82,64,0.002691176487132907
72,121,0.0026870612055063248
63,157,0.0026869461871683598
10,139,0.0026851030997931957
22,112,0.0026849128771573305
31,111,0.002684640930965543
31,64,0.0026833403389900923
4,58,0.002682369202375412
14,104,0.002682311926037073
35,104,0.0026782203931361437
22,130,0.0026768846437335014
4,128,0.0026756844017654657
60,119,0.002674425020813942
70,94,0.002672024769708514
61,98,0.0026710466481745243
9,103,0.00266900728456676
53,119,0.0026678487192839384
73,63,0.0026565617881715298
6,64,0.002655345480889082
55,134,0.0026543934363871813
76,128,0.0026539566460996866
66,59,0.002653159201145172
79,130,0.0026519671082496643
45,132,0.002646799897775054
53,139,0.0026456709019839764
58,106,0.0026454711332917213
31,169,0.0026418124325573444
24,169,0.002639924641698599
25,130,0.0026396973989903927
34,98,0.0026389469858258963
32,121,0.0026387220714241266
24,116,0.002629802329465747
53,68,0.0026293382979929447
44,119,0.0026289806701242924
31,94,0.0026287094224244356
71,121,0.002628535497933626
24,97,0.0026255932170897722
41,103,0.002624022774398327
80,48,0.0026152594946324825
57,123,0.0026148143224418163
20,105,0.002614523284137249
6,157,0.0026122773997485638
8,130,0.00261000101454556
87,134,0.0026041041128337383
73,49,0.002604095498099923
10,123,0.002604044508188963
14,98,0.002603819128125906
74,157,0.0026018708012998104
28,157,0.002600047504529357
72,123,0.002596828155219555
72,114,0.002592563396319747
31,97,0.002588914940133691
53,121,0.002588176168501377
54,59,0.002587757771834731
84,103,0.0025861053727567196
60,57,0.002582706743851304
86,112,0.002581406384706497
6,150,0.0025802142918109894
71,149,0.0025801972951740026
57,57,0.0025799113791435957
57,121,0.0025798191782087088
74,94,0.0025795884430408478
48,100,0.00257904757745564
75,130,0.0025778200943022966
82,157,0.0025777416303753853
28,94,0.002575851744040847
73,81,0.0025757807306945324
57,68,0.0025750629138201475
24,64,0.002566992538049817
30,46,0.0025666458532214165
79,104,0.00256595597602427
72,139,0.0025659536477178335
76,57,0.0025634884368628263
62,132,0.002562369452789426
32,128,0.002562076784670353
74,57,0.002561889123171568
28,57,0.002560198539867997
44,57,0.0025587743148207664
53,114,0.0025585016701370478
1,59,0.0025575319305062294
3,59,0.0025575319305062294
23,59,0.0025575319305062294
26,59,0.0025575319305062294
88,59,0.0025575319305062294
74,111,0.0025557882618159056
58,54,0.002555483253672719
28,111,0.0025516636669635773
10,114,0.0025509889237582684
13,119,0.0025501081254333258
10,119,0.0025491369888186455
32,114,0.0025466103106737137
18,121,0.0025461704935878515
69,100,0.0025458349846303463
53,123,0.0025423066690564156
8,177,0.002541937865316868
76,130,0.002540617948397994
9,51,0.002537561347708106
18,123,0.002535229315981269
55,33,0.002535005332902074
57,114,0.0025335755199193954
80,112,0.002531284699216485
54,106,0.0025297824759036303
74,150,0.0025281552225351334
28,150,0.002527848584577441
82,150,0.002522597322240472
18,132,0.002521033398807049
81,98,0.0025204746052622795
44,68,0.0025189416483044624
74,119,0.00251664943061769
28,119,0.0025144924875348806
66,106,0.0025134424213320017
17,100,0.002512293867766857
1,106,0.0025083119980990887
3,106,0.0025083119980990887
23,106,0.0025083119980990887
26,106,0.0025083119980990887
88,106,0.0025083119980990887
4,98,0.0025074933655560017
10,121,0.0025065492372959852
2,137,0.002496354980394244
69,104,0.0024952557869255543
24,157,0.0024912806693464518
58,99,0.0024899193085730076
32,123,0.0024855162482708693
63,119,0.002485168632119894
76,100,0.0024789529852569103
19,124,0.002471647225320339
58,59,0.002470710314810276
60,68,0.002469823230057955
63,57,0.002467359649017453
72,128,0.002464102813974023
31,157,0.0024539860896766186
10,58,0.0024526254273951054
81,178,0.0024482987355440855
61,100,0.002440095180645585
53,58,0.002438334049656987
63,68,0.0024360488168895245
74,116,0.00243273819796741
77,46,0.0024318797513842583
35,132,0.002431743312627077
45,133,0.0024316739290952682
28,116,0.0024300480727106333
12,127,0.0024294459726661444
14,48,0.0024289062712341547
72,58,0.0024274117313325405
35,106,0.0024245381355285645
48,62,0.0024237229954451323
84,99,0.0024212005082517862
49,77,0.0024203001521527767
71,16,0.002420252887532115
48,127,0.002418899443000555
58,80,0.0024167532101273537
34,100,0.002416068222373724
31,116,0.002415362512692809
38,95,0.002414805581793189
60,123,0.0024115832056850195
34,48,0.002410084242001176
8,121,0.002408398548141122
87,63,0.002405949169769883
13,123,0.0024035058449953794
32,178,0.002398635493591428
8,134,0.002397841541096568
30,130,0.0023978198878467083
18,139,0.00239742174744606
40,82,0.0023968506138771772
4,48,0.0023922042455524206
60,121,0.0023921611718833447
38,46,0.0023914785124361515
14,100,0.0023836439941078424
18,119,0.0023819811176508665
57,128,0.002381864469498396
25,134,0.00237884558737278
33,96,0.002374547068029642
44,121,0.0023722415789961815
53,57,0.0023679255973547697
51,104,0.0023650494404137135
8,119,0.002360963262617588
52,127,0.0023606622125953436
31,150,0.002354782773181796
82,119,0.0023510418832302094
13,57,0.0023467442952096462
74,68,0.002346485387533903
28,68,0.0023464688565582037
58,134,0.002345132874324918
44,123,0.002344209235161543
24,150,0.002344171516597271
37,177,0.0023411535657942295
7,80,0.0023400154896080494
13,121,0.0023395780008286238
52,81,0.0023370240814983845
16,106,0.0023362315259873867
62,95,0.0023354848381131887
31,119,0.0023336855228990316
81,100,0.002333570271730423
75,112,0.0023332948330789804
80,130,0.0023269818630069494
71,13,0.0023255134001374245
39,110,0.002325265435501933
24,119,0.002324314322322607
5,104,0.002323920838534832
60,114,0.00232192175462842
6,119,0.0023203017190098763
8,123,0.0023105961736291647
73,54,0.002310563111677766
81,58,0.002309546573087573
13,68,0.0023084261920303106
42,130,0.002306107897311449
30,49,0.0023057502694427967
31,57,0.0023051886819303036
4,100,0.002301817759871483
45,134,0.0023012321908026934
44,114,0.0023007646668702364
84,49,0.0022986815311014652
64,83,0.002297778381034732
13,114,0.002293095923960209
71,26,0.002289922209456563
60,128,0.0022888723760843277
72,98,0.0022876346483826637
45,99,0.0022873266134411097
8,132,0.002286633476614952
59,161,0.002285547088831663
51,132,0.0022820234298706055
61,104,0.00228156428784132
41,47,0.002281314693391323
77,133,0.002281081397086382
52,47,0.002279645996168256
22,132,0.0022782213054597378
38,63,0.0022776394616812468
81,139,0.002272160956636071
53,128,0.002270343480631709
32,98,0.002264027949422598
62,80,0.0022620330564677715
87,46,0.002260468900203705
44,128,0.002258091000840068
40,127,0.002253734739497304
43,17,0.0022533058654516935
62,82,0.002249480690807104
69,112,0.0022433761041611433
66,124,0.0022426920477300882
51,106,0.0022385569754987955
57,139,0.0022338097915053368
63,121,0.0022322977893054485
10,68,0.0022279475815594196
58,82,0.0022260055411607027
38,132,0.0022220818791538477
18,100,0.002221635775640607
82,57,0.002220451133325696
41,127,0.002215135144069791
69,130,0.002211949322372675
20,154,0.002209654077887535
24,57,0.0022093032021075487
49,124,0.002208942547440529
80,178,0.0022083446383476257
68,113,0.0022079863119870424
57,58,0.0022068952675908804
40,124,0.0021995259448885918
16,95,0.002186700701713562
74,121,0.0021853195503354073
74,123,0.002184828743338585
57,98,0.002184174954891205
2,143,0.0021840014960616827
28,121,0.002183665754273534
28,123,0.0021818713285028934
53,98,0.0021792131010442972
63,123,0.0021789302118122578
73,83,0.002177756978198886
86,106,0.002177287358790636
66,127,0.002175365574657917
43,5,0.0021717913914471865
74,128,0.002169075421988964
13,128,0.002167442347854376
28,128,0.0021672165021300316
17,130,0.0021636311430484056
53,104,0.0021600103937089443
30,133,0.0021586581133306026
6,123,0.0021551987156271935
80,132,0.0021545537747442722
63,114,0.002153778914362192
72,48,0.002153075998649001
81,112,0.002151313703507185
82,68,0.002148265251889825
34,112,0.002145465463399887
63,128,0.0021419075783342123
24,123,0.0021409885957837105
14,112,0.002137572504580021
48,149,0.00213708751834929
6,57,0.0021342227701097727
6,121,0.0021313659381121397
82,123,0.0021308730356395245
6,68,0.0021298362407833338
84,127,0.002129197819158435
40,81,0.002127787098288536
25,103,0.002126221312209964
25,106,0.002120855962857604
58,51,0.002119788434356451
54,127,0.0021194033324718475
27,35,0.002118997974321246
31,68,0.002117468975484371
87,99,0.002113137859851122
82,121,0.0021114845294505358
17,112,0.002110759261995554
53,48,0.002110345521941781
9,127,0.00210974202491343
72,100,0.0021075294353067875
45,103,0.0021050821524113417
17,178,0.0021032809745520353
32,100,0.002103080740198493
10,128,0.0021027675829827785
1,127,0.0021023263689130545
3,127,0.0021023263689130545
23,127,0.0021023263689130545
26,127,0.0021023263689130545
88,127,0.0021023263689130545
7,96,0.0021005102898925543
42,94,0.0020992793142795563
51,178,0.002098123077303171
74,114,0.002095034345984459
28,114,0.0020933581981807947
61,112,0.0020931093022227287
6,114,0.002091682516038418
17,104,0.0020910166203975677
8,100,0.0020870305597782135
71,0,0.0020801143255084753
10,98,0.0020783382933586836
73,103,0.0020770360715687275
31,123,0.0020714791025966406
56,116,0.002069551032036543
56,48,0.0020681964233517647
34,178,0.0020663440227508545
82,114,0.00206172582693398
77,106,0.002061458071693778
30,83,0.0020606499165296555
15,133,0.002052524359896779
76,112,0.002049958100542426
18,58,0.002049126196652651
55,40,0.002048043068498373
45,106,0.0020476162899285555
24,121,0.0020469101145863533
42,45,0.0020463422406464815
54,124,0.0020374341402202845
31,121,0.0020366644021123648
66,110,0.002036608289927244
61,130,0.002036300953477621
60,98,0.0020348092075437307
75,178,0.0020348033867776394
30,63,0.00202799029648304
4,112,0.0020275183487683535
10,57,0.0020268894731998444
1,124,0.0020268778316676617
3,124,0.0020268778316676617
23,124,0.0020268778316676617
26,124,0.0020268778316676617
88,124,0.0020268778316676617
32,58,0.0020266494248062372
13,139,0.002026103436946869
24,68,0.0020248263608664274
29,8,0.0020206605549901724
44,98,0.0020195557735860348
86,178,0.0020188523922115564
77,63,0.0020168551709502935
84,47,0.0020134765654802322
25,47,0.0020129717886447906
75,104,0.0020124546717852354
57,100,0.002012283308431506
30,54,0.0020093617495149374
13,58,0.0020092432387173176
11,95,0.002008499577641487
25,59,0.002007175935432315
61,178,0.002006133319810033
71,62,0.0020032464526593685
2,127,0.002000021282583475
56,42,0.0019999954383820295
31,128,0.001995995407924056
7,82,0.00199579494073987
24,114,0.001995054306462407
32,139,0.0019941830541938543
82,128,0.001993934391066432
52,124,0.00199328176677227
53,100,0.001992697361856699
64,110,0.0019922489300370216
55,156,0.001986074959859252
22,106,0.0019814670085906982
77,59,0.001981399254873395
70,86,0.0019812227692455053
8,139,0.0019790716469287872
16,133,0.0019768932834267616
10,48,0.001976835075765848
13,98,0.001976835075765848
24,128,0.0019718233961611986
69,178,0.0019660615362226963
31,114,0.0019650429021567106
6,128,0.0019630389288067818
12,47,0.001962220761924982
42,44,0.001960262656211853
14,130,0.0019530013669282198
81,48,0.001952531049028039
18,98,0.001945464056916535
86,132,0.0019451298285275698
77,49,0.0019431740511208773
73,51,0.0019396150019019842
44,58,0.0019292094511911273
60,58,0.0019266008166596293
18,95,0.0019204708514735103
30,99,0.0019185213604941964
44,139,0.001915215514600277
4,178,0.00191113434266299
51,95,0.0019103486556559801
48,184,0.0019102341029793024
49,99,0.0019036650191992521
63,98,0.0019029051763936877
32,112,0.001900870236568153
9,110,0.001899635884910822
77,54,0.0018985567148774862
35,95,0.0018924069590866566
52,110,0.001887232530862093
60,139,0.0018861693097278476
48,135,0.001885717734694481
10,100,0.0018844259902834892
34,130,0.0018842096906155348
60,100,0.001884177327156067
43,183,0.001883530174382031
71,22,0.001878267270512879
44,100,0.0018739463994279504
71,161,0.0018709618598222733
14,178,0.0018701774533838034
8,98,0.0018694574246183038
74,98,0.00186691724229604
79,178,0.0018658743938431144
28,98,0.0018655031453818083
57,112,0.0018628565594553947
2,128,0.0018626436358317733
71,34,0.001859689480625093
1,110,0.0018583039054647088
3,110,0.0018583039054647088
23,110,0.0018583039054647088
26,110,0.0018583039054647088
88,110,0.0018583039054647088
10,104,0.0018576602451503277
58,103,0.0018572986591607332
72,112,0.001856235321611166
54,110,0.0018547252984717488
38,54,0.0018393148202449083
71,188,0.001838103518821299
9,47,0.0018333871848881245
52,83,0.0018285695696249604
86,133,0.0018237681360915303
6,139,0.0018210227135568857
13,100,0.0018182088388130069
44,178,0.0018165851943194866
2,149,0.001808307832106948
57,48,0.0018060370348393917
79,132,0.0018023898592218757
6,58,0.0018012620275840163
56,101,0.0018004307057708502
74,178,0.001799683552235365
28,178,0.0017995876260101795
2,97,0.0017971890047192574
63,58,0.0017952789785340428
6,98,0.0017930843168869615
8,95,0.0017926235450431705
62,130,0.0017886398127302527
79,106,0.0017854610923677683
82,98,0.0017851024167612195
45,124,0.001784076215699315
75,132,0.0017836237093433738
19,80,0.0017832426819950342
63,139,0.0017794668674468994
12,124,0.0017793482402339578
8,58,0.0017766639357432723
7,109,0.001773517346009612
86,59,0.0017703333869576454
63,100,0.0017655073897913098
60,112,0.0017653820104897022
60,178,0.0017652098322287202
72,178,0.0017632422968745232
63,178,0.001758507452905178
69,132,0.0017583257285878062
30,134,0.001751333475112915
53,112,0.0017501517431810498
37,104,0.0017501069232821465
9,124,0.0017473805928602815
5,99,0.0017472783802077174
55,58,0.0017447317950427532
32,48,0.001740701962262392
74,100,0.0017390529392287135
28,100,0.0017375668976455927
24,98,0.001736078760586679
19,110,0.0017348222900182009
57,178,0.0017338680336251855
31,98,0.0017331369454041123
41,124,0.0017302656779065728
51,133,0.0017255584243685007
34,132,0.001721463049761951
73,127,0.0017207273049280047
44,112,0.0017190718790516257
77,99,0.0017147191101685166
33,177,0.0017143363365903497
48,67,0.001713483827188611
10,130,0.001712170196697116
38,134,0.0017118523828685284
82,58,0.0017109488835558295
8,64,0.0017106998711824417
8,128,0.0017100011464208364
87,54,0.001706095994450152
30,106,0.0017035549972206354
10,112,0.001703019137494266
56,52,0.0017016901401802897
78,177,0.0017014981713145971
62,46,0.001696099410764873
13,112,0.0016956942854449153
81,132,0.0016910688718780875
55,27,0.001689372817054391
82,139,0.001689216704107821
4,130,0.001688767340965569
35,178,0.0016870436957105994
36,35,0.001682767178863287
86,95,0.001680285669863224
18,128,0.0016779341967776418
11,99,0.0016764242900535464
14,132,0.0016759184654802084
16,59,0.0016747612971812487
79,95,0.001668770331889391
48,20,0.0016687161987647414
56,59,0.001667944248765707
58,81,0.001665318151935935
70,85,0.0016649741446599364
30,51,0.0016614911146461964
51,59,0.0016612348845228553
80,95,0.0016602727118879557
77,134,0.0016540342476218939
2,103,0.0016531581059098244
6,100,0.0016507752006873488
76,178,0.0016495647141709924
74,58,0.0016487010288983583
28,58,0.001647353172302246
74,112,0.0016470426926389337
87,103,0.001646567601710558
82,100,0.0016457613091915846
8,68,0.0016453053103759885
28,112,0.0016450422117486596
24,58,0.0016445292858406901
70,91,0.0016299792332574725
13,48,0.0016260064439848065
45,127,0.0016251286724582314
62,81,0.001621647854335606
84,124,0.001616660738363862
35,133,0.001613408443517983
25,127,0.0016122343949973583
63,112,0.001609350205399096
44,48,0.0016089687123894691
31,100,0.0016062456415966153
30,59,0.001604727003723383
80,106,0.0016039640177041292
24,100,0.001602468779310584
5,134,0.0016018357127904892
53,130,0.0015962229808792472
75,106,0.0015937316929921508
43,33,0.001583855482749641
24,139,0.0015833337092772126
22,95,0.0015817516250535846
5,46,0.0015799542888998985
17,132,0.0015796022489666939
53,178,0.001577575458213687
31,58,0.0015767914010211825
35,59,0.0015731781022623181
20,182,0.0015707614365965128
61,132,0.0015706425765529275
60,48,0.0015677767805755138
43,136,0.0015668501146137714
74,139,0.0015586450463160872
28,139,0.0015577578451484442
18,64,0.0015562264015898108
77,51,0.0015502157621085644
48,152,0.001550157554447651
18,133,0.001546356244944036
31,178,0.001543374382890761
7,81,0.0015414629597216845
24,112,0.0015404849546030164
82,112,0.0015361118130385876
75,95,0.00153350830078125
18,68,0.001532950671389699
58,47,0.0015326213324442506
31,112,0.001527551212348044
68,35,0.0015242521185427904
82,178,0.0015228354604914784
6,112,0.0015219621127471328
62,49,0.0015216374304145575
43,1,0.0015214200830087066
40,83,0.0015182059723883867
62,99,0.001516525517217815
25,124,0.0015158223686739802
63,48,0.0015150748658925295
40,110,0.001514327828772366
18,112,0.001514319097623229
25,110,0.0015137151349335909
72,130,0.0015082749305292964
32,132,0.0015062353340908885
22,178,0.0015053206589072943
71,163,0.0015051113441586494
31,139,0.0015046943444758654
55,154,0.0015043462626636028
38,49,0.0015042760642245412
43,140,0.001504190033301711
55,114,0.001504059648141265
66,144,0.001502088038250804
13,178,0.0014962187269702554
70,66,0.0014949789037927985
62,133,0.001493079587817192
43,26,0.0014885340351611376
37,110,0.001488371635787189
38,51,0.0014843781245872378
48,0,0.0014813224552199244
1,144,0.0014769525732845068
3,144,0.0014769525732845068
23,144,0.0014769525732845068
26,144,0.0014769525732845068
88,144,0.0014769525732845068
5,63,0.0014768518740311265
33,109,0.0014765032101422548
8,112,0.001476329518482089
55,173,0.0014742910861968994
81,95,0.0014708484522998333
58,127,0.0014678918523713946
69,95,0.0014656982384622097
79,59,0.0014655006816610694
11,59,0.00146469846367836
6,48,0.0014643826289102435
57,132,0.001459202147088945
76,106,0.0014589645434170961
6,178,0.0014468528097495437
2,100,0.001445953967049718
87,177,0.0014444049447774887
69,106,0.0014411453157663345
54,144,0.0014298890018835664
4,132,0.00142832868732512
17,95,0.0014259971212595701
34,95,0.001425258000381291
76,132,0.0014243102632462978
87,127,0.0014239881420508027
7,113,0.001420938060618937
16,99,0.001415923936292529
87,49,0.0014147108886390924
11,133,0.0014086933806538582
81,130,0.001407388597726822
76,104,0.0014072539051994681
19,82,0.00140572024974972
56,139,0.0014037283835932612
73,47,0.0014028141740709543
24,178,0.0013997755013406277
57,130,0.0013971831649541855
18,48,0.001393431331962347
30,103,0.0013910698471590877
61,95,0.0013888644753023982
14,95,0.0013873805291950703
87,51,0.0013869525864720345
60,132,0.0013869412941858172
82,48,0.0013809667434543371
62,106,0.001380097703076899
55,56,0.0013759054709225893
75,133,0.0013736920664086938
48,182,0.001372112543322146
2,98,0.0013651931658387184
10,132,0.0013612559996545315
79,133,0.0013607012806460261
22,133,0.0013549706200137734
74,48,0.0013361857272684574
28,48,0.001335770939476788
4,95,0.0013288023183122277
32,95,0.0013252905337139964
44,132,0.0013244855217635632
8,133,0.0013242478016763926
80,133,0.0013239458203315735
2,119,0.001321915304288268
7,125,0.0013207311276346445
55,122,0.0013204499846324325
17,106,0.0013188933953642845
48,53,0.001317637856118381
10,178,0.0013168888399377465
72,132,0.001316036214120686
13,132,0.0013160287635400891
73,124,0.0013158037327229977
55,147,0.0013137913774698973
38,104,0.0013115154579281807
71,153,0.0013110270956531167
76,95,0.0013105813413858414
14,106,0.0013104397803544998
62,54,0.001307816943153739
42,86,0.0013072123983874917
20,162,0.001303030294366181
43,7,0.0012978535378351808
43,2,0.0012967372313141823
33,125,0.0012941492022946477
74,132,0.0012931032106280327
38,99,0.0012930341763421893
53,132,0.0012927104253321886
71,83,0.0012925619957968593
28,132,0.0012912288075312972
77,103,0.0012886186596006155
61,106,0.0012883659219369292
2,157,0.0012878647539764643
24,48,0.0012859053676947951
20,129,0.0012844762532040477
58,83,0.0012824482982978225
35,99,0.0012743541738018394
8,57,0.001273615169338882
34,106,0.0012722397223114967
86,104,0.0012711683521047235
73,110,0.0012693306198343635
62,63,0.0012688785791397095
12,110,0.001267333747819066
87,104,0.001261621480807662
75,59,0.0012594236759468913
31,48,0.0012593258870765567
13,130,0.0012558038579300046
7,83,0.0012518460862338543
18,177,0.00124908157158643
8,48,0.0012481759767979383
58,124,0.0012423889711499214
20,157,0.0012386292219161987
79,46,0.0012352006742730737
48,98,0.0012320686364546418
24,132,0.0012296236818656325
63,132,0.0012221401557326317
20,172,0.0012217613402754068
76,59,0.0012196486350148916
82,132,0.0012167379027232528
32,130,0.0012165867956355214
30,47,0.0012133093550801277
72,95,0.0012116485740989447
45,80,0.0012114541605114937
76,133,0.0012111460091546178
69,133,0.0012108099181205034
31,132,0.0012089320225641131
57,95,0.0012067545903846622
18,106,0.0012023779563605785
43,3,0.001201250939629972
16,46,0.0012012252118438482
51,99,0.0011992822401225567
43,4,0.001199037185870111
17,133,0.0011978369439020753
71,15,0.0011930196778848767
5,54,0.0011921291006729007
47,96,0.0011919258395209908
20,151,0.001191839575767517
15,178,0.0011885246494784951
62,83,0.0011861269595101476
6,132,0.0011847453424707055
22,59,0.0011843019165098667
43,0,0.0011831687297672033
42,91,0.0011777556501328945
44,130,0.001177055761218071
19,81,0.001175754819996655
60,130,0.001171872136183083
5,103,0.001171070383861661
25,144,0.0011660452000796795
16,134,0.0011589956702664495
60,95,0.0011559161357581615
71,184,0.0011542168213054538
38,103,0.0011497183004394174
62,59,0.0011482537956908345
42,85,0.0011473589111119509
56,45,0.0011472349287942052
56,130,0.0011469988385215402
43,95,0.0011454931227490306
44,95,0.0011416195193305612
61,133,0.0011413813335821033
62,134,0.0011380830546841025
71,9,0.0011347763938829303
53,95,0.001127524534240365
6,130,0.0011271702824160457
20,148,0.0011239888845011592
34,133,0.0011216223938390613
5,49,0.0011213393881917
4,106,0.00112059130333364
22,99,0.0011184258619323373
18,57,0.0011174929095432162
10,106,0.0011147450422868133
58,110,0.0011138730915263295
77,47,0.00111321487929672
51,46,0.0011114532826468349
11,178,0.0011079150717705488
48,60,0.0010988357244059443
59,176,0.0010973864700645208
45,110,0.0010965022956952453
30,127,0.0010935923783108592
74,95,0.0010932153090834618
42,66,0.0010923362569883466
28,95,0.001092077698558569
20,158,0.0010917775798588991
14,133,0.0010913689620792866
41,110,0.0010895364684984088
55,29,0.0010844453936442733
56,94,0.0010840564500540495
17,59,0.0010835789144039154
13,95,0.0010770433582365513
63,130,0.0010751965455710888
77,80,0.0010734269162639976
80,59,0.0010723067680373788
63,95,0.0010714755626395345
56,44,0.0010694884695112705
79,99,0.0010673785582184792
69,59,0.001066770637407899
80,99,0.0010636334773153067
70,88,0.0010632838821038604
10,95,0.0010591181926429272
62,51,0.00105568568687886
48,33,0.0010537032503634691
66,96,0.0010506935650482774
48,123,0.0010487005347386003
43,6,0.0010483883088454604
38,47,0.0010445500956848264
82,130,0.001044413773342967
74,82,0.0010442491620779037
27,96,0.0010408478556200862
28,82,0.001040013274177909
16,63,0.00103990628849715
32,82,0.001038725022226572
36,104,0.0010346845956519246
81,106,0.0010345051996409893
53,106,0.0010341110173612833
48,147,0.0010327085619792342
61,59,0.0010292900260537863
64,96,0.0010288477642461658
86,134,0.001028720405884087
48,153,0.0010231423657387495
51,134,0.001022261567413807
81,82,0.0010163714177906513
86,46,0.0010159836383536458
72,106,0.001012130407616496
77,127,0.001011003740131855
32,80,0.0010096210753545165
2,121,0.001006110105663538
55,90,0.0010028018150478601
57,106,0.001000513439066708
82,95,0.0009953300468623638
8,106,0.0009924911428242922
31,95,0.0009903819300234318
24,130,0.0009874579263851047
79,63,0.000984202022664249
39,96,0.000984191196039319
81,80,0.000981287332251668
6,95,0.0009788647294044495
24,95,0.0009742336114868522
87,124,0.0009727580472826958
71,105,0.0009719904628582299
20,29,0.0009691737359389663
86,63,0.0009676790214143693
4,133,0.0009661259246058762
74,80,0.0009653170709498227
62,103,0.0009649349958635867
55,158,0.0009631182765588164
51,63,0.0009621130302548409
28,80,0.0009620196069590747
74,130,0.0009617483010515571
20,130,0.0009615297894924879
28,130,0.000960731296800077
81,133,0.000959796248935163
70,111,0.0009577897726558149
38,127,0.0009576985030435026
77,82,0.0009575050789862871
75,46,0.0009561781771481037
5,51,0.0009537811856716871
14,59,0.0009495156118646264
2,95,0.0009495119447819889
86,99,0.000948493427131325
87,47,0.0009442982845939696
35,46,0.0009425301686860621
34,59,0.000942337152082473
30,124,0.0009382572607137263
16,49,0.0009348574676550925
1,96,0.0009312783367931843
3,96,0.0009312783367931843
23,96,0.0009312783367931843
26,96,0.0009312783367931843
88,96,0.0009312783367931843
81,99,0.0009304091800004244
54,96,0.000929631176404655
18,127,0.0009290192974731326
31,130,0.0009265953558497131
79,54,0.0009251423762179911
5,127,0.0009243274689652026
17,46,0.0009210298885591328
20,153,0.0009209083509631455
27,109,0.0009208912379108369
75,99,0.0009178782347589731
71,182,0.000915433163754642
83,96,0.0009142581839114428
55,89,0.0009072941611520946
79,49,0.0009070789674296975
13,106,0.0009068392100743949
35,134,0.0009067505598068237
4,59,0.0009048475185409188
45,82,0.0009048152714967728
27,77,0.0009029493667185307
69,99,0.0009001116850413382
33,104,0.0008978461264632642
16,54,0.0008974825614131987
48,16,0.0008964967564679682
81,46,0.000892275886144489
19,83,0.0008913202909752727
71,176,0.0008884810958988965
4,46,0.0008878163062036037
34,99,0.0008854977204464376
61,46,0.0008852977189235389
71,77,0.0008837499772198498
32,106,0.000882806081790477
20,138,0.0008827270357869565
10,133,0.0008724801591597497
76,46,0.0008718585013411939
53,133,0.0008714250288903713
16,103,0.0008714071591384709
60,106,0.000871112453751266
79,134,0.0008698745514266193
72,133,0.0008698558667674661
30,110,0.0008692705305293202
14,99,0.0008624318870715797
32,133,0.0008593647507950664
77,124,0.0008589365752413869
39,80,0.0008580658468417823
45,81,0.0008570950012654066
20,122,0.0008543626754544675
2,129,0.000850343203637749
27,125,0.0008486203150823712
44,106,0.000847883231472224
41,80,0.0008450702298432589
71,178,0.0008420010562986135
57,133,0.000839147949591279
80,134,0.0008357628830708563
75,134,0.0008354603196494281
11,110,0.0008346543181687593
69,46,0.0008343223598785698
32,46,0.0008326389361172915
33,113,0.000831324199680239
61,99,0.0008262143237516284
71,151,0.0008260281174443662
34,46,0.0008245689095929265
51,54,0.0008239017333835363
32,99,0.0008232397958636284
17,99,0.0008232001564465463
75,63,0.0008229252998717129
48,115,0.0008214206900447607
51,49,0.0008212262182496488
47,109,0.0008205538033507764
48,13,0.0008170089568011463
71,41,0.0008150991634465754
48,134,0.000813369348179549
55,157,0.0008120632846839726
83,104,0.0008108569891192019
72,59,0.000810256868135184
48,121,0.0008097566897049546
72,46,0.000809147022664547
66,109,0.0008064639405347407
80,46,0.0008041817345656455
48,159,0.0008032144396565855
11,46,0.0008009078446775675
52,96,0.0007987573044374585
46,35,0.0007979383808560669
4,99,0.0007972141029313207
84,110,0.0007969961152411997
39,109,0.0007969384314492345
6,106,0.000795577943790704
35,63,0.0007942405645735562
43,72,0.0007941675139591098
8,127,0.0007939057541079819
48,161,0.0007896138704381883
53,59,0.0007885472732596099
47,125,0.0007857740856707096
64,109,0.0007853182032704353
20,114,0.00078505341662094
31,82,0.0007845687214285135
17,63,0.0007843590574339032
19,96,0.0007786467322148383
81,59,0.0007768687210045755
20,156,0.0007760548614896834
14,46,0.0007746524643152952
9,96,0.000772898318246007
48,162,0.0007727514021098614
63,106,0.0007716413238085806
81,49,0.0007708005723543465
2,114,0.000769567210227251
60,82,0.000768889905884862
76,63,0.0007660128176212311
57,99,0.0007657423848286271
2,105,0.0007646817830391228
17,134,0.0007641023257747293
69,134,0.000763803836889565
82,106,0.0007636531954631209
51,103,0.0007601826218888164
48,151,0.0007599262171424925
24,106,0.0007577217184007168
71,127,0.0007570018642581999
62,47,0.0007565651903860271
40,96,0.0007559104124084115
83,109,0.0007532871677540243
2,56,0.0007531902519986033
87,110,0.000752145191654563
48,105,0.000750825391151011
38,124,0.0007506196852773428
22,134,0.0007489409763365984
10,59,0.0007488075061701238
60,133,0.0007478084298782051
44,133,0.0007459913031198084
71,162,0.0007457730243913829
86,54,0.000745227443985641
44,82,0.0007435936713591218
76,99,0.0007434742874465883
60,99,0.0007410054095089436
74,106,0.0007398799061775208
13,133,0.0007388551020994782
28,106,0.0007387590012513101
11,134,0.0007379997405223548
61,63,0.0007374261040240526
72,99,0.0007323497557081282
61,134,0.0007318764110095799
31,80,0.000731300504412502
47,35,0.0007311214576475322
76,134,0.0007298913551494479
77,110,0.0007277909899130464
11,103,0.0007271174690686166
60,80,0.0007268916233442724
62,127,0.0007252247887663543
79,51,0.0007250008638948202
32,49,0.0007240960258059204
35,103,0.0007239283295348287
1,109,0.0007238393882289529
3,109,0.0007238393882289529
23,109,0.0007238393882289529
26,109,0.0007238393882289529
88,109,0.0007238393882289529
54,109,0.0007225195877254009
27,113,0.0007204091525636613
18,59,0.0007177499355748296
16,51,0.0007155160419642925
34,134,0.0007154410122893751
44,99,0.0007132768514566123
80,82,0.0007132741739042103
22,46,0.0007128969300538301
75,49,0.000711430620867759
31,106,0.000710926076862961
71,115,0.0007100952789187431
44,80,0.0007097434136085212
2,118,0.0007085532997734845
35,49,0.0007056768517941236
75,54,0.000705384009052068
77,81,0.0007047188701108098
57,59,0.0007045852253213525
74,99,0.0007043821387924254
4,63,0.0007039221236482263
28,99,0.0007033497677184641
25,96,0.0007018984761089087
86,49,0.000698628427926451
62,110,0.0006977806333452463
69,63,0.0006974974530749023
35,54,0.000696130096912384
14,134,0.0006941143074072897
17,49,0.0006930451490916312
63,82,0.0006925208726897836
4,49,0.0006921738386154175
5,110,0.0006916763377375901
63,133,0.0006906158523634076
5,124,0.0006896979757584631
2,59,0.0006886050687171519
79,103,0.0006880435394123197
18,99,0.0006878878339193761
13,99,0.0006870328797958791
32,81,0.0006826873286627233
8,99,0.0006823825533501804
81,134,0.0006818004185333848
17,54,0.0006809670012444258
32,59,0.0006809400510974228
16,127,0.0006806733435951173
48,41,0.0006802388816140592
61,49,0.0006796952220611274
42,88,0.0006796119851060212
81,63,0.0006783647113479674
53,46,0.0006783084245398641
20,120,0.0006770899635739625
42,111,0.0006753962952643633
80,80,0.0006752972258254886
86,103,0.0006751050823368132
53,99,0.0006747950683347881
83,125,0.0006742027471773326
41,82,0.0006732206675224006
84,177,0.0006728380685672164
34,63,0.0006721353274770081
71,14,0.000670477980747819
59,128,0.0006702339160256088
80,63,0.0006701138918288052
44,46,0.0006687421700917184
80,49,0.0006679780781269073
63,80,0.0006679615471512079
6,133,0.000667392392642796
71,18,0.0006666895933449268
57,46,0.0006643732194788754
63,99,0.0006631927681155503
81,54,0.0006630764692090452
34,49,0.0006626652320846915
74,81,0.0006621579523198307
55,172,0.0006621386855840683
81,81,0.0006615807651542127
28,81,0.0006597023457288742
24,82,0.0006596464081667364
56,86,0.000658832723274827
4,54,0.000658177537843585
69,49,0.0006542045157402754
82,133,0.0006539648165926337
4,134,0.0006536274449899793
74,133,0.0006532818078994751
84,104,0.0006531460676342249
28,133,0.0006528517114929855
52,109,0.0006526861689053476
61,54,0.0006519078742712736
51,51,0.0006511180545203388
10,99,0.0006507706129923463
63,46,0.0006493958062492311
5,47,0.0006472961395047605
20,99,0.0006467094062827528
60,46,0.0006458148127421737
31,99,0.0006422201986424625
76,54,0.0006404320592992008
24,99,0.0006403761799447238
9,109,0.0006388917681761086
72,49,0.0006375703378580511
62,124,0.000634374504443258
14,63,0.0006337360828183591
36,77,0.000631880306173116
72,63,0.0006316692451946437
11,49,0.0006312314071692526
82,99,0.0006302371621131897
39,125,0.0006282338290475309
32,63,0.0006280560046434402
55,160,0.0006277495995163918
13,59,0.0006262028473429382
71,97,0.0006258880603127182
32,134,0.0006221943767741323
44,59,0.0006218985072337091
28,46,0.000621770799625665
74,46,0.0006217645714059472
39,82,0.0006207387777976692
8,59,0.0006203212542459369
43,187,0.0006196023896336555
82,82,0.0006186022656038404
14,49,0.0006173806614242494
24,133,0.0006170141859911382
32,54,0.000615802186075598
24,80,0.0006131080444902182
60,59,0.0006128924433141947
80,103,0.000612250529229641
76,49,0.0006113609997555614
19,109,0.0006111294496804476
69,54,0.0006091668037697673
39,113,0.0006089873495511711
6,99,0.0006087030633352697
31,133,0.0006080556777305901
2,139,0.0006058057188056409
34,54,0.0006055176490917802
12,80,0.0006042338209226727
75,103,0.0006017413106746972
71,12,0.0005960776470601559
72,54,0.000595678691752255
11,63,0.0005942856660112739
72,134,0.000593301432672888
86,51,0.0005926246521994472
11,54,0.0005924944998696446
51,127,0.0005913999630138278
55,138,0.0005896703223697841
66,113,0.0005869524902664125
57,82,0.0005868553998880088
82,80,0.0005856342613697052
80,54,0.0005842287791892886
22,63,0.0005828627618029714
13,46,0.0005828411085531116
56,91,0.0005814412143081427
56,85,0.0005779339116998017
63,59,0.0005775344325229526
22,103,0.0005763760418631136
16,110,0.0005732651916332543
44,49,0.0005717672756873071
83,113,0.0005712503334507346
37,96,0.0005678823799826205
64,113,0.0005677230074070394
40,109,0.0005665105418302119
14,54,0.0005652611143887043
22,49,0.000565206166356802
57,80,0.0005651030805893242
53,134,0.0005617889692075551
57,134,0.0005598184070549905
75,51,0.0005574806127697229
60,49,0.0005570788052864373
57,49,0.000555928039830178
49,110,0.0005557285621762276
6,59,0.0005552597576752305
69,103,0.0005550634232349694
17,103,0.0005546939792111516
74,49,0.0005545533495023847
28,49,0.0005543612642213702
63,49,0.0005535249365493655
81,103,0.0005524900043383241
68,77,0.0005520767299458385
53,63,0.0005493781063705683
25,109,0.000549165066331625
86,127,0.0005489274626597762
71,159,0.0005465446738526225
20,171,0.0005451368633657694
35,51,0.0005430041928775609
64,125,0.0005410566809587181
31,46,0.0005407818825915456
35,127,0.0005403939285315573
17,51,0.0005384434480220079
82,46,0.0005369853461161256
34,103,0.0005367821431718767
61,103,0.0005366256227716804
45,83,0.0005358592025004327
71,175,0.0005351611762307584
1,113,0.0005341654177755117
3,113,0.0005341654177755117
23,113,0.0005341654177755117
26,113,0.0005341654177755117
88,113,0.0005341654177755117
54,113,0.0005331810680218041
35,110,0.0005331442225724459
79,127,0.0005308011313900352
45,96,0.0005284619983285666
82,59,0.000528170436155051
44,134,0.0005276729934848845
48,22,0.0005276295123621821
53,49,0.0005276272422634065
6,46,0.0005263516213744879
77,83,0.0005242519546300173
81,51,0.0005237434525042772
20,164,0.0005231674876995385
74,59,0.0005223913467489183
28,59,0.0005220015882514417
2,133,0.0005199192673899233
60,134,0.0005177872371859848
14,103,0.0005172297824174166
20,100,0.0005171753582544625
10,134,0.0005169914802536368
10,46,0.0005165910115465522
4,51,0.0005160521250218153
22,54,0.0005156563129276037
76,103,0.0005146555486135185
61,51,0.0005143549642525613
16,124,0.0005141993169672787
57,63,0.0005137693951837718
66,125,0.000511731777805835
4,103,0.0005107060424052179
79,47,0.0005088745965622365
6,82,0.0005087426980026066
41,81,0.0005081916460767388
52,113,0.0005058245733380318
18,103,0.0005053614149801433
44,63,0.0005042451084591448
76,51,0.0005026495200581849
24,46,0.0005025419523008168
32,83,0.0005025301943533123
9,113,0.0005020420649088919
56,66,0.0005003661499358714
39,81,0.0005002428661100566
55,43,0.0005001906538382173
43,21,0.0004986256826668978
12,82,0.000498472189065069
24,59,0.0004983130493201315
11,127,0.0004972859751433134
20,133,0.000494936655741185
32,103,0.0004939918871968985
53,54,0.000492999330163002
63,134,0.0004920432693324983
31,81,0.0004916918696835637
13,82,0.0004914833116345108
81,83,0.000489199417643249
8,103,0.0004888894036412239
44,54,0.0004866555973421782
32,51,0.00048656834405846894
31,59,0.0004865611845161766
13,134,0.00048630221863277256
20,89,0.0004862964269705117
16,47,0.00048562450683675706
63,63,0.0004855266015511006
13,49,0.0004852534329984337
6,80,0.0004842724301852286
60,81,0.0004833429120481014
60,63,0.00048315292224287987
57,54,0.00048303406219929457
74,83,0.00048223615158349276
69,51,0.0004810014506801963
47,113,0.00048033843631856143
28,83,0.0004803237970918417
80,127,0.00047993179759941995
8,49,0.00047914055176079273
34,51,0.00047767191426828504
59,175,0.00047746545169502497
51,110,0.0004758363647852093
31,49,0.0004752430540975183
74,134,0.0004737343988381326
28,134,0.0004732887027785182
13,80,0.0004731028457172215
63,54,0.0004729198117274791
75,127,0.0004710766952484846
60,54,0.00047009496483951807
44,81,0.00046951640979386866
48,176,0.0004675809177570045
54,125,0.0004674401134252548
1,125,0.0004673755029216409
3,125,0.0004673755029216409
23,125,0.0004673755029216409
26,125,0.0004673755029216409
88,125,0.0004673755029216409
34,80,0.00046715966891497374
72,51,0.0004660224076360464
73,96,0.0004636600206140429
80,51,0.00046317389933392406
20,27,0.00046236044727265835
55,150,0.0004613918426912278
72,103,0.0004596797516569495
82,49,0.00045919232070446014
22,110,0.00045918094110675156
34,82,0.0004588783485814929
43,149,0.00045747810509055853
38,110,0.00045603219768963754
52,125,0.00045386445708572865
28,54,0.00045269913971424103
74,54,0.00045264989603310823
19,113,0.0004513693565968424
51,124,0.0004509438294917345
16,80,0.00045075794332660735
43,20,0.00045009583118371665
28,63,0.00044953374890610576
74,63,0.0004494649183470756
11,51,0.0004486805119086057
22,127,0.0004460371856112033
6,134,0.00044560772948898375
13,63,0.00044532367610372603
14,51,0.00044466956751421094
51,47,0.0004440018383320421
37,109,0.00044256827095523477
71,120,0.00044165205326862633
63,81,0.0004413643619045615
82,134,0.0004409144457895309
6,49,0.00044066066038794816
20,152,0.0004395308787934482
18,49,0.0004389553505461663
79,124,0.00043858602293767035
58,96,0.0004374102863948792
43,127,0.00043720059329643846
24,49,0.00043691686005331576
9,144,0.00043607011321000755
20,135,0.00043577197357080877
9,125,0.00043531900155358016
57,103,0.00043529015965759754
79,110,0.00043434015242382884
69,127,0.00043425403418950737
10,63,0.0004315547994337976
80,110,0.00043147578253410757
19,125,0.0004314653342589736
12,96,0.0004306389600969851
80,81,0.00042958115227520466
16,82,0.00042879540706053376
48,175,0.00042716492316685617
17,127,0.0004262121219653636
31,134,0.0004226673918310553
71,87,0.0004218568792566657
11,124,0.00042174168629571795
13,54,0.0004215045482851565
35,124,0.0004187778977211565
20,25,0.00041740428423509
53,103,0.0004163866979070008
61,127,0.000415646267356351
41,96,0.0004156068607699126
39,83,0.0004155854694545269
20,137,0.00041555831558071077
14,80,0.0004146130522713065
83,177,0.0004146047285757959
43,16,0.0004142929974477738
71,71,0.00041423612856306136
14,82,0.00041361546027474105
24,134,0.000413533445680514
60,103,0.00041297482675872743
34,127,0.0004126136191189289
44,103,0.0004120631201658398
81,127,0.0004103768733330071
41,83,0.0004100309743080288
25,113,0.000406765379011631
24,81,0.0004063859232701361
6,63,0.0004039624473080039
82,63,0.00040384577005170286
10,49,0.00040341482963413
22,51,0.00040165428072214127
40,113,0.00040026678470894694
76,127,0.0004001069173682481
48,87,0.00039840597310103476
14,127,0.0003982091147918254
81,110,0.0003980686597060412
49,104,0.00039616692811250687
86,47,0.0003956294967792928
31,63,0.0003925661148969084
31,54,0.00039120102883316576
82,54,0.00038751898682676256
86,124,0.00038706339546479285
63,103,0.0003862380690407008
74,103,0.00038619793485850096
28,103,0.0003858542477246374
53,51,0.0003851122746709734
27,104,0.00038410877459682524
69,80,0.00038397128810174763
82,81,0.00038269281503744423
13,103,0.00038120796671137214
44,51,0.00038114420021884143
4,127,0.0003807078755926341
55,132,0.00037970408448018134
45,109,0.0003787086461670697
6,54,0.00037822878221049905
57,51,0.00037771929055452347
75,47,0.00037744519067928195
69,82,0.0003769994655158371
73,109,0.000376995129045099
48,9,0.0003732290933839977
40,125,0.00037318409886211157
48,120,0.0003728736483026296
68,104,0.0003720282402355224
10,103,0.00037142509245313704
32,127,0.00037023850018158555
63,51,0.00036964513128623366
10,54,0.00036862792330794036
24,63,0.0003684030962176621
4,80,0.00036786386044695973
72,80,0.00036737811751663685
60,51,0.00036721304059028625
35,47,0.00036617147270590067
57,81,0.00036517687840387225
17,47,0.0003648164274636656
20,87,0.0003647267003543675
2,58,0.0003643336531240493
81,47,0.00036270605050958693
24,54,0.00036157455178909004
55,174,0.0003597518661990762
8,63,0.000357170298229903
75,124,0.0003569505352061242
31,83,0.00035615821252577007
60,83,0.0003554977593012154
4,47,0.0003549934772308916
72,82,0.0003543115162756294
2,136,0.00035403735819272697
28,51,0.0003533508279360831
4,82,0.0003533338021952659
74,51,0.0003533212002366781
69,110,0.00035095360362902284
34,110,0.00035091230529360473
12,109,0.00035090395249426365
71,33,0.00035064443363808095
12,81,0.0003504198684822768
61,47,0.0003502630570437759
80,124,0.00035003709490410984
37,125,0.00034903991036117077
25,125,0.0003484675253275782
30,96,0.0003476361744105816
82,103,0.00034643488470464945
75,110,0.00034639015211723745
44,83,0.0003462834865786135
72,127,0.000345815671607852
58,109,0.00034564806264825165
32,110,0.00034530521952547133
31,103,0.00034327644971199334
14,110,0.00034116359893232584
6,103,0.00034112719004042447
80,83,0.0003402710135560483
48,154,0.000339215446729213
18,63,0.00033920753048732877
43,13,0.00033889542100951076
76,47,0.0003382398863323033
81,124,0.0003371934872120619
32,47,0.0003369568148627877
71,48,0.00033692183205857873
20,103,0.0003354467044118792
24,103,0.00033390498720109463
86,110,0.00033116526901721954
17,124,0.0003305186692159623
61,80,0.00032862904481589794
71,40,0.00032812627614475787
13,51,0.00032751247636042535
57,127,0.00032739792368374765
22,124,0.0003271701280027628
69,47,0.0003271083696745336
69,124,0.00032534648198634386
59,87,0.00032494691549800336
41,109,0.00032470846781507134
34,47,0.000324243534123525
8,46,0.0003218584752175957
63,83,0.0003217983467038721
72,47,0.00032100503449328244
61,124,0.00032054970506578684
37,113,0.00032018928322941065
56,88,0.0003199533966835588
4,110,0.0003194983000867069
20,123,0.00031843126635067165
53,127,0.00031736562959849834
34,124,0.00031710584880784154
59,173,0.00031670433236286044
59,93,0.0003165811358485371
61,110,0.0003164336085319519
20,113,0.00031528028193861246
80,47,0.00031459328602068126
57,110,0.00031324653537012637
49,177,0.0003130548575427383
4,124,0.0003123009519185871
43,188,0.00031061822664923966
17,110,0.0003103648195974529
56,111,0.0003103328635916114
60,110,0.0003102642367593944
6,81,0.0003101332113146782
61,82,0.0003098220331594348
44,127,0.00030975794652476907
60,127,0.00030711994622834027
76,124,0.0003038753638975322
11,47,0.00030352562316693366
31,51,0.0003035212866961956
13,81,0.0003035154950339347
14,124,0.00030285672983154655
22,82,0.000302713830024004
32,124,0.0003023809695150703
48,156,0.00030195919680409133
14,47,0.0003018953138962388
74,110,0.0003014685062225908
82,51,0.00030110226362012327
22,80,0.0003009277570527047
28,110,0.000300897954730317
17,80,0.0003008437342941761
43,129,0.0002973979280795902
53,80,0.0002969724009744823
24,83,0.000295776582788676
59,159,0.0002942661812994629
44,110,0.00029404854285530746
12,83,0.0002940314298029989
6,51,0.00029391597490757704
72,110,0.0002919993712566793
34,81,0.0002919929684139788
53,82,0.0002891368931159377
73,113,0.00028875673888251185
63,127,0.0002886210277210921
48,97,0.00028788999770767987
59,127,0.0002867291041184217
10,51,0.0002866405702661723
10,127,0.00028486971859820187
74,127,0.00028438775916583836
28,127,0.00028408507932908833
13,127,0.0002838192449416965
18,46,0.0002832807076629251
82,83,0.000281227461528033
72,124,0.0002810679725371301
17,82,0.00028101089992560446
24,51,0.0002796185144688934
13,110,0.0002790720318444073
48,12,0.00027690903516486287
16,81,0.00027564784977585077
48,15,0.0002729221887420863
57,83,0.00027163641061633825
63,110,0.0002715628652367741
20,150,0.00027142491308040917
71,27,0.000271282100584358
20,119,0.0002701500488910824
30,109,0.0002699132019188255
31,110,0.0002696675364859402
64,144,0.0002694586000870913
22,47,0.00026896578492596745
76,110,0.00026784162037074566
12,113,0.0002669160021468997
24,110,0.00026667636120691895
71,70,0.00026446947595104575
44,47,0.000262306333752349
48,40,0.0002604832989163697
53,47,0.0002604281762614846
48,90,0.0002603291068226099
77,96,0.00026030477602034807
51,80,0.0002590559597592801
10,82,0.0002582808374427259
53,110,0.0002582591841928661
12,125,0.00025812056264840066
57,47,0.00025733548682183027
14,81,0.00025704147992655635
48,18,0.00025699808611534536
82,127,0.0002566132170613855
43,115,0.00025651120813563466
58,113,0.00025631123571656644
57,124,0.0002561780856922269
82,110,0.00025617197388783097
75,80,0.00025578757049515843
6,127,0.000255229213507846
73,125,0.000254911370575428
10,80,0.00025456552975811064
63,47,0.00025417216238565743
46,104,0.00025256379740312696
60,47,0.0002515577943995595
31,127,0.0002515501109883189
59,103,0.0002511032216716558
37,80,0.0002505868615116924
20,110,0.00025032300618477166
62,96,0.0002501259441487491
43,184,0.00024836952798068523
45,113,0.00024765540729276836
29,78,0.0002470625040587038
44,124,0.00024681436480022967
60,124,0.00024568435037508607
24,127,0.00024519336875528097
53,124,0.00024465395836159587
59,162,0.0002445926074869931
29,178,0.00024416460655629635
10,110,0.00024375751672778279
74,47,0.0002436464565107599
28,47,0.00024363301054108888
2,102,0.00024333724286407232
51,82,0.00024270305584650487
71,156,0.0002426373539492488
11,82,0.00024237237812485546
6,110,0.00024222751380875707
5,80,0.00024207905516959727
2,112,0.00024018327530939132
20,118,0.00023982148559298366
30,144,0.000237819564063102
41,113,0.00023723187041468918
59,152,0.00023632006195839494
69,81,0.00023492607579100877
75,82,0.00023472098109778017
35,80,0.00023349800903815776
55,155,0.0002330638380954042
63,124,0.0002324477827642113
74,124,0.00023226591292768717
28,124,0.0002320682251593098
41,125,0.0002317054313607514
55,106,0.00023166787286754698
45,125,0.00023106651497073472
48,14,0.0002307305549038574
59,71,0.0002304673835169524
55,37,0.00023029869771562517
6,83,0.00023005575349088758
72,81,0.00022993161110207438
11,80,0.0002293137804372236
35,82,0.00022902425553184003
4,81,0.00022892079141456634
59,89,0.00022881932090967894
20,38,0.0002287543029524386
58,125,0.0002277764433529228
20,73,0.00022723870642948896
20,170,0.00022712086501996964
59,96,0.00022545976389665157
2,41,0.000224972958676517
8,110,0.00022406551579479128
13,83,0.00022311961220111698
13,124,0.00022282006102614105
13,47,0.00022177619393914938
8,124,0.00021998693409841508
34,83,0.00021997076692059636
5,82,0.00021855962404515594
55,169,0.0002184283803217113
59,26,0.00021658225159626454
18,124,0.00021642743377014995
79,80,0.00021582715271506459
20,143,0.00021481543080881238
18,110,0.00021465837198775262
16,83,0.00021320139057934284
46,77,0.0002117451949743554
84,96,0.00021050035138614476
31,47,0.00020675989799201488
10,124,0.0002059264952549711
71,154,0.00020569258776959032
48,132,0.00020386639516800642
82,47,0.00020347935787867755
31,124,0.00020303497149143368
82,124,0.00020191658404655755
77,109,0.0002018224768107757
71,114,0.00019971371511928737
61,81,0.00019914799486286938
6,47,0.0001982592511922121
6,124,0.00019732439250219613
30,113,0.00019653819617815316
59,153,0.00019644414715003222
62,109,0.0001964199764188379
40,144,0.00019629827875178307
20,112,0.0001957370259333402
14,83,0.00019485548546072096
24,124,0.00019444403005763888
48,122,0.00019420315220486373
20,175,0.00019403824990149587
87,96,0.00019287891336716712
20,155,0.0001918632915476337
48,114,0.0001901774521684274
79,82,0.00019017291197087616
24,47,0.00018914575048256665
10,47,0.0001890583080239594
43,113,0.0001882003853097558
52,144,0.00018664564413484186
22,81,0.00018379876564722508
11,96,0.0001825271756388247
55,139,0.00018132782133761793
5,96,0.00018120510503649712
47,77,0.00018068542703986168
53,81,0.00018063101742882282
69,83,0.00017971807392314076
17,81,0.00017927531735040247
8,54,0.0001774946431396529
55,148,0.0001753254618961364
49,96,0.000170923289260827
30,125,0.00017050301539711654
20,43,0.0001676009560469538
29,34,0.000167594087542966
71,122,0.00016702806169632822
8,51,0.00016683005378581583
37,82,0.00016626041906420141
4,83,0.00016609310114290565
72,83,0.00016593607142567635
84,109,0.00016454844444524497
87,109,0.00016070556011982262
20,173,0.00016002739721443504
48,89,0.00015955796698108315
11,109,0.00015948677901178598
55,107,0.00015797068772371858
48,158,0.0001577160437591374
16,96,0.00015762087423354387
59,118,0.00015505806368310004
20,160,0.00015356694348156452
51,81,0.0001530459412606433
55,143,0.00015244340465869755
2,117,0.00015220724162645638
71,59,0.00015170633560046554
10,81,0.00015144776261877269
75,81,0.00015058793360367417
20,121,0.00015021349827293307
5,109,0.00014977541286498308
18,54,0.0001492134906584397
61,83,0.00014886530698277056
55,170,0.00014869974984321743
48,172,0.00014840341464150697
48,173,0.00014718946476932615
20,146,0.00014704398927278817
73,144,0.0001463377702748403
20,49,0.0001449794217478484
77,113,0.00014496338553726673
11,81,0.00014462650869973004
62,113,0.0001436228776583448
18,51,0.00014336440654005855
86,80,0.0001418165920767933
20,145,0.00014060676039662212
76,80,0.00013944527017883956
22,83,0.00013927306281402707
35,81,0.00013893692812416703
5,81,0.0001384262286592275
2,40,0.0001381484034936875
59,174,0.00013596826465800405
43,110,0.00013551123265642673
17,83,0.00013515517639461905
8,47,0.00013474919251166284
71,29,0.00013454773579724133
71,58,0.00013441925693769008
38,96,0.00013391172979027033
53,83,0.00013379992742557079
43,159,0.0001330505619989708
43,105,0.00013064105587545782
20,108,0.000130561733385548
48,70,0.00013051839778199792
79,81,0.0001305083278566599
37,81,0.00013030364061705768
16,109,0.00012979719031136483
20,125,0.00012975561548955739
55,117,0.0001294158137170598
43,99,0.0001292244269279763
77,125,0.00012918241554871202
20,92,0.00012868558405898511
48,157,0.00012746774882543832
59,129,0.00012703648826573044
35,96,0.00012696358317043632
11,113,0.0001263872836716473
86,82,0.00012534156849142164
59,160,0.00012510371743701398
59,48,0.00012469926150515676
59,100,0.00012448600318748504
76,82,0.00012387652532197535
2,92,0.00012281164526939392
49,109,0.0001224470470333472
87,113,0.00012222562509123236
71,173,0.00012220803182572126
20,67,0.0001221644488396123
51,96,0.0001221558341057971
84,125,0.00012136179429944605
62,144,0.00012085575144737959
59,134,0.0001198611716972664
62,125,0.00011979044938925654
79,96,0.0001186089139082469
18,47,0.00011822330270661041
87,125,0.00011713481944752857
81,96,0.00011643748439382762
51,83,0.00011642670870060101
10,83,0.00011623424506979063
59,172,0.00011623114551184699
84,113,0.00011604376777540892
71,90,0.00011600813741097227
43,12,0.00011533288488863036
20,10,0.00011449036537669599
5,113,0.00011355931201251224
75,83,0.00011350658314768225
59,33,0.00011238660954404622
80,96,0.00011180906585650519
43,22,0.00011004914995282888
22,96,0.00010944698442472145
5,83,0.00010893139551626518
37,83,0.00010868746176129207
38,80,0.00010617595398798585
35,109,0.00010543962707743049
35,83,0.00010466446838108823
48,138,0.00010415600991109386
71,56,0.00010347007628297433
2,52,0.00010330957593396306
32,96,0.00010235205991193652
38,109,0.00010218470561085269
87,80,0.00010209267202299088
11,83,0.0001015046946122311
59,119,0.00010047352407127619
5,125,0.00010038723848992959
55,137,0.00010016472515417263
71,147,9.994299034588039e-05
20,97,9.93702415144071e-05
51,109,9.916388808051124e-05
58,144,9.886854240903631e-05
16,113,9.857286204351112e-05
11,125,9.603050420992076e-05
43,182,9.557354496791959e-05
2,107,9.472908277530223e-05
34,96,9.469268843531609e-05
48,71,9.405328455613926e-05
79,109,9.364537982037291e-05
22,109,9.2815920652356e-05
71,89,9.246917034033686e-05
20,109,9.208200935972854e-05
80,109,9.198660700349137e-05
49,125,9.18087171157822e-05
81,109,9.173065336653963e-05
2,99,9.156347368843853e-05
79,83,9.14523916435428e-05
69,96,9.127683006227016e-05
75,96,9.110882820095867e-05
15,132,9.104325727093965e-05
55,30,8.848575089359656e-05
14,96,8.845208503771573e-05
71,158,8.790795982349664e-05
4,96,8.668701048009098e-05
71,157,8.659240847919136e-05
43,90,8.624448673799634e-05
48,27,8.516187517670915e-05
61,96,8.460747631033882e-05
20,28,8.453449845546857e-05
16,125,8.438654185738415e-05
60,96,8.37056286400184e-05
74,96,8.365208486793563e-05
28,96,8.351093129022047e-05
17,96,8.301840716740116e-05
57,96,8.220440213335678e-05
59,135,8.206107304431498e-05
87,82,8.204440382542089e-05
55,145,8.147183689288795e-05
86,96,8.097072714008391e-05
2,123,8.074911602307111e-05
59,156,8.016311039682478e-05
44,96,8.003868424566463e-05
32,109,7.990477024577558e-05
35,113,7.977838686201721e-05
43,151,7.971891318447888e-05
71,132,7.950611325213686e-05
38,82,7.900698983576149e-05
72,96,7.879233453422785e-05
20,169,7.844941137591377e-05
76,81,7.82906063250266e-05
86,81,7.732294034212828e-05
59,154,7.720785652054474e-05
49,113,7.719784480286762e-05
43,9,7.699734851485118e-05
20,128,7.605640712426975e-05
34,109,7.559537334600464e-05
48,174,7.476354949176311e-05
27,177,7.474886660929769e-05
63,96,7.427387026837096e-05
59,158,7.394870044663548e-05
48,160,7.367237412836403e-05
51,113,7.345343328779563e-05
69,109,7.319032010855153e-05
55,171,7.303728489205241e-05
59,147,7.274514064192772e-05
75,109,7.239517435664311e-05
59,95,7.223201828310266e-05
55,73,7.219380495371297e-05
20,107,7.208435272332281e-05
22,113,7.203906716313213e-05
31,96,7.173196354415268e-05
20,98,7.165210990933701e-05
47,104,7.159535743994638e-05
13,96,7.106804696377367e-05
14,109,7.087826816132292e-05
38,113,7.05231650499627e-05
2,96,7.02913966961205e-05
55,52,6.993109855102375e-05
20,24,6.98009753250517e-05
59,151,6.970392860239372e-05
80,113,6.968405796214938e-05
7,144,6.938070146134123e-05
59,90,6.85563645674847e-05
38,125,6.840675632702187e-05
24,96,6.815697270212695e-05
71,138,6.72931200824678e-05
4,109,6.723545811837539e-05
79,113,6.689266592729837e-05
81,113,6.655124889221042e-05
61,109,6.646302790613845e-05
2,130,6.638378545176238e-05
82,96,6.637865590164438e-05
60,109,6.636201578658074e-05
76,96,6.624781963182613e-05
35,125,6.609013507841155e-05
74,109,6.586740346392617e-05
28,109,6.574090366484597e-05
57,109,6.548804958583787e-05
53,96,6.542475603055209e-05
71,172,6.523724005091935e-05
48,150,6.50157016934827e-05
17,109,6.483547622337937e-05
86,109,6.4694722823333e-05
20,176,6.418536213459447e-05
43,18,6.348077295115218e-05
51,125,6.318435043795034e-05
43,62,6.314742495305836e-05
44,109,6.291031604632735e-05
59,169,6.212533480720595e-05
2,43,6.163748912513256e-05
43,154,6.112491246312857e-05
72,109,6.111103721195832e-05
6,96,6.10455172136426e-05
86,83,6.10113529546652e-05
48,29,6.0495211073430255e-05
29,35,5.9476100432220846e-05
2,0,5.9430294641060755e-05
22,125,5.892291301279329e-05
55,146,5.8907742641167715e-05
76,83,5.834443436469883e-05
43,109,5.8097364671994e-05
43,162,5.793299715151079e-05
63,109,5.790764407720417e-05
79,125,5.779400089522824e-05
80,125,5.761707870988175e-05
32,113,5.7447992730885744e-05
38,81,5.700252586393617e-05
31,109,5.672018596669659e-05
13,109,5.656791108776815e-05
10,96,5.624790719593875e-05
59,98,5.60363223485183e-05
34,113,5.537052493309602e-05
24,109,5.443992267828435e-05
81,125,5.4312720749294385e-05
69,113,5.368178244680166e-05
55,25,5.254282586975023e-05
87,81,5.2537568990373984e-05
8,96,5.2536066505126655e-05
75,113,5.2512874390231445e-05
82,109,5.251006950857118e-05
20,161,5.250736649031751e-05
14,113,5.1956623792648315e-05
76,109,5.160297951078974e-05
53,109,5.130939098307863e-05
59,70,5.0203485443489626e-05
19,144,4.934828029945493e-05
6,109,4.82578034279868e-05
60,113,4.821631227969192e-05
57,113,4.775309207616374e-05
61,113,4.7663281293353066e-05
74,113,4.758325667353347e-05
28,113,4.748059291159734e-05
4,113,4.7473935410380363e-05
32,125,4.7058936615940183e-05
86,113,4.704798629973084e-05
43,41,4.668169640353881e-05
48,48,4.665949018090032e-05
8,109,4.6617016778327525e-05
18,96,4.65093798993621e-05
34,125,4.647382229450159e-05
20,126,4.626726877177134e-05
17,113,4.623365748557262e-05
71,160,4.56915186077822e-05
75,125,4.559362423606217e-05
69,125,4.5454791688825935e-05
10,109,4.539310612017289e-05
44,113,4.526264820015058e-05
43,135,4.492375228437595e-05
43,153,4.421545236255042e-05
14,125,4.341138628660701e-05
72,113,4.311079828767106e-05
87,83,4.30562358815223e-05
18,109,4.2442334233783185e-05
86,125,4.243436342221685e-05
20,70,4.214709406369366e-05
68,177,4.197765883873217e-05
38,83,4.1958850488299504e-05
33,80,4.187722151982598e-05
55,24,4.171158070676029e-05
63,113,4.128627188038081e-05
13,113,4.111155431019142e-05
31,113,4.107479617232457e-05
43,14,4.095596887054853e-05
61,125,4.087855268153362e-05
59,115,4.06219951400999e-05
20,131,4.0502276533516124e-05
17,125,3.9917667891131714e-05
4,125,3.989943797932938e-05
24,113,3.977365486207418e-05
2,37,3.977054439019412e-05
71,43,3.9482063584728166e-05
8,113,3.944055424653925e-05
57,125,3.883355384459719e-05
60,125,3.8731774111511186e-05
82,113,3.8014695746824145e-05
43,119,3.798425677814521e-05
74,125,3.774416836677119e-05
28,125,3.766980444197543e-05
83,80,3.74592054868117e-05
2,73,3.737099905265495e-05
18,113,3.694690531119704e-05
71,150,3.693017060868442e-05
44,125,3.6731620639329776e-05
53,113,3.661069058580324e-05
76,113,3.6386187275638804e-05
48,37,3.6275494494475424e-05
72,125,3.610648127505556e-05
20,96,3.5894896427635103e-05
43,125,3.5889526770915836e-05
20,106,3.577491588657722e-05
48,59,3.5323020711075515e-05
2,66,3.5232154914410785e-05
2,25,3.52193892467767e-05
48,58,3.5097546060569584e-05
59,149,3.493285839795135e-05
6,113,3.4831366065191105e-05
48,56,3.4440032322891057e-05
2,132,3.404195376788266e-05
43,40,3.3883447031257674e-05
63,125,3.353431020514108e-05
59,120,3.3487649488961324e-05
10,113,3.33873977069743e-05
43,174,3.325711077195592e-05
13,125,3.3181651815539226e-05
8,125,3.309679595986381e-05
15,78,3.27164598274976e-05
31,125,3.2478958019055426e-05
76,125,3.2007621484808624e-05
45,144,3.184160959790461e-05
20,69,3.158131949021481e-05
18,125,3.1405623303726315e-05
24,125,3.136390296276659e-05
59,150,3.1260555260814726e-05
48,148,3.08121889247559e-05
53,125,3.072351682931185e-05
82,125,3.045020639547147e-05
36,177,3.020861004188191e-05
43,157,2.9396584068308584e-05
71,134,2.9136770535842516e-05
48,155,2.9124601496732794e-05
2,116,2.8997395929764025e-05
55,92,2.827691969287116e-05
59,109,2.8226806534803472e-05
43,152,2.817307540681213e-05
6,125,2.812089405779261e-05
59,112,2.789245809253771e-05
10,125,2.7603444323176518e-05
48,43,2.706566192500759e-05
20,55,2.70299115072703e-05
55,133,2.683433012862224e-05
20,124,2.6597059331834316e-05
43,118,2.6516196157899685e-05
43,164,2.602092718007043e-05
32,144,2.5911427655955777e-05
43,96,2.5902558263624087e-05
74,144,2.5798943170229904e-05
28,144,2.567465344327502e-05
55,126,2.5548331905156374e-05
43,112,2.5150427973130718e-05
43,15,2.4464214220643044e-05
84,80,2.437369585095439e-05
81,144,2.4257729819510132e-05
59,97,2.368810964981094e-05
43,37,2.368463174207136e-05
43,172,2.3296572180697694e-05
20,116,2.2646268917014822e-05
71,37,2.246883923362475e-05
20,50,2.233846862509381e-05
43,114,2.1879710402572528e-05
77,144,2.180056253564544e-05
48,169,2.1355843273340724e-05
20,30,2.1197416572249494e-05
55,116,2.08771089091897e-05
43,138,2.0768824469996616e-05
83,82,2.043438325927127e-05
59,121,2.0282268451410346e-05
43,120,2.028122435149271e-05
48,170,1.9575685655581765e-05
2,109,1.9513581719365902e-05
20,117,1.885418896563351e-05
20,101,1.876706119219307e-05
59,155,1.8755414203042164e-05
33,81,1.8586137230158783e-05
43,122,1.847508792707231e-05
59,170,1.840971344790887e-05
43,156,1.822724698286038e-05
20,65,1.8026135876425542e-05
2,110,1.700603934295941e-05
59,122,1.6675034203217365e-05
55,38,1.664027695369441e-05
83,81,1.6271422282443382e-05
48,143,1.6231204426730983e-05
31,144,1.6073317965492606e-05
71,106,1.6070589481387287e-05
43,100,1.59747687575873e-05
43,123,1.5900004655122757e-05
84,82,1.575857459101826e-05
55,42,1.563540536153596e-05
2,126,1.5632393115083687e-05
49,80,1.5071977031766437e-05
20,57,1.4770148482057266e-05
20,44,1.42602539199288e-05
20,45,1.4146691682981327e-05
60,144,1.403254736942472e-05
71,155,1.3976321497466415e-05
48,137,1.3787197531200945e-05
83,83,1.3694016161025502e-05
47,177,1.3584626685769763e-05
55,130,1.3431024854071438e-05
46,177,1.3413296073849779e-05
59,59,1.2914365470351186e-05
55,108,1.2767623957188334e-05
43,158,1.2626715033547953e-05
33,82,1.2614751540240832e-05
44,144,1.2543649063445628e-05
15,34,1.2294996849959716e-05
33,83,1.2074810001649894e-05
55,28,1.1943414392590057e-05
63,144,1.1783407899201848e-05
20,94,1.1710411854437552e-05
48,171,1.1710209946613759e-05
55,10,1.1668617844406981e-05
59,110,1.15489983727457e-05
29,77,1.1489370081108063e-05
24,144,1.1276629265921656e-05
20,61,1.1054240530938841e-05
43,128,1.0961702173517551e-05
84,81,1.0929072232102044e-05
2,125,1.0358294275647495e-05
20,86,1.03317752291332e-05
71,148,9.941027201421093e-06
71,169,9.913117537507787e-06
82,144,9.736672836879734e-06
48,145,9.593742106517311e-06
55,66,9.498652616457548e-06
59,99,9.432043952983804e-06
71,107,9.411872269993182e-06
71,174,9.268589565181173e-06
48,107,9.147339369519614e-06
43,103,9.043166755873244e-06
43,57,8.986847205960657e-06
43,89,8.94359345693374e-06
71,143,8.936959602579009e-06
59,105,8.922559572965838e-06
41,144,8.824229553283658e-06
59,145,8.643871296953876e-06
48,106,8.558596164220944e-06
55,101,8.543494004698005e-06
84,83,8.52106859383639e-06
80,144,8.319902008224744e-06
49,82,8.263892596005462e-06
43,55,8.224470548157115e-06
57,144,7.995125088200439e-06
59,138,7.814919626980554e-06
2,106,7.736995939922053e-06
43,121,7.6156584327691235e-06
2,30,7.545066637248965e-06
71,170,7.526481567765586e-06
2,101,7.3896344474633224e-06
43,148,7.3733167482714634e-06
43,69,7.270685728144599e-06
39,144,7.2441089287167415e-06
43,87,7.036730494291987e-06
48,146,6.9376137616927736e-06
59,41,6.9288462327676825e-06
59,136,6.92693674864131e-06
49,81,6.517635483760387e-06
6,144,6.220116119948216e-06
13,144,6.094587206462165e-06
71,139,6.033823410689365e-06
43,50,6.008277068758616e-06
48,73,5.892123226658441e-06
59,148,5.871083430974977e-06
20,56,5.8666396398621146e-06
71,117,5.81801623411593e-06
59,171,5.792466254206374e-06
43,49,5.671363396686502e-06
55,94,5.435037564893719e-06
59,56,5.2889567996317055e-06
71,137,5.250936737866141e-06
20,42,5.191950094740605e-06
34,144,5.124293238623068e-06
48,117,4.967517270415556e-06
59,146,4.932875526719727e-06
49,83,4.930383056489518e-06
2,113,4.926730980514549e-06
2,108,4.880104825133458e-06
20,68,4.737011295219418e-06
48,25,4.616656497091753e-06
59,157,4.535270363703603e-06
43,175,4.357017132861074e-06
16,144,4.203450771456119e-06
71,73,4.162799996265676e-06
43,67,4.145301772950916e-06
48,133,4.1437442632741295e-06
20,91,3.9638093767280225e-06
43,150,3.918275979231112e-06
12,144,3.916729383490747e-06
14,144,3.8105777093733195e-06
20,58,3.8022067201382015e-06
71,30,3.708847998495912e-06
20,52,3.6858687053609174e-06
59,114,3.63951380677463e-06
43,61,3.6318303955340525e-06
43,98,3.4775384847307578e-06
59,125,3.4661816243897192e-06
72,144,3.463647317403229e-06
43,29,3.4571494325064123e-06
43,65,3.4342358503636206e-06
4,144,3.431793174968334e-06
71,145,3.340207967994502e-06
2,94,3.2626796837575966e-06
43,133,3.2081538847705815e-06
48,139,3.1339329780166736e-06
69,144,3.029674644494662e-06
59,143,3.0072706067585386e-06
71,171,3.002845687660738e-06
59,58,2.720740212680539e-06
43,27,2.713839421630837e-06
2,86,2.604416522444808e-06
43,97,2.598494575067889e-06
15,35,2.584277126516099e-06
71,25,2.581333546913811e-06
20,88,2.4517808014934417e-06
59,123,2.4289151951961685e-06
20,60,2.4266832951980177e-06
61,144,2.4203989141824422e-06
43,137,2.364267402299447e-06
20,53,2.3642517135158414e-06
59,113,2.363920202697045e-06
48,30,2.3584775590279605e-06
20,64,2.3253896870301105e-06
22,144,2.1956257114652544e-06
71,146,2.1899104467593133e-06
53,144,2.152671868316247e-06
2,27,2.1376804397732485e-06
43,171,2.122356136169401e-06
71,52,2.113860091412789e-06
48,92,2.08994242711924e-06
17,144,1.997090066652163e-06
43,131,1.9892015643563354e-06
59,137,1.9775557120738085e-06
11,144,1.9403516944294097e-06
20,85,1.8858402199839475e-06
27,80,1.8381607560513658e-06
2,29,1.7465258679294493e-06
43,160,1.6693097677489277e-06
20,111,1.6616335187791265e-06
20,59,1.6308284784827265e-06
43,173,1.6215946061493014e-06
20,71,1.5742010646135896e-06
10,144,1.5448107433257974e-06
48,52,1.5238312016663258e-06
71,24,1.474501914344728e-06
55,44,1.4599595488107298e-06
43,155,1.4456019243880291e-06
75,144,1.419310819983366e-06
51,144,1.3567591850005556e-06
59,40,1.330164423052338e-06
35,144,1.2964918596480857e-06
48,126,1.250751779480197e-06
43,170,1.2336092822806677e-06
55,91,1.2197641581224161e-06
20,139,1.2091954886273015e-06
55,45,1.1566417015274055e-06
79,144,1.1372782182661467e-06
71,133,1.082256062545639e-06
55,85,1.0651227739799651e-06
5,144,1.031340730150987e-06
43,161,1.0277883575326996e-06
59,0,1.0166652373300167e-06
48,130,1.012395500765706e-06
71,126,1.0030599923993577e-06
71,92,9.951222637027968e-07
43,176,9.67051278166764e-07
2,91,9.574241630616598e-07
48,116,9.311889925811556e-07
59,139,9.231541184817615e-07
27,82,8.813428280518565e-07
2,10,8.585112141190621e-07
2,42,8.482778639518074e-07
43,73,8.4325449734024e-07
43,143,8.192221230274299e-07
48,24,8.087133096523758e-07
43,25,7.735128519925638e-07
48,108,7.439899718519882e-07
48,38,7.350494684033038e-07
68,80,6.935860596968269e-07
71,116,6.832544841017807e-07
27,81,6.664779448328773e-07
43,124,6.420743261514872e-07
36,80,6.144492203929985e-07
55,86,6.070973199712171e-07
71,38,5.845250257152657e-07
2,88,5.677261469827499e-07
43,145,5.503603688339354e-07
2,19,5.495175514624862e-07
2,111,5.180176003705128e-07
43,43,5.126210567141243e-07
37,144,5.11348673626344e-07
48,10,5.081057565803349e-07
27,83,5.065928121439356e-07
20,63,5.014898079025443e-07
43,146,4.957612418365898e-07
76,144,4.3052816067756794e-07
55,111,4.2606254169186286e-07
48,28,4.229283945278439e-07
71,108,4.145556147250318e-07
43,68,4.0200268358603353e-07
71,42,3.8738980379093846e-07
43,130,3.8264772683760384e-07
20,66,3.7387817997114325e-07
43,169,3.699564388170984e-07
71,28,3.654740794445388e-07
71,10,3.531219761043758e-07
86,144,3.4375082691440184e-07
2,28,3.239335626403772e-07
48,101,3.176366192292335e-07
2,85,3.006107363034971e-07
2,38,2.914864296599262e-07
43,107,2.828973890700581e-07
43,70,2.7976452088296355e-07
48,42,2.568892227827746e-07
43,64,2.507144927221816e-07
68,82,2.494093109817186e-07
36,82,2.392459919065004e-07
68,81,2.34383051633813e-07
2,21,2.229890299076942e-07
59,43,2.154671392418095e-07
2,44,2.1521249493616779e-07
20,48,2.1427146634778182e-07
71,101,2.1248865778034087e-07
43,106,2.0147975021700404e-07
36,81,2.0136160117090185e-07
55,88,1.9206565582408075e-07
38,144,1.8312269389753055e-07
20,47,1.675598753081431e-07
20,46,1.6618410825230967e-07
59,117,1.660557842342314e-07
68,83,1.6450400153189548e-07
71,130,1.6206330144541425e-07
48,94,1.5855916046803031e-07
36,83,1.5518702412009588e-07
43,92,1.47460710309133e-07
59,133,1.3691695244233415e-07
87,144,1.2543924299279752e-07
71,66,1.2049818565174064e-07
71,94,1.0396670546697351e-07
59,19,1.0396452410077472e-07
15,77,1.0376285786151129e-07
59,107,1.0319502052880125e-07
43,38,1.0241831915891453e-07
43,108,1.01450872591613e-07
48,66,9.996968941550222e-08
47,80,9.230848974084438e-08
46,80,9.221434282835617e-08
59,52,8.532793316362586e-08
2,45,7.54196420871267e-08
29,81,7.147319536215946e-08
2,1,6.579962530395278e-08
59,37,6.456942003296717e-08
2,4,5.810596803712542e-08
2,3,5.808757919112395e-08
2,6,5.6386706859257174e-08
2,5,5.5963166545325294e-08
29,80,5.5962626532846116e-08
43,126,5.339951059113446e-08
43,10,5.2365365377227135e-08
2,15,4.971973055489798e-08
2,2,4.8649745565398916e-08
2,7,4.86395421717134e-08
59,92,4.720190105444999e-08
59,132,4.299643308058876e-08
2,24,4.045493895432628e-08
43,53,4.0018413471898384e-08
43,117,3.9264829609919616e-08
2,9,3.539996029644499e-08
2,17,3.500262124589426e-08
2,16,3.339814469427438e-08
48,44,3.334524834031072e-08
43,60,3.3324646153687354e-08
20,51,3.330914211119307e-08
43,116,3.285602900859885e-08
43,28,3.050253027936378e-08
2,18,2.9074149310304165e-08
2,14,2.8479192337727e-08
2,13,2.551135125372639e-08
46,81,2.5351717169996846e-08
47,81,2.5145363125034237e-08
48,91,2.500656393067402e-08
46,82,2.4810208998360395e-08
2,22,2.4808695542333226e-08
59,73,2.4371907159093098e-08
48,45,2.295199585944374e-08
43,56,2.2599046189952787e-08
47,82,2.2332692140025756e-08
59,21,2.2299024848848603e-08
2,20,2.178275870790003e-08
2,12,2.067474014211257e-08
59,25,2.0560463553920272e-08
71,44,1.8965263137715738e-08
48,86,1.858943399213331e-08
59,5,1.748902178633216e-08
59,1,1.737484645047971e-08
46,83,1.725631371130021e-08
59,130,1.6925774559695128e-08
43,58,1.668721871794787e-08
47,83,1.6098464783453892e-08
59,27,1.5881502335446385e-08
43,30,1.5335762881818482e-08
43,24,1.5130350305980755e-08
71,91,1.425967521839766e-08
71,45,1.3961454214950209e-08
59,3,1.361210166805904e-08
59,4,1.3611193061535687e-08
29,82,1.3386019404038052e-08
48,85,1.336425814457698e-08
59,6,1.1956609924368422e-08
43,101,1.1439823310865904e-08
33,144,1.1290038237632416e-08
59,2,1.1192418547523175e-08
59,7,1.1189814408396614e-08
59,29,1.0954750884195619e-08
83,144,1.0421781659886165e-08
59,106,1.0407360306885494e-08
71,85,9.987397575628165e-09
20,54,9.064242689760249e-09
84,144,8.18759549048309e-09
59,30,7.460779549717245e-09
59,66,7.359317155675171e-09
59,116,7.197317408724757e-09
48,111,6.7537522241423176e-09
43,71,5.794778434875525e-09
71,86,5.794358326483007e-09
43,46,5.672615266405501e-09
59,126,5.0602664281029774e-09
43,63,4.86738560567801e-09
43,94,4.720466684204894e-09
59,17,4.528109887047549e-09
29,83,3.4655636138580803e-09
48,88,3.421460226249451e-09
71,111,3.322676356276588e-09
43,47,2.9087332542587774e-09
43,52,2.7620135067962792e-09
43,59,2.208083493826507e-09
59,16,1.5071210945905023e-09
59,20,1.4125131064801622e-09
43,44,1.4104778456314193e-09
49,144,1.3403053111815666e-09
43,42,1.2615065658749813e-09
43,139,1.249986003593051e-09
43,51,1.201604704625936e-09
71,88,1.1480737471813995e-09
59,13,1.0867940991587943e-09
59,15,1.0234655345442434e-09
59,101,1.0071908862485657e-09
59,108,1.002554594897731e-09
59,9,9.84484382904327e-10
43,86,9.274713219653563e-10
43,45,8.982007915214751e-10
59,22,8.619858160585636e-10
59,18,6.48147868709259e-10
59,14,6.138846653236385e-10
43,54,5.10104181117299e-10
43,91,5.015552972942317e-10
59,12,4.777565565383668e-10
43,48,4.027889410895824e-10
59,94,3.1733496386188165e-10
59,42,2.319246877879877e-10
59,10,1.7351646508512175e-10
43,111,1.0013920248574948e-10
43,85,8.080908858731917e-11
59,38,7.951803104866428e-11
43,88,7.165832510702685e-11
59,28,7.05239547316161e-11
59,86,6.347655734373348e-11
43,66,4.081963933533217e-11
59,91,3.466564882370626e-11
15,80,3.041238441636729e-11
27,144,3.0203350237512083e-11
59,24,2.525703084177433e-11
15,81,2.024549451695723e-11
59,85,1.2192159608293007e-11
59,44,9.75064907288159e-12
29,144,9.039332650451204e-12
59,111,8.443731824847589e-12
59,88,6.1501732526170194e-12
59,45,3.0810029007233286e-12
68,144,2.1510304388377977e-12
36,144,1.0346911044969986e-12
15,82,7.983237009824562e-13
15,83,4.4830615998983636e-13
47,144,5.70585991107285e-14
46,144,3.478454977941074e-14
15,144,3.788682006527123e-18
