model,mean_roc_auc,std_roc_auc,mean_aupr,mean_accuracy,mean_f1
dnn,0.9554838087375532,0.019669560025498523,0.9211883253560245,0.901,0.8248942061327382
lightgbm,0.9382668609842805,0.030540543281807483,0.8751985310444418,0.8720000000000001,0.7691010560797131
xgboost,0.9370591573579544,0.021090180685275198,0.877383308267126,0.865,0.7569229423598356
svm,0.9326999449620631,0.01460795261333664,0.8764158256618124,0.875,0.7772513838642382
rf,0.9235005602075717,0.023683523702451022,0.8479092667807931,0.834,0.6536330102645893
logistic,0.7585390600868253,0.019271886338243564,0.5630174086017746,0.7319999999999999,0.4280058458165875
