,0,1,2,3,4,5,6,7,8,9,10,11,12,13,14,15,16,17,18,19,20,21,22,23,24,25,26,27,28,29,30,31,32,33,34,35,36,37,38,39,40,41,42,43,44,45,46,47,48,49,50,51,52,53,54,55,56,57,58,59,60,61,62,63,64,65,66,67,68,69,70,71,72,73,74,75,76,77,78,79,80,81,82,83,84,85,86,87,88,89,90,91,92,93,94,95,96,97,98,99,100,101,102,103,104,105,106,107,108,109,110,111
0,0,0.07496322,0.304051121,0.008368201,0.304051121,0.475531084,0.032258637,0.026217688,0.842271159,0.475531084,0.193613418,0.060606061,0.302808285,0.026217688,0.163074998,0.23822486,0.193613418,1,0.304051121,0.032258637,0.304051121,0.304051121,0.842271159,0.23822486,0.193613418,0.144176356,0.243677156,0.163074998,0.475531084,0.163074998,0.193613418,0.193613418,0.142026452,0.23822486,0.193613418,0.163074998,0.222127095,0.193613418,0.163074998,0.372579866,0.191489362,0.191489362,0.060606061,0.302808285,0.23822486,0.304051121,0.026217688,0.23822486,0.193613418,0.193613418,0.372579866,0.029411765,0.011627907,0.054521373,0.302808285,0.142026452,0.193613418,0.02739726,0.142026452,0.372579866,0.23822486,0.132409048,0.025084784,0.041172339,0.193613418,0.163074998,0.302808285,0.243677156,0.035502959,0.038135593,0,0,0.032258637,0.032258637,0.163074998,0.12745019,0.163074998,0.12745019,0.304051121,0.23822486,1,0.163074998,0.372579866,0,0.126760563,0.479833079,0.054521373,0.07496322,0.142026452,0.054521373,0.063671527,0.184015148,0.23822486,0.23822486,0.107359913,0.163074998,0.193613418,0.045226131,0.243677156,0,0.475531084,0.304051121,0.733556862,0.372579866,0.193613418,0.23822486,0.23822486,0.23822486,0.193613418,0.475531084,0.026455026,0.139896373
1,0.07496322,0,0.093360272,0.018404908,0.093360272,0.093360272,0.086247086,0.07496322,0.069898901,0.093360272,0.07496322,0,0.07496322,0.07496322,0.069898901,0.082379097,0.07496322,0,0.093360272,0.087885986,0.093360272,0.093360272,0.069898901,0.082379097,0.07496322,0.082379097,0.109892388,0.069898901,0.093360272,0.069898901,0.07496322,0.07496322,0.066414066,0.082379097,0.07496322,0.069898901,0.066414066,0.07496322,0.069898901,0.082379097,0,0,0.093360272,0.07496322,0.082379097,0.093360272,0.07496322,0.082379097,0.07496322,0.07496322,0.082379097,0,0,0.109892388,0.07496322,0.066414066,0.07496322,0,0.066414066,0.082379097,0.082379097,0.109892388,0.062546377,0.093360272,0.07496322,0.069898901,0.07496322,0.109892388,0,0,0.051172708,0,0.082379097,0.082379097,0.069898901,0.064003532,0.069898901,0.064003532,0.093360272,0.082379097,0.07496322,0.069898901,0.082379097,0,0,0.176370951,0.266881514,0.135412554,0.066414066,0.109892388,0.07496322,0.093360272,0.082379097,0.082379097,0.176370951,0.069898901,0.07496322,0,0.109892388,0.061696658,0.093360272,0.093360272,0.066414066,0.082379097,0.07496322,0.082379097,0.082379097,0.082379097,0.07496322,0.093360272,0,0
2,0.304051121,0.093360272,0,0.013888889,0.421998728,0.421998728,0.047619921,0.041172339,0.271481054,0.421998728,0.304051121,0,0.304051121,0.041172339,0.271481054,0.351665478,0.304051121,0.046153846,0.421998728,0.047619921,0.421998728,0.421998728,0.271481054,0.549999175,0.475531084,0.21283189,0.319248128,0.271481054,0.421998728,0.643321971,0.720502458,0.720502458,0.24904353,0.351665478,0.304051121,0.271481054,0.24904353,0.304051121,0.271481054,0.351665478,0.056603774,0.056603774,0.057143926,0.304051121,0.351665478,0.421998728,0.041172339,0.351665478,0.304051121,0.304051121,0.351665478,0.049723757,0.020134228,0.071429946,0.304051121,0.24904353,0.304051121,0.045918367,0.24904353,0.351665478,0.351665478,0.173472727,0.036757459,0.303797468,0.304051121,0.271481054,0.304051121,0.319248128,0,0.056338028,0,0,0.047619921,0.246575342,0.643321971,0.233510809,0.271481054,0.233510809,0.421998728,0.351665478,0.304051121,0.271481054,0.351665478,0,0.063157895,0.573196756,0.071429946,0.093360272,0.24904353,0.071429946,0.099989966,0.255398362,0.833333028,0.351665478,0.128249503,0.271481054,0.304051121,0.068181818,0.319248128,0,0.421998728,0.421998728,0.24904353,0.351665478,0.304051121,0.351665478,0.351665478,0.351665478,0.720502458,0.421998728,0.036144578,0.176470588
3,0.008368201,0.018404908,0.013888889,0,0.02173913,0.020661157,0.034782609,0,0,0.013636364,0,0,0.02991453,0,0.274647887,0.013636364,0.041666667,0.008368201,0.013274336,0.053097345,0.042056075,0.021008403,0.007194245,0.0125,0,0.02278481,0.043269231,0.027131783,0.023364486,0,0.006257822,0.006257822,0.018939394,0.008928571,0.025,0.025,0.031088083,0.02278481,0.046875,0.037656904,0.02734375,0.02734375,0,0.02991453,0.024509804,0.013274336,0.0625,0.018939394,0.024691358,0.024691358,0,0.008888889,0.031088083,0,0,0.03358209,0.035019455,0.025,0.037878788,0,0.14159292,0.394736842,0.054054054,0,0,0.056603774,0,0.067567568,0,0.035019455,0,0,0,0,0.02690583,0.039408867,0.081081081,0,0,0.092936803,0.008368201,0,0.009569378,0.046728972,0.02991453,0.203703704,0,0.087591241,0.031088083,0.053763441,0.046875,0.046875,0.006257822,0.040909091,0,0.054455446,0,0.013636364,0.043269231,0,0.013636364,0.013274336,0,0.013636364,0.043269231,0.172268908,0.008928571,0,0.006257822,0.023364486,0.085714286,0.042056075
4,0.304051121,0.093360272,0.421998728,0.02173913,0,0.421998728,0.047619921,0.041172339,0.271481054,0.421998728,0.475531084,0,0.304051121,0.041172339,0.271481054,0.351665478,0.304051121,0.071770335,0.421998728,0.047619921,0.421998728,0.659999252,0.271481054,0.351665478,0.304051121,0.21283189,0.319248128,0.424592019,0.421998728,0.271481054,0.304051121,0.304051121,0.307692308,0.351665478,0.304051121,0.271481054,0.24904353,0.304051121,0.271481054,0.351665478,0.185840708,0.185840708,0.057143926,0.304051121,0.351665478,0.421998728,0.041172339,0.351665478,0.720502458,0.720502458,0.351665478,0.179487179,0.030674847,0.071429946,0.304051121,0.24904353,0.304051121,0.071428571,0.24904353,0.351665478,0.351665478,0.173472727,0.036757459,0.057143926,0.304051121,0.271481054,0.304051121,0.319248128,0,0.237885463,0,0,0.047619921,0.047619921,0.271481054,0.233510809,0.271481054,0.233510809,0.421998728,0.351665478,0.304051121,0.271481054,0.351665478,0,0.088235294,0.573196756,0.071429946,0.093360272,0.24904353,0.071429946,0.099989966,0.255398362,0.351665478,0.351665478,0.128249503,0.271481054,0.304051121,0.094736842,0.319248128,0,0.421998728,0.421998728,0.24904353,0.351665478,0.304051121,0.351665478,0.351665478,0.351665478,0.304051121,0.421998728,0.044444444,0.195652174
5,0.475531084,0.093360272,0.421998728,0.020661157,0.421998728,0,0.047619921,0.041172339,0.424592019,0.659999252,0.304051121,0.071428571,0.475531084,0.041172339,0.271481054,0.351665478,0.304051121,0.312217195,0.421998728,0.047619921,0.421998728,0.421998728,0.424592019,0.351665478,0.304051121,0.21283189,0.319248128,0.271481054,0.659999252,0.271481054,0.304051121,0.304051121,0.24904353,0.351665478,0.304051121,0.271481054,0.389500093,0.304051121,0.271481054,0.549999175,0.705882353,0.705882353,0.071428571,0.475531084,0.351665478,0.421998728,0.041172339,0.351665478,0.304051121,0.304051121,0.549999175,0.169082126,0.028571429,0.071429946,0.720502458,0.24904353,0.304051121,0.067567568,0.24904353,0.549999175,0.351665478,0.173472727,0.036757459,0.057143926,0.304051121,0.271481054,0.475531084,0.319248128,0.046511628,0.075313808,0,0,0.047619921,0.047619921,0.271481054,0.233510809,0.271481054,0.233510809,0.421998728,0.351665478,0.475531084,0.271481054,0.549999175,0,0.194444444,0.573196756,0.071429946,0.093360272,0.24904353,0.071429946,0.099989966,0.255398362,0.351665478,0.351665478,0.128249503,0.271481054,0.304051121,0.089108911,0.319248128,0,0.659999252,0.421998728,0.389500093,0.549999175,0.304051121,0.351665478,0.351665478,0.351665478,0.304051121,0.659999252,0.041666667,0.183673469
6,0.032258637,0.086247086,0.047619921,0.034782609,0.047619921,0.047619921,0,0.078342404,0.028013277,0.047619921,0.032258637,0,0.032258637,0.078342404,0.028013277,0.03846223,0.032258637,0,0.047619921,0.444229946,0.047619921,0.047619921,0.028013277,0.03846223,0.032258637,0.03846223,0.061343273,0.028013277,0.047619921,0.028013277,0.032258637,0.032258637,0.025087767,0.03846223,0.032258637,0.028013277,0.025087767,0.032258637,0.028013277,0.03846223,0,0,0.115648379,0.032258637,0.03846223,0.047619921,0.078342404,0.03846223,0.032258637,0.032258637,0.03846223,0,0,0.14897652,0.032258637,0.025087767,0.032258637,0,0.025087767,0.03846223,0.03846223,0.061343273,0.133274986,0.115648379,0.032258637,0.028013277,0.032258637,0.061343273,0,0,0,0,0.093408273,0.093408273,0.028013277,0.023062118,0.028013277,0.023062118,0.047619921,0.03846223,0.032258637,0.028013277,0.03846223,0,0,0.115768709,0.061343273,0.082379097,0.025087767,0.14897652,0.032258637,0.047619921,0.03846223,0.03846223,0.115768709,0.028013277,0.032258637,0,0.061343273,0,0.047619921,0.047619921,0.025087767,0.03846223,0.032258637,0.03846223,0.03846223,0.03846223,0.032258637,0.047619921,0,0
7,0.026217688,0.07496322,0.041172339,0,0.041172339,0.041172339,0.078342404,0,0.022082402,0.041172339,0.026217688,0,0.026217688,0.681647619,0.044444444,0.032258637,0.026217688,0,0.041172339,0.078342404,0.041172339,0.041172339,0.022082402,0.032258637,0.026217688,0.032258637,0.054521373,0.022082402,0.041172339,0.022082402,0.026217688,0.026217688,0.019232165,0.032258637,0.026217688,0.022082402,0.019232165,0.026217688,0.022082402,0.032258637,0,0,0.099989966,0.026217688,0.032258637,0.041172339,0.063671527,0.032258637,0.026217688,0.026217688,0.032258637,0,0,0.132409048,0.026217688,0.019232165,0.026217688,0,0.046195652,0.032258637,0.056603774,0.054521373,0.173076923,0.099989966,0.026217688,0.050505051,0.026217688,0.054521373,0,0,0,0.27027027,0.078342404,0.078342404,0.022082402,0.047619048,0.022082402,0.017258356,0.041172339,0.032258637,0.026217688,0.022082402,0.032258637,0,0,0.107359913,0.054521373,0.07496322,0.019232165,0.132409048,0.026217688,0.041172339,0.032258637,0.032258637,0.278481013,0.04787234,0.026217688,0,0.054521373,0,0.041172339,0.041172339,0.019232165,0.032258637,0.026217688,0.032258637,0.032258637,0.032258637,0.026217688,0.041172339,0.051020408,0.04
8,0.842271159,0.069898901,0.271481054,0,0.271481054,0.424592019,0.028013277,0.022082402,0,0.424592019,0.163074998,0,0.255046685,0.022082402,0.133086931,0.206873557,0.163074998,0,0.271481054,0.028013277,0.271481054,0.271481054,0.687384851,0.206873557,0.163074998,0.125202196,0.222834703,0.133086931,0.424592019,0.133086931,0.163074998,0.163074998,0.112414826,0.206873557,0.163074998,0.133086931,0.175814988,0.163074998,0.133086931,0.32354693,0,0,0.036761943,0.255046685,0.206873557,0.271481054,0.022082402,0.206873557,0.163074998,0.163074998,0.32354693,0,0,0.049857993,0.255046685,0.112414826,0.163074998,0,0.112414826,0.32354693,0.206873557,0.121083697,0.02182825,0.036761943,0.163074998,0.133086931,0.255046685,0.222834703,0,0,0,0,0.028013277,0.028013277,0.133086931,0.098097872,0.133086931,0.098097872,0.271481054,0.206873557,0.842271159,0.133086931,0.32354693,0,0,0.454209032,0.049857993,0.069898901,0.112414826,0.049857993,0.053628691,0.164303377,0.206873557,0.206873557,0.101626678,0.133086931,0.163074998,0,0.222834703,0,0.424592019,0.271481054,0.580614852,0.32354693,0.163074998,0.206873557,0.206873557,0.206873557,0.163074998,0.424592019,0,0
9,0.475531084,0.093360272,0.421998728,0.013636364,0.421998728,0.659999252,0.047619921,0.041172339,0.424592019,0,0.304051121,0.082191781,0.475531084,0.041172339,0.271481054,0.351665478,0.304051121,0.316582915,0.421998728,0.047619921,0.421998728,0.421998728,0.424592019,0.351665478,0.304051121,0.21283189,0.319248128,0.271481054,0.659999252,0.271481054,0.304051121,0.304051121,0.24904353,0.351665478,0.304051121,0.271481054,0.389500093,0.304051121,0.271481054,0.549999175,0.305555556,0.305555556,0.082191781,0.475531084,0.351665478,0.421998728,0.041172339,0.351665478,0.304051121,0.304051121,0.833333028,0.048648649,0.019607843,0.071429946,0.475531084,0.24904353,0.304051121,0.045,0.24904353,0.549999175,0.351665478,0.173472727,0.036757459,0.057143926,0.304051121,0.271481054,0.475531084,0.319248128,0.053333333,0.055299539,0,0,0.047619921,0.047619921,0.271481054,0.233510809,0.271481054,0.233510809,0.421998728,0.351665478,0.475531084,0.271481054,0.549999175,0,0.18556701,0.573196756,0.071429946,0.093360272,0.24904353,0.071429946,0.099989966,0.255398362,0.351665478,0.351665478,0.128249503,0.271481054,0.304051121,0.066666667,0.319248128,0,1,0.421998728,0.389500093,0.549999175,0.304051121,0.351665478,0.351665478,0.351665478,0.304051121,0.659999252,0.035294118,0.172413793
10,0.193613418,0.07496322,0.304051121,0,0.475531084,0.304051121,0.032258637,0.026217688,0.163074998,0.304051121,0,0,0.193613418,0.026217688,0.163074998,0.23822486,0.193613418,0,0.304051121,0.032258637,0.304051121,0.720502458,0.163074998,0.23822486,0.193613418,0.144176356,0.243677156,0.842271159,0.304051121,0.163074998,0.193613418,0.193613418,0.142026452,0.23822486,0.193613418,0.163074998,0.142026452,0.193613418,0.163074998,0.23822486,0,0,0.041172339,0.193613418,0.23822486,0.304051121,0.026217688,0.23822486,0.302808285,0.302808285,0.23822486,0,0,0.054521373,0.193613418,0.142026452,0.193613418,0,0.142026452,0.23822486,0.23822486,0.132409048,0.025084784,0.041172339,0.193613418,0.163074998,0.193613418,0.243677156,0,0,0,0,0.032258637,0.032258637,0.163074998,0.12745019,0.163074998,0.12745019,0.304051121,0.23822486,0.193613418,0.163074998,0.23822486,0,0,0.479833079,0.054521373,0.07496322,0.142026452,0.054521373,0.063671527,0.184015148,0.23822486,0.23822486,0.107359913,0.163074998,0.193613418,0,0.243677156,0,0.304051121,0.304051121,0.142026452,0.23822486,0.193613418,0.23822486,0.23822486,0.23822486,0.193613418,0.304051121,0,0
11,0.060606061,0,0,0,0,0.071428571,0,0,0,0.082191781,0,0,0.225,0,0,0,0,0.060606061,0,0,0,0.097560976,0.066914498,0,0,0,0,0.065217391,0.342857143,0,0,0,0,0,0,0,0,0,0,0,0.054945055,0.054945055,1,0.225,0,0,0,0,0,0,0,0,0,0,0,0,0,0,0,0,0,0,0,0,0,0,0,0,0.310344828,0,0,0,0,0,0,0,0,0,0,0,0.060606061,0,0,0,0.225,0,0,0,0,0,0,0,0,0,0,0,0,0,0,0,0.082191781,0,0,0.082191781,0,0,0,0,0,0,0,0
12,0.302808285,0.07496322,0.304051121,0.02991453,0.304051121,0.475531084,0.032258637,0.026217688,0.255046685,0.475531084,0.193613418,0.225,0,0.026217688,0.163074998,0.23822486,0.193613418,0.126760563,0.304051121,0.032258637,0.304051121,0.304051121,0.255046685,0.23822486,0.193613418,0.144176356,0.243677156,0.362068966,0.720502458,0.163074998,0.193613418,0.193613418,0.142026452,0.23822486,0.322429907,0.322429907,0.377245509,0.193613418,0.163074998,0.372579866,0.252173913,0.252173913,0.225,1,0.23822486,0.304051121,0.026217688,0.23822486,0.262672811,0.262672811,0.372579866,0.045226131,0.041916168,0.054521373,0.302808285,0.142026452,0.233766234,0.322429907,0.142026452,0.372579866,0.23822486,0.132409048,0.025084784,0.041172339,0.193613418,0.163074998,0.302808285,0.243677156,0.146341463,0.233766234,0,0,0.032258637,0.032258637,0.350253807,0.12745019,0.163074998,0.12745019,0.304051121,0.23822486,0.302808285,0.163074998,0.372579866,0,1,0.479833079,0.054521373,0.07496322,0.142026452,0.054521373,0.063671527,0.56626506,0.23822486,0.23822486,0.107359913,0.163074998,0.193613418,0.06185567,0.243677156,0,0.475531084,0.304051121,0.222127095,0.372579866,0.193613418,0.23822486,0.23822486,0.23822486,0.193613418,0.475531084,0.086956522,0.159574468
13,0.026217688,0.07496322,0.041172339,0,0.041172339,0.041172339,0.078342404,0.681647619,0.022082402,0.041172339,0.026217688,0,0.026217688,0,0.022082402,0.032258637,0.026217688,0,0.041172339,0.078342404,0.041172339,0.041172339,0.022082402,0.032258637,0.026217688,0.032258637,0.054521373,0.022082402,0.041172339,0.022082402,0.026217688,0.026217688,0.019232165,0.032258637,0.026217688,0.022082402,0.019232165,0.026217688,0.022082402,0.032258637,0,0,0.099989966,0.026217688,0.032258637,0.041172339,0.063671527,0.032258637,0.026217688,0.026217688,0.032258637,0,0,0.132409048,0.026217688,0.019232165,0.026217688,0,0.019232165,0.032258637,0.032258637,0.054521373,0.06092019,0.099989966,0.026217688,0.022082402,0.026217688,0.054521373,0,0,0,0,0.078342404,0.078342404,0.022082402,0.017258356,0.022082402,0.017258356,0.041172339,0.032258637,0.026217688,0.022082402,0.032258637,0,0,0.107359913,0.054521373,0.07496322,0.019232165,0.132409048,0.026217688,0.041172339,0.032258637,0.032258637,0.298507463,0.022082402,0.026217688,0,0.054521373,0,0.041172339,0.041172339,0.019232165,0.032258637,0.026217688,0.032258637,0.032258637,0.032258637,0.026217688,0.041172339,0,0
14,0.163074998,0.069898901,0.271481054,0.274647887,0.271481054,0.271481054,0.028013277,0.044444444,0.133086931,0.271481054,0.163074998,0,0.163074998,0.022082402,0,0.206873557,0.163074998,0.019011407,0.271481054,0.028013277,0.271481054,0.271481054,0.133086931,0.206873557,0.163074998,0.125202196,0.222834703,0.133086931,0.271481054,0.133086931,0.163074998,0.163074998,0.112414826,0.206873557,0.163074998,0.133086931,0.112414826,0.163074998,0.315372824,0.206873557,0.057142857,0.057142857,0.036761943,0.163074998,0.206873557,0.271481054,0.083333333,0.206873557,0.163074998,0.163074998,0.206873557,0.020080321,0.069124424,0.049857993,0.163074998,0.112414826,0.163074998,0.056818182,0.266386647,0.206873557,0.490223176,0.121083697,0.032520325,0.036761943,0.163074998,0.315372824,0.163074998,0.222834703,0,0.06405694,0,0.193548387,0.028013277,0.028013277,0.133086931,0.233480176,0.315372824,0.098097872,0.271481054,0.206873557,0.163074998,0.133086931,0.206873557,0.050420168,0.062015504,0.454209032,0.049857993,0.069898901,0.266386647,0.057142857,0.083333333,0.164303377,0.206873557,0.206873557,0.101626678,0.315372824,0.163074998,0.024590164,0.222834703,0,0.271481054,0.271481054,0.112414826,0.206873557,0.163074998,0.206873557,0.206873557,0.206873557,0.163074998,0.271481054,0.299145299,0.050420168
15,0.23822486,0.082379097,0.351665478,0.013636364,0.351665478,0.351665478,0.03846223,0.032258637,0.206873557,0.351665478,0.23822486,0,0.23822486,0.032258637,0.206873557,0,0.23822486,0.045226131,0.351665478,0.03846223,0.351665478,0.351665478,0.206873557,0.284037401,0.23822486,0.17190262,0.274166874,0.206873557,0.351665478,0.206873557,0.23822486,0.23822486,0.289757968,0.444229946,0.23822486,0.206873557,0.18526914,0.23822486,0.206873557,0.284037401,0.055555556,0.055555556,0.047619921,0.23822486,0.284037401,0.351665478,0.032258637,0.444229946,0.23822486,0.23822486,0.284037401,0.048648649,0.019607843,0.061343273,0.23822486,0.18526914,0.372579866,0.135,0.18526914,0.284037401,0.284037401,0.14897652,0.029819518,0.047619921,0.23822486,0.206873557,0.23822486,0.274166874,0,0.110599078,0,0,0.03846223,0.03846223,0.206873557,0.170310041,0.206873557,0.266362177,0.351665478,0.284037401,0.23822486,0.206873557,0.284037401,0,0.06185567,0.517415251,0.061343273,0.082379097,0.18526914,0.061343273,0.078342404,0.21283189,0.284037401,0.284037401,0.115768709,0.206873557,0.838709477,1,0.274166874,0,0.351665478,0.351665478,0.18526914,0.284037401,0.23822486,0.284037401,0.444229946,0.284037401,0.23822486,0.351665478,0.035294118,0.172413793
16,0.193613418,0.07496322,0.304051121,0.041666667,0.304051121,0.304051121,0.032258637,0.026217688,0.163074998,0.304051121,0.193613418,0,0.193613418,0.026217688,0.163074998,0.23822486,0,0.015384615,0.304051121,0.032258637,0.304051121,0.304051121,0.163074998,0.23822486,0.193613418,0.144176356,0.243677156,0.163074998,0.304051121,0.163074998,0.193613418,0.193613418,0.142026452,0.23822486,0.193613418,0.163074998,0.142026452,0.193613418,0.163074998,0.23822486,0.047169811,0.047169811,0.041172339,0.193613418,0.23822486,0.304051121,0.026217688,0.23822486,0.193613418,0.193613418,0.23822486,0.016574586,0.060402685,0.054521373,0.193613418,0.142026452,0.193613418,0.045918367,0.142026452,0.23822486,0.23822486,0.132409048,0.025084784,0.041172339,0.193613418,0.163074998,0.193613418,0.243677156,0,0.056338028,0,0,0.032258637,0.032258637,0.163074998,0.12745019,0.163074998,0.12745019,0.304051121,0.23822486,0.193613418,0.163074998,0.23822486,0,0.052631579,0.479833079,0.054521373,0.07496322,0.142026452,0.054521373,0.189189189,0.184015148,0.23822486,0.23822486,0.107359913,0.163074998,0.193613418,0.022727273,0.243677156,0,0.304051121,0.304051121,0.142026452,0.23822486,0.458800952,0.23822486,0.23822486,0.23822486,0.193613418,0.304051121,0.108433735,0.058823529
17,1,0,0.046153846,0.008368201,0.071770335,0.312217195,0,0,0,0.316582915,0,0.060606061,0.126760563,0,0.019011407,0.045226131,0.015384615,0,0.043902439,0,0.139896373,0.207373272,0.744,0.04109589,0,0.008498584,0.016042781,0.113924051,0.233160622,0,0.020979021,0.020979021,0.061728395,0.02955665,0.02739726,0.02739726,0.011627907,0.008498584,0.01754386,0.027522936,0.191489362,0.191489362,0.060606061,0.126760563,0.081967213,0.043902439,0,0.061728395,0.040540541,0.040540541,0,0.029411765,0.011627907,0,0,0.036437247,0.038135593,0.02739726,0.011299435,0,0.043902439,0.029585799,0,0,0,0.015706806,0,0.024875622,0.035502959,0.038135593,0,0,0,0,0.02970297,0.010989011,0.014925373,0,0,0.052419355,1,0,0.031914894,0,0.126760563,0.234042553,0,0,0.011627907,0,0.01754386,0.01754386,0.020979021,0.075376884,0,0.016574586,0,0.045226131,0.016042781,0,0.316582915,0.043902439,0,0.135678392,0.016042781,0.041474654,0.02955665,0,0.020979021,0.077720207,0.026455026,0.139896373
18,0.304051121,0.093360272,0.421998728,0.013274336,0.421998728,0.421998728,0.047619921,0.041172339,0.271481054,0.421998728,0.304051121,0,0.304051121,0.041172339,0.271481054,0.351665478,0.304051121,0.043902439,0,0.047619921,0.421998728,0.421998728,0.271481054,0.351665478,0.304051121,0.21283189,0.319248128,0.271481054,0.421998728,0.271481054,0.304051121,0.304051121,0.24904353,0.351665478,0.475531084,0.424592019,0.24904353,0.304051121,0.271481054,0.351665478,0.054054054,0.054054054,0.057143926,0.304051121,0.351665478,1,0.041172339,0.351665478,0.304051121,0.304051121,0.351665478,0.047120419,0.018867925,0.071429946,0.304051121,0.24904353,0.304051121,0.349514563,0.24904353,0.351665478,0.351665478,0.173472727,0.036757459,0.057143926,0.304051121,0.271481054,0.304051121,0.319248128,0,0.147982063,0,0,0.047619921,0.047619921,0.271481054,0.233510809,0.271481054,0.233510809,0.421998728,0.549999175,0.304051121,0.271481054,0.351665478,0,0.06,0.573196756,0.071429946,0.093360272,0.24904353,0.071429946,0.099989966,0.255398362,0.351665478,0.351665478,0.128249503,0.271481054,0.304051121,0.193548387,0.319248128,0,0.421998728,1,0.24904353,0.351665478,0.304051121,0.351665478,0.351665478,0.549999175,0.304051121,0.421998728,0.034090909,0.166666667
19,0.032258637,0.087885986,0.047619921,0.053097345,0.047619921,0.047619921,0.444229946,0.078342404,0.028013277,0.047619921,0.032258637,0,0.032258637,0.078342404,0.028013277,0.03846223,0.032258637,0,0.047619921,0,0.047619921,0.047619921,0.028013277,0.03846223,0.032258637,0.03846223,0.061343273,0.028013277,0.047619921,0.028013277,0.032258637,0.032258637,0.025087767,0.03846223,0.032258637,0.028013277,0.025087767,0.032258637,0.028013277,0.03846223,0,0,0.115648379,0.032258637,0.03846223,0.047619921,0.078342404,0.03846223,0.032258637,0.032258637,0.03846223,0,0,0.14897652,0.032258637,0.025087767,0.032258637,0,0.025087767,0.03846223,0.03846223,0.061343273,0.133274986,0.115648379,0.032258637,0.028013277,0.032258637,0.061343273,0,0,0,0,0.093408273,0.093408273,0.028013277,0.023062118,0.028013277,0.023062118,0.047619921,0.03846223,0.032258637,0.028013277,0.03846223,0,0,0.115768709,0.061343273,0.082379097,0.025087767,0.14897652,0.032258637,0.047619921,0.03846223,0.03846223,0.115768709,0.028013277,0.032258637,0,0.061343273,0,0.047619921,0.047619921,0.025087767,0.03846223,0.032258637,0.049019608,0.03846223,0.03846223,0.032258637,0.047619921,0,0
20,0.304051121,0.093360272,0.421998728,0.042056075,0.421998728,0.421998728,0.047619921,0.041172339,0.271481054,0.421998728,0.304051121,0,0.304051121,0.041172339,0.271481054,0.351665478,0.304051121,0.139896373,0.421998728,0.047619921,0,0.421998728,0.271481054,0.351665478,0.304051121,0.21283189,0.319248128,0.271481054,0.421998728,0.271481054,0.304051121,0.304051121,0.24904353,0.351665478,0.304051121,0.271481054,0.24904353,0.304051121,0.271481054,0.351665478,0.142857143,0.142857143,0.057143926,0.304051121,0.833333028,0.421998728,0.041172339,0.351665478,0.304051121,0.304051121,0.351665478,0.150837989,0.06122449,0.071429946,0.304051121,0.24904353,0.304051121,0.139175258,0.24904353,0.351665478,0.351665478,0.173472727,0.036757459,0.057143926,0.304051121,0.271481054,0.304051121,0.319248128,0,0.142180095,0,0,0.047619921,0.047619921,0.271481054,0.233510809,0.271481054,0.233510809,1,0.351665478,0.304051121,0.271481054,0.351665478,0,0.159574468,0.573196756,0.071429946,0.093360272,0.24904353,0.071429946,0.099989966,0.255398362,0.351665478,0.351665478,0.128249503,0.271481054,0.304051121,0.172413793,0.319248128,0,0.421998728,0.421998728,0.24904353,0.351665478,0.304051121,0.351665478,0.351665478,0.351665478,0.304051121,0.421998728,0.073170732,1
21,0.304051121,0.093360272,0.421998728,0.021008403,0.659999252,0.421998728,0.047619921,0.041172339,0.271481054,0.421998728,0.720502458,0.097560976,0.304051121,0.041172339,0.271481054,0.351665478,0.304051121,0.207373272,0.421998728,0.047619921,0.421998728,0,0.271481054,0.351665478,0.304051121,0.21283189,0.319248128,0.686440678,0.421998728,0.271481054,0.304051121,0.304051121,0.297520661,0.351665478,0.304051121,0.271481054,0.24904353,0.304051121,0.271481054,0.351665478,0.205128205,0.205128205,0.097560976,0.304051121,0.351665478,0.421998728,0.041172339,0.351665478,0.475531084,0.475531084,0.351665478,0.073891626,0.029239766,0.071429946,0.304051121,0.24904353,0.304051121,0.068807339,0.24904353,0.351665478,0.351665478,0.173472727,0.036757459,0.057143926,0.304051121,0.271481054,0.304051121,0.319248128,0.071428571,0.229787234,0,0,0.047619921,0.047619921,0.271481054,0.233510809,0.271481054,0.233510809,0.421998728,0.351665478,0.304051121,0.271481054,0.351665478,0,0.254716981,0.573196756,0.071429946,0.093360272,0.24904353,0.071429946,0.099989966,0.255398362,0.351665478,0.351665478,0.128249503,0.271481054,0.304051121,0.090909091,0.319248128,0,0.421998728,0.421998728,0.24904353,0.351665478,0.304051121,0.351665478,0.351665478,0.351665478,0.304051121,0.421998728,0.042553191,0.1875
22,0.842271159,0.069898901,0.271481054,0.007194245,0.271481054,0.424592019,0.028013277,0.022082402,0.687384851,0.424592019,0.163074998,0.066914498,0.255046685,0.022082402,0.133086931,0.206873557,0.163074998,0.744,0.271481054,0.028013277,0.271481054,0.271481054,0,0.206873557,0.163074998,0.125202196,0.222834703,0.133086931,0.424592019,0.133086931,0.163074998,0.163074998,0.112414826,0.206873557,0.163074998,0.133086931,0.175814988,0.163074998,0.133086931,0.32354693,0.168704156,0.168704156,0.066914498,0.255046685,0.206873557,0.271481054,0.022082402,0.206873557,0.163074998,0.163074998,0.32354693,0.025936599,0.010600707,0.049857993,0.255046685,0.112414826,0.163074998,0.023872679,0.112414826,0.32354693,0.206873557,0.121083697,0.02182825,0.036761943,0.163074998,0.133086931,0.255046685,0.222834703,0.036101083,0.03649635,0,0,0.028013277,0.028013277,0.133086931,0.098097872,0.133086931,0.098097872,0.271481054,0.206873557,0.842271159,0.133086931,0.32354693,0,0.123287671,0.454209032,0.049857993,0.069898901,0.112414826,0.049857993,0.053628691,0.164303377,0.206873557,0.206873557,0.101626678,0.133086931,0.163074998,0.044510386,0.222834703,0,0.424592019,0.271481054,0.844672167,0.32354693,0.163074998,0.206873557,0.206873557,0.206873557,0.163074998,0.424592019,0.028391167,0.156923077
23,0.23822486,0.082379097,0.549999175,0.0125,0.351665478,0.351665478,0.03846223,0.032258637,0.206873557,0.351665478,0.23822486,0,0.23822486,0.032258637,0.206873557,0.284037401,0.23822486,0.04109589,0.351665478,0.03846223,0.351665478,0.351665478,0.206873557,0,0.838709477,0.17190262,0.274166874,0.206873557,0.351665478,0.32354693,0.372579866,0.372579866,0.18526914,0.284037401,0.23822486,0.206873557,0.18526914,0.23822486,0.206873557,0.284037401,0.118644068,0.118644068,0.047619921,0.23822486,0.284037401,0.351665478,0.032258637,0.284037401,0.23822486,0.23822486,0.284037401,0.27804878,0.01734104,0.061343273,0.23822486,0.18526914,0.23822486,0.040909091,0.18526914,0.284037401,0.284037401,0.14897652,0.029819518,0.087912088,0.23822486,0.206873557,0.23822486,0.274166874,0,0.050632911,0,0,0.03846223,0.070588235,0.32354693,0.170310041,0.206873557,0.170310041,0.351665478,0.284037401,0.23822486,0.206873557,0.301587302,0,0.056074766,0.517415251,0.061343273,0.082379097,0.18526914,0.061343273,0.078342404,0.21283189,0.444229946,0.284037401,0.115768709,0.206873557,0.23822486,0.06,0.274166874,0,0.351665478,0.351665478,0.18526914,0.284037401,0.23822486,0.284037401,0.284037401,0.284037401,0.372579866,0.351665478,0.031578947,0.154639175
24,0.193613418,0.07496322,0.475531084,0,0.304051121,0.304051121,0.032258637,0.026217688,0.163074998,0.304051121,0.193613418,0,0.193613418,0.026217688,0.163074998,0.23822486,0.193613418,0,0.304051121,0.032258637,0.304051121,0.304051121,0.163074998,0.838709477,0,0.144176356,0.243677156,0.163074998,0.304051121,0.255046685,0.302808285,0.302808285,0.142026452,0.23822486,0.193613418,0.163074998,0.142026452,0.193613418,0.163074998,0.23822486,0,0,0.041172339,0.193613418,0.23822486,0.304051121,0.026217688,0.23822486,0.193613418,0.193613418,0.23822486,0,0,0.054521373,0.193613418,0.142026452,0.193613418,0,0.142026452,0.23822486,0.23822486,0.132409048,0.025084784,0.041172339,0.193613418,0.163074998,0.193613418,0.243677156,0,0,0,0,0.032258637,0.032258637,0.255046685,0.12745019,0.163074998,0.12745019,0.304051121,0.23822486,0.193613418,0.163074998,0.23822486,0,0,0.479833079,0.054521373,0.07496322,0.142026452,0.054521373,0.063671527,0.184015148,0.372579866,0.23822486,0.107359913,0.163074998,0.193613418,0,0.243677156,0,0.304051121,0.304051121,0.142026452,0.23822486,0.193613418,0.23822486,0.23822486,0.23822486,0.302808285,0.304051121,0,0
25,0.144176356,0.082379097,0.21283189,0.02278481,0.21283189,0.21283189,0.03846223,0.032258637,0.125202196,0.21283189,0.144176356,0,0.144176356,0.032258637,0.125202196,0.17190262,0.144176356,0.008498584,0.21283189,0.03846223,0.21283189,0.21283189,0.125202196,0.17190262,0.144176356,0,0.708500752,0.125202196,0.21283189,0.125202196,0.144176356,0.144176356,0.112126961,0.17190262,0.144176356,0.125202196,0.112126961,0.17037037,0.125202196,0.17190262,0.059431525,0.059431525,0.047619921,0.144176356,0.17190262,0.21283189,0.032258637,0.17190262,0.144176356,0.144176356,0.17190262,0.009230769,0.034482759,0.061343273,0.144176356,0.279805353,0.144176356,0.05915493,0.112126961,0.17190262,0.17190262,0.14897652,0.029819518,0.047619921,0.144176356,0.125202196,0.144176356,0.453010236,0,0.089974293,0,0,0.03846223,0.03846223,0.125202196,0.103073547,0.125202196,0.103073547,0.21283189,0.17190262,0.144176356,0.125202196,0.17190262,0,0.067055394,0.517415251,0.061343273,0.082379097,0.112126961,0.061343273,0.078342404,0.351665478,0.17190262,0.17190262,0.115768709,0.125202196,0.144176356,0.015873016,0.708500752,0,0.21283189,0.21283189,0.112126961,0.17190262,0.144176356,0.173789174,0.17190262,0.17190262,0.144176356,0.21283189,0.091525424,0.056105611
26,0.243677156,0.109892388,0.319248128,0.043269231,0.319248128,0.319248128,0.061343273,0.054521373,0.222834703,0.319248128,0.243677156,0,0.243677156,0.054521373,0.222834703,0.274166874,0.243677156,0.016042781,0.319248128,0.061343273,0.319248128,0.319248128,0.222834703,0.274166874,0.243677156,0.708500752,0,0.222834703,0.319248128,0.222834703,0.243677156,0.243677156,0.208482801,0.274166874,0.243677156,0.222834703,0.208482801,0.395189003,0.222834703,0.274166874,0.107843137,0.107843137,0.071429946,0.243677156,0.274166874,0.319248128,0.054521373,0.274166874,0.243677156,0.243677156,0.274166874,0.01734104,0.063829787,0.086581804,0.243677156,0.425925926,0.243677156,0.111702128,0.208482801,0.274166874,0.274166874,0.210270095,0.047041171,0.071429946,0.243677156,0.222834703,0.243677156,0.639392737,0,0.136585366,0,0,0.061343273,0.061343273,0.222834703,0.198550565,0.222834703,0.198550565,0.319248128,0.274166874,0.243677156,0.222834703,0.274166874,0,0.120879121,0.657472144,0.086581804,0.109892388,0.208482801,0.086581804,0.132409048,0.527498701,0.274166874,0.274166874,0.14710564,0.222834703,0.243677156,0.023809524,1,0,0.319248128,0.319248128,0.208482801,0.274166874,0.243677156,0.274166874,0.274166874,0.274166874,0.243677156,0.319248128,0.113924051,0.061728395
27,0.163074998,0.069898901,0.271481054,0.027131783,0.424592019,0.271481054,0.028013277,0.022082402,0.133086931,0.271481054,0.842271159,0.065217391,0.362068966,0.022082402,0.133086931,0.206873557,0.163074998,0.113924051,0.271481054,0.028013277,0.271481054,0.686440678,0.133086931,0.206873557,0.163074998,0.125202196,0.222834703,0,0.271481054,0.133086931,0.163074998,0.163074998,0.20610687,0.206873557,0.239495798,0.239495798,0.267015707,0.163074998,0.133086931,0.206873557,0.212598425,0.212598425,0.065217391,0.362068966,0.206873557,0.271481054,0.022082402,0.206873557,0.286307054,0.286307054,0.206873557,0.040358744,0.036649215,0.049857993,0.163074998,0.112781955,0.290196078,0.239495798,0.112414826,0.206873557,0.206873557,0.121083697,0.02182825,0.036761943,0.163074998,0.133086931,0.163074998,0.222834703,0.042553191,0.290196078,0,0,0.028013277,0.028013277,0.257918552,0.098097872,0.133086931,0.098097872,0.271481054,0.206873557,0.163074998,0.133086931,0.206873557,0,0.362068966,0.454209032,0.049857993,0.069898901,0.112414826,0.049857993,0.053628691,0.431578947,0.206873557,0.206873557,0.101626678,0.133086931,0.163074998,0.055045872,0.222834703,0,0.271481054,0.271481054,0.112414826,0.206873557,0.163074998,0.206873557,0.206873557,0.206873557,0.163074998,0.271481054,0.076923077,0.141509434
28,0.475531084,0.093360272,0.421998728,0.023364486,0.421998728,0.659999252,0.047619921,0.041172339,0.424592019,0.659999252,0.304051121,0.342857143,0.720502458,0.041172339,0.271481054,0.351665478,0.304051121,0.233160622,0.421998728,0.047619921,0.421998728,0.421998728,0.424592019,0.351665478,0.304051121,0.21283189,0.319248128,0.271481054,0,0.271481054,0.304051121,0.304051121,0.24904353,0.351665478,0.304051121,0.271481054,0.389500093,0.304051121,0.271481054,0.549999175,0.228571429,0.228571429,0.342857143,0.720502458,0.351665478,0.421998728,0.041172339,0.351665478,0.304051121,0.304051121,0.549999175,0.083798883,0.034013605,0.071429946,0.475531084,0.24904353,0.304051121,0.077319588,0.24904353,0.549999175,0.351665478,0.173472727,0.036757459,0.057143926,0.304051121,0.271481054,0.475531084,0.319248128,0.25,0.085308057,0,0,0.047619921,0.047619921,0.271481054,0.233510809,0.271481054,0.233510809,0.421998728,0.351665478,0.475531084,0.271481054,0.549999175,0,0.670212766,0.573196756,0.071429946,0.093360272,0.24904353,0.071429946,0.099989966,0.255398362,0.351665478,0.351665478,0.128249503,0.271481054,0.304051121,0.103448276,0.319248128,0,0.659999252,0.421998728,0.389500093,0.549999175,0.304051121,0.351665478,0.351665478,0.351665478,0.304051121,0.659999252,0.048780488,0.214285714
29,0.163074998,0.069898901,0.643321971,0,0.271481054,0.271481054,0.028013277,0.022082402,0.133086931,0.271481054,0.163074998,0,0.163074998,0.022082402,0.133086931,0.206873557,0.163074998,0,0.271481054,0.028013277,0.271481054,0.271481054,0.133086931,0.32354693,0.255046685,0.125202196,0.222834703,0.133086931,0.271481054,0,0.842271159,0.842271159,0.112414826,0.206873557,0.163074998,0.133086931,0.112414826,0.163074998,0.133086931,0.206873557,0,0,0.036761943,0.163074998,0.206873557,0.271481054,0.022082402,0.206873557,0.163074998,0.163074998,0.206873557,0,0,0.049857993,0.163074998,0.112414826,0.163074998,0,0.112414826,0.206873557,0.206873557,0.121083697,0.02182825,0.036761943,0.163074998,0.133086931,0.163074998,0.222834703,0,0,0,0,0.028013277,0.028013277,0.687384851,0.098097872,0.133086931,0.098097872,0.271481054,0.206873557,0.163074998,0.133086931,0.206873557,0,0,0.454209032,0.049857993,0.069898901,0.112414826,0.049857993,0.053628691,0.164303377,0.7283321,0.206873557,0.101626678,0.133086931,0.163074998,0,0.222834703,0,0.271481054,0.271481054,0.112414826,0.206873557,0.163074998,0.206873557,0.206873557,0.206873557,0.57413213,0.271481054,0,0
30,0.193613418,0.07496322,0.720502458,0.006257822,0.304051121,0.304051121,0.032258637,0.026217688,0.163074998,0.304051121,0.193613418,0,0.193613418,0.026217688,0.163074998,0.23822486,0.193613418,0.020979021,0.304051121,0.032258637,0.304051121,0.304051121,0.163074998,0.372579866,0.302808285,0.144176356,0.243677156,0.163074998,0.304051121,0.842271159,0,1,0.142026452,0.23822486,0.193613418,0.163074998,0.142026452,0.193613418,0.163074998,0.23822486,0.034482759,0.034482759,0.041172339,0.193613418,0.23822486,0.304051121,0.026217688,0.23822486,0.193613418,0.193613418,0.23822486,0.02276176,0.009416196,0.054521373,0.193613418,0.142026452,0.193613418,0.020862309,0.142026452,0.23822486,0.23822486,0.132409048,0.025084784,0.211640212,0.193613418,0.163074998,0.193613418,0.243677156,0,0.034307497,0,0,0.032258637,0.138728324,0.842271159,0.12745019,0.163074998,0.12745019,0.304051121,0.23822486,0.193613418,0.163074998,0.23822486,0,0.038848921,0.479833079,0.054521373,0.07496322,0.142026452,0.054521373,0.063671527,0.184015148,0.838709477,0.23822486,0.107359913,0.163074998,0.193613418,0.042253521,0.243677156,0,0.304051121,0.304051121,0.142026452,0.23822486,0.193613418,0.23822486,0.23822486,0.23822486,0.681647619,0.304051121,0.028380634,0.16097561
31,0.193613418,0.07496322,0.720502458,0.006257822,0.304051121,0.304051121,0.032258637,0.026217688,0.163074998,0.304051121,0.193613418,0,0.193613418,0.026217688,0.163074998,0.23822486,0.193613418,0.020979021,0.304051121,0.032258637,0.304051121,0.304051121,0.163074998,0.372579866,0.302808285,0.144176356,0.243677156,0.163074998,0.304051121,0.842271159,1,0,0.142026452,0.23822486,0.193613418,0.163074998,0.142026452,0.193613418,0.163074998,0.23822486,0.034482759,0.034482759,0.041172339,0.193613418,0.23822486,0.304051121,0.026217688,0.23822486,0.193613418,0.193613418,0.23822486,0.02276176,0.009416196,0.054521373,0.193613418,0.142026452,0.193613418,0.020862309,0.142026452,0.23822486,0.23822486,0.132409048,0.025084784,0.211640212,0.193613418,0.163074998,0.193613418,0.243677156,0,0.034307497,0,0,0.032258637,0.138728324,0.842271159,0.12745019,0.163074998,0.12745019,0.304051121,0.23822486,0.193613418,0.163074998,0.23822486,0,0.038848921,0.479833079,0.054521373,0.07496322,0.142026452,0.054521373,0.063671527,0.184015148,0.838709477,0.23822486,0.107359913,0.163074998,0.193613418,0.042253521,0.243677156,0,0.304051121,0.304051121,0.142026452,0.23822486,0.193613418,0.23822486,0.23822486,0.23822486,0.681647619,0.304051121,0.028380634,0.16097561
32,0.142026452,0.066414066,0.24904353,0.018939394,0.307692308,0.24904353,0.025087767,0.019232165,0.112414826,0.24904353,0.142026452,0,0.142026452,0.019232165,0.112414826,0.289757968,0.142026452,0.061728395,0.24904353,0.025087767,0.24904353,0.297520661,0.112414826,0.18526914,0.142026452,0.112126961,0.208482801,0.20610687,0.24904353,0.112414826,0.142026452,0.142026452,0,0.439027721,0.147540984,0.147540984,0.092000255,0.142026452,0.112414826,0.18526914,0.069230769,0.069230769,0.033723621,0.142026452,0.18526914,0.24904353,0.019232165,1,0.218623482,0.218623482,0.18526914,0.065502183,0.025380711,0.046646837,0.142026452,0.092000255,0.770114943,0.147540984,0.092000255,0.18526914,0.18526914,0.113285175,0.019576356,0.033723621,0.142026452,0.112414826,0.142026452,0.208482801,0,0.770114943,0,0,0.030927835,0.025087767,0.112414826,0.077860721,0.112414826,0.846309838,0.24904353,0.18526914,0.142026452,0.112414826,0.18526914,0,0.075630252,0.436595975,0.046646837,0.066414066,0.092000255,0.046646837,0.046706685,0.150723937,0.18526914,0.18526914,0.097685857,0.112414826,0.222127095,0.151785714,0.208482801,0,0.24904353,0.24904353,0.092000255,0.18526914,0.142026452,0.18526914,0.439027721,0.18526914,0.142026452,0.24904353,0.037383178,0.165137615
33,0.23822486,0.082379097,0.351665478,0.008928571,0.351665478,0.351665478,0.03846223,0.032258637,0.206873557,0.351665478,0.23822486,0,0.23822486,0.032258637,0.206873557,0.444229946,0.23822486,0.02955665,0.351665478,0.03846223,0.351665478,0.351665478,0.206873557,0.284037401,0.23822486,0.17190262,0.274166874,0.206873557,0.351665478,0.206873557,0.23822486,0.23822486,0.439027721,0,0.23822486,0.206873557,0.18526914,0.23822486,0.206873557,0.284037401,0.040909091,0.040909091,0.047619921,0.23822486,0.284037401,0.351665478,0.032258637,0.673076439,0.23822486,0.23822486,0.284037401,0.031746032,0.012738854,0.061343273,0.23822486,0.18526914,0.564515588,0.098039216,0.18526914,0.284037401,0.284037401,0.14897652,0.029819518,0.047619921,0.23822486,0.206873557,0.23822486,0.274166874,0,0.20361991,0,0,0.03846223,0.03846223,0.206873557,0.170310041,0.206873557,0.403579513,0.351665478,0.284037401,0.23822486,0.206873557,0.284037401,0,0.045454545,0.517415251,0.061343273,0.082379097,0.18526914,0.061343273,0.078342404,0.21283189,0.284037401,0.284037401,0.115768709,0.206873557,0.372579866,0.114130435,0.274166874,0,0.351665478,0.351665478,0.18526914,0.284037401,0.23822486,0.284037401,1,0.284037401,0.23822486,0.351665478,0.028735632,0.151685393
34,0.193613418,0.07496322,0.304051121,0.025,0.304051121,0.304051121,0.032258637,0.026217688,0.163074998,0.304051121,0.193613418,0,0.322429907,0.026217688,0.163074998,0.23822486,0.193613418,0.02739726,0.475531084,0.032258637,0.304051121,0.304051121,0.163074998,0.23822486,0.193613418,0.144176356,0.243677156,0.239495798,0.304051121,0.163074998,0.193613418,0.193613418,0.147540984,0.23822486,0,1,0.358381503,0.193613418,0.163074998,0.23822486,0.156779661,0.156779661,0.041172339,0.322429907,0.23822486,0.475531084,0.026217688,0.23822486,0.242152466,0.242152466,0.23822486,0.029268293,0.034682081,0.054521373,0.193613418,0.142026452,0.274261603,1,0.142026452,0.23822486,0.23822486,0.132409048,0.025084784,0.041172339,0.193613418,0.163074998,0.193613418,0.243677156,0,0.274261603,0,0,0.032258637,0.032258637,0.325123153,0.12745019,0.163074998,0.12745019,0.304051121,0.564515588,0.193613418,0.163074998,0.23822486,0,0.322429907,0.479833079,0.054521373,0.07496322,0.142026452,0.054521373,0.063671527,0.540697674,0.23822486,0.23822486,0.107359913,0.163074998,0.193613418,0.135,0.243677156,0,0.304051121,0.475531084,0.142026452,0.23822486,0.193613418,0.23822486,0.23822486,0.838709477,0.193613418,0.304051121,0.078947368,0.139175258
35,0.163074998,0.069898901,0.271481054,0.025,0.271481054,0.271481054,0.028013277,0.022082402,0.133086931,0.271481054,0.163074998,0,0.322429907,0.022082402,0.133086931,0.206873557,0.163074998,0.02739726,0.424592019,0.028013277,0.271481054,0.271481054,0.133086931,0.206873557,0.163074998,0.125202196,0.222834703,0.239495798,0.271481054,0.133086931,0.163074998,0.163074998,0.147540984,0.206873557,1,0,0.358381503,0.163074998,0.133086931,0.219178082,0.156779661,0.156779661,0.036761943,0.322429907,0.206873557,0.424592019,0.022082402,0.206873557,0.242152466,0.242152466,0.206873557,0.029268293,0.034682081,0.049857993,0.163074998,0.112414826,0.274261603,1,0.112414826,0.206873557,0.206873557,0.121083697,0.02182825,0.036761943,0.163074998,0.133086931,0.163074998,0.222834703,0,0.274261603,0,0,0.029411765,0.028013277,0.325123153,0.098097872,0.133086931,0.098097872,0.271481054,0.490223176,0.163074998,0.133086931,0.206873557,0,0.322429907,0.454209032,0.049857993,0.069898901,0.112414826,0.049857993,0.053628691,0.540697674,0.206873557,0.215,0.101626678,0.133086931,0.163074998,0.135,0.222834703,0,0.271481054,0.424592019,0.112414826,0.206873557,0.163074998,0.206873557,0.206873557,0.7283321,0.163074998,0.271481054,0.078947368,0.139175258
36,0.222127095,0.066414066,0.24904353,0.031088083,0.24904353,0.389500093,0.025087767,0.019232165,0.175814988,0.389500093,0.142026452,0,0.377245509,0.019232165,0.112414826,0.18526914,0.142026452,0.011627907,0.24904353,0.025087767,0.24904353,0.24904353,0.175814988,0.18526914,0.142026452,0.112126961,0.208482801,0.267015707,0.389500093,0.112414826,0.142026452,0.142026452,0.092000255,0.18526914,0.358381503,0.358381503,0,0.142026452,0.112414826,0.289757968,0.164021164,0.164021164,0.033723621,0.377245509,0.18526914,0.24904353,0.019232165,0.18526914,0.272727273,0.272727273,0.289757968,0.012658228,0.047619048,0.046646837,0.222127095,0.104477612,0.236842105,0.358381503,0.092000255,0.289757968,0.18526914,0.12195122,0.019576356,0.033723621,0.142026452,0.112414826,0.222127095,0.208482801,0,0.236842105,0,0,0.025087767,0.025087767,0.397435897,0.077860721,0.112414826,0.077860721,0.24904353,0.18526914,0.222127095,0.112414826,0.289757968,0,0.377245509,0.436595975,0.046646837,0.066414066,0.092000255,0.046646837,0.072,0.744,0.18526914,0.215686275,0.097685857,0.112414826,0.142026452,0.019607843,0.208482801,0,0.389500093,0.24904353,0.143886925,0.439027721,0.142026452,0.18526914,0.18526914,0.18526914,0.142026452,0.389500093,0.104895105,0.06122449
37,0.193613418,0.07496322,0.304051121,0.02278481,0.304051121,0.304051121,0.032258637,0.026217688,0.163074998,0.304051121,0.193613418,0,0.193613418,0.026217688,0.163074998,0.23822486,0.193613418,0.008498584,0.304051121,0.032258637,0.304051121,0.304051121,0.163074998,0.23822486,0.193613418,0.17037037,0.395189003,0.163074998,0.304051121,0.163074998,0.193613418,0.193613418,0.142026452,0.23822486,0.193613418,0.163074998,0.142026452,0,0.163074998,0.23822486,0.059431525,0.059431525,0.041172339,0.193613418,0.23822486,0.304051121,0.026217688,0.23822486,0.193613418,0.193613418,0.23822486,0.009230769,0.034482759,0.054521373,0.193613418,0.279805353,0.193613418,0.05915493,0.142026452,0.23822486,0.23822486,0.132409048,0.025084784,0.041172339,1,0.163074998,0.193613418,0.243677156,0,0.089974293,0,0,0.032258637,0.032258637,0.163074998,0.12745019,0.163074998,0.12745019,0.304051121,0.23822486,0.193613418,0.255046685,0.23822486,0,0.067055394,0.479833079,0.054521373,0.07496322,0.142026452,0.054521373,0.063671527,0.184015148,0.23822486,0.23822486,0.107359913,0.163074998,0.193613418,0.015873016,0.395189003,0,0.304051121,0.304051121,0.142026452,0.23822486,0.193613418,0.372579866,0.23822486,0.23822486,0.193613418,0.304051121,0.091525424,0.056105611
38,0.163074998,0.069898901,0.271481054,0.046875,0.271481054,0.271481054,0.028013277,0.022082402,0.133086931,0.271481054,0.163074998,0,0.163074998,0.022082402,0.315372824,0.206873557,0.163074998,0.01754386,0.271481054,0.028013277,0.271481054,0.271481054,0.133086931,0.206873557,0.163074998,0.125202196,0.222834703,0.133086931,0.271481054,0.133086931,0.163074998,0.163074998,0.112414826,0.206873557,0.163074998,0.133086931,0.112414826,0.163074998,0,0.206873557,0.053191489,0.053191489,0.036761943,0.163074998,0.206873557,0.271481054,0.022082402,0.206873557,0.163074998,0.163074998,0.206873557,0.01910828,0.072,0.049857993,0.163074998,0.112414826,0.163074998,0.052325581,0.266386647,0.206873557,0.490223176,0.147540984,0.02182825,0.036761943,0.163074998,0.468554247,0.163074998,0.222834703,0,0.063492063,0,0,0.028013277,0.028013277,0.133086931,0.345369559,0.687384851,0.098097872,0.271481054,0.206873557,0.163074998,0.133086931,0.206873557,0,0.060240964,0.454209032,0.049857993,0.069898901,0.844672167,0.049857993,0.096774194,0.164303377,0.206873557,0.206873557,0.101626678,0.315372824,0.163074998,0.026315789,0.222834703,0,0.271481054,0.271481054,0.112414826,0.206873557,0.163074998,0.206873557,0.206873557,0.206873557,0.163074998,0.271481054,0.126760563,0.068493151
39,0.372579866,0.082379097,0.351665478,0.037656904,0.351665478,0.549999175,0.03846223,0.032258637,0.32354693,0.549999175,0.23822486,0,0.372579866,0.032258637,0.206873557,0.284037401,0.23822486,0.027522936,0.351665478,0.03846223,0.351665478,0.351665478,0.32354693,0.284037401,0.23822486,0.17190262,0.274166874,0.206873557,0.549999175,0.206873557,0.23822486,0.23822486,0.18526914,0.284037401,0.23822486,0.219178082,0.289757968,0.23822486,0.206873557,0,0.259574468,0.259574468,0.047619921,0.372579866,0.284037401,0.351665478,0.032258637,0.284037401,0.243243243,0.243243243,0.444229946,0.705882353,0.052325581,0.061343273,0.372579866,0.18526914,0.275423729,0.219178082,0.18526914,0.444229946,0.284037401,0.14897652,0.029819518,0.047619921,0.23822486,0.206873557,0.372579866,0.274166874,0,0.275423729,0,0,0.03846223,0.03846223,0.237623762,0.170310041,0.206873557,0.170310041,0.351665478,0.284037401,0.372579866,0.206873557,0.673076439,0,0.23943662,0.517415251,0.061343273,0.082379097,0.18526914,0.061343273,0.078342404,0.350877193,0.284037401,0.376884422,0.115768709,0.206873557,0.23822486,0.045226131,0.274166874,0,0.549999175,0.351665478,0.289757968,0.444229946,0.23822486,0.284037401,0.284037401,0.284037401,0.23822486,0.549999175,0.095238095,0.139896373
40,0.191489362,0,0.056603774,0.02734375,0.185840708,0.705882353,0,0,0,0.305555556,0,0.054945055,0.252173913,0,0.057142857,0.055555556,0.047169811,0.191489362,0.054054054,0,0.142857143,0.205128205,0.168704156,0.118644068,0,0.059431525,0.107843137,0.212598425,0.228571429,0,0.034482759,0.034482759,0.069230769,0.040909091,0.156779661,0.156779661,0.164021164,0.059431525,0.053191489,0.259574468,0,1,0.054945055,0.252173913,0.09,0.054054054,0,0.069230769,0.205020921,0.205020921,0,0.095022624,0.037037037,0,0,0.113636364,0.213438735,0.156779661,0.036082474,0,0.126126126,0.086021505,0,0,0,0.048076923,0,0.073394495,0.032258065,0.213438735,0,0,0,0,0.168949772,0.035175879,0.04587156,0,0,0.098113208,0.191489362,0,0.102439024,0,0.252173913,0.215189873,0,0,0.037037037,0,0.053191489,0.244680851,0.034482759,0.472222222,0,0.050505051,0,0.055555556,0.107843137,0,0.305555556,0.054054054,0,0.138888889,0.049019608,0.094017094,0.040909091,0,0.034482759,0.2,0.077669903,0.142857143
41,0.191489362,0,0.056603774,0.02734375,0.185840708,0.705882353,0,0,0,0.305555556,0,0.054945055,0.252173913,0,0.057142857,0.055555556,0.047169811,0.191489362,0.054054054,0,0.142857143,0.205128205,0.168704156,0.118644068,0,0.059431525,0.107843137,0.212598425,0.228571429,0,0.034482759,0.034482759,0.069230769,0.040909091,0.156779661,0.156779661,0.164021164,0.059431525,0.053191489,0.259574468,1,0,0.054945055,0.252173913,0.09,0.054054054,0,0.069230769,0.205020921,0.205020921,0,0.095022624,0.037037037,0,0,0.113636364,0.213438735,0.156779661,0.036082474,0,0.126126126,0.086021505,0,0,0,0.048076923,0,0.073394495,0.032258065,0.213438735,0,0,0,0,0.168949772,0.035175879,0.04587156,0,0,0.098113208,0.191489362,0,0.102439024,0,0.252173913,0.215189873,0,0,0.037037037,0,0.053191489,0.244680851,0.034482759,0.472222222,0,0.050505051,0,0.055555556,0.107843137,0,0.305555556,0.054054054,0,0.138888889,0.049019608,0.094017094,0.040909091,0,0.034482759,0.2,0.077669903,0.142857143
42,0.060606061,0.093360272,0.057143926,0,0.057143926,0.071428571,0.115648379,0.099989966,0.036761943,0.082191781,0.041172339,1,0.225,0.099989966,0.036761943,0.047619921,0.041172339,0.060606061,0.057143926,0.115648379,0.057143926,0.097560976,0.066914498,0.047619921,0.041172339,0.047619921,0.071429946,0.065217391,0.342857143,0.036761943,0.041172339,0.041172339,0.033723621,0.047619921,0.041172339,0.036761943,0.033723621,0.041172339,0.036761943,0.047619921,0.054945055,0.054945055,0,0.225,0.047619921,0.057143926,0.099989966,0.047619921,0.041172339,0.041172339,0.047619921,0,0,0.173472727,0.041172339,0.033723621,0.041172339,0,0.033723621,0.047619921,0.047619921,0.071429946,0.089268115,0.138778105,0.041172339,0.036761943,0.041172339,0.071429946,0.310344828,0,0,0,0.115648379,0.115648379,0.036761943,0.031620295,0.036761943,0.031620295,0.057143926,0.047619921,0.060606061,0.036761943,0.047619921,0,0.225,0.128249503,0.071429946,0.093360272,0.033723621,0.173472727,0.041172339,0.057143926,0.047619921,0.047619921,0.128249503,0.036761943,0.041172339,0,0.071429946,0,0.082191781,0.057143926,0.033723621,0.082191781,0.041172339,0.047619921,0.047619921,0.047619921,0.041172339,0.057143926,0,0
43,0.302808285,0.07496322,0.304051121,0.02991453,0.304051121,0.475531084,0.032258637,0.026217688,0.255046685,0.475531084,0.193613418,0.225,1,0.026217688,0.163074998,0.23822486,0.193613418,0.126760563,0.304051121,0.032258637,0.304051121,0.304051121,0.255046685,0.23822486,0.193613418,0.144176356,0.243677156,0.362068966,0.720502458,0.163074998,0.193613418,0.193613418,0.142026452,0.23822486,0.322429907,0.322429907,0.377245509,0.193613418,0.163074998,0.372579866,0.252173913,0.252173913,0.225,0,0.23822486,0.304051121,0.026217688,0.23822486,0.262672811,0.262672811,0.372579866,0.045226131,0.041916168,0.054521373,0.302808285,0.142026452,0.233766234,0.322429907,0.142026452,0.372579866,0.23822486,0.132409048,0.025084784,0.041172339,0.193613418,0.163074998,0.302808285,0.243677156,0.146341463,0.233766234,0,0,0.032258637,0.032258637,0.350253807,0.12745019,0.163074998,0.12745019,0.304051121,0.23822486,0.302808285,0.163074998,0.372579866,0,1,0.479833079,0.054521373,0.07496322,0.142026452,0.054521373,0.063671527,0.56626506,0.23822486,0.23822486,0.107359913,0.163074998,0.193613418,0.06185567,0.243677156,0,0.475531084,0.304051121,0.222127095,0.372579866,0.193613418,0.23822486,0.23822486,0.23822486,0.193613418,0.475531084,0.086956522,0.159574468
44,0.23822486,0.082379097,0.351665478,0.024509804,0.351665478,0.351665478,0.03846223,0.032258637,0.206873557,0.351665478,0.23822486,0,0.23822486,0.032258637,0.206873557,0.284037401,0.23822486,0.081967213,0.351665478,0.03846223,0.833333028,0.351665478,0.206873557,0.284037401,0.23822486,0.17190262,0.274166874,0.206873557,0.351665478,0.206873557,0.23822486,0.23822486,0.18526914,0.284037401,0.23822486,0.206873557,0.18526914,0.23822486,0.206873557,0.284037401,0.09,0.09,0.047619921,0.23822486,0,0.351665478,0.032258637,0.284037401,0.23822486,0.23822486,0.284037401,0.088757396,0.03649635,0.061343273,0.23822486,0.18526914,0.23822486,0.081521739,0.18526914,0.284037401,0.284037401,0.14897652,0.029819518,0.047619921,0.23822486,0.206873557,0.23822486,0.274166874,0,0.089552239,0,0,0.03846223,0.03846223,0.206873557,0.170310041,0.206873557,0.170310041,0.833333028,0.284037401,0.23822486,0.206873557,0.284037401,0,0.101123596,0.517415251,0.061343273,0.082379097,0.18526914,0.061343273,0.078342404,0.21283189,0.284037401,0.284037401,0.115768709,0.206873557,0.23822486,0.109756098,0.274166874,0,0.351665478,0.351665478,0.18526914,0.284037401,0.23822486,0.284037401,0.284037401,0.284037401,0.23822486,0.351665478,0.051948052,0.797468354
45,0.304051121,0.093360272,0.421998728,0.013274336,0.421998728,0.421998728,0.047619921,0.041172339,0.271481054,0.421998728,0.304051121,0,0.304051121,0.041172339,0.271481054,0.351665478,0.304051121,0.043902439,1,0.047619921,0.421998728,0.421998728,0.271481054,0.351665478,0.304051121,0.21283189,0.319248128,0.271481054,0.421998728,0.271481054,0.304051121,0.304051121,0.24904353,0.351665478,0.475531084,0.424592019,0.24904353,0.304051121,0.271481054,0.351665478,0.054054054,0.054054054,0.057143926,0.304051121,0.351665478,0,0.041172339,0.351665478,0.304051121,0.304051121,0.351665478,0.047120419,0.018867925,0.071429946,0.304051121,0.24904353,0.304051121,0.349514563,0.24904353,0.351665478,0.351665478,0.173472727,0.036757459,0.057143926,0.304051121,0.271481054,0.304051121,0.319248128,0,0.147982063,0,0,0.047619921,0.047619921,0.271481054,0.233510809,0.271481054,0.233510809,0.421998728,0.549999175,0.304051121,0.271481054,0.351665478,0,0.06,0.573196756,0.071429946,0.093360272,0.24904353,0.071429946,0.099989966,0.255398362,0.351665478,0.351665478,0.128249503,0.271481054,0.304051121,0.193548387,0.319248128,0,0.421998728,1,0.24904353,0.351665478,0.304051121,0.351665478,0.351665478,0.549999175,0.304051121,0.421998728,0.034090909,0.166666667
46,0.026217688,0.07496322,0.041172339,0.0625,0.041172339,0.041172339,0.078342404,0.063671527,0.022082402,0.041172339,0.026217688,0,0.026217688,0.063671527,0.083333333,0.032258637,0.026217688,0,0.041172339,0.078342404,0.041172339,0.041172339,0.022082402,0.032258637,0.026217688,0.032258637,0.054521373,0.022082402,0.041172339,0.022082402,0.026217688,0.026217688,0.019232165,0.032258637,0.026217688,0.022082402,0.019232165,0.026217688,0.022082402,0.032258637,0,0,0.099989966,0.026217688,0.032258637,0.041172339,0,0.032258637,0.026217688,0.026217688,0.032258637,0,0,0.402631596,0.026217688,0.019232165,0.026217688,0,0.019232165,0.032258637,0.032258637,0.054521373,0.06092019,0.099989966,0.026217688,0.022082402,0.026217688,0.054521373,0,0,0,0,0.372579866,0.078342404,0.022082402,0.017258356,0.022082402,0.017258356,0.041172339,0.032258637,0.026217688,0.022082402,0.032258637,0.068493151,0,0.107359913,0.054521373,0.07496322,0.019232165,0.243677156,0.026217688,0.041172339,0.032258637,0.032258637,0.107359913,0.022082402,0.026217688,0,0.054521373,0,0.041172339,0.041172339,0.019232165,0.032258637,0.026217688,0.032258637,0.032258637,0.032258637,0.026217688,0.041172339,0,0
47,0.23822486,0.082379097,0.351665478,0.018939394,0.351665478,0.351665478,0.03846223,0.032258637,0.206873557,0.351665478,0.23822486,0,0.23822486,0.032258637,0.206873557,0.444229946,0.23822486,0.061728395,0.351665478,0.03846223,0.351665478,0.351665478,0.206873557,0.284037401,0.23822486,0.17190262,0.274166874,0.206873557,0.351665478,0.206873557,0.23822486,0.23822486,1,0.673076439,0.23822486,0.206873557,0.18526914,0.23822486,0.206873557,0.284037401,0.069230769,0.069230769,0.047619921,0.23822486,0.284037401,0.351665478,0.032258637,0,0.23822486,0.23822486,0.284037401,0.065502183,0.025380711,0.061343273,0.23822486,0.18526914,0.838709477,0.147540984,0.18526914,0.284037401,0.284037401,0.14897652,0.029819518,0.047619921,0.23822486,0.206873557,0.23822486,0.274166874,0,0.770114943,0,0,0.03846223,0.03846223,0.206873557,0.170310041,0.206873557,0.59960428,0.351665478,0.284037401,0.23822486,0.206873557,0.284037401,0,0.075630252,0.517415251,0.061343273,0.082379097,0.18526914,0.061343273,0.078342404,0.21283189,0.284037401,0.284037401,0.115768709,0.206873557,0.372579866,0.151785714,0.274166874,0,0.351665478,0.351665478,0.18526914,0.284037401,0.23822486,0.284037401,0.673076439,0.284037401,0.23822486,0.351665478,0.037383178,0.165137615
48,0.193613418,0.07496322,0.304051121,0.024691358,0.720502458,0.304051121,0.032258637,0.026217688,0.163074998,0.304051121,0.302808285,0,0.262672811,0.026217688,0.163074998,0.23822486,0.193613418,0.040540541,0.304051121,0.032258637,0.304051121,0.475531084,0.163074998,0.23822486,0.193613418,0.144176356,0.243677156,0.286307054,0.304051121,0.163074998,0.193613418,0.193613418,0.218623482,0.23822486,0.242152466,0.242152466,0.272727273,0.193613418,0.163074998,0.243243243,0.205020921,0.205020921,0.041172339,0.262672811,0.23822486,0.304051121,0.026217688,0.23822486,0,1,0.23822486,0.100961538,0.034090909,0.054521373,0.193613418,0.142026452,0.295833333,0.242152466,0.142026452,0.23822486,0.23822486,0.132409048,0.025084784,0.041172339,0.193613418,0.163074998,0.193613418,0.243677156,0,0.295833333,0,0,0.032258637,0.032258637,0.262135922,0.12745019,0.163074998,0.12745019,0.304051121,0.23822486,0.193613418,0.163074998,0.23822486,0,0.262672811,0.479833079,0.054521373,0.07496322,0.142026452,0.054521373,0.063671527,0.451428571,0.23822486,0.310344828,0.107359913,0.163074998,0.193613418,0.0591133,0.243677156,0,0.304051121,0.304051121,0.142026452,0.23822486,0.193613418,0.23822486,0.23822486,0.23822486,0.193613418,0.304051121,0.077720207,0.152284264
49,0.193613418,0.07496322,0.304051121,0.024691358,0.720502458,0.304051121,0.032258637,0.026217688,0.163074998,0.304051121,0.302808285,0,0.262672811,0.026217688,0.163074998,0.23822486,0.193613418,0.040540541,0.304051121,0.032258637,0.304051121,0.475531084,0.163074998,0.23822486,0.193613418,0.144176356,0.243677156,0.286307054,0.304051121,0.163074998,0.193613418,0.193613418,0.218623482,0.23822486,0.242152466,0.242152466,0.272727273,0.193613418,0.163074998,0.243243243,0.205020921,0.205020921,0.041172339,0.262672811,0.23822486,0.304051121,0.026217688,0.23822486,1,0,0.23822486,0.100961538,0.034090909,0.054521373,0.193613418,0.142026452,0.295833333,0.242152466,0.142026452,0.23822486,0.23822486,0.132409048,0.025084784,0.041172339,0.193613418,0.163074998,0.193613418,0.243677156,0,0.295833333,0,0,0.032258637,0.032258637,0.262135922,0.12745019,0.163074998,0.12745019,0.304051121,0.23822486,0.193613418,0.163074998,0.23822486,0,0.262672811,0.479833079,0.054521373,0.07496322,0.142026452,0.054521373,0.063671527,0.451428571,0.23822486,0.310344828,0.107359913,0.163074998,0.193613418,0.0591133,0.243677156,0,0.304051121,0.304051121,0.142026452,0.23822486,0.193613418,0.23822486,0.23822486,0.23822486,0.193613418,0.304051121,0.077720207,0.152284264
50,0.372579866,0.082379097,0.351665478,0,0.351665478,0.549999175,0.03846223,0.032258637,0.32354693,0.833333028,0.23822486,0,0.372579866,0.032258637,0.206873557,0.284037401,0.23822486,0,0.351665478,0.03846223,0.351665478,0.351665478,0.32354693,0.284037401,0.23822486,0.17190262,0.274166874,0.206873557,0.549999175,0.206873557,0.23822486,0.23822486,0.18526914,0.284037401,0.23822486,0.206873557,0.289757968,0.23822486,0.206873557,0.444229946,0,0,0.047619921,0.372579866,0.284037401,0.351665478,0.032258637,0.284037401,0.23822486,0.23822486,0,0,0,0.061343273,0.372579866,0.18526914,0.23822486,0,0.18526914,0.444229946,0.284037401,0.14897652,0.029819518,0.047619921,0.23822486,0.206873557,0.372579866,0.274166874,0,0,0,0,0.03846223,0.03846223,0.206873557,0.170310041,0.206873557,0.170310041,0.351665478,0.284037401,0.372579866,0.206873557,0.444229946,0,0,0.517415251,0.061343273,0.082379097,0.18526914,0.061343273,0.078342404,0.21283189,0.284037401,0.284037401,0.115768709,0.206873557,0.23822486,0,0.274166874,0,0.833333028,0.351665478,0.289757968,0.444229946,0.23822486,0.284037401,0.284037401,0.284037401,0.23822486,0.549999175,0,0
51,0.029411765,0,0.049723757,0.008888889,0.179487179,0.169082126,0,0,0,0.048648649,0,0,0.045226131,0,0.020080321,0.048648649,0.016574586,0.029411765,0.047120419,0,0.150837989,0.073891626,0.025936599,0.27804878,0,0.009230769,0.01734104,0.040358744,0.083798883,0,0.02276176,0.02276176,0.065502183,0.031746032,0.029268293,0.029268293,0.012658228,0.009230769,0.01910828,0.705882353,0.095022624,0.095022624,0,0.045226131,0.088757396,0.047120419,0,0.065502183,0.100961538,0.100961538,0,0,0.012658228,0,0,0.038626609,0.040540541,0.029268293,0.012269939,0,0.047120419,0.032258065,0,0,0,0.016949153,0,0.026737968,0,0.040540541,0,0,0,0,0.031914894,0.011904762,0.016042781,0,0,0.055555556,0.029411765,0,0.540229885,0,0.045226131,0.25984252,0,0,0.012658228,0,0.01910828,0.01910828,0.02276176,0.189189189,0,0.017964072,0,0.048648649,0.01734104,0,0.048648649,0.047120419,0,0.048648649,0.01734104,0.044334975,0.031746032,0,0.02276176,0.262569832,0.028571429,0.150837989
52,0.011627907,0,0.020134228,0.031088083,0.030674847,0.028571429,0,0,0,0.019607843,0,0,0.041916168,0,0.069124424,0.019607843,0.060402685,0.011627907,0.018867925,0,0.06122449,0.029239766,0.010600707,0.01734104,0,0.034482759,0.063829787,0.036649215,0.034013605,0,0.009416196,0.009416196,0.025380711,0.012738854,0.034682081,0.034682081,0.047619048,0.034482759,0.072,0.052325581,0.037037037,0.037037037,0,0.041916168,0.03649635,0.018867925,0,0.025380711,0.034090909,0.034090909,0,0.012658228,0,0,0,0.044776119,0.047368421,0.034682081,0.229007634,0,0.396226415,0.12195122,0,0,0,0.062068966,0,0.096774194,0,0.047368421,0,0,0,0,0.038461538,0.044117647,0.058064516,0,0,0.094059406,0.011627907,0,0.014084507,0,0.041916168,0.347368421,0,0,0.047619048,0,0.072,0.072,0.009416196,0.058823529,0,0.333333333,0,0.019607843,0.063829787,0,0.019607843,0.018867925,0,0.019607843,0.063829787,0.087719298,0.012738854,0,0.009416196,0.034013605,0.524475524,0.06122449
53,0.054521373,0.109892388,0.071429946,0,0.071429946,0.071429946,0.14897652,0.132409048,0.049857993,0.071429946,0.054521373,0,0.054521373,0.132409048,0.049857993,0.061343273,0.054521373,0,0.071429946,0.14897652,0.071429946,0.071429946,0.049857993,0.061343273,0.054521373,0.061343273,0.086581804,0.049857993,0.071429946,0.049857993,0.054521373,0.054521373,0.046646837,0.061343273,0.054521373,0.049857993,0.046646837,0.054521373,0.049857993,0.061343273,0,0,0.173472727,0.054521373,0.061343273,0.071429946,0.402631596,0.061343273,0.054521373,0.054521373,0.061343273,0,0,0,0.054521373,0.046646837,0.054521373,0,0.046646837,0.061343273,0.061343273,0.086581804,0.114242844,0.173472727,0.054521373,0.049857993,0.054521373,0.086581804,0,0,0,0,0.453010236,0.14897652,0.049857993,0.044424556,0.049857993,0.044424556,0.071429946,0.061343273,0.054521373,0.049857993,0.061343273,0.085714286,0,0.14710564,0.086581804,0.109892388,0.046646837,0.386967654,0.054521373,0.071429946,0.061343273,0.061343273,0.14710564,0.049857993,0.054521373,0,0.086581804,0,0.071429946,0.071429946,0.046646837,0.061343273,0.054521373,0.061343273,0.061343273,0.061343273,0.054521373,0.071429946,0,0
54,0.302808285,0.07496322,0.304051121,0,0.304051121,0.720502458,0.032258637,0.026217688,0.255046685,0.475531084,0.193613418,0,0.302808285,0.026217688,0.163074998,0.23822486,0.193613418,0,0.304051121,0.032258637,0.304051121,0.304051121,0.255046685,0.23822486,0.193613418,0.144176356,0.243677156,0.163074998,0.475531084,0.163074998,0.193613418,0.193613418,0.142026452,0.23822486,0.193613418,0.163074998,0.222127095,0.193613418,0.163074998,0.372579866,0,0,0.041172339,0.302808285,0.23822486,0.304051121,0.026217688,0.23822486,0.193613418,0.193613418,0.372579866,0,0,0.054521373,0,0.142026452,0.193613418,0,0.142026452,0.372579866,0.23822486,0.132409048,0.025084784,0.041172339,0.193613418,0.163074998,0.302808285,0.243677156,0,0,0,0,0.032258637,0.032258637,0.163074998,0.12745019,0.163074998,0.12745019,0.304051121,0.23822486,0.302808285,0.163074998,0.372579866,0,0,0.479833079,0.054521373,0.07496322,0.142026452,0.054521373,0.063671527,0.184015148,0.23822486,0.23822486,0.107359913,0.163074998,0.193613418,0,0.243677156,0,0.475531084,0.304051121,0.222127095,0.372579866,0.193613418,0.23822486,0.23822486,0.23822486,0.193613418,0.475531084,0,0
55,0.142026452,0.066414066,0.24904353,0.03358209,0.24904353,0.24904353,0.025087767,0.019232165,0.112414826,0.24904353,0.142026452,0,0.142026452,0.019232165,0.112414826,0.18526914,0.142026452,0.036437247,0.24904353,0.025087767,0.24904353,0.24904353,0.112414826,0.18526914,0.142026452,0.279805353,0.425925926,0.112781955,0.24904353,0.112414826,0.142026452,0.142026452,0.092000255,0.18526914,0.142026452,0.112414826,0.104477612,0.279805353,0.112414826,0.18526914,0.113636364,0.113636364,0.033723621,0.142026452,0.18526914,0.24904353,0.019232165,0.18526914,0.142026452,0.142026452,0.18526914,0.038626609,0.044776119,0.046646837,0.142026452,0,0.142026452,0.108870968,0.092000255,0.18526914,0.18526914,0.113285175,0.019576356,0.033723621,0.222127095,0.112414826,0.142026452,0.217391304,0,0.135849057,0.046511628,0,0.025087767,0.025087767,0.116883117,0.077860721,0.112414826,0.077860721,0.24904353,0.18526914,0.142026452,0.395774731,0.18526914,0,0.123966942,0.436595975,0.046646837,0.066414066,0.092000255,0.046646837,0.06,0.150723937,0.18526914,0.18526914,0.097685857,0.112414826,0.142026452,0.052631579,0.425925926,0,0.24904353,0.24904353,0.092000255,0.18526914,0.142026452,0.289757968,0.18526914,0.18526914,0.142026452,0.24904353,0.082568807,0.135135135
56,0.193613418,0.07496322,0.304051121,0.035019455,0.304051121,0.304051121,0.032258637,0.026217688,0.163074998,0.304051121,0.193613418,0,0.233766234,0.026217688,0.163074998,0.372579866,0.193613418,0.038135593,0.304051121,0.032258637,0.304051121,0.304051121,0.163074998,0.23822486,0.193613418,0.144176356,0.243677156,0.290196078,0.304051121,0.163074998,0.193613418,0.193613418,0.770114943,0.564515588,0.274261603,0.274261603,0.236842105,0.193613418,0.163074998,0.275423729,0.213438735,0.213438735,0.041172339,0.233766234,0.23822486,0.304051121,0.026217688,0.838709477,0.295833333,0.295833333,0.23822486,0.040540541,0.047368421,0.054521373,0.193613418,0.142026452,0,0.274261603,0.142026452,0.23822486,0.23822486,0.132409048,0.025084784,0.041172339,0.193613418,0.163074998,0.193613418,0.243677156,0,1,0,0,0.032258637,0.032258637,0.231818182,0.12745019,0.163074998,0.65827147,0.304051121,0.23822486,0.193613418,0.163074998,0.23822486,0,0.233766234,0.479833079,0.054521373,0.07496322,0.142026452,0.054521373,0.063671527,0.317460317,0.23822486,0.276497696,0.107359913,0.163074998,0.302808285,0.110599078,0.243677156,0,0.304051121,0.304051121,0.142026452,0.23822486,0.193613418,0.23822486,0.564515588,0.23822486,0.193613418,0.304051121,0.086956522,0.142180095
57,0.02739726,0,0.045918367,0.025,0.071428571,0.067567568,0,0,0,0.045,0,0,0.322429907,0,0.056818182,0.135,0.045918367,0.02739726,0.349514563,0,0.139175258,0.068807339,0.023872679,0.040909091,0,0.05915493,0.111702128,0.239495798,0.077319588,0,0.020862309,0.020862309,0.147540984,0.098039216,1,1,0.358381503,0.05915493,0.052325581,0.219178082,0.156779661,0.156779661,0,0.322429907,0.081521739,0.349514563,0,0.147540984,0.242152466,0.242152466,0,0.029268293,0.034682081,0,0,0.108870968,0.274261603,0,0.033707865,0,0.131067961,0.088235294,0,0,0,0.046875,0,0.074257426,0,0.274261603,0,0,0.029411765,0,0.325123153,0.032786885,0.044554455,0,0,0.453815261,0.02739726,0,0.031746032,0,0.322429907,0.232394366,0,0,0.034682081,0,0.052325581,0.540697674,0.020862309,0.215,0,0.049450549,0,0.135,0.111702128,0,0.045,0.349514563,0,0.045,0.04787234,0.087155963,0.098039216,0,0.020862309,0.077319588,0.078947368,0.139175258
58,0.142026452,0.066414066,0.24904353,0.037878788,0.24904353,0.24904353,0.025087767,0.046195652,0.112414826,0.24904353,0.142026452,0,0.142026452,0.019232165,0.266386647,0.18526914,0.142026452,0.011299435,0.24904353,0.025087767,0.24904353,0.24904353,0.112414826,0.18526914,0.142026452,0.112126961,0.208482801,0.112414826,0.24904353,0.112414826,0.142026452,0.142026452,0.092000255,0.18526914,0.142026452,0.112414826,0.092000255,0.142026452,0.266386647,0.18526914,0.036082474,0.036082474,0.033723621,0.142026452,0.18526914,0.24904353,0.019232165,0.18526914,0.142026452,0.142026452,0.18526914,0.012269939,0.229007634,0.046646837,0.142026452,0.092000255,0.142026452,0.033707865,0,0.18526914,0.658536585,0.1171875,0.028125,0.033723621,0.142026452,0.266386647,0.142026452,0.208482801,0,0.046153846,0,0.325,0.025087767,0.025087767,0.112414826,0.184504633,0.266386647,0.077860721,0.24904353,0.18526914,0.142026452,0.112414826,0.18526914,0,0.040697674,0.436595975,0.046646837,0.066414066,0.218010739,0.046646837,0.069230769,0.150723937,0.18526914,0.18526914,0.097685857,0.844672167,0.142026452,0.018987342,0.208482801,0,0.24904353,0.24904353,0.092000255,0.18526914,0.142026452,0.18526914,0.18526914,0.18526914,0.142026452,0.24904353,0.675675676,0.059210526
59,0.372579866,0.082379097,0.351665478,0,0.351665478,0.549999175,0.03846223,0.032258637,0.32354693,0.549999175,0.23822486,0,0.372579866,0.032258637,0.206873557,0.284037401,0.23822486,0,0.351665478,0.03846223,0.351665478,0.351665478,0.32354693,0.284037401,0.23822486,0.17190262,0.274166874,0.206873557,0.549999175,0.206873557,0.23822486,0.23822486,0.18526914,0.284037401,0.23822486,0.206873557,0.289757968,0.23822486,0.206873557,0.444229946,0,0,0.047619921,0.372579866,0.284037401,0.351665478,0.032258637,0.284037401,0.23822486,0.23822486,0.444229946,0,0,0.061343273,0.372579866,0.18526914,0.23822486,0,0.18526914,0,0.284037401,0.14897652,0.029819518,0.047619921,0.23822486,0.206873557,0.564515588,0.274166874,0,0,0,0,0.03846223,0.03846223,0.206873557,0.170310041,0.206873557,0.170310041,0.351665478,0.284037401,0.372579866,0.206873557,0.444229946,0,0,0.517415251,0.061343273,0.082379097,0.18526914,0.061343273,0.078342404,0.21283189,0.284037401,0.284037401,0.115768709,0.206873557,0.23822486,0,0.274166874,0,0.549999175,0.351665478,0.289757968,0.444229946,0.23822486,0.284037401,0.284037401,0.284037401,0.23822486,0.833333028,0,0
60,0.23822486,0.082379097,0.351665478,0.14159292,0.351665478,0.351665478,0.03846223,0.056603774,0.206873557,0.351665478,0.23822486,0,0.23822486,0.032258637,0.490223176,0.284037401,0.23822486,0.043902439,0.351665478,0.03846223,0.351665478,0.351665478,0.206873557,0.284037401,0.23822486,0.17190262,0.274166874,0.206873557,0.351665478,0.206873557,0.23822486,0.23822486,0.18526914,0.284037401,0.23822486,0.206873557,0.18526914,0.23822486,0.490223176,0.284037401,0.126126126,0.126126126,0.047619921,0.23822486,0.284037401,0.351665478,0.032258637,0.284037401,0.23822486,0.23822486,0.284037401,0.047120419,0.396226415,0.061343273,0.23822486,0.18526914,0.23822486,0.131067961,0.658536585,0.284037401,0,0.230769231,0.042553191,0.047619921,0.23822486,0.505617978,0.23822486,0.274166874,0,0.134529148,0,0.28125,0.03846223,0.03846223,0.206873557,0.455621302,0.490223176,0.170310041,0.351665478,0.284037401,0.23822486,0.206873557,0.284037401,0,0.14,0.517415251,0.061343273,0.082379097,0.439027721,0.061343273,0.189873418,0.21283189,0.284037401,0.284037401,0.115768709,0.7283321,0.23822486,0.053763441,0.274166874,0,0.351665478,0.351665478,0.18526914,0.284037401,0.23822486,0.284037401,0.284037401,0.284037401,0.23822486,0.351665478,0.818181818,0.088888889
61,0.132409048,0.109892388,0.173472727,0.394736842,0.173472727,0.173472727,0.061343273,0.054521373,0.121083697,0.173472727,0.132409048,0,0.132409048,0.054521373,0.121083697,0.14897652,0.132409048,0.029585799,0.173472727,0.061343273,0.173472727,0.173472727,0.121083697,0.14897652,0.132409048,0.14897652,0.210270095,0.121083697,0.173472727,0.121083697,0.132409048,0.132409048,0.113285175,0.14897652,0.132409048,0.121083697,0.12195122,0.132409048,0.147540984,0.14897652,0.086021505,0.086021505,0.071429946,0.132409048,0.14897652,0.173472727,0.054521373,0.14897652,0.132409048,0.132409048,0.14897652,0.032258065,0.12195122,0.086581804,0.132409048,0.113285175,0.132409048,0.088235294,0.1171875,0.14897652,0.230769231,0,0.047041171,0.071429946,0.132409048,0.126760563,0.132409048,0.210270095,0,0.096256684,0,0,0.061343273,0.061343273,0.121083697,0.112781955,0.121083697,0.107888206,0.173472727,0.14897652,0.132409048,0.121083697,0.14897652,0,0.097560976,0.391304348,0.086581804,0.109892388,0.12195122,0.086581804,0.243677156,0.173472727,0.14897652,0.14897652,0.14710564,0.136363636,0.132409048,0.04,0.210270095,0,0.173472727,0.173472727,0.113285175,0.14897652,0.132409048,0.333333333,0.14897652,0.14897652,0.132409048,0.173472727,0.171428571,0.083333333
62,0.025084784,0.062546377,0.036757459,0.054054054,0.036757459,0.036757459,0.133274986,0.173076923,0.02182825,0.036757459,0.025084784,0,0.025084784,0.06092019,0.032520325,0.029819518,0.025084784,0,0.036757459,0.133274986,0.036757459,0.036757459,0.02182825,0.029819518,0.025084784,0.029819518,0.047041171,0.02182825,0.036757459,0.02182825,0.025084784,0.025084784,0.019576356,0.029819518,0.025084784,0.02182825,0.019576356,0.025084784,0.02182825,0.029819518,0,0,0.089268115,0.025084784,0.029819518,0.036757459,0.06092019,0.029819518,0.025084784,0.025084784,0.029819518,0,0,0.114242844,0.025084784,0.019576356,0.025084784,0,0.028125,0.029819518,0.042553191,0.047041171,0,0.089268115,0.025084784,0.034482759,0.025084784,0.047041171,0,0,0,0.290322581,0.072418828,0.072418828,0.02182825,0.03030303,0.02182825,0.018013381,0.036757459,0.029819518,0.025084784,0.02182825,0.029819518,0,0,0.086536031,0.047041171,0.062546377,0.019576356,0.114242844,0.025084784,0.036757459,0.029819518,0.029819518,0.086536031,0.030487805,0.025084784,0,0.047041171,0,0.036757459,0.036757459,0.019576356,0.029819518,0.025084784,0.05,0.029819518,0.029819518,0.025084784,0.036757459,0.034883721,0
63,0.041172339,0.093360272,0.303797468,0,0.057143926,0.057143926,0.115648379,0.099989966,0.036761943,0.057143926,0.041172339,0,0.041172339,0.099989966,0.036761943,0.047619921,0.041172339,0,0.057143926,0.115648379,0.057143926,0.057143926,0.036761943,0.087912088,0.041172339,0.047619921,0.071429946,0.036761943,0.057143926,0.036761943,0.211640212,0.211640212,0.033723621,0.047619921,0.041172339,0.036761943,0.033723621,0.041172339,0.036761943,0.047619921,0,0,0.138778105,0.041172339,0.047619921,0.057143926,0.099989966,0.047619921,0.041172339,0.041172339,0.047619921,0,0,0.173472727,0.041172339,0.033723621,0.041172339,0,0.033723621,0.047619921,0.047619921,0.071429946,0.089268115,0,0.041172339,0.036761943,0.041172339,0.071429946,0,0,0,0,0.115648379,0.549999175,0.036761943,0.031620295,0.036761943,0.031620295,0.057143926,0.047619921,0.041172339,0.036761943,0.047619921,0,0,0.128249503,0.071429946,0.093360272,0.033723621,0.173472727,0.041172339,0.057143926,0.211640212,0.047619921,0.128249503,0.036761943,0.041172339,0,0.071429946,0,0.057143926,0.057143926,0.033723621,0.047619921,0.041172339,0.047619921,0.047619921,0.047619921,0.211640212,0.057143926,0,0
64,0.193613418,0.07496322,0.304051121,0,0.304051121,0.304051121,0.032258637,0.026217688,0.163074998,0.304051121,0.193613418,0,0.193613418,0.026217688,0.163074998,0.23822486,0.193613418,0,0.304051121,0.032258637,0.304051121,0.304051121,0.163074998,0.23822486,0.193613418,0.144176356,0.243677156,0.163074998,0.304051121,0.163074998,0.193613418,0.193613418,0.142026452,0.23822486,0.193613418,0.163074998,0.142026452,1,0.163074998,0.23822486,0,0,0.041172339,0.193613418,0.23822486,0.304051121,0.026217688,0.23822486,0.193613418,0.193613418,0.23822486,0,0,0.054521373,0.193613418,0.222127095,0.193613418,0,0.142026452,0.23822486,0.23822486,0.132409048,0.025084784,0.041172339,0,0.163074998,0.193613418,0.243677156,0,0,0,0,0.032258637,0.032258637,0.163074998,0.12745019,0.163074998,0.12745019,0.304051121,0.23822486,0.193613418,0.255046685,0.23822486,0,0,0.479833079,0.054521373,0.07496322,0.142026452,0.054521373,0.063671527,0.184015148,0.23822486,0.23822486,0.107359913,0.163074998,0.193613418,0,0.243677156,0,0.304051121,0.304051121,0.142026452,0.23822486,0.193613418,0.372579866,0.23822486,0.23822486,0.193613418,0.304051121,0,0
65,0.163074998,0.069898901,0.271481054,0.056603774,0.271481054,0.271481054,0.028013277,0.050505051,0.133086931,0.271481054,0.163074998,0,0.163074998,0.022082402,0.315372824,0.206873557,0.163074998,0.015706806,0.271481054,0.028013277,0.271481054,0.271481054,0.133086931,0.206873557,0.163074998,0.125202196,0.222834703,0.133086931,0.271481054,0.133086931,0.163074998,0.163074998,0.112414826,0.206873557,0.163074998,0.133086931,0.112414826,0.163074998,0.468554247,0.206873557,0.048076923,0.048076923,0.036761943,0.163074998,0.206873557,0.271481054,0.022082402,0.206873557,0.163074998,0.163074998,0.206873557,0.016949153,0.062068966,0.049857993,0.163074998,0.112414826,0.163074998,0.046875,0.266386647,0.206873557,0.505617978,0.126760563,0.034482759,0.036761943,0.163074998,0,0.163074998,0.222834703,0,0.057416268,0,0.298245614,0.028013277,0.028013277,0.133086931,0.506668767,0.468554247,0.098097872,0.271481054,0.206873557,0.163074998,0.133086931,0.206873557,0,0.053763441,0.454209032,0.049857993,0.069898901,0.395774731,0.049857993,0.083333333,0.164303377,0.206873557,0.206873557,0.101626678,0.315372824,0.163074998,0.023255814,0.222834703,0,0.271481054,0.271481054,0.112414826,0.206873557,0.163074998,0.206873557,0.206873557,0.206873557,0.163074998,0.271481054,0.358024691,0.060240964
66,0.302808285,0.07496322,0.304051121,0,0.304051121,0.475531084,0.032258637,0.026217688,0.255046685,0.475531084,0.193613418,0,0.302808285,0.026217688,0.163074998,0.23822486,0.193613418,0,0.304051121,0.032258637,0.304051121,0.304051121,0.255046685,0.23822486,0.193613418,0.144176356,0.243677156,0.163074998,0.475531084,0.163074998,0.193613418,0.193613418,0.142026452,0.23822486,0.193613418,0.163074998,0.222127095,0.193613418,0.163074998,0.372579866,0,0,0.041172339,0.302808285,0.23822486,0.304051121,0.026217688,0.23822486,0.193613418,0.193613418,0.372579866,0,0,0.054521373,0.302808285,0.142026452,0.193613418,0,0.142026452,0.564515588,0.23822486,0.132409048,0.025084784,0.041172339,0.193613418,0.163074998,0,0.243677156,0,0,0,0,0.032258637,0.032258637,0.163074998,0.12745019,0.163074998,0.12745019,0.304051121,0.23822486,0.302808285,0.163074998,0.372579866,0,0,0.479833079,0.054521373,0.07496322,0.142026452,0.054521373,0.063671527,0.184015148,0.23822486,0.23822486,0.107359913,0.163074998,0.193613418,0,0.243677156,0,0.475531084,0.304051121,0.222127095,0.372579866,0.193613418,0.23822486,0.23822486,0.23822486,0.193613418,0.720502458,0,0
67,0.243677156,0.109892388,0.319248128,0.067567568,0.319248128,0.319248128,0.061343273,0.054521373,0.222834703,0.319248128,0.243677156,0,0.243677156,0.054521373,0.222834703,0.274166874,0.243677156,0.024875622,0.319248128,0.061343273,0.319248128,0.319248128,0.222834703,0.274166874,0.243677156,0.453010236,0.639392737,0.222834703,0.319248128,0.222834703,0.243677156,0.243677156,0.208482801,0.274166874,0.243677156,0.222834703,0.208482801,0.243677156,0.222834703,0.274166874,0.073394495,0.073394495,0.071429946,0.243677156,0.274166874,0.319248128,0.054521373,0.274166874,0.243677156,0.243677156,0.274166874,0.026737968,0.096774194,0.086581804,0.243677156,0.217391304,0.243677156,0.074257426,0.208482801,0.274166874,0.274166874,0.210270095,0.047041171,0.071429946,0.243677156,0.222834703,0.243677156,0,0,0.082191781,0,0,0.061343273,0.061343273,0.222834703,0.198550565,0.222834703,0.198550565,0.319248128,0.274166874,0.243677156,0.222834703,0.274166874,0,0.081632653,0.657472144,0.086581804,0.109892388,0.208482801,0.086581804,0.132409048,0.527498701,0.274166874,0.274166874,0.14710564,0.222834703,0.243677156,0.032967033,0.639392737,0,0.319248128,0.319248128,0.208482801,0.274166874,0.243677156,0.274166874,0.274166874,0.274166874,0.243677156,0.319248128,0.139534884,0.068181818
68,0.035502959,0,0,0,0,0.046511628,0,0,0,0.053333333,0,0.310344828,0.146341463,0,0,0,0,0.035502959,0,0,0,0.071428571,0.036101083,0,0,0,0,0.042553191,0.25,0,0,0,0,0,0,0,0,0,0,0,0.032258065,0.032258065,0.310344828,0.146341463,0,0,0,0,0,0,0,0,0,0,0,0,0,0,0,0,0,0,0,0,0,0,0,0,0,0,0,0,0,0,0,0,0,0,0,0,0.035502959,0,0,0,0.146341463,0,0,0,0,0,0,0,0,0,0,0,0,0,0,0,0.053333333,0,0,0.053333333,0,0,0,0,0,0,0,0
69,0.038135593,0,0.056338028,0.035019455,0.237885463,0.075313808,0,0,0,0.055299539,0,0,0.233766234,0,0.06405694,0.110599078,0.056338028,0.038135593,0.147982063,0,0.142180095,0.229787234,0.03649635,0.050632911,0,0.089974293,0.136585366,0.290196078,0.085308057,0,0.034307497,0.034307497,0.770114943,0.20361991,0.274261603,0.274261603,0.236842105,0.089974293,0.063492063,0.275423729,0.213438735,0.213438735,0,0.233766234,0.089552239,0.147982063,0,0.770114943,0.295833333,0.295833333,0,0.040540541,0.047368421,0,0,0.135849057,1,0.274261603,0.046153846,0,0.134529148,0.096256684,0,0,0,0.057416268,0,0.082191781,0,0,0,0,0.026737968,0,0.231818182,0.045,0.054794521,0,0,0.157894737,0.038135593,0,0.04368932,0,0.233766234,0.213836478,0,0,0.047368421,0,0.063492063,0.317460317,0.034307497,0.276497696,0,0.060301508,0,0.110599078,0.136585366,0,0.055299539,0.147982063,0,0.055299539,0.058536585,0.10212766,0.20361991,0,0.034307497,0.085308057,0.086956522,0.142180095
70,0,0.051172708,0,0,0,0,0,0,0,0,0,0,0,0,0,0,0,0,0,0,0,0,0,0,0,0,0,0,0,0,0,0,0,0,0,0,0,0,0,0,0,0,0,0,0,0,0,0,0,0,0,0,0,0,0,0.046511628,0,0,0,0,0,0,0,0,0,0,0,0,0,0,0,0,0,0,0,0,0,0,0,0,0,0,0,0,0,0,0,0,0,0,0,0,0,0,0,0,0,0,0,0.26,0,0,0,0,0,0,0,0,0,0,0,0
71,0,0,0,0,0,0,0,0.27027027,0,0,0,0,0,0,0.193548387,0,0,0,0,0,0,0,0,0,0,0,0,0,0,0,0,0,0,0,0,0,0,0,0,0,0,0,0,0,0,0,0,0,0,0,0,0,0,0,0,0,0,0,0.325,0,0.28125,0,0.290322581,0,0,0.298245614,0,0,0,0,0,0,0,0,0,0.314285714,0,0,0,0,0,0,0,0,0,0,0,0,0,0,0,0,0,0,0,0.317307692,0,0,0,0,0,0,0,0,0,0,0,0,0,0,0.303571429,0
72,0.032258637,0.082379097,0.047619921,0,0.047619921,0.047619921,0.093408273,0.078342404,0.028013277,0.047619921,0.032258637,0,0.032258637,0.078342404,0.028013277,0.03846223,0.032258637,0,0.047619921,0.093408273,0.047619921,0.047619921,0.028013277,0.03846223,0.032258637,0.03846223,0.061343273,0.028013277,0.047619921,0.028013277,0.032258637,0.032258637,0.030927835,0.03846223,0.032258637,0.029411765,0.025087767,0.032258637,0.028013277,0.03846223,0,0,0.115648379,0.032258637,0.03846223,0.047619921,0.372579866,0.03846223,0.032258637,0.032258637,0.03846223,0,0,0.453010236,0.032258637,0.025087767,0.032258637,0.029411765,0.025087767,0.03846223,0.03846223,0.061343273,0.072418828,0.115648379,0.032258637,0.028013277,0.032258637,0.061343273,0,0.026737968,0,0,0,0.093408273,0.028013277,0.023062118,0.028013277,0.023062118,0.047619921,0.03846223,0.032258637,0.028013277,0.03846223,0,0,0.115768709,0.061343273,0.082379097,0.025087767,0.274166874,0.032258637,0.047619921,0.03846223,0.03846223,0.115768709,0.028013277,0.032258637,0,0.061343273,0,0.047619921,0.047619921,0.025087767,0.03846223,0.032258637,0.03846223,0.03846223,0.03846223,0.032258637,0.047619921,0,0
73,0.032258637,0.082379097,0.246575342,0,0.047619921,0.047619921,0.093408273,0.078342404,0.028013277,0.047619921,0.032258637,0,0.032258637,0.078342404,0.028013277,0.03846223,0.032258637,0,0.047619921,0.093408273,0.047619921,0.047619921,0.028013277,0.070588235,0.032258637,0.03846223,0.061343273,0.028013277,0.047619921,0.028013277,0.138728324,0.138728324,0.025087767,0.03846223,0.032258637,0.028013277,0.025087767,0.032258637,0.028013277,0.03846223,0,0,0.115648379,0.032258637,0.03846223,0.047619921,0.078342404,0.03846223,0.032258637,0.032258637,0.03846223,0,0,0.14897652,0.032258637,0.025087767,0.032258637,0,0.025087767,0.03846223,0.03846223,0.061343273,0.072418828,0.549999175,0.032258637,0.028013277,0.032258637,0.061343273,0,0,0,0,0.093408273,0,0.028013277,0.023062118,0.028013277,0.023062118,0.047619921,0.03846223,0.032258637,0.028013277,0.03846223,0,0,0.115768709,0.061343273,0.082379097,0.025087767,0.14897652,0.032258637,0.047619921,0.138728324,0.03846223,0.115768709,0.028013277,0.032258637,0,0.061343273,0,0.047619921,0.047619921,0.025087767,0.03846223,0.032258637,0.03846223,0.03846223,0.03846223,0.138728324,0.047619921,0,0
74,0.163074998,0.069898901,0.643321971,0.02690583,0.271481054,0.271481054,0.028013277,0.022082402,0.133086931,0.271481054,0.163074998,0,0.350253807,0.022082402,0.133086931,0.206873557,0.163074998,0.02970297,0.271481054,0.028013277,0.271481054,0.271481054,0.133086931,0.32354693,0.255046685,0.125202196,0.222834703,0.257918552,0.271481054,0.687384851,0.842271159,0.842271159,0.112414826,0.206873557,0.325123153,0.325123153,0.397435897,0.163074998,0.133086931,0.237623762,0.168949772,0.168949772,0.036761943,0.350253807,0.206873557,0.271481054,0.022082402,0.206873557,0.262135922,0.262135922,0.206873557,0.031914894,0.038461538,0.049857993,0.163074998,0.116883117,0.231818182,0.325123153,0.112414826,0.206873557,0.206873557,0.121083697,0.02182825,0.036761943,0.163074998,0.133086931,0.163074998,0.222834703,0,0.231818182,0,0,0.028013277,0.028013277,0,0.098097872,0.133086931,0.098097872,0.271481054,0.206873557,0.163074998,0.133086931,0.206873557,0,0.350253807,0.454209032,0.049857993,0.069898901,0.112414826,0.049857993,0.058064516,0.6,0.7283321,0.234972678,0.101626678,0.133086931,0.163074998,0.049180328,0.222834703,0,0.271481054,0.271481054,0.112414826,0.206873557,0.163074998,0.206873557,0.206873557,0.206873557,0.57413213,0.271481054,0.086705202,0.152542373
75,0.12745019,0.064003532,0.233510809,0.039408867,0.233510809,0.233510809,0.023062118,0.047619048,0.098097872,0.233510809,0.12745019,0,0.12745019,0.017258356,0.233480176,0.170310041,0.12745019,0.010989011,0.233510809,0.023062118,0.233510809,0.233510809,0.098097872,0.170310041,0.12745019,0.103073547,0.198550565,0.098097872,0.233510809,0.098097872,0.12745019,0.12745019,0.077860721,0.170310041,0.12745019,0.098097872,0.077860721,0.12745019,0.345369559,0.170310041,0.035175879,0.035175879,0.031620295,0.12745019,0.170310041,0.233510809,0.017258356,0.170310041,0.12745019,0.12745019,0.170310041,0.011904762,0.044117647,0.044424556,0.12745019,0.077860721,0.12745019,0.032786885,0.184504633,0.170310041,0.455621302,0.112781955,0.03030303,0.031620295,0.12745019,0.506668767,0.12745019,0.198550565,0,0.045,0,0.314285714,0.023062118,0.023062118,0.098097872,0,0.345369559,0.063843426,0.233510809,0.170310041,0.12745019,0.098097872,0.170310041,0,0.039548023,0.424421816,0.044424556,0.064003532,0.274121366,0.044424556,0.066666667,0.14132336,0.170310041,0.170310041,0.094961959,0.232460113,0.12745019,0.018404908,0.198550565,0,0.233510809,0.233510809,0.077860721,0.170310041,0.12745019,0.170310041,0.170310041,0.170310041,0.12745019,0.233510809,0.294117647,0.057324841
76,0.163074998,0.069898901,0.271481054,0.081081081,0.271481054,0.271481054,0.028013277,0.022082402,0.133086931,0.271481054,0.163074998,0,0.163074998,0.022082402,0.315372824,0.206873557,0.163074998,0.014925373,0.271481054,0.028013277,0.271481054,0.271481054,0.133086931,0.206873557,0.163074998,0.125202196,0.222834703,0.133086931,0.271481054,0.133086931,0.163074998,0.163074998,0.112414826,0.206873557,0.163074998,0.133086931,0.112414826,0.163074998,0.687384851,0.206873557,0.04587156,0.04587156,0.036761943,0.163074998,0.206873557,0.271481054,0.022082402,0.206873557,0.163074998,0.163074998,0.206873557,0.016042781,0.058064516,0.049857993,0.163074998,0.112414826,0.163074998,0.044554455,0.266386647,0.206873557,0.490223176,0.121083697,0.02182825,0.036761943,0.163074998,0.468554247,0.163074998,0.222834703,0,0.054794521,0,0,0.028013277,0.028013277,0.133086931,0.345369559,0,0.098097872,0.271481054,0.206873557,0.163074998,0.133086931,0.206873557,0,0.051020408,0.454209032,0.049857993,0.069898901,0.580614852,0.049857993,0.077922078,0.164303377,0.206873557,0.206873557,0.101626678,0.315372824,0.163074998,0.021978022,0.222834703,0,0.271481054,0.271481054,0.112414826,0.206873557,0.163074998,0.206873557,0.206873557,0.206873557,0.163074998,0.271481054,0.127906977,0.056818182
77,0.12745019,0.064003532,0.233510809,0,0.233510809,0.233510809,0.023062118,0.017258356,0.098097872,0.233510809,0.12745019,0,0.12745019,0.017258356,0.098097872,0.266362177,0.12745019,0,0.233510809,0.023062118,0.233510809,0.233510809,0.098097872,0.170310041,0.12745019,0.103073547,0.198550565,0.098097872,0.233510809,0.098097872,0.12745019,0.12745019,0.846309838,0.403579513,0.12745019,0.098097872,0.077860721,0.12745019,0.098097872,0.170310041,0,0,0.031620295,0.12745019,0.170310041,0.233510809,0.017258356,0.59960428,0.12745019,0.12745019,0.170310041,0,0,0.044424556,0.12745019,0.077860721,0.65827147,0,0.077860721,0.170310041,0.170310041,0.107888206,0.018013381,0.031620295,0.12745019,0.098097872,0.12745019,0.198550565,0,0,0,0,0.023062118,0.023062118,0.098097872,0.063843426,0.098097872,0,0.233510809,0.170310041,0.12745019,0.098097872,0.170310041,0,0,0.424421816,0.044424556,0.064003532,0.077860721,0.044424556,0.04191315,0.14132336,0.170310041,0.170310041,0.094961959,0.098097872,0.199330055,0,0.198550565,0,0.233510809,0.233510809,0.077860721,0.170310041,0.12745019,0.170310041,0.403579513,0.170310041,0.12745019,0.233510809,0,0
78,0.304051121,0.093360272,0.421998728,0,0.421998728,0.421998728,0.047619921,0.041172339,0.271481054,0.421998728,0.304051121,0,0.304051121,0.041172339,0.271481054,0.351665478,0.304051121,0,0.421998728,0.047619921,1,0.421998728,0.271481054,0.351665478,0.304051121,0.21283189,0.319248128,0.271481054,0.421998728,0.271481054,0.304051121,0.304051121,0.24904353,0.351665478,0.304051121,0.271481054,0.24904353,0.304051121,0.271481054,0.351665478,0,0,0.057143926,0.304051121,0.833333028,0.421998728,0.041172339,0.351665478,0.304051121,0.304051121,0.351665478,0,0,0.071429946,0.304051121,0.24904353,0.304051121,0,0.24904353,0.351665478,0.351665478,0.173472727,0.036757459,0.057143926,0.304051121,0.271481054,0.304051121,0.319248128,0,0,0,0,0.047619921,0.047619921,0.271481054,0.233510809,0.271481054,0.233510809,0,0.351665478,0.304051121,0.271481054,0.351665478,0,0,0.573196756,0.071429946,0.093360272,0.24904353,0.071429946,0.099989966,0.255398362,0.351665478,0.351665478,0.128249503,0.271481054,0.304051121,0,0.319248128,0,0.421998728,0.421998728,0.24904353,0.351665478,0.304051121,0.351665478,0.351665478,0.351665478,0.304051121,0.421998728,0,0
79,0.23822486,0.082379097,0.351665478,0.092936803,0.351665478,0.351665478,0.03846223,0.032258637,0.206873557,0.351665478,0.23822486,0,0.23822486,0.032258637,0.206873557,0.284037401,0.23822486,0.052419355,0.549999175,0.03846223,0.351665478,0.351665478,0.206873557,0.284037401,0.23822486,0.17190262,0.274166874,0.206873557,0.351665478,0.206873557,0.23822486,0.23822486,0.18526914,0.284037401,0.564515588,0.490223176,0.18526914,0.23822486,0.206873557,0.284037401,0.098113208,0.098113208,0.047619921,0.23822486,0.284037401,0.549999175,0.032258637,0.284037401,0.23822486,0.23822486,0.284037401,0.055555556,0.094059406,0.061343273,0.23822486,0.18526914,0.23822486,0.453815261,0.18526914,0.284037401,0.284037401,0.14897652,0.029819518,0.047619921,0.23822486,0.206873557,0.23822486,0.274166874,0,0.157894737,0,0,0.03846223,0.03846223,0.206873557,0.170310041,0.206873557,0.170310041,0.351665478,0,0.23822486,0.206873557,0.284037401,0,0.106995885,0.517415251,0.061343273,0.084805654,0.18526914,0.061343273,0.109452736,0.21283189,0.284037401,0.284037401,0.115768709,0.206873557,0.23822486,0.148471616,0.274166874,0,0.351665478,0.549999175,0.18526914,0.284037401,0.23822486,0.284037401,0.284037401,0.673076439,0.23822486,0.351665478,0.127853881,0.152466368
80,1,0.07496322,0.304051121,0.008368201,0.304051121,0.475531084,0.032258637,0.026217688,0.842271159,0.475531084,0.193613418,0.060606061,0.302808285,0.026217688,0.163074998,0.23822486,0.193613418,1,0.304051121,0.032258637,0.304051121,0.304051121,0.842271159,0.23822486,0.193613418,0.144176356,0.243677156,0.163074998,0.475531084,0.163074998,0.193613418,0.193613418,0.142026452,0.23822486,0.193613418,0.163074998,0.222127095,0.193613418,0.163074998,0.372579866,0.191489362,0.191489362,0.060606061,0.302808285,0.23822486,0.304051121,0.026217688,0.23822486,0.193613418,0.193613418,0.372579866,0.029411765,0.011627907,0.054521373,0.302808285,0.142026452,0.193613418,0.02739726,0.142026452,0.372579866,0.23822486,0.132409048,0.025084784,0.041172339,0.193613418,0.163074998,0.302808285,0.243677156,0.035502959,0.038135593,0,0,0.032258637,0.032258637,0.163074998,0.12745019,0.163074998,0.12745019,0.304051121,0.23822486,0,0.163074998,0.372579866,0,0.126760563,0.479833079,0.054521373,0.07496322,0.142026452,0.054521373,0.063671527,0.184015148,0.23822486,0.23822486,0.107359913,0.163074998,0.193613418,0.045226131,0.243677156,0,0.475531084,0.304051121,0.733556862,0.372579866,0.193613418,0.23822486,0.23822486,0.23822486,0.193613418,0.475531084,0.026455026,0.139896373
81,0.163074998,0.069898901,0.271481054,0,0.271481054,0.271481054,0.028013277,0.022082402,0.133086931,0.271481054,0.163074998,0,0.163074998,0.022082402,0.133086931,0.206873557,0.163074998,0,0.271481054,0.028013277,0.271481054,0.271481054,0.133086931,0.206873557,0.163074998,0.125202196,0.222834703,0.133086931,0.271481054,0.133086931,0.163074998,0.163074998,0.112414826,0.206873557,0.163074998,0.133086931,0.112414826,0.255046685,0.133086931,0.206873557,0,0,0.036761943,0.163074998,0.206873557,0.271481054,0.022082402,0.206873557,0.163074998,0.163074998,0.206873557,0,0,0.049857993,0.163074998,0.395774731,0.163074998,0,0.112414826,0.206873557,0.206873557,0.121083697,0.02182825,0.036761943,0.255046685,0.133086931,0.163074998,0.222834703,0,0,0,0,0.028013277,0.028013277,0.133086931,0.098097872,0.133086931,0.098097872,0.271481054,0.206873557,0.163074998,0,0.206873557,0,0,0.454209032,0.049857993,0.069898901,0.112414826,0.049857993,0.053628691,0.164303377,0.206873557,0.206873557,0.101626678,0.133086931,0.163074998,0,0.222834703,0,0.271481054,0.271481054,0.112414826,0.206873557,0.163074998,0.32354693,0.206873557,0.206873557,0.163074998,0.271481054,0,0
82,0.372579866,0.082379097,0.351665478,0.009569378,0.351665478,0.549999175,0.03846223,0.032258637,0.32354693,0.549999175,0.23822486,0,0.372579866,0.032258637,0.206873557,0.284037401,0.23822486,0.031914894,0.351665478,0.03846223,0.351665478,0.351665478,0.32354693,0.301587302,0.23822486,0.17190262,0.274166874,0.206873557,0.549999175,0.206873557,0.23822486,0.23822486,0.18526914,0.284037401,0.23822486,0.206873557,0.289757968,0.23822486,0.206873557,0.673076439,0.102439024,0.102439024,0.047619921,0.372579866,0.284037401,0.351665478,0.032258637,0.284037401,0.23822486,0.23822486,0.444229946,0.540229885,0.014084507,0.061343273,0.372579866,0.18526914,0.23822486,0.031746032,0.18526914,0.444229946,0.284037401,0.14897652,0.029819518,0.047619921,0.23822486,0.206873557,0.372579866,0.274166874,0,0.04368932,0,0,0.03846223,0.03846223,0.206873557,0.170310041,0.206873557,0.170310041,0.351665478,0.284037401,0.372579866,0.206873557,0,0,0.049180328,0.517415251,0.061343273,0.082379097,0.18526914,0.061343273,0.078342404,0.21283189,0.284037401,0.284037401,0.115768709,0.206873557,0.23822486,0.053254438,0.274166874,0,0.549999175,0.351665478,0.289757968,0.444229946,0.23822486,0.284037401,0.284037401,0.284037401,0.23822486,0.549999175,0.031446541,0.165644172
83,0,0,0,0.046728972,0,0,0,0,0,0,0,0,0,0,0.050420168,0,0,0,0,0,0,0,0,0,0,0,0,0,0,0,0,0,0,0,0,0,0,0,0,0,0,0,0,0,0,0,0.068493151,0,0,0,0,0,0,0.085714286,0,0,0,0,0,0,0,0,0,0,0,0,0,0,0,0,0,0,0,0,0,0,0,0,0,0,0,0,0,0,0,0,0,0,0,0.342857143,0,0,0,0,0,0,0,0,0,0,0,0,0,0,0,0,0,0,0,0,0,0
84,0.126760563,0,0.063157895,0.02991453,0.088235294,0.194444444,0,0,0,0.18556701,0,0.225,1,0,0.062015504,0.06185567,0.052631579,0.126760563,0.06,0,0.159574468,0.254716981,0.123287671,0.056074766,0,0.067055394,0.120879121,0.362068966,0.670212766,0,0.038848921,0.038848921,0.075630252,0.045454545,0.322429907,0.322429907,0.377245509,0.067055394,0.060240964,0.23943662,0.252173913,0.252173913,0.225,1,0.101123596,0.06,0,0.075630252,0.262672811,0.262672811,0,0.045226131,0.041916168,0,0,0.123966942,0.233766234,0.322429907,0.040697674,0,0.14,0.097560976,0,0,0,0.053763441,0,0.081632653,0.146341463,0.233766234,0,0,0,0,0.350253807,0.039548023,0.051020408,0,0,0.106995885,0.126760563,0,0.049180328,0,0,0.25,0,0,0.041916168,0,0.060240964,0.56626506,0.038848921,0.237113402,0,0.056818182,0,0.06185567,0.120879121,0,0.18556701,0.06,0,0.18556701,0.054945055,0.103773585,0.045454545,0,0.038848921,0.095744681,0.086956522,0.159574468
85,0.479833079,0.176370951,0.573196756,0.203703704,0.573196756,0.573196756,0.115768709,0.107359913,0.454209032,0.573196756,0.479833079,0,0.479833079,0.107359913,0.454209032,0.517415251,0.479833079,0.234042553,0.573196756,0.115768709,0.573196756,0.573196756,0.454209032,0.517415251,0.479833079,0.517415251,0.657472144,0.454209032,0.573196756,0.454209032,0.479833079,0.479833079,0.436595975,0.517415251,0.479833079,0.454209032,0.436595975,0.479833079,0.454209032,0.517415251,0.215189873,0.215189873,0.128249503,0.479833079,0.517415251,0.573196756,0.107359913,0.517415251,0.479833079,0.479833079,0.517415251,0.25984252,0.347368421,0.14710564,0.479833079,0.436595975,0.479833079,0.232394366,0.436595975,0.517415251,0.517415251,0.391304348,0.086536031,0.128249503,0.479833079,0.454209032,0.479833079,0.657472144,0,0.213836478,0,0,0.115768709,0.115768709,0.454209032,0.424421816,0.454209032,0.424421816,0.573196756,0.517415251,0.479833079,0.454209032,0.517415251,0,0.25,0,0.14710564,0.176370951,0.436595975,0.14710564,0.361702128,0.573196756,0.517415251,0.517415251,0.223744292,0.454209032,0.479833079,0.278688525,0.657472144,0,0.573196756,0.573196756,0.436595975,0.517415251,0.479833079,0.517415251,0.517415251,0.517415251,0.479833079,0.573196756,0.321428571,0.344827586
86,0.054521373,0.266881514,0.071429946,0,0.071429946,0.071429946,0.061343273,0.054521373,0.049857993,0.071429946,0.054521373,0,0.054521373,0.054521373,0.049857993,0.061343273,0.054521373,0,0.071429946,0.061343273,0.071429946,0.071429946,0.049857993,0.061343273,0.054521373,0.061343273,0.086581804,0.049857993,0.071429946,0.049857993,0.054521373,0.054521373,0.046646837,0.061343273,0.054521373,0.049857993,0.046646837,0.054521373,0.049857993,0.061343273,0,0,0.071429946,0.054521373,0.061343273,0.071429946,0.054521373,0.061343273,0.054521373,0.054521373,0.061343273,0,0,0.086581804,0.054521373,0.046646837,0.054521373,0,0.046646837,0.061343273,0.061343273,0.086581804,0.047041171,0.071429946,0.054521373,0.049857993,0.054521373,0.086581804,0,0,0,0,0.061343273,0.061343273,0.049857993,0.044424556,0.049857993,0.044424556,0.071429946,0.061343273,0.054521373,0.049857993,0.061343273,0,0,0.14710564,0,0.109892388,0.046646837,0.086581804,0.054521373,0.071429946,0.061343273,0.061343273,0.14710564,0.049857993,0.054521373,0,0.086581804,0,0.071429946,0.071429946,0.046646837,0.061343273,0.054521373,0.061343273,0.061343273,0.061343273,0.054521373,0.071429946,0,0
87,0.07496322,0.135412554,0.093360272,0.087591241,0.093360272,0.093360272,0.082379097,0.07496322,0.069898901,0.093360272,0.07496322,0,0.07496322,0.07496322,0.069898901,0.082379097,0.07496322,0,0.093360272,0.082379097,0.093360272,0.093360272,0.069898901,0.082379097,0.07496322,0.082379097,0.109892388,0.069898901,0.093360272,0.069898901,0.07496322,0.07496322,0.066414066,0.082379097,0.07496322,0.069898901,0.066414066,0.07496322,0.069898901,0.082379097,0,0,0.093360272,0.07496322,0.082379097,0.093360272,0.07496322,0.082379097,0.07496322,0.07496322,0.082379097,0,0,0.109892388,0.07496322,0.066414066,0.07496322,0,0.066414066,0.082379097,0.082379097,0.109892388,0.062546377,0.093360272,0.07496322,0.069898901,0.07496322,0.109892388,0,0,0,0,0.082379097,0.082379097,0.069898901,0.064003532,0.069898901,0.064003532,0.093360272,0.084805654,0.07496322,0.069898901,0.082379097,0,0,0.176370951,0.109892388,0,0.066414066,0.109892388,0.07496322,0.093360272,0.082379097,0.082379097,0.176370951,0.069898901,0.07496322,0,0.109892388,0,0.093360272,0.093360272,0.066414066,0.082379097,0.07496322,0.082379097,0.082379097,0.082379097,0.07496322,0.093360272,0,0
88,0.142026452,0.066414066,0.24904353,0.031088083,0.24904353,0.24904353,0.025087767,0.019232165,0.112414826,0.24904353,0.142026452,0,0.142026452,0.019232165,0.266386647,0.18526914,0.142026452,0.011627907,0.24904353,0.025087767,0.24904353,0.24904353,0.112414826,0.18526914,0.142026452,0.112126961,0.208482801,0.112414826,0.24904353,0.112414826,0.142026452,0.142026452,0.092000255,0.18526914,0.142026452,0.112414826,0.092000255,0.142026452,0.844672167,0.18526914,0.037037037,0.037037037,0.033723621,0.142026452,0.18526914,0.24904353,0.019232165,0.18526914,0.142026452,0.142026452,0.18526914,0.012658228,0.047619048,0.046646837,0.142026452,0.092000255,0.142026452,0.034682081,0.218010739,0.18526914,0.439027721,0.12195122,0.019576356,0.033723621,0.142026452,0.395774731,0.142026452,0.208482801,0,0.047368421,0,0,0.025087767,0.025087767,0.112414826,0.274121366,0.580614852,0.077860721,0.24904353,0.18526914,0.142026452,0.112414826,0.18526914,0,0.041916168,0.436595975,0.046646837,0.066414066,0,0.046646837,0.072,0.150723937,0.18526914,0.18526914,0.097685857,0.266386647,0.142026452,0.019607843,0.208482801,0,0.24904353,0.24904353,0.092000255,0.18526914,0.142026452,0.18526914,0.18526914,0.18526914,0.142026452,0.24904353,0.104895105,0.06122449
89,0.054521373,0.109892388,0.071429946,0.053763441,0.071429946,0.071429946,0.14897652,0.132409048,0.049857993,0.071429946,0.054521373,0,0.054521373,0.132409048,0.057142857,0.061343273,0.054521373,0,0.071429946,0.14897652,0.071429946,0.071429946,0.049857993,0.061343273,0.054521373,0.061343273,0.086581804,0.049857993,0.071429946,0.049857993,0.054521373,0.054521373,0.046646837,0.061343273,0.054521373,0.049857993,0.046646837,0.054521373,0.049857993,0.061343273,0,0,0.173472727,0.054521373,0.061343273,0.071429946,0.243677156,0.061343273,0.054521373,0.054521373,0.061343273,0,0,0.386967654,0.054521373,0.046646837,0.054521373,0,0.046646837,0.061343273,0.061343273,0.086581804,0.114242844,0.173472727,0.054521373,0.049857993,0.054521373,0.086581804,0,0,0,0,0.274166874,0.14897652,0.049857993,0.044424556,0.049857993,0.044424556,0.071429946,0.061343273,0.054521373,0.049857993,0.061343273,0.342857143,0,0.14710564,0.086581804,0.109892388,0.046646837,0,0.054521373,0.071429946,0.061343273,0.061343273,0.14710564,0.049857993,0.054521373,0,0.086581804,0,0.071429946,0.071429946,0.046646837,0.061343273,0.054521373,0.061343273,0.061343273,0.061343273,0.054521373,0.071429946,0,0
90,0.063671527,0.07496322,0.099989966,0.046875,0.099989966,0.099989966,0.032258637,0.026217688,0.053628691,0.099989966,0.063671527,0,0.063671527,0.026217688,0.083333333,0.078342404,0.189189189,0.01754386,0.099989966,0.032258637,0.099989966,0.099989966,0.053628691,0.078342404,0.063671527,0.078342404,0.132409048,0.053628691,0.099989966,0.053628691,0.063671527,0.063671527,0.046706685,0.078342404,0.063671527,0.053628691,0.072,0.063671527,0.096774194,0.078342404,0.053191489,0.053191489,0.041172339,0.063671527,0.078342404,0.099989966,0.026217688,0.078342404,0.063671527,0.063671527,0.078342404,0.01910828,0.072,0.054521373,0.063671527,0.06,0.063671527,0.052325581,0.069230769,0.078342404,0.189873418,0.243677156,0.025084784,0.041172339,0.063671527,0.083333333,0.063671527,0.132409048,0,0.063492063,0,0,0.032258637,0.032258637,0.058064516,0.066666667,0.077922078,0.04191315,0.099989966,0.109452736,0.063671527,0.053628691,0.078342404,0,0.060240964,0.361702128,0.054521373,0.07496322,0.072,0.054521373,0,0.099989966,0.078342404,0.078947368,0.107359913,0.089552239,0.063671527,0.026315789,0.132409048,0,0.099989966,0.099989966,0.046706685,0.078342404,0.2,0.105882353,0.078342404,0.078342404,0.063671527,0.099989966,0.126760563,0.068493151
91,0.184015148,0.093360272,0.255398362,0.046875,0.255398362,0.255398362,0.047619921,0.041172339,0.164303377,0.255398362,0.184015148,0,0.56626506,0.041172339,0.164303377,0.21283189,0.184015148,0.01754386,0.255398362,0.047619921,0.255398362,0.255398362,0.164303377,0.21283189,0.184015148,0.351665478,0.527498701,0.431578947,0.255398362,0.164303377,0.184015148,0.184015148,0.150723937,0.21283189,0.540697674,0.540697674,0.744,0.184015148,0.164303377,0.350877193,0.244680851,0.244680851,0.057143926,0.56626506,0.21283189,0.255398362,0.041172339,0.21283189,0.451428571,0.451428571,0.21283189,0.01910828,0.072,0.071429946,0.184015148,0.150723937,0.317460317,0.540697674,0.150723937,0.21283189,0.21283189,0.173472727,0.036757459,0.057143926,0.184015148,0.164303377,0.184015148,0.527498701,0,0.317460317,0,0,0.047619921,0.047619921,0.6,0.14132336,0.164303377,0.14132336,0.255398362,0.21283189,0.184015148,0.164303377,0.21283189,0,0.56626506,0.573196756,0.071429946,0.093360272,0.150723937,0.071429946,0.099989966,0,0.21283189,0.315789474,0.128249503,0.164303377,0.184015148,0.026315789,0.527498701,0,0.255398362,0.255398362,0.150723937,0.21283189,0.184015148,0.21283189,0.21283189,0.21283189,0.184015148,0.255398362,0.126760563,0.068493151
92,0.23822486,0.082379097,0.833333028,0.006257822,0.351665478,0.351665478,0.03846223,0.032258637,0.206873557,0.351665478,0.23822486,0,0.23822486,0.032258637,0.206873557,0.284037401,0.23822486,0.020979021,0.351665478,0.03846223,0.351665478,0.351665478,0.206873557,0.444229946,0.372579866,0.17190262,0.274166874,0.206873557,0.351665478,0.7283321,0.838709477,0.838709477,0.18526914,0.284037401,0.23822486,0.206873557,0.18526914,0.23822486,0.206873557,0.284037401,0.034482759,0.034482759,0.047619921,0.23822486,0.284037401,0.351665478,0.032258637,0.284037401,0.23822486,0.23822486,0.284037401,0.02276176,0.009416196,0.061343273,0.23822486,0.18526914,0.23822486,0.020862309,0.18526914,0.284037401,0.284037401,0.14897652,0.029819518,0.211640212,0.23822486,0.206873557,0.23822486,0.274166874,0,0.034307497,0,0,0.03846223,0.138728324,0.7283321,0.170310041,0.206873557,0.170310041,0.351665478,0.284037401,0.23822486,0.206873557,0.284037401,0,0.038848921,0.517415251,0.061343273,0.082379097,0.18526914,0.061343273,0.078342404,0.21283189,0,0.284037401,0.115768709,0.206873557,0.23822486,0.042253521,0.274166874,0,0.351665478,0.351665478,0.18526914,0.284037401,0.23822486,0.284037401,0.284037401,0.284037401,1,0.351665478,0.028380634,0.16097561
93,0.23822486,0.082379097,0.351665478,0.040909091,0.351665478,0.351665478,0.03846223,0.032258637,0.206873557,0.351665478,0.23822486,0,0.23822486,0.032258637,0.206873557,0.284037401,0.23822486,0.075376884,0.351665478,0.03846223,0.351665478,0.351665478,0.206873557,0.284037401,0.23822486,0.17190262,0.274166874,0.206873557,0.351665478,0.206873557,0.23822486,0.23822486,0.18526914,0.284037401,0.23822486,0.215,0.215686275,0.23822486,0.206873557,0.376884422,0.472222222,0.472222222,0.047619921,0.23822486,0.284037401,0.351665478,0.032258637,0.284037401,0.310344828,0.310344828,0.284037401,0.189189189,0.058823529,0.061343273,0.23822486,0.18526914,0.276497696,0.215,0.18526914,0.284037401,0.284037401,0.14897652,0.029819518,0.047619921,0.23822486,0.206873557,0.23822486,0.274166874,0,0.276497696,0,0,0.03846223,0.03846223,0.234972678,0.170310041,0.206873557,0.170310041,0.351665478,0.284037401,0.23822486,0.206873557,0.284037401,0,0.237113402,0.517415251,0.061343273,0.082379097,0.18526914,0.061343273,0.078947368,0.315789474,0.284037401,0,0.115768709,0.206873557,0.23822486,0.1,0.274166874,0,0.351665478,0.351665478,0.18526914,0.284037401,0.23822486,0.284037401,0.284037401,0.284037401,0.23822486,0.351665478,0.105882353,0.206896552
94,0.107359913,0.176370951,0.128249503,0,0.128249503,0.128249503,0.115768709,0.278481013,0.101626678,0.128249503,0.107359913,0,0.107359913,0.298507463,0.101626678,0.115768709,0.107359913,0,0.128249503,0.115768709,0.128249503,0.128249503,0.101626678,0.115768709,0.107359913,0.115768709,0.14710564,0.101626678,0.128249503,0.101626678,0.107359913,0.107359913,0.097685857,0.115768709,0.107359913,0.101626678,0.097685857,0.107359913,0.101626678,0.115768709,0,0,0.128249503,0.107359913,0.115768709,0.128249503,0.107359913,0.115768709,0.107359913,0.107359913,0.115768709,0,0,0.14710564,0.107359913,0.097685857,0.107359913,0,0.097685857,0.115768709,0.115768709,0.14710564,0.086536031,0.128249503,0.107359913,0.101626678,0.107359913,0.14710564,0,0,0,0,0.115768709,0.115768709,0.101626678,0.094961959,0.101626678,0.094961959,0.128249503,0.115768709,0.107359913,0.101626678,0.115768709,0,0,0.223744292,0.14710564,0.176370951,0.097685857,0.14710564,0.107359913,0.128249503,0.115768709,0.115768709,0,0.101626678,0.107359913,0,0.14710564,0,0.128249503,0.128249503,0.097685857,0.115768709,0.107359913,0.115768709,0.115768709,0.115768709,0.107359913,0.128249503,0,0.087804878
95,0.163074998,0.069898901,0.271481054,0.054455446,0.271481054,0.271481054,0.028013277,0.04787234,0.133086931,0.271481054,0.163074998,0,0.163074998,0.022082402,0.315372824,0.206873557,0.163074998,0.016574586,0.271481054,0.028013277,0.271481054,0.271481054,0.133086931,0.206873557,0.163074998,0.125202196,0.222834703,0.133086931,0.271481054,0.133086931,0.163074998,0.163074998,0.112414826,0.206873557,0.163074998,0.133086931,0.112414826,0.163074998,0.315372824,0.206873557,0.050505051,0.050505051,0.036761943,0.163074998,0.206873557,0.271481054,0.022082402,0.206873557,0.163074998,0.163074998,0.206873557,0.017964072,0.333333333,0.049857993,0.163074998,0.112414826,0.163074998,0.049450549,0.844672167,0.206873557,0.7283321,0.136363636,0.030487805,0.036761943,0.163074998,0.315372824,0.163074998,0.222834703,0,0.060301508,0,0.317307692,0.028013277,0.028013277,0.133086931,0.232460113,0.315372824,0.098097872,0.271481054,0.206873557,0.163074998,0.133086931,0.206873557,0,0.056818182,0.454209032,0.049857993,0.069898901,0.266386647,0.049857993,0.089552239,0.164303377,0.206873557,0.206873557,0.101626678,0,0.163074998,0.024691358,0.222834703,0,0.271481054,0.271481054,0.112414826,0.206873557,0.163074998,0.206873557,0.206873557,0.206873557,0.163074998,0.271481054,0.789473684,0.064102564
96,0.193613418,0.07496322,0.304051121,0,0.304051121,0.304051121,0.032258637,0.026217688,0.163074998,0.304051121,0.193613418,0,0.193613418,0.026217688,0.163074998,0.838709477,0.193613418,0,0.304051121,0.032258637,0.304051121,0.304051121,0.163074998,0.23822486,0.193613418,0.144176356,0.243677156,0.163074998,0.304051121,0.163074998,0.193613418,0.193613418,0.222127095,0.372579866,0.193613418,0.163074998,0.142026452,0.193613418,0.163074998,0.23822486,0,0,0.041172339,0.193613418,0.23822486,0.304051121,0.026217688,0.372579866,0.193613418,0.193613418,0.23822486,0,0,0.054521373,0.193613418,0.142026452,0.302808285,0,0.142026452,0.23822486,0.23822486,0.132409048,0.025084784,0.041172339,0.193613418,0.163074998,0.193613418,0.243677156,0,0,0,0,0.032258637,0.032258637,0.163074998,0.12745019,0.163074998,0.199330055,0.304051121,0.23822486,0.193613418,0.163074998,0.23822486,0,0,0.479833079,0.054521373,0.07496322,0.142026452,0.054521373,0.063671527,0.184015148,0.23822486,0.23822486,0.107359913,0.163074998,0,0,0.243677156,0,0.304051121,0.304051121,0.142026452,0.23822486,0.193613418,0.23822486,0.372579866,0.23822486,0.193613418,0.304051121,0,0
97,0.045226131,0,0.068181818,0.013636364,0.094736842,0.089108911,0,0,0,0.066666667,0,0,0.06185567,0,0.024590164,1,0.022727273,0.045226131,0.193548387,0,0.172413793,0.090909091,0.044510386,0.06,0,0.015873016,0.023809524,0.055045872,0.103448276,0,0.042253521,0.042253521,0.151785714,0.114130435,0.135,0.135,0.019607843,0.015873016,0.026315789,0.045226131,0.055555556,0.055555556,0,0.06185567,0.109756098,0.193548387,0,0.151785714,0.0591133,0.0591133,0,0.048648649,0.019607843,0,0,0.052631579,0.110599078,0.135,0.018987342,0,0.053763441,0.04,0,0,0,0.023255814,0,0.032967033,0,0.110599078,0,0,0,0,0.049180328,0.018404908,0.021978022,0,0,0.148471616,0.045226131,0,0.053254438,0,0.06185567,0.278688525,0,0,0.019607843,0,0.026315789,0.026315789,0.042253521,0.1,0,0.024691358,0,0,0.023809524,0,0.066666667,0.193548387,0,0.066666667,0.023809524,0.060606061,0.114130435,0,0.042253521,0.103448276,0.035294118,0.172413793
98,0.243677156,0.109892388,0.319248128,0.043269231,0.319248128,0.319248128,0.061343273,0.054521373,0.222834703,0.319248128,0.243677156,0,0.243677156,0.054521373,0.222834703,0.274166874,0.243677156,0.016042781,0.319248128,0.061343273,0.319248128,0.319248128,0.222834703,0.274166874,0.243677156,0.708500752,1,0.222834703,0.319248128,0.222834703,0.243677156,0.243677156,0.208482801,0.274166874,0.243677156,0.222834703,0.208482801,0.395189003,0.222834703,0.274166874,0.107843137,0.107843137,0.071429946,0.243677156,0.274166874,0.319248128,0.054521373,0.274166874,0.243677156,0.243677156,0.274166874,0.01734104,0.063829787,0.086581804,0.243677156,0.425925926,0.243677156,0.111702128,0.208482801,0.274166874,0.274166874,0.210270095,0.047041171,0.071429946,0.243677156,0.222834703,0.243677156,0.639392737,0,0.136585366,0,0,0.061343273,0.061343273,0.222834703,0.198550565,0.222834703,0.198550565,0.319248128,0.274166874,0.243677156,0.222834703,0.274166874,0,0.120879121,0.657472144,0.086581804,0.109892388,0.208482801,0.086581804,0.132409048,0.527498701,0.274166874,0.274166874,0.14710564,0.222834703,0.243677156,0.023809524,0,0,0.319248128,0.319248128,0.208482801,0.274166874,0.243677156,0.274166874,0.274166874,0.274166874,0.243677156,0.319248128,0.113924051,0.061728395
99,0,0.061696658,0,0,0,0,0,0,0,0,0,0,0,0,0,0,0,0,0,0,0,0,0,0,0,0,0,0,0,0,0,0,0,0,0,0,0,0,0,0,0,0,0,0,0,0,0,0,0,0,0,0,0,0,0,0,0,0,0,0,0,0,0,0,0,0,0,0,0,0,0.26,0,0,0,0,0,0,0,0,0,0,0,0,0,0,0,0,0,0,0,0,0,0,0,0,0,0,0,0,0,0,0,0,0,0,0,0,0,0,0,0,0
100,0.475531084,0.093360272,0.421998728,0.013636364,0.421998728,0.659999252,0.047619921,0.041172339,0.424592019,1,0.304051121,0.082191781,0.475531084,0.041172339,0.271481054,0.351665478,0.304051121,0.316582915,0.421998728,0.047619921,0.421998728,0.421998728,0.424592019,0.351665478,0.304051121,0.21283189,0.319248128,0.271481054,0.659999252,0.271481054,0.304051121,0.304051121,0.24904353,0.351665478,0.304051121,0.271481054,0.389500093,0.304051121,0.271481054,0.549999175,0.305555556,0.305555556,0.082191781,0.475531084,0.351665478,0.421998728,0.041172339,0.351665478,0.304051121,0.304051121,0.833333028,0.048648649,0.019607843,0.071429946,0.475531084,0.24904353,0.304051121,0.045,0.24904353,0.549999175,0.351665478,0.173472727,0.036757459,0.057143926,0.304051121,0.271481054,0.475531084,0.319248128,0.053333333,0.055299539,0,0,0.047619921,0.047619921,0.271481054,0.233510809,0.271481054,0.233510809,0.421998728,0.351665478,0.475531084,0.271481054,0.549999175,0,0.18556701,0.573196756,0.071429946,0.093360272,0.24904353,0.071429946,0.099989966,0.255398362,0.351665478,0.351665478,0.128249503,0.271481054,0.304051121,0.066666667,0.319248128,0,0,0.421998728,0.389500093,0.549999175,0.304051121,0.351665478,0.351665478,0.351665478,0.304051121,0.659999252,0.035294118,0.172413793
101,0.304051121,0.093360272,0.421998728,0.013274336,0.421998728,0.421998728,0.047619921,0.041172339,0.271481054,0.421998728,0.304051121,0,0.304051121,0.041172339,0.271481054,0.351665478,0.304051121,0.043902439,1,0.047619921,0.421998728,0.421998728,0.271481054,0.351665478,0.304051121,0.21283189,0.319248128,0.271481054,0.421998728,0.271481054,0.304051121,0.304051121,0.24904353,0.351665478,0.475531084,0.424592019,0.24904353,0.304051121,0.271481054,0.351665478,0.054054054,0.054054054,0.057143926,0.304051121,0.351665478,1,0.041172339,0.351665478,0.304051121,0.304051121,0.351665478,0.047120419,0.018867925,0.071429946,0.304051121,0.24904353,0.304051121,0.349514563,0.24904353,0.351665478,0.351665478,0.173472727,0.036757459,0.057143926,0.304051121,0.271481054,0.304051121,0.319248128,0,0.147982063,0,0,0.047619921,0.047619921,0.271481054,0.233510809,0.271481054,0.233510809,0.421998728,0.549999175,0.304051121,0.271481054,0.351665478,0,0.06,0.573196756,0.071429946,0.093360272,0.24904353,0.071429946,0.099989966,0.255398362,0.351665478,0.351665478,0.128249503,0.271481054,0.304051121,0.193548387,0.319248128,0,0.421998728,0,0.24904353,0.351665478,0.304051121,0.351665478,0.351665478,0.549999175,0.304051121,0.421998728,0.034090909,0.166666667
102,0.733556862,0.066414066,0.24904353,0,0.24904353,0.389500093,0.025087767,0.019232165,0.580614852,0.389500093,0.142026452,0,0.222127095,0.019232165,0.112414826,0.18526914,0.142026452,0,0.24904353,0.025087767,0.24904353,0.24904353,0.844672167,0.18526914,0.142026452,0.112126961,0.208482801,0.112414826,0.389500093,0.112414826,0.142026452,0.142026452,0.092000255,0.18526914,0.142026452,0.112414826,0.143886925,0.142026452,0.112414826,0.289757968,0,0,0.033723621,0.222127095,0.18526914,0.24904353,0.019232165,0.18526914,0.142026452,0.142026452,0.289757968,0,0,0.046646837,0.222127095,0.092000255,0.142026452,0,0.092000255,0.289757968,0.18526914,0.113285175,0.019576356,0.033723621,0.142026452,0.112414826,0.222127095,0.208482801,0,0,0,0,0.025087767,0.025087767,0.112414826,0.077860721,0.112414826,0.077860721,0.24904353,0.18526914,0.733556862,0.112414826,0.289757968,0,0,0.436595975,0.046646837,0.066414066,0.092000255,0.046646837,0.046706685,0.150723937,0.18526914,0.18526914,0.097685857,0.112414826,0.142026452,0,0.208482801,0,0.389500093,0.24904353,0,0.289757968,0.142026452,0.18526914,0.18526914,0.18526914,0.142026452,0.389500093,0,0
103,0.372579866,0.082379097,0.351665478,0.013636364,0.351665478,0.549999175,0.03846223,0.032258637,0.32354693,0.549999175,0.23822486,0.082191781,0.372579866,0.032258637,0.206873557,0.284037401,0.23822486,0.135678392,0.351665478,0.03846223,0.351665478,0.351665478,0.32354693,0.284037401,0.23822486,0.17190262,0.274166874,0.206873557,0.549999175,0.206873557,0.23822486,0.23822486,0.18526914,0.284037401,0.23822486,0.206873557,0.439027721,0.23822486,0.206873557,0.444229946,0.138888889,0.138888889,0.082191781,0.372579866,0.284037401,0.351665478,0.032258637,0.284037401,0.23822486,0.23822486,0.444229946,0.048648649,0.019607843,0.061343273,0.372579866,0.18526914,0.23822486,0.045,0.18526914,0.444229946,0.284037401,0.14897652,0.029819518,0.047619921,0.23822486,0.206873557,0.372579866,0.274166874,0.053333333,0.055299539,0,0,0.03846223,0.03846223,0.206873557,0.170310041,0.206873557,0.170310041,0.351665478,0.284037401,0.372579866,0.206873557,0.444229946,0,0.18556701,0.517415251,0.061343273,0.082379097,0.18526914,0.061343273,0.078342404,0.21283189,0.284037401,0.284037401,0.115768709,0.206873557,0.23822486,0.066666667,0.274166874,0,0.549999175,0.351665478,0.289757968,0,0.23822486,0.284037401,0.284037401,0.284037401,0.23822486,0.549999175,0.035294118,0.172413793
104,0.193613418,0.07496322,0.304051121,0.043269231,0.304051121,0.304051121,0.032258637,0.026217688,0.163074998,0.304051121,0.193613418,0,0.193613418,0.026217688,0.163074998,0.23822486,0.458800952,0.016042781,0.304051121,0.032258637,0.304051121,0.304051121,0.163074998,0.23822486,0.193613418,0.144176356,0.243677156,0.163074998,0.304051121,0.163074998,0.193613418,0.193613418,0.142026452,0.23822486,0.193613418,0.163074998,0.142026452,0.193613418,0.163074998,0.23822486,0.049019608,0.049019608,0.041172339,0.193613418,0.23822486,0.304051121,0.026217688,0.23822486,0.193613418,0.193613418,0.23822486,0.01734104,0.063829787,0.054521373,0.193613418,0.142026452,0.193613418,0.04787234,0.142026452,0.23822486,0.23822486,0.132409048,0.025084784,0.041172339,0.193613418,0.163074998,0.193613418,0.243677156,0,0.058536585,0,0,0.032258637,0.032258637,0.163074998,0.12745019,0.163074998,0.12745019,0.304051121,0.23822486,0.193613418,0.163074998,0.23822486,0,0.054945055,0.479833079,0.054521373,0.07496322,0.142026452,0.054521373,0.2,0.184015148,0.23822486,0.23822486,0.107359913,0.163074998,0.193613418,0.023809524,0.243677156,0,0.304051121,0.304051121,0.142026452,0.23822486,0,0.23822486,0.23822486,0.23822486,0.193613418,0.304051121,0.113924051,0.061728395
105,0.23822486,0.082379097,0.351665478,0.172268908,0.351665478,0.351665478,0.03846223,0.032258637,0.206873557,0.351665478,0.23822486,0,0.23822486,0.032258637,0.206873557,0.284037401,0.23822486,0.041474654,0.351665478,0.049019608,0.351665478,0.351665478,0.206873557,0.284037401,0.23822486,0.173789174,0.274166874,0.206873557,0.351665478,0.206873557,0.23822486,0.23822486,0.18526914,0.284037401,0.23822486,0.206873557,0.18526914,0.372579866,0.206873557,0.284037401,0.094017094,0.094017094,0.047619921,0.23822486,0.284037401,0.351665478,0.032258637,0.284037401,0.23822486,0.23822486,0.284037401,0.044334975,0.087719298,0.061343273,0.23822486,0.289757968,0.23822486,0.087155963,0.18526914,0.284037401,0.284037401,0.333333333,0.05,0.047619921,0.372579866,0.206873557,0.23822486,0.274166874,0,0.10212766,0,0,0.03846223,0.03846223,0.206873557,0.170310041,0.206873557,0.170310041,0.351665478,0.284037401,0.23822486,0.32354693,0.284037401,0,0.103773585,0.517415251,0.061343273,0.082379097,0.18526914,0.061343273,0.105882353,0.21283189,0.284037401,0.284037401,0.115768709,0.206873557,0.23822486,0.060606061,0.274166874,0,0.351665478,0.351665478,0.18526914,0.284037401,0.23822486,0,0.284037401,0.284037401,0.23822486,0.351665478,0.127659574,0.15625
106,0.23822486,0.082379097,0.351665478,0.008928571,0.351665478,0.351665478,0.03846223,0.032258637,0.206873557,0.351665478,0.23822486,0,0.23822486,0.032258637,0.206873557,0.444229946,0.23822486,0.02955665,0.351665478,0.03846223,0.351665478,0.351665478,0.206873557,0.284037401,0.23822486,0.17190262,0.274166874,0.206873557,0.351665478,0.206873557,0.23822486,0.23822486,0.439027721,1,0.23822486,0.206873557,0.18526914,0.23822486,0.206873557,0.284037401,0.040909091,0.040909091,0.047619921,0.23822486,0.284037401,0.351665478,0.032258637,0.673076439,0.23822486,0.23822486,0.284037401,0.031746032,0.012738854,0.061343273,0.23822486,0.18526914,0.564515588,0.098039216,0.18526914,0.284037401,0.284037401,0.14897652,0.029819518,0.047619921,0.23822486,0.206873557,0.23822486,0.274166874,0,0.20361991,0,0,0.03846223,0.03846223,0.206873557,0.170310041,0.206873557,0.403579513,0.351665478,0.284037401,0.23822486,0.206873557,0.284037401,0,0.045454545,0.517415251,0.061343273,0.082379097,0.18526914,0.061343273,0.078342404,0.21283189,0.284037401,0.284037401,0.115768709,0.206873557,0.372579866,0.114130435,0.274166874,0,0.351665478,0.351665478,0.18526914,0.284037401,0.23822486,0.284037401,0,0.284037401,0.23822486,0.351665478,0.028735632,0.151685393
107,0.23822486,0.082379097,0.351665478,0,0.351665478,0.351665478,0.03846223,0.032258637,0.206873557,0.351665478,0.23822486,0,0.23822486,0.032258637,0.206873557,0.284037401,0.23822486,0,0.549999175,0.03846223,0.351665478,0.351665478,0.206873557,0.284037401,0.23822486,0.17190262,0.274166874,0.206873557,0.351665478,0.206873557,0.23822486,0.23822486,0.18526914,0.284037401,0.838709477,0.7283321,0.18526914,0.23822486,0.206873557,0.284037401,0,0,0.047619921,0.23822486,0.284037401,0.549999175,0.032258637,0.284037401,0.23822486,0.23822486,0.284037401,0,0,0.061343273,0.23822486,0.18526914,0.23822486,0,0.18526914,0.284037401,0.284037401,0.14897652,0.029819518,0.047619921,0.23822486,0.206873557,0.23822486,0.274166874,0,0,0,0,0.03846223,0.03846223,0.206873557,0.170310041,0.206873557,0.170310041,0.351665478,0.673076439,0.23822486,0.206873557,0.284037401,0,0,0.517415251,0.061343273,0.082379097,0.18526914,0.061343273,0.078342404,0.21283189,0.284037401,0.284037401,0.115768709,0.206873557,0.23822486,0,0.274166874,0,0.351665478,0.549999175,0.18526914,0.284037401,0.23822486,0.284037401,0.284037401,0,0.23822486,0.351665478,0,0
108,0.193613418,0.07496322,0.720502458,0.006257822,0.304051121,0.304051121,0.032258637,0.026217688,0.163074998,0.304051121,0.193613418,0,0.193613418,0.026217688,0.163074998,0.23822486,0.193613418,0.020979021,0.304051121,0.032258637,0.304051121,0.304051121,0.163074998,0.372579866,0.302808285,0.144176356,0.243677156,0.163074998,0.304051121,0.57413213,0.681647619,0.681647619,0.142026452,0.23822486,0.193613418,0.163074998,0.142026452,0.193613418,0.163074998,0.23822486,0.034482759,0.034482759,0.041172339,0.193613418,0.23822486,0.304051121,0.026217688,0.23822486,0.193613418,0.193613418,0.23822486,0.02276176,0.009416196,0.054521373,0.193613418,0.142026452,0.193613418,0.020862309,0.142026452,0.23822486,0.23822486,0.132409048,0.025084784,0.211640212,0.193613418,0.163074998,0.193613418,0.243677156,0,0.034307497,0,0,0.032258637,0.138728324,0.57413213,0.12745019,0.163074998,0.12745019,0.304051121,0.23822486,0.193613418,0.163074998,0.23822486,0,0.038848921,0.479833079,0.054521373,0.07496322,0.142026452,0.054521373,0.063671527,0.184015148,1,0.23822486,0.107359913,0.163074998,0.193613418,0.042253521,0.243677156,0,0.304051121,0.304051121,0.142026452,0.23822486,0.193613418,0.23822486,0.23822486,0.23822486,0,0.304051121,0.028380634,0.16097561
109,0.475531084,0.093360272,0.421998728,0.023364486,0.421998728,0.659999252,0.047619921,0.041172339,0.424592019,0.659999252,0.304051121,0,0.475531084,0.041172339,0.271481054,0.351665478,0.304051121,0.077720207,0.421998728,0.047619921,0.421998728,0.421998728,0.424592019,0.351665478,0.304051121,0.21283189,0.319248128,0.271481054,0.659999252,0.271481054,0.304051121,0.304051121,0.24904353,0.351665478,0.304051121,0.271481054,0.389500093,0.304051121,0.271481054,0.549999175,0.2,0.2,0.057143926,0.475531084,0.351665478,0.421998728,0.041172339,0.351665478,0.304051121,0.304051121,0.549999175,0.262569832,0.034013605,0.071429946,0.475531084,0.24904353,0.304051121,0.077319588,0.24904353,0.833333028,0.351665478,0.173472727,0.036757459,0.057143926,0.304051121,0.271481054,0.720502458,0.319248128,0,0.085308057,0,0,0.047619921,0.047619921,0.271481054,0.233510809,0.271481054,0.233510809,0.421998728,0.351665478,0.475531084,0.271481054,0.549999175,0,0.095744681,0.573196756,0.071429946,0.093360272,0.24904353,0.071429946,0.099989966,0.255398362,0.351665478,0.351665478,0.128249503,0.271481054,0.304051121,0.103448276,0.319248128,0,0.659999252,0.421998728,0.389500093,0.549999175,0.304051121,0.351665478,0.351665478,0.351665478,0.304051121,0,0.048780488,0.214285714
110,0.026455026,0,0.036144578,0.085714286,0.044444444,0.041666667,0,0.051020408,0,0.035294118,0,0,0.086956522,0,0.299145299,0.035294118,0.108433735,0.026455026,0.034090909,0,0.073170732,0.042553191,0.028391167,0.031578947,0,0.091525424,0.113924051,0.076923077,0.048780488,0,0.028380634,0.028380634,0.037383178,0.028735632,0.078947368,0.078947368,0.104895105,0.091525424,0.126760563,0.095238095,0.077669903,0.077669903,0,0.086956522,0.051948052,0.034090909,0,0.037383178,0.077720207,0.077720207,0,0.028571429,0.524475524,0,0,0.082568807,0.086956522,0.078947368,0.675675676,0,0.818181818,0.171428571,0.034883721,0,0,0.358024691,0,0.139534884,0,0.086956522,0,0.303571429,0,0,0.086705202,0.294117647,0.127906977,0,0,0.127853881,0.026455026,0,0.031446541,0,0.086956522,0.321428571,0,0,0.104895105,0,0.126760563,0.126760563,0.028380634,0.105882353,0,0.789473684,0,0.035294118,0.113924051,0,0.035294118,0.034090909,0,0.035294118,0.113924051,0.127659574,0.028735632,0,0.028380634,0.048780488,0,0.073170732
111,0.139896373,0,0.176470588,0.042056075,0.195652174,0.183673469,0,0.04,0,0.172413793,0,0,0.159574468,0,0.050420168,0.172413793,0.058823529,0.139896373,0.166666667,0,1,0.1875,0.156923077,0.154639175,0,0.056105611,0.061728395,0.141509434,0.214285714,0,0.16097561,0.16097561,0.165137615,0.151685393,0.139175258,0.139175258,0.06122449,0.056105611,0.068493151,0.139896373,0.142857143,0.142857143,0,0.159574468,0.797468354,0.166666667,0,0.165137615,0.152284264,0.152284264,0,0.150837989,0.06122449,0,0,0.135135135,0.142180095,0.139175258,0.059210526,0,0.088888889,0.083333333,0,0,0,0.060240964,0,0.068181818,0,0.142180095,0,0,0,0,0.152542373,0.057324841,0.056818182,0,0,0.152466368,0.139896373,0,0.165644172,0,0.159574468,0.344827586,0,0,0.06122449,0,0.068493151,0.068493151,0.16097561,0.206896552,0.087804878,0.064102564,0,0.172413793,0.061728395,0,0.172413793,0.166666667,0,0.172413793,0.061728395,0.15625,0.151685393,0,0.16097561,0.214285714,0.073170732,0
