,Colorectal cancer,West nile virus infection,Lung cancer,Cerebral cavernous malformations,Thyroid cancer,Esophageal cancer,Alzheimer disease,Rheumatoid arthritis,Colorectal adenocarcinoma,Gastric cancer,Pancreatic adenocarcinoma,Liver fibrosis,Hepatocellular carcinoma,Osteoarthritis,Multiple myeloma,Prostate cancer,Osteosarcoma,Colorectal carcinoma,Muscle-invasive bladder cancer,Parkinson disease,Breast cancer,Pancreatic cancer,Colon cancer,Laryngeal cancer,Laryngeal squamous cell carcinoma,Glioblastoma,Glioma,Pancreatic ductal adenocarcinoma,Liver cancer,Lung squamous cell carcinoma,Non small cell lung cancer,Non small cell lung carcinoma,Ovarian carcinoma,Cervical cancer,Renal cell carcinoma,Clear cell renal cell carcinoma,Cholangiocarcinoma,Neuroblastoma,Acute myeloid leukemia,Nasopharyngeal carcinoma,Esophageal squamous cell cancer,Esophageal squamous cell carcinoma,Liver cirrhosis,Early hepatocellular carcinoma,Triple negative breast cancer,Bladder cancer,Atherosclerosis,Ovarian cancer,Papillary thyroid cancer,Papillary thyroid carcinoma,Gastric carcinoma,Nasopharyngeal cancer,Nk/T cell lymphoma,Ischemia,Esophagus adenocarcinoma,Retinoblastoma,Epithelial ovarian cancer,Renal cell cancer,Diffuse large B cell lymphoma,Oral squamous cell carcinoma,Lymphoma,Hemangioma,Myasthenia gravis,Pneumonia,Pediatric neuroblastoma,Leukemia lymphoblastic acute,Tongue squamous cell carcinoma,Melanoma,Nonalcoholic fatty liver disease,Epithelial ovarian carcinoma,Herpes simplex keratitis,Dysregulated immunity,Pre-eclampsia,Chronic obstructive pulmonary disease,Lung adenocarcinoma,T-cell acute lymphoblastic leukemia,Chronic myeloid leukemia,Ovarian clear cell carcinoma,Primary breast cancer,Wilms tumor,Colon and rectal adenocarcinoma,Uveal melanoma,Hypopharyngeal cancer,Cardiac hypertrophy,Hepatic carcinoma,Cancer,Tuberculosis,Prader-willi syndrome,Acute promyelocytic leukemia,Heart failure,Uterine leiomyoma,Adenocarcinoma,Lung carcinoma,Head and neck squamous cell carcinoma,Psoriatic arthritis,B-cell lymphoma,Prostate carcinoma,Prostatic neoplasms,Malignant glioma,Epstein-barr virus infections,Stomach cancer,Urinary bladder cancer,Colon carcinoma,Gallbladder cancer,Liposarcoma,Meningioma,Uterine cervical neoplasm,Renal carcinoma,Lung small cell carcinoma,Mouth neoplasms,Lymphosarcoma,Breast neoplasms
GAS5,0.064517216,0.077901133,0.175346036,0.048177751,0.015725527,0.033134327,1.94704E-05,0.016529487,0.000591891,0.450891715,0.001764465,0.000196989,0.189985806,0.004494491,0.001451542,0.037611929,0.016715304,0.00283493,0.002779665,0.00261964,0.040132782,0.012100031,0.006557158,0.001157297,0.000975541,0.013168535,0.013119794,0.064771184,0.007433128,0.001007925,0.009214484,0.015253902,0.003885159,0.00844737,0.003618766,0.005694284,0.001029758,0.007147254,0.012053179,0.001676152,0.000833338,0.000598372,0.002611509,0.001764513,7.87089E-05,0.004722993,2.93329E-09,0.010888903,0.000681377,0.003409519,0.000816209,1.17704E-66,3.89826E-26,7.4392E-06,0.004324144,0.000700931,0.002275305,0.005172835,0.083341338,0.023014594,0.001372076,0.000590888,0.000550626,0.000396668,0.000742653,0.001007649,0.000551088,0.007366117,4.39529E-56,0.000250842,0.002833295,0.064819303,0.000251285,0.000260676,0.050964804,0.000961738,0.00103863,7.63965E-05,0.000886505,0.000553496,0.000742935,0.002592381,0.002873041,0.002368232,0.003650907,0.041702868,0.001355455,0.001821425,0.002167288,0.007609853,0.02433442,0.001329272,0.001651241,0.000676453,0.000531866,0.001308415,0.0005443,0.00326516,0.004844183,0.001400575,0.00307878,0.002902938,0.00303033,0.002993504,0.00288339,0.002816856,0.002825878,0.002822334,0.003121477,0.003105836,0.003103273,0.002940135
MEG8,0.121976253,0.076484516,0.211092682,0.624435693,0.070810864,0.095766799,0.009745666,0.016251853,0.005396648,0.471118218,0.006741908,0.003237984,0.264961264,0.023453143,0.009065585,0.079212699,0.068284502,0.018894682,0.022461028,0.025679058,0.085429361,0.039812858,0.032646588,0.011956114,0.01584965,0.049127211,0.062373307,0.072170016,0.036513664,0.015753269,0.053807293,0.057338552,0.015231204,0.046073967,0.023344759,0.031465047,0.011650868,0.023796253,0.033296991,0.020434248,0.020904374,0.025283793,0.012700935,0.012620695,0.009374466,0.030554151,0.008318597,0.045926934,0.015322739,0.02114439,0.015363384,0.007503089,0.007476172,0.018110481,0.022332557,0.023209876,0.015449018,0.01921966,0.078347408,0.043485632,0.011670445,0.013947418,0.009158176,0.008698697,0.009982272,0.010406095,0.006335055,0.022446778,0.006672663,0.005592332,0.006452525,0.060148945,0.00658811,0.006545073,0.050736319,0.00828728,0.009306961,0.007519402,0.009460542,0.009602866,0.009309507,0.011284809,0.012637049,0.010345268,0.012581571,0.043059726,0.003433105,0.014766051,0.013477067,0.032661449,0.024474308,0.006288023,0.007202809,0.006099631,0.004626322,0.005727445,0.005368783,0.007072043,0.012120014,0.002592529,0.010125501,0.009457714,0.008396176,0.009265737,0.008652868,0.010214575,0.008958328,0.008691085,0.008892824,0.010082998,0.006921681,0.007866838
RNU1-1,0.045112141,0.077141258,0.120582579,0.056627016,0.008915994,0.019088376,0.006814438,0.020976396,0.00729524,0.398111751,0.008366966,0.006893985,0.098896836,0.010436308,0.007535861,0.031237633,0.010617555,0.006840346,0.008085497,0.006768514,0.032660263,0.007705524,0.007093962,0.006988375,0.006790861,0.008563713,0.009745288,0.067947222,0.007643306,0.006779897,0.008272229,0.010730531,0.006778863,0.007685725,0.0069136,0.007185175,0.006982697,0.006788101,0.011783971,0.00678954,0.00734328,0.00678573,0.009138294,0.007761743,0.006811674,0.0069433,0.006753713,0.012215906,0.007422993,0.006845888,0.0070781,0.00673963,0.006742802,0.006862848,0.006840847,0.007188306,0.006988671,0.006741442,0.090871825,0.025195898,0.008075216,0.007368643,0.007210227,0.007098443,0.007457556,0.007687383,0.007255974,0.00709028,0.006715143,0.006981058,0.007680341,0.061716108,0.006965042,0.00696922,0.058191491,0.00745573,0.007381801,0.006789241,0.007073149,0.006929803,0.006907802,0.006746878,0.006794636,0.006731148,0.006724123,0.047425728,0.007918849,0.00770842,0.007502819,0.011574627,0.02781318,0.007976672,0.00790848,0.007387179,0.007228107,0.007983458,0.007246027,0.007126596,0.007090456,0.007898218,0.006944162,0.006908537,0.006785166,0.006819388,0.006801637,0.006823587,0.00681148,0.006801604,0.006880302,0.00694337,0.007286212,0.006758203
RNU1-2,0.042018374,0.071682269,0.120179164,0.048971369,0.003873746,0.0146757,2.72105E-05,0.014670143,0.000613975,0.393910596,0.001772168,0.000206157,0.103288579,0.003749414,0.000945741,0.025939577,0.005384784,0.000383405,0.001577267,0.000318931,0.027258071,0.00233169,0.001080258,0.000347155,0.000118769,0.00311454,0.004169057,0.064315356,0.001727722,0.00012474,0.002410443,0.00534933,0.000473004,0.001895086,0.000546079,0.001042373,0.000323426,0.000870152,0.005933764,0.000204065,0.00062072,7.3046E-05,0.002446553,0.001179735,8.2346E-05,0.000752141,1.76022E-05,0.006100565,0.000718736,0.000511966,0.000417282,2.76122E-06,7.65084E-06,0.000145075,0.000632455,0.000527419,0.000508923,0.000629773,0.087812718,0.018789868,0.001434372,0.000679096,0.00055687,0.000418008,0.000780322,0.001038355,0.000573134,0.001208155,2.79458E-06,0.000277411,0.001301129,0.059897502,0.000272012,0.000277571,0.053699137,0.000819455,0.000744722,7.76078E-05,0.000435583,0.000262023,0.000264636,0.000337834,0.000415089,0.000300798,0.000444498,0.042126229,0.001327668,0.001139483,0.000991447,0.005125758,0.021319969,0.001349304,0.001330199,0.000707504,0.000550957,0.001347968,0.000562256,0.000753327,0.000929207,0.001340067,0.000581016,0.000524815,0.00042773,0.000454628,0.000424585,0.000435394,0.00042642,0.000416314,0.000527168,0.000582496,0.000914291,0.000389649
RNU1-3,0.041922333,0.071643768,0.120246377,0.054282319,0.00398924,0.014744089,3.26035E-05,0.014685292,0.00061946,0.394206452,0.001771493,0.000218355,0.103153026,0.00382435,0.000976694,0.025942776,0.00536544,0.000377857,0.001572276,0.000313877,0.027257091,0.002308039,0.001067032,0.000347053,0.000116886,0.003094395,0.00418195,0.064075276,0.001713987,0.000122805,0.002436594,0.00536045,0.000465508,0.001932072,0.000538882,0.001032356,0.000324459,0.000856362,0.005925906,0.000200831,0.00062159,7.18911E-05,0.002525275,0.001232375,8.89343E-05,0.000742667,3.10066E-05,0.006139337,0.000716794,0.00050519,0.000468747,4.86425E-06,1.3478E-05,0.000254865,0.00070485,0.000612217,0.000505164,0.000619793,0.087493488,0.018830992,0.001442393,0.000719869,0.000561818,0.000416532,0.000777861,0.001041001,0.000577945,0.001194658,4.92303E-06,0.000289413,0.001304089,0.060001316,0.000276625,0.000280819,0.053503922,0.000823701,0.0007524,8.18666E-05,0.000437634,0.000273641,0.000267631,0.000332958,0.000412427,0.000305729,0.000437465,0.042011239,0.001333387,0.001230107,0.001056877,0.005337098,0.021337075,0.001355284,0.001332951,0.000716109,0.000557263,0.001354782,0.000567871,0.000752516,0.000925567,0.001355132,0.00058251,0.000525285,0.000426295,0.000455665,0.000428483,0.000451187,0.000427258,0.000415942,0.000527025,0.000583769,0.000920499,0.000391391
RNU1-4,0.042026481,0.071697583,0.120289871,0.053997713,0.004016077,0.014774396,3.23799E-05,0.014678433,0.000620537,0.394052973,0.001774306,0.000217769,0.103329657,0.003823083,0.000978185,0.025951981,0.005389375,0.000383836,0.001578005,0.000319342,0.02726868,0.002333657,0.001081191,0.000349489,0.000118922,0.003116981,0.004200696,0.064306402,0.001729178,0.000124901,0.002449932,0.005379598,0.000473613,0.001944443,0.000546611,0.001043312,0.00032668,0.000871273,0.005937485,0.000204328,0.000621556,7.31397E-05,0.00252158,0.001233795,8.85518E-05,0.000752821,3.0325E-05,0.00614718,0.000719262,0.000512468,0.00046741,4.75732E-06,1.31817E-05,0.000249297,0.000709766,0.000609823,0.000510205,0.000630585,0.087799483,0.018826001,0.001445739,0.00071985,0.000562329,0.000417986,0.000780474,0.001043242,0.00057903,0.001209336,4.81481E-06,0.000289536,0.001306555,0.059961697,0.000277261,0.000281467,0.053691044,0.000825212,0.000754846,8.16025E-05,0.000439407,0.000274069,0.000268881,0.00033829,0.000418078,0.000310187,0.000445081,0.042124219,0.00133375,0.001229964,0.001058115,0.005329522,0.021328466,0.001357275,0.001335045,0.000717319,0.000558071,0.001357353,0.000568723,0.00075797,0.000935508,0.001353493,0.000588284,0.000530926,0.000432223,0.000461305,0.000433822,0.000455778,0.000432597,0.000421361,0.000533025,0.000589751,0.000925946,0.000397078
RNU2-1,0.062054894,0.112614252,0.19559673,0.079000218,0.012714627,0.030525068,0.01066139,0.033203511,0.011254953,0.649190846,0.012526521,0.010845568,0.155847523,0.01596297,0.011477448,0.050048551,0.016745986,0.010678784,0.012127095,0.010646361,0.053002461,0.011670666,0.010959817,0.010876516,0.010655106,0.013487385,0.01526738,0.071266761,0.011658514,0.010647524,0.01287957,0.01690019,0.010674334,0.011786638,0.010766346,0.011277369,0.010857343,0.010677829,0.018470806,0.010655182,0.011385464,0.010659003,0.014178023,0.011653799,0.010736496,0.010856787,0.010641422,0.019068624,0.011339103,0.010744669,0.010965673,0.010642865,0.010642664,0.010622282,0.010661086,0.010993354,0.010885787,0.010632178,0.094086012,0.040782911,0.012056318,0.011235148,0.011234171,0.011039332,0.011392879,0.011694638,0.011207921,0.011209835,0.010623273,0.010888766,0.011950382,0.090306155,0.010888985,0.010902301,0.0616729,0.011475224,0.011303954,0.010724719,0.011013785,0.010855384,0.010843245,0.010668431,0.01072672,0.010628011,0.01063495,0.056594556,0.012138099,0.011509584,0.011373831,0.018052407,0.044871651,0.012051451,0.012040315,0.011338726,0.011190938,0.012008025,0.011211432,0.011299847,0.011047243,0.012240806,0.010912609,0.010862749,0.010740066,0.010777188,0.010751318,0.010754315,0.010767686,0.010756459,0.010843933,0.01090072,0.011312971,0.010700226
RNU7-1,0.044984423,0.07531481,0.126685735,0.059201889,0.004715468,0.016003624,3.72616E-05,0.015319509,0.000664287,0.410619081,0.001884132,0.000235957,0.110388892,0.004062848,0.001075427,0.027331519,0.005978032,0.000482231,0.001714704,0.000408741,0.028711543,0.002777827,0.001317112,0.000398112,0.000152213,0.00357224,0.004685787,0.06894842,0.002009203,0.00015933,0.002798032,0.005937202,0.000606199,0.002277766,0.000674652,0.001240417,0.000371845,0.001115181,0.006383371,0.000261529,0.000658291,9.35684E-05,0.002681028,0.001364573,9.64585E-05,0.000921632,3.90618E-05,0.006588002,0.000770308,0.000632996,0.000535994,6.12803E-06,1.69797E-05,0.000321119,0.000909956,0.000704468,0.000598226,0.000807114,0.093990336,0.019684438,0.001548682,0.000791794,0.000599186,0.000447481,0.000835179,0.001113865,0.000620068,0.001464282,6.20207E-06,0.000315581,0.001420976,0.062824206,0.000299541,0.000302898,0.057476868,0.000884312,0.000822157,8.78911E-05,0.000483795,0.000306719,0.000302335,0.000427125,0.000518799,0.000397198,0.000569679,0.044844386,0.001411061,0.001385897,0.001200666,0.005740643,0.022231474,0.001445759,0.001426362,0.000769571,0.000597601,0.001449995,0.000608504,0.000874343,0.001116603,0.001427712,0.000703069,0.000638789,0.000539199,0.000568954,0.00053918,0.000566578,0.000534093,0.000521839,0.000646706,0.000706239,0.001054757,0.00050253
RNVU1-18,0.042238623,0.071785293,0.120560186,0.049943498,0.003993119,0.014824803,2.82253E-05,0.014678202,0.000616457,0.394218711,0.001775141,0.000208365,0.10392764,0.003770969,0.000957567,0.026016832,0.005466059,0.000401394,0.001588758,0.000335677,0.027344945,0.002405076,0.001121201,0.000354062,0.000125004,0.003187213,0.004240113,0.064534828,0.001770819,0.000131166,0.002467017,0.005425256,0.000497838,0.001951332,0.000568847,0.001076294,0.000329844,0.000915838,0.005977254,0.000214779,0.00062181,7.68702E-05,0.002462881,0.001197192,8.34678E-05,0.00078172,1.99846E-05,0.006144897,0.000721021,0.000533426,0.000430238,3.135E-06,8.68652E-06,0.000164638,0.000674445,0.000546199,0.000522816,0.000662839,0.088077675,0.018821519,0.001439968,0.000688623,0.0005586,0.000419276,0.000782646,0.001041466,0.000575466,0.001253144,3.17288E-06,0.00028036,0.001312171,0.059895699,0.000273799,0.000279051,0.053861164,0.000822935,0.000750976,7.83126E-05,0.000440426,0.000266812,0.000269225,0.000354228,0.000433408,0.000317624,0.000467837,0.042233956,0.001329419,0.001164887,0.001014767,0.005182464,0.021335741,0.001352921,0.00133481,0.000710863,0.000553332,0.001352422,0.000564518,0.000772236,0.000959659,0.001341789,0.000600682,0.000543489,0.000447404,0.000474238,0.000444144,0.000456587,0.00044493,0.000434658,0.000547192,0.000602492,0.000933147,0.000409562
RNVU1-7,0.04190169,0.071604928,0.120148863,0.054202537,0.003984816,0.014730147,3.25493E-05,0.014673041,0.00061921,0.393906866,0.001770598,0.000218077,0.103072556,0.003821395,0.000975986,0.025921332,0.005359831,0.000377302,0.001571439,0.000313357,0.027235414,0.002305542,0.001065786,0.000346792,0.000116693,0.003090824,0.004177692,0.064073518,0.001712256,0.000122603,0.002433585,0.005354794,0.000464736,0.001929106,0.000538184,0.001031044,0.000324241,0.000854943,0.005920541,0.000200499,0.000620881,7.17723E-05,0.002522981,0.001231467,8.87928E-05,0.000741764,3.08846E-05,0.006134257,0.000716778,0.000504532,0.000467964,4.84512E-06,1.34249E-05,0.000253864,0.000703257,0.000611352,0.000504737,0.000618766,0.087492221,0.018816348,0.001442005,0.000719469,0.000561466,0.000416526,0.000777823,0.001040653,0.000577732,0.001193056,4.90366E-06,0.000289257,0.001302496,0.059940191,0.000276569,0.000280754,0.053503147,0.000823258,0.000752166,8.17483E-05,0.000437382,0.000273357,0.000267388,0.00033242,0.000411768,0.000305172,0.00043674,0.042004159,0.001332285,0.001228926,0.001055739,0.00533125,0.021320571,0.0013546,0.001332065,0.000715827,0.000557005,0.00135426,0.00056761,0.000751578,0.000924512,0.001353535,0.000581721,0.000524591,0.0004256,0.000454927,0.000427763,0.000450369,0.000426565,0.000415269,0.000526269,0.000583012,0.000919558,0.000390718
SCARNA10,0.092057819,0.103163604,0.201129747,0.076655591,0.030291702,0.057028869,0.008266069,0.02375232,0.005044636,0.660207536,0.006869768,0.002890365,0.18812741,0.014703805,0.00507124,0.070452136,0.043807644,0.012959372,0.017348072,0.01818907,0.076106712,0.021086244,0.020097141,0.009358568,0.012364328,0.029128136,0.038656552,0.06758152,0.022964765,0.012262033,0.032451361,0.034955826,0.009174783,0.025311425,0.015648427,0.020370106,0.009147494,0.012546021,0.02398226,0.01514635,0.017116362,0.019792301,0.006192468,0.00581003,0.007913823,0.020097884,0.006529378,0.031486391,0.012990802,0.014164512,0.008264576,0.006830453,0.006509012,0.006080742,0.007557781,0.011533756,0.011046714,0.010945973,0.082164038,0.044280483,0.009553423,0.008509943,0.007965124,0.007986699,0.009031594,0.009068812,0.005788549,0.011927267,0.006199551,0.004601629,0.004738814,0.076152148,0.005921327,0.006011467,0.052899098,0.007198414,0.007307051,0.006705331,0.007765394,0.007295697,0.007549648,0.007440142,0.008048093,0.006143394,0.007386323,0.048879142,0.00398403,0.004107035,0.004679412,0.010035366,0.035945439,0.005867588,0.006511611,0.005317499,0.004404453,0.00528293,0.005023264,0.003990486,0.005910381,0.002828509,0.005809365,0.005507112,0.004581162,0.005130162,0.004520206,0.00481152,0.005084835,0.004969971,0.004879554,0.005737544,0.003478483,0.003965578
SCARNA11,0.053295972,0.105157005,0.19539422,0.574684724,0.016242721,0.029545366,0.000540744,0.022821299,0.001276097,0.654803547,0.002013068,0.001361411,0.149289037,0.012809169,0.004092223,0.040186259,0.006237881,4.34739E-05,0.001483579,1.0386E-170,0.043433898,0.001013373,0.00032035,0.000454889,2.00508E-37,0.002888939,0.007668523,0.064115422,0.000994695,2.66758E-06,0.006033554,0.009007343,5.46754E-15,0.005779173,0.000119878,0.000644678,0.000538089,6.2223E-171,0.007925565,9.00714E-34,0.000682669,2.23115E-07,0.011105123,0.006456933,0.000699167,0.000201259,0.001280597,0.01307598,0.000785156,0.000110063,0.005325375,0.000200915,0.0005567,0.010490225,0.007713382,0.008667185,0.000362932,4.24694E-72,0.088244347,0.033888597,0.002589093,0.004737215,0.001107521,0.000424217,0.00081072,0.00154182,0.001168492,0.000552938,0.000203343,0.001485984,0.001621916,0.077276127,0.000798306,0.0006696,0.053963087,0.001379745,0.001710095,0.00047499,0.000749141,0.001412869,0.000613423,3.10351E-05,0.00032844,0.000907657,9.98324E-07,0.04815191,0.001949892,0.010006974,0.007421646,0.027924024,0.035026023,0.002162718,0.00178142,0.001694295,0.001266542,0.002302953,0.001213799,0.001026058,0.000946765,0.00268809,0.000914462,0.000761457,0.000467289,0.000721059,0.000956721,0.002083786,0.000664987,0.000541761,0.000704652,0.000910373,0.001736375,0.000727331
SCARNA12,0.052285054,0.103374297,0.186697218,0.069175771,0.002094742,0.020050097,2.03644E-05,0.022599137,0.000622227,0.645226165,0.001876798,0.000214309,0.146949608,0.005399013,0.00084903,0.039671975,0.006097597,4.23199E-05,0.00146889,2.7121E-181,0.042783339,0.000998782,0.000311847,0.000234314,2.0403E-37,0.002848753,0.004655723,0.062413578,0.000987744,2.71444E-06,0.002224645,0.006268301,3.96733E-71,0.001072511,0.000116696,0.000634481,0.000218317,3.8865E-205,0.007843787,2.13624E-75,0.00069466,2.17193E-07,0.003579541,0.001025501,8.60415E-05,0.000195917,3.2317E-09,0.008500848,0.000702231,0.000107142,0.000311393,3.29927E-75,4.29484E-26,3.59504E-30,1.82652E-11,0.000362882,0.000257035,4.13422E-72,0.085902038,0.030469037,0.001431832,0.000609043,0.000587476,0.000408856,0.000767111,0.001058133,0.000578187,0.000543815,4.84244E-56,0.000260941,0.001272333,0.077735859,0.00025905,0.000270263,0.05253072,0.000831533,0.000677842,8.41672E-05,0.000376254,0.000214874,0.000203138,2.96936E-05,8.28241E-05,5.57202E-55,2.7729E-84,0.04704268,0.001467393,0.000897429,0.000740282,0.007496659,0.034543283,0.001410405,0.001381072,0.000709444,0.000560695,0.001376878,0.000574097,0.000621265,0.000386681,0.00154306,0.000246369,0.00019888,7.1357E-05,0.00010936,8.2281E-05,8.69405E-05,9.97831E-05,8.891E-05,0.000175912,0.000237173,0.000636923,2.95679E-05
SCARNA13,0.104354531,0.110887629,0.267161,0.073229912,0.03151365,0.061233725,0.002197416,0.023015915,0.001630877,0.685660223,0.003040396,0.000604306,0.297301603,0.009083154,0.002763467,0.064846048,0.036343818,0.00790878,0.008217667,0.009275264,0.07096421,0.023768333,0.015608179,0.00411559,0.004951529,0.027677859,0.030041456,0.080361765,0.017319326,0.004966339,0.022863421,0.031235757,0.00831269,0.019368844,0.009896109,0.014380608,0.003873511,0.014286279,0.022157093,0.006888336,0.005656055,0.006743784,0.004154826,0.003361567,0.002120026,0.012925848,0.001633127,0.023040291,0.004285984,0.009121979,0.003156882,0.001732509,0.001629338,0.001469769,0.008435765,0.004030974,0.006332114,0.010815398,0.098606473,0.038853903,0.0037207,0.002770746,0.002491939,0.002451287,0.003077251,0.003242603,0.001840233,0.014236402,0.00153405,0.001231757,0.004251584,0.070024496,0.001665341,0.001695905,0.0609727,0.002702767,0.003017981,0.001736733,0.003106226,0.002553931,0.002930971,0.005799326,0.006368072,0.005072934,0.007398842,0.053477287,0.00171355,0.002998881,0.003782529,0.011820816,0.036280907,0.002415881,0.003082185,0.00178984,0.001373863,0.002263454,0.001578357,0.005486033,0.00845827,0.001259157,0.005845131,0.005528783,0.005512195,0.005598107,0.00526081,0.005245093,0.005339972,0.005307784,0.005667518,0.005878468,0.004858788,0.005215195
SCARNA14,0.052830657,0.10380034,0.185808184,0.068785867,0.00216654,0.019941576,2.11402E-05,0.022594049,0.000645243,0.641824822,0.001941471,0.000220669,0.146529771,0.00540287,0.000880186,0.039537924,0.006086551,4.40683E-05,0.001521449,5.3754E-181,0.042542194,0.001035995,0.00032473,0.000243214,2.09549E-37,0.002835849,0.004641461,0.064992038,0.001022149,2.78786E-06,0.002222483,0.006258838,4.07464E-71,0.001101521,0.000121517,0.00063304,0.000227003,6.9605E-181,0.007850717,2.19403E-75,0.00071345,2.26166E-07,0.003579136,0.001064527,8.83688E-05,0.000204011,3.31911E-09,0.008486825,0.000731242,0.000111568,0.000321293,3.38851E-75,4.41101E-26,3.69228E-30,1.87593E-11,0.000377874,0.000267486,4.30501E-72,0.089450864,0.030299418,0.00148709,0.000634204,0.000607334,0.000425746,0.00079844,0.001097526,0.000599823,0.000544074,4.97342E-56,0.000271192,0.001306748,0.078950447,0.000269742,0.000281071,0.054700895,0.000860704,0.000705066,8.64438E-05,0.000390197,0.000222286,0.000210155,3.04968E-05,8.50644E-05,5.72274E-55,2.8479E-84,0.048310805,0.001512458,0.000932811,0.000767823,0.007454405,0.034391389,0.001459755,0.001426746,0.000736051,0.000581096,0.001427506,0.000594921,0.000621468,0.000401036,0.001584797,0.000254202,0.000205626,7.32871E-05,0.000112318,8.45066E-05,8.92921E-05,0.000102482,9.13149E-05,0.000181432,0.000245214,0.000658276,3.03677E-05
SCARNA15,0.112933753,0.111013878,0.264433111,0.072780797,0.037366425,0.068683427,0.004110082,0.023005773,0.002512012,0.6855721,0.0041427,0.000976792,0.297579699,0.011209356,0.003513179,0.071786758,0.044978709,0.010787339,0.012166391,0.013647358,0.078337212,0.027680685,0.019997778,0.006173327,0.007895717,0.033250843,0.037925775,0.084084047,0.022324861,0.007878512,0.02997492,0.03754463,0.010013028,0.0248713,0.013421991,0.018862994,0.005889518,0.016530155,0.025541217,0.010523888,0.009856915,0.011807335,0.004480375,0.004252437,0.003923196,0.017554994,0.003068393,0.028464465,0.007368315,0.012265342,0.004927114,0.003255117,0.003061276,0.002750737,0.009610928,0.006716657,0.008726051,0.012857459,0.101560782,0.041902972,0.005673849,0.004612335,0.004198362,0.004207189,0.005041495,0.005148304,0.002939429,0.016182935,0.002882245,0.002070674,0.004692261,0.071365671,0.002876692,0.002930133,0.063370759,0.004115786,0.004470895,0.003205218,0.004739271,0.004111521,0.004540381,0.007174414,0.00787115,0.006114541,0.00863401,0.055176403,0.002102955,0.003411669,0.004336839,0.011739933,0.036131591,0.003344324,0.004153274,0.002725943,0.002090582,0.003036988,0.002464346,0.005701714,0.009089768,0.001305474,0.006677436,0.006304465,0.006029027,0.006267225,0.005775507,0.005844867,0.006018106,0.005955976,0.006243893,0.006689008,0.004991142,0.005575127
SCARNA16,0.05255191,0.103582231,0.186259473,0.068970807,0.002131949,0.019993864,2.07818E-05,0.022618633,0.00063496,0.643480839,0.001915052,0.000218644,0.14671921,0.005400226,0.000866396,0.039617744,0.006096018,4.31918E-05,0.001498892,2.768E-181,0.042656574,0.00101923,0.000318272,0.000239117,2.08141E-37,0.002842541,0.004648014,0.063699431,0.001007888,2.76912E-06,0.002225059,0.006268016,4.04725E-71,0.001094116,0.0001191,0.000633673,0.000222804,2.3785E-188,0.007854519,2.17928E-75,0.000708654,2.21668E-07,0.003579913,0.001046521,8.77748E-05,0.000199954,3.2968E-09,0.008493756,0.000716698,0.000109349,0.000317713,3.36573E-75,4.38136E-26,3.66746E-30,1.86332E-11,0.000370359,0.000262325,4.21939E-72,0.087671803,0.030380256,0.001461206,0.000621591,0.000599437,0.000417279,0.000782904,0.001079794,0.000590026,0.000543872,4.93999E-56,0.0002663,0.001297963,0.078673978,0.000264387,0.000275819,0.053612965,0.000848498,0.000691782,8.58627E-05,0.000383954,0.000219254,0.000207279,3.02918E-05,8.44926E-05,5.68427E-55,2.82876E-84,0.047672894,0.001497125,0.000915863,0.000755436,0.007474447,0.034471196,0.001439176,0.00140916,0.000723973,0.000572158,0.001405044,0.000585832,0.000622043,0.000394596,0.001574144,0.000251369,0.00020293,7.27945E-05,0.000111563,8.39385E-05,8.86918E-05,0.000101793,9.0701E-05,0.00017948,0.000242003,0.000649886,3.01635E-05
SCARNA17,0.052104148,0.103255412,0.187091012,0.069367111,0.002065576,0.020102183,2.00211E-05,0.022569811,0.000611433,0.646834065,0.001842122,0.000209892,0.147197847,0.005400664,0.000834189,0.039714453,0.006096948,4.16673E-05,0.001442616,2.6703E-181,0.042901677,0.000981575,0.000307038,0.000230353,1.99587E-37,0.002854265,0.004663832,0.061451061,0.000969658,2.65532E-06,0.002223593,0.006266213,3.88093E-71,0.001049152,0.000114896,0.000635409,0.000214802,5.5336E-201,0.007830948,2.08972E-75,0.000679531,2.13844E-07,0.003579913,0.001008197,8.41676E-05,0.000192896,3.16131E-09,0.008509309,0.000691401,0.00010549,0.00030527,3.22741E-75,4.2013E-26,3.51674E-30,1.78674E-11,0.000357286,0.000252996,4.07046E-72,0.084577292,0.030551724,0.001408015,0.000599651,0.00057645,0.00040255,0.00075512,0.001039889,0.000568267,0.000544032,4.73698E-56,0.000256681,0.001244623,0.076709731,0.000255051,0.000265936,0.051720613,0.0008164,0.000667041,8.23341E-05,0.000369738,0.000210907,0.000199392,2.90469E-05,8.10203E-05,5.45067E-55,2.71251E-84,0.046578822,0.00143783,0.000882834,0.00072751,0.007517395,0.034606684,0.00138468,0.001354701,0.000697299,0.000550817,0.001352857,0.000563954,0.000620202,0.000379996,0.001509453,0.000241524,0.000195158,6.98029E-05,0.000106978,8.0489E-05,8.5047E-05,9.76099E-05,8.69736E-05,0.00017242,0.000232732,0.00062489,2.89239E-05
SCARNA18,0.052786109,0.103703984,0.185613129,0.068712895,0.002165378,0.019920478,2.11298E-05,0.022571623,0.000644915,0.641146914,0.00194041,0.000220532,0.146379913,0.005397608,0.000879735,0.03949711,0.006080388,4.40487E-05,0.001520647,3.0501E-133,0.042497063,0.001035472,0.000324586,0.000243094,2.09411E-37,0.00283288,0.004636701,0.064963183,0.001021596,2.78602E-06,0.002220258,0.006252524,4.07196E-71,0.001100794,0.000121463,0.000632398,0.000226898,8.3217E-133,0.007843045,2.19258E-75,0.00071298,2.26065E-07,0.003575604,0.001064002,8.83106E-05,0.000203921,3.31692E-09,0.00847828,0.000730917,0.000111519,0.000321105,3.38627E-75,4.4081E-26,3.68985E-30,1.87469E-11,0.000377706,0.000267365,4.3031E-72,0.08941115,0.030267302,0.001486369,0.000633922,0.000606996,0.000425557,0.00079808,0.001096972,0.000599522,0.000543542,4.97014E-56,0.000271063,0.001305886,0.078887547,0.000269622,0.000280941,0.054676608,0.000860242,0.000704741,8.63868E-05,0.000389999,0.000222165,0.00021004,3.04767E-05,8.50083E-05,5.71897E-55,2.84602E-84,0.048280533,0.001511545,0.00093237,0.000767435,0.007446497,0.034355445,0.001458969,0.001425936,0.000735683,0.000580795,0.001426775,0.000594612,0.000620855,0.000400833,0.001583752,0.000254052,0.000205512,7.32388E-05,0.000112244,8.44508E-05,8.92332E-05,0.000102414,9.12547E-05,0.000181324,0.000245078,0.000657907,3.03476E-05
SCARNA2,0.120133874,0.101086021,0.209049755,0.087124436,0.049224725,0.082171049,0.011895741,0.02210554,0.005946715,0.662915496,0.008218144,0.002508329,0.217579001,0.019231948,0.005898728,0.090496637,0.069271103,0.020070983,0.026657474,0.029165454,0.097957645,0.033729913,0.03235199,0.013673127,0.019022643,0.046213599,0.06141178,0.072702259,0.036860196,0.018849494,0.052395663,0.05384341,0.013587313,0.040928372,0.024697934,0.032542833,0.01331734,0.019512698,0.033541317,0.023858854,0.026714661,0.031870719,0.005848083,0.007094986,0.011268017,0.032403269,0.008948018,0.046079536,0.0196389,0.022162015,0.011802938,0.00945,0.008900772,0.008335465,0.010957682,0.017502892,0.016627541,0.016714939,0.08206631,0.051826838,0.013212107,0.012023879,0.011032322,0.011192961,0.012751158,0.012615708,0.007264545,0.018068853,0.00836844,0.005440471,0.004983649,0.073018274,0.007724105,0.007868796,0.053852998,0.009532982,0.009850858,0.00918242,0.010832182,0.010136477,0.01057725,0.01055836,0.011581666,0.008347576,0.010519106,0.049611904,0.003503488,0.004308374,0.005373765,0.009849893,0.034310365,0.006821162,0.007951373,0.0063644,0.004883307,0.005844865,0.005940416,0.004157838,0.007727002,0.00144932,0.007598137,0.007104223,0.005593882,0.006517965,0.005483324,0.006000164,0.006440762,0.006248005,0.006039183,0.007483315,0.003291236,0.004560692
SCARNA22,0.141526411,0.087971816,0.219374638,0.057649139,0.060231263,0.091041192,0.008258764,0.012761352,0.004411244,0.448267795,0.006048585,0.001661551,0.310822416,0.014906118,0.005604935,0.077523349,0.06966224,0.018978678,0.021472207,0.024931998,0.086041645,0.043920261,0.033968429,0.011292834,0.014944029,0.052018598,0.060377332,0.116899978,0.037471588,0.014876017,0.049816364,0.056034078,0.016403942,0.041115746,0.023536308,0.032019563,0.010875213,0.026375157,0.03388276,0.019556683,0.018450255,0.023175275,0.004186509,0.006906422,0.007757843,0.030800487,0.006199689,0.040892454,0.014280844,0.021409426,0.009078112,0.006552105,0.006169829,0.005751398,0.015338482,0.013073233,0.015395826,0.020886839,0.137981093,0.03875829,0.010078237,0.008896053,0.007715224,0.00814739,0.009525828,0.009267562,0.005332257,0.02511353,0.00580211,0.003955494,0.005666667,0.018386513,0.005597385,0.005670582,0.086921476,0.007140082,0.008071387,0.006312605,0.008637882,0.007696725,0.00836456,0.011913091,0.01300584,0.010040817,0.013855374,0.065070426,0.002093854,0.005333063,0.006690392,0.010961064,0.022606585,0.005073126,0.006207431,0.004780487,0.003607316,0.004657898,0.004338945,0.007851772,0.013586068,2.51982E-05,0.010361376,0.0098311,0.009161751,0.009649484,0.008794378,0.009018158,0.009316566,0.009201591,0.009475384,0.010397997,0.006836533,0.008376581
SCARNA3,0.120367481,0.126510633,0.330858832,0.087352383,0.041942024,0.075228725,0.007505015,0.037168028,0.008309645,0.760404965,0.010405982,0.007843503,0.374516885,0.01489796,0.010136096,0.077817951,0.043819687,0.014011226,0.01287725,0.013548692,0.080951816,0.034739946,0.022333734,0.00994625,0.009748257,0.036794521,0.035614713,0.084546884,0.024098352,0.009814403,0.027955807,0.0403592,0.016510656,0.027100287,0.01574772,0.02036698,0.009632067,0.024085937,0.032249864,0.011373251,0.009437548,0.008870519,0.011703857,0.010614756,0.007638955,0.018197835,0.007449241,0.028463774,0.008213564,0.015240078,0.009230768,0.007451727,0.007450307,0.007442664,0.017493258,0.008635069,0.012444431,0.019456136,0.100036336,0.046864937,0.009271121,0.008094963,0.008384698,0.007873997,0.008296165,0.008896331,0.008228842,0.02426452,0.007433748,0.007759375,0.014017355,0.14589976,0.007715121,0.007753283,0.064074593,0.009127669,0.00912215,0.007622206,0.009196128,0.008600673,0.009046801,0.013463303,0.014117802,0.012934912,0.015917413,0.059287735,0.010152786,0.010749202,0.011856109,0.021650076,0.048639729,0.009613646,0.010603536,0.008404929,0.008244141,0.009383326,0.008274507,0.01481986,0.018386353,0.010697327,0.014513758,0.014089051,0.014498343,0.014412073,0.014157541,0.014001924,0.014023439,0.014015325,0.014647286,0.014538234,0.014332,0.014291428
SCARNA4,0.062812615,0.117368613,0.194667485,0.07184533,0.002983793,0.0208449,2.93539E-05,0.024044578,0.000881336,0.671229776,0.002550993,0.000268144,0.156756772,0.005954608,0.001196942,0.041622817,0.006442249,6.40743E-05,0.002040433,4.95505E-57,0.044434389,0.001420715,0.000472151,0.000337135,2.43168E-37,0.00297347,0.004954788,0.094497085,0.001350902,3.23514E-06,0.002367923,0.006631473,5.14659E-57,0.001278244,0.000176683,0.000680588,0.00032302,5.15471E-57,0.00844414,4.98808E-57,0.000827913,3.2884E-07,0.00388994,0.001477206,0.000102546,0.000296628,3.85162E-09,0.009143363,0.00106321,0.000162218,0.000404504,4.95969E-57,5.1187E-26,4.28466E-30,2.17689E-11,0.000549421,0.000385368,4.97625E-57,0.130059715,0.031654793,0.002079878,0.00092212,0.000789817,0.000619027,0.001153242,0.001504453,0.000824575,0.000598462,6.26615E-56,0.000383119,0.001516397,0.088484121,0.00039199,0.000401127,0.079533975,0.001141938,0.0010087,0.000100313,0.000533499,0.000292241,0.000276499,3.53896E-05,9.87118E-05,6.69053E-55,4.98206E-57,0.064385747,0.001870279,0.001320508,0.001052112,0.007785963,0.036077024,0.001933989,0.001833898,0.001013102,0.000786489,0.001943364,0.000803852,0.000662606,0.000548863,0.001839056,0.000320031,0.000267908,8.5045E-05,0.000130338,9.80645E-05,0.000103618,0.000118924,0.000105965,0.000226874,0.000319381,0.000852278,3.52397E-05
SCARNA5,0.065788552,0.072334684,0.1294076,0.043076728,0.01948909,0.035849437,0.004099491,0.01417447,0.002399677,0.410178051,0.003799714,0.000934581,0.128843513,0.008398766,0.002544627,0.043461867,0.026903266,0.007233266,0.01013095,0.010315342,0.046854592,0.013379906,0.012012803,0.004943677,0.006650028,0.017898212,0.023551342,0.068351767,0.013897607,0.006594537,0.01944625,0.021443751,0.005089027,0.015180501,0.008952337,0.011953364,0.004807885,0.007475083,0.014577176,0.008388831,0.009448499,0.011031454,0.00306074,0.003078999,0.003898893,0.011767679,0.003063089,0.018957459,0.007240045,0.008051816,0.004195435,0.003249491,0.003055985,0.002736587,0.004133213,0.006204802,0.006108814,0.006302293,0.087264398,0.026568833,0.005420404,0.004504246,0.004085169,0.004132708,0.004905911,0.004956292,0.002834527,0.007140962,0.002877263,0.002023077,0.002316699,0.049781263,0.002829116,0.002879841,0.054626065,0.003736552,0.003864609,0.003183292,0.003998389,0.003622127,0.003799234,0.00391627,0.004307907,0.003113055,0.004008236,0.043562102,0.001825074,0.002044552,0.002354274,0.005497348,0.021604108,0.003087764,0.003438693,0.002598875,0.001988931,0.002792123,0.002359572,0.001905615,0.003354005,0.00100283,0.003021011,0.002827086,0.002259409,0.002579871,0.002202298,0.002360001,0.002533769,0.002465875,0.002464129,0.002993138,0.00170101,0.001880437
SCARNA7,0.061047191,0.103452531,0.187896126,0.076237465,0.008239683,0.028022901,0.001718435,0.022528077,0.001391195,0.648779962,0.002787155,0.000550394,0.152927619,0.007425002,0.001568765,0.046468147,0.014467041,0.002753186,0.004995126,0.004022261,0.050185352,0.00509169,0.004558607,0.002105749,0.002661678,0.008454049,0.012273738,0.06449159,0.005767089,0.002637731,0.009016794,0.012518801,0.001734878,0.006397611,0.003440616,0.00491283,0.002048579,0.00240969,0.011184361,0.003314765,0.0043883,0.004513635,0.003976057,0.001905599,0.001685097,0.004554767,0.001287083,0.013669349,0.003412425,0.003081115,0.001965674,0.001349279,0.001274053,0.001279374,0.001404036,0.002865694,0.002489735,0.00211371,0.086498634,0.033499027,0.003134491,0.00228059,0.002082343,0.001952107,0.002485846,0.002717647,0.001540893,0.002681175,0.001195074,0.001012772,0.001706011,0.076663267,0.001331596,0.001360242,0.053418578,0.002070792,0.001982476,0.001384208,0.001845385,0.001622313,0.001657788,0.001397002,0.001578015,0.001074711,0.001309589,0.047868487,0.001757384,0.001422157,0.00138783,0.007897024,0.03455554,0.002193337,0.00230331,0.001529533,0.001186333,0.002030507,0.001347966,0.000982433,0.001207395,0.001526248,0.001151516,0.001047134,0.000707008,0.000876627,0.000712853,0.000803951,0.000865375,0.000827354,0.000861931,0.001126337,0.000894984,0.00052956
SCARNA8,0.103763994,0.110912567,0.264850872,0.072945984,0.03113711,0.06057888,0.002239626,0.023083288,0.00166361,0.683404091,0.00311296,0.000619671,0.293572319,0.009100969,0.00277358,0.064590134,0.036059582,0.007863719,0.008284677,0.009269005,0.070554082,0.023441698,0.015465548,0.004128979,0.004977963,0.027358499,0.029819178,0.08118616,0.017200878,0.004991014,0.022726574,0.030965338,0.008198845,0.019239409,0.009838616,0.014273239,0.003889448,0.014057521,0.022012637,0.00690265,0.005766414,0.006831214,0.004160127,0.003370964,0.002162687,0.012853688,0.001664498,0.022957921,0.004363558,0.009063758,0.003184497,0.001765789,0.001660637,0.001497478,0.008293377,0.00408139,0.006309677,0.010658971,0.099919367,0.038733324,0.003790617,0.002819848,0.002545043,0.002495607,0.00313193,0.003306754,0.001876368,0.014007266,0.001563518,0.001254758,0.004244375,0.071869576,0.001695599,0.001727396,0.061788487,0.002747366,0.00304593,0.001772032,0.003129484,0.002579852,0.002949916,0.005730797,0.006295327,0.005003651,0.007283934,0.053932017,0.001769021,0.002986492,0.003753573,0.011696494,0.03619577,0.002471365,0.003130381,0.001825062,0.001402231,0.002310677,0.001610833,0.005383882,0.008306381,0.001318864,0.005759991,0.005445466,0.005410939,0.005504397,0.00516602,0.00515509,0.005252272,0.00521877,0.005570559,0.005790452,0.004781664,0.005110951
SCARNA9,0.205700818,0.098989623,0.189099447,0.612465311,0.123895108,0.159735809,0.033958076,0.02171573,0.021715259,0.471528472,0.024370971,0.015381262,0.272132894,0.049443372,0.024203005,0.137947922,0.141808136,0.050230231,0.062064305,0.068387506,0.150270023,0.078302715,0.0753126,0.037225301,0.047866871,0.100015007,0.131190671,0.148955583,0.083509407,0.047507693,0.116566164,0.113016547,0.037491373,0.095627861,0.059604437,0.074772194,0.036652108,0.049855181,0.066877394,0.057660094,0.061913147,0.073537442,0.024458251,0.028937842,0.032604532,0.075131022,0.02877295,0.096464424,0.048874628,0.054422726,0.038063979,0.02867057,0.027934222,0.03702318,0.0401758,0.053144921,0.043216379,0.043797691,0.164399546,0.075909465,0.036532768,0.037773717,0.031517101,0.031870002,0.034961155,0.034634079,0.024348455,0.046223832,0.026476212,0.021583111,0.01777449,0.027033676,0.025489879,0.025595194,0.111599514,0.028485626,0.030193678,0.028176469,0.031463797,0.030932418,0.03104344,0.031018164,0.033265751,0.027525369,0.031143939,0.086101283,0.014999689,0.027365138,0.026943542,0.040542836,0.031433448,0.022732157,0.024408393,0.022883257,0.019637969,0.021271612,0.021676414,0.017944907,0.026098616,0.010765193,0.025641334,0.024635064,0.021558542,0.023543403,0.021787903,0.0239564,0.023336599,0.022856034,0.022481152,0.025491348,0.017075599,0.019883489
SNHG1,0.943770724,0.217579103,0.559665325,0.17688465,0.638632068,0.824807435,0.250161481,0.132365783,0.174633686,0.994238595,0.188220694,0.13948328,1.063505917,0.275191269,0.170710648,0.72527369,0.826925912,0.341691099,0.39924376,0.441096166,0.775320876,0.48299863,0.474600744,0.266892438,0.32959104,0.604447574,0.751938991,0.361615876,0.516876897,0.327203529,0.677048921,0.650818506,0.268419312,0.559679881,0.392042322,0.473047698,0.263195514,0.334623744,0.4104283,0.383223097,0.409052597,0.471888713,0.140616042,0.181855731,0.239558314,0.47392869,0.214260562,0.5408139,0.326878161,0.361013986,0.241524377,0.220442078,0.214057376,0.20198736,0.232872403,0.30129761,0.298179294,0.301763346,0.248236516,0.382358576,0.247343615,0.240263931,0.229932531,0.234115448,0.248835331,0.244098898,0.189688279,0.310324883,0.207576528,0.172161519,0.156544908,0.138981154,0.197100043,0.198665076,0.237642405,0.212011603,0.217179526,0.215782116,0.231604089,0.224991407,0.230370608,0.232072888,0.242911974,0.207219894,0.231954284,0.226161189,0.138614757,0.150250856,0.164594576,0.140071818,0.148458131,0.176843152,0.189690432,0.178453403,0.163109867,0.166197131,0.175020029,0.154426267,0.196855732,0.113915497,0.196658048,0.191672934,0.175981317,0.185886179,0.174470689,0.179736803,0.185149615,0.183177794,0.179969891,0.195467872,0.144439156,0.164771645
SNHG10,0.118437191,0.074452037,0.211566529,0.044153879,0.050309069,0.078518409,0.005648742,0.012036569,0.003010692,0.418545087,0.004138416,0.001120994,0.294125332,0.01127368,0.004221793,0.065848923,0.056900986,0.014869433,0.015635084,0.018830288,0.073330511,0.037545476,0.027452878,0.008355917,0.010888485,0.043585193,0.048645071,0.08273478,0.030017901,0.01086194,0.039488543,0.046475724,0.013836927,0.033095879,0.018467377,0.025542211,0.007992074,0.022850815,0.028517327,0.014516887,0.012772416,0.01627334,0.003300363,0.005173782,0.005304718,0.024130438,0.004227329,0.032484296,0.009778329,0.016876775,0.006496555,0.004484584,0.004217528,0.003789778,0.013287692,0.009064562,0.011899781,0.017769611,0.094290101,0.033009168,0.006883082,0.006030907,0.005275852,0.005579074,0.006522053,0.006338593,0.003642466,0.021949186,0.003970876,0.002690621,0.004999679,0.017342248,0.00382518,0.003877415,0.059402176,0.005000121,0.005769033,0.004317736,0.006263948,0.005488967,0.006092197,0.009877301,0.010777779,0.008449591,0.01193452,0.047000067,0.001425921,0.004158619,0.005462162,0.010118528,0.021292488,0.003461725,0.00448608,0.003258538,0.002459455,0.003174508,0.00296151,0.007341455,0.012293893,1.98009E-08,0.008995116,0.008543994,0.008255057,0.008538158,0.007891355,0.007980718,0.008204393,0.008131538,0.008463035,0.009042435,0.00634445,0.007677862
SNHG11,0.18635005,0.091193874,0.294471967,0.051333613,0.087754944,0.130320714,0.010954597,0.015810604,0.005653607,0.498896897,0.007838027,0.00223484,0.442006357,0.0187457,0.007542474,0.104769874,0.100225548,0.027043643,0.029148694,0.03486932,0.114456581,0.06541206,0.049077368,0.015529946,0.02050771,0.076128489,0.085796842,0.117455205,0.0539674,0.020438383,0.070930734,0.081005681,0.024369536,0.059971978,0.033523051,0.045897971,0.014871525,0.039777295,0.048624552,0.027101463,0.024995231,0.031199302,0.004734777,0.009140746,0.010336321,0.043805287,0.008204031,0.055839659,0.018522185,0.03057019,0.012304784,0.008703288,0.00818501,0.007350112,0.023022968,0.017133699,0.021645229,0.031178476,0.12736898,0.047853959,0.012740372,0.011309905,0.010208932,0.010562648,0.012189567,0.011959491,0.006873337,0.037861334,0.007706329,0.005094814,0.009247657,0.04471621,0.007256629,0.007378289,0.081269253,0.009463339,0.010573199,0.008420353,0.011702191,0.010405032,0.011448056,0.017543225,0.019167985,0.014884109,0.02082728,0.062923518,0.003052934,0.007011474,0.00942779,0.014386661,0.025452955,0.006513304,0.008485119,0.006079131,0.00462958,0.005766142,0.00560554,0.012254789,0.020875411,0.000749325,0.015661566,0.014832689,0.014159322,0.014772793,0.013559071,0.013780003,0.014222014,0.014071299,0.014557708,0.015691324,0.010691487,0.013052276
SNHG12,0.648731687,0.159083072,0.407864625,0.146652234,0.44534367,0.579823429,0.180249653,0.10207632,0.127244339,0.860632516,0.13636949,0.102636732,0.716645155,0.19820422,0.123840852,0.520091235,0.583045148,0.242990955,0.285261499,0.31482487,0.557046439,0.337003222,0.335216467,0.191678867,0.236273849,0.424250518,0.531548553,0.199942358,0.365459149,0.234628489,0.47904448,0.459273155,0.190480216,0.395356594,0.278488931,0.335370674,0.189075516,0.234926344,0.291443756,0.274003341,0.293281077,0.338293531,0.10390594,0.131410467,0.173740123,0.337111747,0.155745428,0.386117915,0.235630532,0.257480228,0.174628526,0.160103133,0.155595344,0.147429925,0.165795763,0.217834474,0.213505711,0.213604101,0.103025008,0.281729435,0.178662992,0.174248152,0.16740612,0.170188606,0.180149916,0.176796783,0.138001288,0.2187567,0.151102978,0.125677033,0.11346543,0.109096509,0.143727209,0.144847573,0.125239964,0.153905164,0.157248343,0.156956408,0.167532206,0.163097951,0.166759646,0.166371605,0.173890333,0.148840077,0.165389034,0.138171021,0.101696573,0.108834832,0.118853051,0.102910438,0.116704986,0.128453972,0.13749885,0.129851943,0.119140393,0.120807648,0.127569883,0.111093898,0.139551919,0.084561313,0.140890238,0.137442912,0.126184005,0.133272534,0.125227163,0.129031778,0.132876084,0.131459163,0.128955679,0.13999853,0.103880524,0.118240862
SNHG14,0.524748043,0.102088925,0.402885192,0.811127947,0.340457611,0.457894033,0.078419599,0.020377369,0.036260703,0.845304054,0.043320852,0.016569772,0.706154092,0.106130963,0.038405031,0.384832999,0.431360147,0.133711476,0.167555301,0.193338087,0.419213516,0.225325835,0.215782174,0.089342357,0.125443506,0.297173261,0.389334501,0.142769495,0.241621756,0.124320307,0.342351568,0.331101302,0.092461495,0.274082071,0.164247546,0.214372645,0.087134175,0.134190437,0.182131136,0.157741679,0.170975179,0.209238252,0.027949606,0.048092906,0.074023974,0.215199249,0.060156421,0.265355823,0.124888691,0.14751346,0.0820771,0.062127445,0.058964595,0.067378817,0.085038437,0.123080541,0.109428807,0.114097911,0.073441522,0.179664035,0.080008205,0.080460054,0.069527224,0.071093031,0.079371275,0.077297118,0.045068009,0.121632507,0.055047904,0.035682795,0.027001148,0.029359645,0.049829905,0.050533468,0.068929797,0.05854878,0.062399238,0.06010622,0.069760215,0.066933324,0.069106281,0.071267524,0.078158957,0.057894868,0.072160625,0.070646442,0.014997482,0.035240023,0.04051457,0.050838255,0.037014236,0.037600069,0.044967106,0.038924943,0.029692129,0.031696499,0.036456404,0.026808683,0.053139271,0.001710605,0.051704427,0.048511074,0.039350371,0.045374695,0.039004003,0.043665547,0.044726799,0.043397916,0.041827547,0.051059799,0.02150286,0.033154162
SNHG15,0.700278958,0.172391268,0.511395763,0.107525387,0.428015868,0.575433687,0.12550595,0.054338117,0.074198242,0.941029734,0.084891078,0.048998832,0.934527564,0.147416744,0.072966758,0.495682,0.557472208,0.195046498,0.235159393,0.265265188,0.534302711,0.311804121,0.295861547,0.139663126,0.183279406,0.396818684,0.499897117,0.305348847,0.327042504,0.181804782,0.441292423,0.431146044,0.14586999,0.358248512,0.232049753,0.292780699,0.136817006,0.19849892,0.254573208,0.222396668,0.237848933,0.282921712,0.051528581,0.081277752,0.118949333,0.292673249,0.101127855,0.344457112,0.181568653,0.210728532,0.121545132,0.105429276,0.100975127,0.093048383,0.122654579,0.164199243,0.164278855,0.172266542,0.254279302,0.236957277,0.126650369,0.120815857,0.113416669,0.116312474,0.126976135,0.123851473,0.084780552,0.182254573,0.096657092,0.072078798,0.064714239,0.089000132,0.089903452,0.090990003,0.196528777,0.101129051,0.105184866,0.102433895,0.114927479,0.109711337,0.113849934,0.118602953,0.126664379,0.100795894,0.1205376,0.165000521,0.049345551,0.059409585,0.070057504,0.057064681,0.07068818,0.076481621,0.085971516,0.076987782,0.066064019,0.069179033,0.074372167,0.064717295,0.09786695,0.031772378,0.094401679,0.090637532,0.079938751,0.086771079,0.078579541,0.082151746,0.085946717,0.0845594,0.082815198,0.093663751,0.057524538,0.071927131
SNHG16,0.805633221,0.211658928,0.413872834,0.138652136,0.518451427,0.672456386,0.192270093,0.09358999,0.129953648,0.886316382,0.142679114,0.098657049,0.813755615,0.215365338,0.125990306,0.598204993,0.681803503,0.26812787,0.324323005,0.357438917,0.642921132,0.383259861,0.381627987,0.206984723,0.260892097,0.486889593,0.62094938,0.400020481,0.419979341,0.259041697,0.556511179,0.530892607,0.20376168,0.454353525,0.311960925,0.381317155,0.203814316,0.256988311,0.32665381,0.30710243,0.330926114,0.386897351,0.100267898,0.135779234,0.185543013,0.385375494,0.163414667,0.445138157,0.264062637,0.287455368,0.186733989,0.168710196,0.163222469,0.153924374,0.174604348,0.241685113,0.234227865,0.232220302,0.354475149,0.311541186,0.195632737,0.188745096,0.179631576,0.183338104,0.196283501,0.192244971,0.143174834,0.238546355,0.157987551,0.127408759,0.111170224,0.100883244,0.150090771,0.151421099,0.28226137,0.163008655,0.167453333,0.16519173,0.178718254,0.172884779,0.177271897,0.175608304,0.184725532,0.15418408,0.173935894,0.23569852,0.098460405,0.108041269,0.119353226,0.09617908,0.108165456,0.1324221,0.142788053,0.133371645,0.119875902,0.123579544,0.130161136,0.107656645,0.142787719,0.076419122,0.144499887,0.140372029,0.126212538,0.134908419,0.125087266,0.129780558,0.134485151,0.132732023,0.129737008,0.143502284,0.099931388,0.11648177
SNHG17,0.196887266,0.111156428,0.231353921,0.074268427,0.099655557,0.147555418,0.029015226,0.025862142,0.016233325,0.700139161,0.019589232,0.009484012,0.285113308,0.03808529,0.015595056,0.146543767,0.137277684,0.045182051,0.057454269,0.063728765,0.159121173,0.070522715,0.069320065,0.032265993,0.043408837,0.093989678,0.123203792,0.10538508,0.077681342,0.04303448,0.107568579,0.105696142,0.031767554,0.085064588,0.054412321,0.069497953,0.031586631,0.043227338,0.063711721,0.053128576,0.058372721,0.069656169,0.012489212,0.017741684,0.0275612,0.069783123,0.022884715,0.08892129,0.044236652,0.049207965,0.02798619,0.02399387,0.022843987,0.020898193,0.025657207,0.039409849,0.038051215,0.037835258,0.107539564,0.078887831,0.030343968,0.028448564,0.026529023,0.027200433,0.030114058,0.029435239,0.018972659,0.039708203,0.021764138,0.015506671,0.012885685,0.061202604,0.020212295,0.020497388,0.07509036,0.023255183,0.024109876,0.023308787,0.026342805,0.025022211,0.02595414,0.025727617,0.027685561,0.021220991,0.025475096,0.066788971,0.010141374,0.011895762,0.014226167,0.015210135,0.039301541,0.017188928,0.019381831,0.016996996,0.014099278,0.015305475,0.016251721,0.011998216,0.019244107,0.00559025,0.019365219,0.018460213,0.015457388,0.017290375,0.015212895,0.016189182,0.017179939,0.016808688,0.016252057,0.019152268,0.010225477,0.013394712
SNHG18,0.218961692,0.080502908,0.251896598,0.066718698,0.114718951,0.162529997,0.020667355,0.011674647,0.00996175,0.436385133,0.012702924,0.004059394,0.411336587,0.029218811,0.011091934,0.132857391,0.140412347,0.041027247,0.048359375,0.056466215,0.14575539,0.082558915,0.069935494,0.025706021,0.03522008,0.101671715,0.123351683,0.125651706,0.077572259,0.034980357,0.105174116,0.109811177,0.032154675,0.085797606,0.050623238,0.067432327,0.024882772,0.049618312,0.063032999,0.045167622,0.04579906,0.056733559,0.006309335,0.013471031,0.019449028,0.066264417,0.015538706,0.081624129,0.034036793,0.045776084,0.02125232,0.016429491,0.015468538,0.014337399,0.028417773,0.031006263,0.033302539,0.040419646,0.128902174,0.060285443,0.02233719,0.020742656,0.018640996,0.019397917,0.022013361,0.021328574,0.012305317,0.04618011,0.014548703,0.009345586,0.010327722,0.016820792,0.013380188,0.013597725,0.085204307,0.016307315,0.017770137,0.015827646,0.019769897,0.018197362,0.019427634,0.023943847,0.026145208,0.019698706,0.026305134,0.065129604,0.004295306,0.009131278,0.012021298,0.013751818,0.020867439,0.010732354,0.01325489,0.010667359,0.008114115,0.009303041,0.00993835,0.012647097,0.023028123,5.55658E-05,0.0191832,0.018127879,0.016116676,0.017503239,0.015554912,0.016272375,0.017036103,0.016733889,0.016783663,0.019116923,0.010610181,0.014266562
SNHG19,0.08238198,0.068566501,0.130734512,0.069668342,0.032201544,0.0518903,0.006935372,0.011238602,0.003563917,0.394074439,0.004719364,0.001422185,0.148467658,0.011934771,0.003758825,0.053587781,0.042235198,0.01219184,0.015827786,0.017426912,0.059660937,0.021791895,0.020075657,0.008171532,0.011232544,0.0288975,0.037768518,0.069699551,0.022600275,0.01113595,0.031878938,0.033029943,0.008605211,0.024746367,0.015042385,0.019899116,0.007970585,0.012644166,0.020202969,0.01417088,0.015193562,0.018630003,0.003771729,0.004670099,0.006524134,0.01974155,0.005244714,0.028131873,0.011714987,0.013528117,0.007065008,0.005498615,0.005191909,0.005212635,0.00742736,0.010680571,0.010134707,0.010657841,0.084411932,0.031115088,0.008068154,0.007391656,0.006384392,0.006679374,0.007714349,0.007510049,0.004338134,0.011812038,0.004870185,0.003280303,0.002541757,0.01619254,0.00461734,0.004678065,0.053750979,0.005599048,0.006067838,0.005305248,0.00645758,0.005990159,0.006256314,0.006588408,0.00720596,0.005315122,0.006779481,0.04307667,0.001636633,0.003267027,0.003735795,0.007020204,0.019904073,0.00399452,0.004527314,0.003854591,0.002916529,0.003597284,0.003525555,0.00289302,0.005383613,6.60837E-05,0.004907155,0.004630435,0.003768291,0.004279725,0.003686383,0.004010652,0.00420928,0.004100237,0.00402617,0.004882145,0.00234824,0.003191017
SNHG20,0.559095013,0.114892867,0.361892627,0.101397172,0.364206675,0.492467651,0.11857814,0.049877973,0.06970276,0.871721738,0.078152287,0.046915478,0.638301889,0.136169093,0.06653296,0.440680729,0.492977891,0.176664457,0.216143246,0.243581807,0.476188349,0.263553207,0.262188647,0.129245586,0.170530258,0.344946525,0.445243863,0.136609308,0.29033671,0.16909603,0.395992094,0.378346533,0.127882312,0.317968532,0.209573693,0.262523751,0.126826104,0.168945194,0.222896395,0.205558268,0.223422786,0.265379739,0.048632646,0.073503109,0.112777935,0.264217578,0.096065557,0.311226227,0.170275592,0.190389089,0.113567423,0.100095844,0.095920215,0.088603936,0.105269947,0.153944367,0.149632116,0.149529728,0.047247616,0.218921323,0.117478749,0.113415512,0.107118049,0.109679994,0.118869046,0.115767052,0.079711966,0.154303346,0.091907248,0.068260428,0.056885916,0.05821214,0.085085505,0.086122342,0.067808294,0.094488132,0.09757057,0.097299625,0.107070677,0.102965125,0.106351947,0.105872977,0.112825024,0.089646675,0.104898689,0.082513245,0.04600258,0.052592854,0.061818994,0.048387839,0.06620932,0.070817029,0.079178487,0.072119882,0.062214377,0.063727368,0.069997416,0.054550582,0.080805051,0.030123467,0.082142053,0.078949507,0.06848658,0.075068899,0.067604255,0.071143218,0.07470853,0.07339013,0.071054052,0.081315474,0.047811308,0.061106859
SNHG21,0.042162988,0.069773136,0.114723555,0.060775532,0.004329128,0.01493637,3.63956E-05,0.011228775,0.000470611,0.379910299,0.001006538,8.51844E-05,0.103384314,0.003890414,0.0008072,0.023328508,0.004960585,0.000440836,0.001121586,0.000372579,0.026945356,0.002320024,0.001209931,0.000325675,0.000138747,0.003226674,0.00438173,0.064718708,0.001478626,0.000143002,0.002407542,0.004889659,0.000552568,0.001246427,0.000618462,0.001142695,0.000329063,0.001016521,0.004922007,0.000238391,2.88464E-05,8.52969E-05,0.00246245,0.001134689,2.39486E-05,0.000845966,4.97174E-05,0.006079167,0.000723904,0.000580205,0.000376076,7.80028E-06,2.16132E-05,0.000408328,0.000914465,0.000744434,0.000544061,0.000735709,0.088248973,0.018472283,0.001234324,0.000785309,0.000305928,0.00042019,0.000762849,0.000794022,0.000454514,0.001345415,7.89453E-06,0.000277293,0.000253143,0.016178381,0.000286076,0.000267204,0.053965915,0.000527401,0.000734425,1.52298E-05,0.000360664,0.000211698,0.000204029,0.000364941,0.000407519,0.000372061,0.000519291,0.042115779,0.000406131,0.001289224,0.001008415,0.005592262,0.019788928,0.000835527,0.000665914,0.000572063,0.000404118,0.00099927,0.000405986,0.000717386,0.00093874,4.54885E-05,0.000515486,0.0005066,0.000437198,0.000435457,0.000433474,0.000466988,0.000411041,0.000407571,0.000496217,0.000553244,0.000696255,0.000441455
SNHG22,0.145056569,0.063826016,0.132616403,0.06593408,0.084600002,0.115853149,0.03007631,0.020622309,0.020183675,0.35338403,0.022275773,0.015174559,0.188533358,0.035777066,0.019780791,0.108041802,0.111125316,0.042494705,0.051257273,0.056536391,0.117154394,0.061995814,0.060966614,0.032522216,0.041043712,0.0792598,0.10092822,0.074317795,0.067073062,0.040747298,0.089617542,0.087101838,0.032405224,0.072790441,0.049530611,0.060921227,0.032014523,0.041315689,0.05435346,0.048456462,0.052042356,0.060911129,0.016787669,0.021486532,0.028924972,0.061216135,0.025447669,0.073553485,0.041428106,0.045540785,0.029394452,0.026244276,0.025386804,0.024299074,0.028095096,0.038190975,0.036961608,0.037065808,0.070392542,0.059359705,0.030704906,0.029634167,0.027961529,0.028556294,0.030684609,0.03006347,0.022270871,0.038459024,0.024530944,0.019768795,0.017361547,0.024529265,0.023311275,0.023514203,0.053241544,0.025428622,0.026212103,0.025678541,0.027944495,0.027004292,0.02769501,0.02769401,0.029183573,0.02430954,0.027589081,0.04727315,0.015174923,0.017267401,0.018987647,0.018446164,0.027757072,0.020643375,0.022287909,0.020756852,0.018574819,0.019269657,0.020205688,0.017143637,0.022839309,0.011638543,0.022846367,0.022170212,0.019937372,0.021315694,0.019757325,0.020538415,0.02122352,0.020942649,0.02051175,0.022697857,0.015782851,0.018401294
SNHG25,0.104329482,0.079480424,0.140273068,0.05411904,0.041250772,0.063625732,0.008977577,0.011588472,0.004665482,0.410031461,0.006281576,0.001794733,0.171749851,0.014499611,0.004809012,0.063632257,0.053895242,0.015816542,0.02068542,0.022604626,0.070579621,0.028347498,0.026076644,0.010619951,0.014573326,0.037012496,0.048164753,0.100863696,0.029389937,0.014447815,0.040847239,0.041810941,0.011149268,0.03184344,0.019525055,0.025714352,0.010357348,0.01637529,0.025213788,0.018383408,0.019717875,0.024175945,0.004077896,0.005917849,0.008436472,0.025632057,0.006742582,0.035137703,0.015318315,0.017559151,0.008932464,0.007126263,0.00671036,0.006238951,0.009231552,0.013504567,0.013179358,0.01380698,0.123901997,0.0353926,0.010608055,0.009488704,0.008306441,0.008736863,0.010134705,0.00984952,0.005671276,0.015232829,0.006310538,0.004233532,0.003271979,0.016696631,0.006009042,0.006092641,0.07853475,0.00731687,0.007926362,0.006865704,0.008404008,0.007731286,0.008114336,0.008538117,0.00932617,0.006841117,0.008780848,0.059075415,0.002162396,0.003909516,0.004594773,0.00688893,0.0205498,0.005278226,0.005951412,0.005040667,0.003811419,0.004779903,0.004605876,0.003640236,0.006983058,2.69947E-05,0.006334964,0.00598416,0.004856266,0.005509519,0.004726716,0.005091606,0.005421209,0.005285302,0.00519328,0.006307509,0.003028667,0.004092206
SNHG3,0.553269724,0.10419561,0.392199367,0.075477863,0.339650319,0.470331793,0.084275808,0.02323049,0.038443439,0.870394871,0.047414164,0.016283083,0.708090928,0.102873734,0.036375857,0.411396255,0.46131344,0.143568318,0.181432791,0.208368851,0.445773413,0.238593542,0.230725702,0.096128501,0.135591668,0.316219953,0.412109839,0.15026206,0.258939608,0.134358407,0.36138857,0.349321615,0.098211177,0.286611344,0.176312736,0.229712734,0.093616141,0.141710518,0.194565367,0.170257089,0.185915493,0.226727626,0.018339089,0.043319784,0.07941414,0.231038435,0.063250132,0.277767696,0.135395142,0.158263421,0.080977763,0.067099233,0.063103496,0.056495037,0.077697868,0.120217618,0.117480516,0.120986176,0.076448455,0.186871005,0.085180164,0.080775201,0.074836061,0.077124356,0.086081893,0.083323399,0.048080291,0.128140043,0.059413036,0.036807137,0.028697239,0.065525393,0.053220505,0.054222119,0.072813764,0.062818939,0.065907813,0.064662504,0.074898689,0.070613507,0.074105392,0.075951947,0.082952454,0.060092505,0.076308161,0.074255351,0.01625628,0.02337232,0.032729899,0.02107349,0.038386824,0.040040678,0.048511915,0.040811316,0.031236438,0.03323269,0.038687675,0.026963467,0.054409516,0.001095208,0.053603751,0.050336848,0.040501806,0.046762211,0.039461147,0.042783533,0.046213123,0.044938184,0.043018578,0.052849961,0.020460896,0.033299942
SNHG4,0.334673268,0.092032572,0.398566738,0.072794208,0.208329846,0.282625302,0.053480989,0.07394589,0.03502307,0.580131224,0.047822188,0.024867044,0.586759238,0.064144522,0.037010641,0.26350776,0.264690883,0.08757784,0.107486199,0.115742893,0.248707252,0.156355149,0.135873179,0.061849808,0.078934172,0.189119894,0.227184256,0.108026829,0.154507871,0.078451693,0.201425276,0.211255811,0.070220465,0.177207288,0.104102288,0.132632902,0.060053422,0.098609929,0.135589094,0.096289706,0.107772348,0.118437265,0.026265816,0.040135299,0.052016136,0.131020749,0.043775842,0.155724483,0.075997525,0.095209608,0.055790689,0.04547593,0.043692828,0.040870018,0.062187841,0.070195745,0.073708884,0.083753576,0.068174762,0.108686836,0.0570005,0.051643055,0.052519178,0.049815078,0.054256278,0.056405983,0.038930121,0.091864208,0.041959311,0.032417864,0.048331647,0.663282524,0.039195854,0.039934142,0.059373239,0.04845504,0.046703888,0.045339159,0.051767405,0.049244469,0.051255581,0.05678507,0.061207243,0.048819548,0.059571283,0.057739814,0.036063996,0.030382179,0.036986591,0.03305238,0.05316634,0.041137214,0.047960414,0.03612659,0.031838127,0.035850905,0.035295764,0.036706096,0.053530797,0.034708566,0.049282755,0.0467101,0.042588801,0.045659509,0.041842629,0.043218785,0.044860394,0.044175966,0.044336697,0.048540992,0.035821509,0.03873596
SNHG5,0.573660135,0.180812803,0.414209979,0.124346241,0.358969785,0.472826092,0.130169437,0.075138177,0.090572774,0.833786012,0.098781319,0.070587654,0.715426378,0.147739026,0.089077372,0.417676152,0.462219204,0.182680855,0.216291771,0.239049195,0.449903274,0.268829389,0.260097481,0.140956316,0.175228464,0.335652774,0.419307476,0.282876794,0.284837912,0.174090355,0.373950547,0.36391507,0.143499379,0.308066173,0.211606837,0.258513403,0.138774114,0.182352714,0.227803157,0.205643938,0.218525866,0.254598638,0.072965423,0.095571456,0.125787814,0.259700793,0.111716829,0.301278995,0.175754419,0.195634128,0.127381702,0.115086041,0.1115964,0.105667085,0.125555015,0.161965321,0.159900883,0.16344892,0.252610519,0.221007735,0.132400388,0.127877674,0.121975383,0.124373334,0.132710005,0.130142964,0.09896348,0.170477338,0.10825335,0.088901415,0.081114733,0.083116463,0.103290386,0.104133169,0.199203111,0.111830576,0.115011664,0.112849678,0.122322438,0.118309306,0.121404673,0.123443918,0.129596408,0.109524493,0.124057839,0.171035226,0.070550135,0.078206563,0.086122299,0.075799199,0.090343667,0.0922242,0.099323164,0.092765802,0.084153607,0.086640121,0.090694673,0.080955716,0.10566521,0.056445459,0.10419,0.101366541,0.092746068,0.098152653,0.091789073,0.094655327,0.097639089,0.096536978,0.094983512,0.103614533,0.075418475,0.086496076
SNHG6,0.506002612,0.134259957,0.378348223,0.109099621,0.323340832,0.435672474,0.109959096,0.058108822,0.070180159,0.851704887,0.077601745,0.051205193,0.631427136,0.126109245,0.068147195,0.389615276,0.428382224,0.159795416,0.192003735,0.214837995,0.42007031,0.238044398,0.232959458,0.119589175,0.15344917,0.304983811,0.387066633,0.16222265,0.256618002,0.152296946,0.344314221,0.332966258,0.12057699,0.279889147,0.187483378,0.232445811,0.117506633,0.156762937,0.202161883,0.182795859,0.196548746,0.231259534,0.053357285,0.074094504,0.105339456,0.233416651,0.091554289,0.273999885,0.153056122,0.171660998,0.106467404,0.09486614,0.091435509,0.085479222,0.102419166,0.139739134,0.13724417,0.139325511,0.098727395,0.199781043,0.109949661,0.106247329,0.100984078,0.103077647,0.110806907,0.108335264,0.078402023,0.144836185,0.088136484,0.068832629,0.060898189,0.078480091,0.082736202,0.083588338,0.097257273,0.090801311,0.093492886,0.092625276,0.101205979,0.097609946,0.10053765,0.10154125,0.107446804,0.088028971,0.101525121,0.101105714,0.050881209,0.056977568,0.064835189,0.055536686,0.073599577,0.071393384,0.078478904,0.072210482,0.063986308,0.065611718,0.070394672,0.059702033,0.082549397,0.037732242,0.08235299,0.079622529,0.071150159,0.076513452,0.070309636,0.073165875,0.076098114,0.07501462,0.073292375,0.081706467,0.054045733,0.065037031
SNHG7,0.683548238,0.147978291,0.567649443,0.132360521,0.448739082,0.600274746,0.147470971,0.079339059,0.097494841,0.946379173,0.106396446,0.074162752,0.995937765,0.167571316,0.096632177,0.513411296,0.575357774,0.217026978,0.252352249,0.284624754,0.552392692,0.336552411,0.317011957,0.161774685,0.20408987,0.419684217,0.51703743,0.181319964,0.346752816,0.202714302,0.458734017,0.452407658,0.17135757,0.378803915,0.253230079,0.313602134,0.158875289,0.225262557,0.277595733,0.242409319,0.255551597,0.299508212,0.076069575,0.1042737,0.141470351,0.312674768,0.124317808,0.361879042,0.200111263,0.232763357,0.144249865,0.12844607,0.12417576,0.1166649,0.149718754,0.18464183,0.186487508,0.197922048,0.074442212,0.257587315,0.146286729,0.142002438,0.135633826,0.138154447,0.147606175,0.14453141,0.107701322,0.209538545,0.120028783,0.095943617,0.090882986,0.105674436,0.113075358,0.11414729,0.095501992,0.12349829,0.127293298,0.125629833,0.13756974,0.132722646,0.136912335,0.143793985,0.151771363,0.12646346,0.146749063,0.111164734,0.073603604,0.083469828,0.094802194,0.084690564,0.095770126,0.098798739,0.10873852,0.0999663,0.08984124,0.091491995,0.097812454,0.092562317,0.125358489,0.05750529,0.120777408,0.117010585,0.107252952,0.113708933,0.105780828,0.10912372,0.112758816,0.111433615,0.109858168,0.120039633,0.084587689,0.099538003
SNHG8,0.19945569,0.127454229,0.264615612,0.079483695,0.110145054,0.155322972,0.040349526,0.07656348,0.028356565,0.760901393,0.039967754,0.020984032,0.245598297,0.048981154,0.028228069,0.187398273,0.156838052,0.056067597,0.0762611,0.075987591,0.168444148,0.081348844,0.079856364,0.043749762,0.055194914,0.10438634,0.135231513,0.109223849,0.093669469,0.054769531,0.123091438,0.12455661,0.040864388,0.10825527,0.065538793,0.08061374,0.042737368,0.051278254,0.086933072,0.065225471,0.079686167,0.083619428,0.023580829,0.029977577,0.03951416,0.081245613,0.033512565,0.102441936,0.056332049,0.059860906,0.041020254,0.034715601,0.033470002,0.031241153,0.033815708,0.050879025,0.048729349,0.04655468,0.109677207,0.089384731,0.04434239,0.039282752,0.040739227,0.037951167,0.04135584,0.043758445,0.030951458,0.047333925,0.032252404,0.025895999,0.036084094,0.64360509,0.030487599,0.031073537,0.080567365,0.037747411,0.035029364,0.034866725,0.038098491,0.036700345,0.037516896,0.035346872,0.037923911,0.030266937,0.034099179,0.073218973,0.032011142,0.022254612,0.025589601,0.022793617,0.061632718,0.034277073,0.038417095,0.029179612,0.026113479,0.030095016,0.028550035,0.021256035,0.028110776,0.03228287,0.029820037,0.028224989,0.024488959,0.026944062,0.0244447,0.0255936,0.026810921,0.026285527,0.025926336,0.029096354,0.022191866,0.021821954
SNHG9,0.255814425,0.098150912,0.357959683,0.063356583,0.138982018,0.195904236,0.023837512,0.051769908,0.013262391,0.573373168,0.023592188,0.006429434,0.50434789,0.033434314,0.015595565,0.184730145,0.1739441,0.048359979,0.061836077,0.066089372,0.171793541,0.102232579,0.082954343,0.030485245,0.040960908,0.122535714,0.145931608,0.127363559,0.096388667,0.040724502,0.126812195,0.138788821,0.038585121,0.112696613,0.059674472,0.079746034,0.029162306,0.059998744,0.087722654,0.052698706,0.059973923,0.065594455,0.008577633,0.017851661,0.023272968,0.078076906,0.017867226,0.097243911,0.038994222,0.054014055,0.026663435,0.01892151,0.017805222,0.016246257,0.034253564,0.035530745,0.03921281,0.048617755,0.122259069,0.070586684,0.028152802,0.023602351,0.0245514,0.022221385,0.025393549,0.027438137,0.015651833,0.055942678,0.016754782,0.011047032,0.025619043,0.538458343,0.015328323,0.01583639,0.082111396,0.02242918,0.02096733,0.019087448,0.024047062,0.022091868,0.023546347,0.028906985,0.032074427,0.023609767,0.031753401,0.06498028,0.016019054,0.011643649,0.016284091,0.016222646,0.037315093,0.018523445,0.023417901,0.014049381,0.011206604,0.01490945,0.013401806,0.016835532,0.02937419,0.015877977,0.024876871,0.022976376,0.020466518,0.022420095,0.019856767,0.020673775,0.021721712,0.021267359,0.021737212,0.024380947,0.016672465,0.017877486
SNORA1,0.08459133,0.081272243,0.139680187,0.043471476,0.026971655,0.045195268,0.005094427,0.012551728,0.002948445,0.41247528,0.004349959,0.001060538,0.157836536,0.009999639,0.003224353,0.048720895,0.034540316,0.009526014,0.012672361,0.013314806,0.053962133,0.018700659,0.01617296,0.006320755,0.008448536,0.023896883,0.030526193,0.097738189,0.018327563,0.008383567,0.025165832,0.027391666,0.007060136,0.019615255,0.011811387,0.015769958,0.00615282,0.010643349,0.01764975,0.010742031,0.011348817,0.013821651,0.003313521,0.003981684,0.004791721,0.015519799,0.00380635,0.023353889,0.0091319,0.01065262,0.005204394,0.004037986,0.003797525,0.003402035,0.005955582,0.007846296,0.008015043,0.008811822,0.124957214,0.028892398,0.006789153,0.005714321,0.004938151,0.005214135,0.006223167,0.006116295,0.003505351,0.010139021,0.003575436,0.002534004,0.002407851,0.026550694,0.003564853,0.003610282,0.077982218,0.00454169,0.004961214,0.003903525,0.005049913,0.004525532,0.00478645,0.0053343,0.005832066,0.00431723,0.005672698,0.058320941,0.001664006,0.002798385,0.003171772,0.006193982,0.021202124,0.003600326,0.003958829,0.003212033,0.002421951,0.003378128,0.002877724,0.002756105,0.004998193,0.000289201,0.004207933,0.00398237,0.003325387,0.003686525,0.003217919,0.003397589,0.003605058,0.003528631,0.00355701,0.004211326,0.002428799,0.002870468
SNORA11E,0.076244903,0.113969242,0.112686498,0.042442361,0.005227126,0.012250447,4.97119E-05,0.012472107,0.001381772,0.393191895,0.003221652,0.00016384,0.111626943,0.005114703,0.001835699,0.023320014,0.003475389,0.000130394,0.002908198,7.03659E-75,0.026249449,0.002271026,0.000960846,0.000566583,4.91937E-38,0.001711909,0.003463559,0.192305236,0.001769,6.54478E-07,0.001349904,0.003551123,9.57607E-72,0.000258593,0.000359557,0.000501496,0.000606364,1.91982E-74,0.004910541,5.01736E-75,0.000167489,6.69203E-07,0.002906545,0.002494704,2.07455E-05,0.000603649,7.79194E-10,0.006658727,0.002163674,0.000330119,0.000369276,7.95486E-76,1.03553E-26,8.66799E-31,4.40393E-12,0.001118093,0.00075851,1.2752E-71,0.264676569,0.018669959,0.003636204,0.001876549,0.000931811,0.001259743,0.002291301,0.00239994,0.001333494,0.000508352,1.16756E-56,0.000698598,0.000306772,0.028861928,0.000796195,0.000761647,0.161854726,0.001530482,0.001933548,2.02935E-05,0.000840528,0.000370424,0.000352126,7.15943E-06,1.99697E-05,1.34347E-55,9.80667E-75,0.1094507,0.001423851,0.002428056,0.001675313,0.004599528,0.020706055,0.002570276,0.001989141,0.001647994,0.001177332,0.002997005,0.001192823,0.000338965,0.000868921,0.000372047,0.000292109,0.000320106,1.72049E-05,2.63678E-05,1.98388E-05,2.09622E-05,2.40587E-05,2.14372E-05,0.000194171,0.000380764,0.000974828,7.12911E-06
SNORA13,0.116846531,0.162106295,0.124259853,0.059232051,0.013251957,0.017775642,0.004622008,0.017887908,0.006795245,0.421146502,0.009721055,0.004800314,0.138110978,0.011383999,0.007574713,0.029374082,0.008275635,0.004743846,0.009243687,0.004530012,0.032425287,0.008304599,0.006117827,0.005471125,0.004544689,0.006362695,0.008712632,0.318265133,0.007395032,0.004544834,0.006123877,0.008394365,0.004638185,0.004968237,0.005130838,0.005151761,0.00553794,0.004643171,0.01020612,0.004547209,0.004747016,0.004537434,0.008311779,0.008701357,0.004586486,0.005539825,0.004552401,0.012762775,0.008075414,0.005079343,0.005229646,0.004534046,0.00454087,0.004735125,0.004785202,0.006527334,0.005781875,0.004539569,0.43635024,0.024379702,0.010476281,0.0076814,0.006029382,0.006587164,0.00828217,0.008439808,0.006719775,0.005300694,0.004526716,0.005697547,0.004912456,0.037455472,0.005841784,0.005781694,0.268603798,0.007017541,0.00771387,0.004576382,0.005917402,0.005165927,0.005120436,0.004558546,0.004583265,0.004551133,0.004543187,0.178070851,0.006769247,0.008663452,0.00738683,0.009795661,0.026522394,0.00869563,0.007729127,0.0072365,0.006467985,0.009416196,0.006489431,0.005047302,0.006047011,0.005001732,0.005095303,0.005147569,0.004669178,0.004673726,0.004680727,0.004696822,0.004671309,0.00466655,0.004948883,0.005244456,0.00623502,0.004676202
SNORA14A,0.092292235,0.127573431,0.119012631,0.056119598,0.009100704,0.015641179,7.51022E-05,0.012259355,0.001694739,0.388377359,0.003878435,0.000219847,0.131217291,0.005880713,0.002427012,0.024606651,0.005534937,0.000638383,0.003754217,0.000448992,0.027707808,0.004668339,0.002247542,0.000855209,0.000167202,0.003603306,0.005365194,0.235996935,0.003245691,0.000172931,0.002762965,0.005407831,0.000665895,0.00165102,0.001040728,0.00142659,0.000889421,0.001225,0.006069264,0.000287283,0.000188382,0.00010334,0.003305263,0.003321463,3.64133E-05,0.001515446,3.60067E-05,0.007960407,0.002648933,0.000970438,0.000667782,5.64907E-06,1.56525E-05,0.000296225,0.000958009,0.001660925,0.001277277,0.000886595,0.323815975,0.018834455,0.004460298,0.002411449,0.001131738,0.001541339,0.00280206,0.002926983,0.001636154,0.001747905,5.71732E-06,0.000886244,0.000579492,0.027653433,0.00098901,0.000941039,0.198019591,0.001891321,0.002456008,2.96428E-05,0.001120964,0.000539493,0.000529777,0.000446319,0.000504801,0.000431422,0.000625773,0.131829151,0.001675272,0.003381634,0.002472106,0.005525215,0.020436616,0.003119274,0.002447786,0.002029621,0.001445748,0.00365981,0.001462171,0.000825572,0.001837465,0.000374182,0.000852518,0.000865396,0.000535228,0.000537493,0.000524219,0.000544682,0.000506823,0.000502339,0.000750463,0.000969848,0.001627526,0.000525495
SNORA14B,0.085345867,0.08055805,0.199481077,0.046826243,0.025970407,0.046552956,1.93691E-05,0.012765069,0.00053252,0.431888734,0.001197178,4.84933E-05,0.251584656,0.004980418,0.001819601,0.041247875,0.024928247,0.004879401,0.003506226,0.004526391,0.04682026,0.020141326,0.011190028,0.001833297,0.001685606,0.021153222,0.020226263,0.083921549,0.011897957,0.001737303,0.014473578,0.022232142,0.00671304,0.0129139,0.006200407,0.009508482,0.001655221,0.012349509,0.015423652,0.002896169,0.000350449,0.001033811,0.002488236,0.00232667,1.05801E-06,0.008072831,4.0591E-158,0.014218091,0.000862356,0.005843142,0.001037935,1.7399E-182,4.0516E-157,1.2854E-05,0.007471548,0.001048352,0.003802948,0.008937974,0.105472993,0.023657833,0.001422783,0.0007478,0.000341611,0.000502005,0.000910633,0.000927265,0.000516238,0.012446894,6.0823E-205,0.000274824,0.002900136,0.018391869,0.000317215,0.000301169,0.06449873,0.000882044,0.001429475,2.0944E-09,0.001237317,0.000745003,0.001084635,0.004432722,0.00483434,0.004091991,0.006308284,0.049835901,0.000462613,0.002611762,0.003173965,0.0092021,0.022496402,0.000964186,0.001340162,0.000638524,0.000450549,0.001152168,0.000455849,0.005196617,0.008069511,1.9381E-152,0.005025093,0.004811293,0.005124099,0.005000867,0.004853074,0.004730804,0.004726252,0.00473718,0.00517745,0.005122093,0.004686958,0.005033792
SNORA15,0.116990079,0.159793445,0.115964422,0.057543863,0.013741333,0.017356875,0.00509301,0.016509584,0.007220539,0.394163028,0.009962496,0.005221527,0.13357081,0.011711002,0.0079867,0.027536057,0.008304219,0.005214869,0.009584178,0.005005595,0.031117653,0.008652471,0.006595312,0.005921775,0.005008975,0.006690973,0.009017405,0.322344219,0.007756574,0.00500383,0.006438642,0.008405893,0.005014345,0.005111904,0.005600885,0.005597636,0.006001265,0.005015137,0.010049284,0.00500904,0.005010973,0.00501327,0.008637006,0.00913866,0.005019292,0.006012818,0.005031587,0.012919432,0.008584996,0.005548421,0.005637093,0.005009854,0.005017223,0.005211701,0.005168727,0.007021508,0.00624972,0.004998423,0.441777769,0.023612597,0.010922501,0.008188457,0.006432552,0.007086362,0.00877932,0.00885695,0.007150719,0.005663977,0.005000621,0.006163598,0.00500324,0.021564922,0.006328373,0.00625907,0.272100475,0.007397039,0.0081949,0.005010154,0.006353338,0.005598009,0.005553973,0.005001483,0.005007784,0.005015848,0.005000445,0.179831545,0.006926613,0.009145302,0.007820279,0.009993597,0.025271573,0.009009518,0.007976761,0.007665676,0.006879977,0.009792706,0.006903632,0.005335011,0.006411342,0.005024095,0.005440985,0.005509684,0.00502013,0.005023763,0.005029942,0.005052408,0.005022995,0.005020704,0.005294091,0.005603781,0.006505988,0.005027571
SNORA16A,0.084220442,0.133346702,0.18514809,0.068262646,0.008322481,0.02476949,0.001118226,0.022447438,0.001762687,0.639147308,0.003951533,0.000483766,0.161921609,0.007653049,0.002149504,0.04359848,0.011368841,0.001827736,0.005079646,0.002554977,0.046907029,0.004681644,0.00347697,0.001692596,0.001690723,0.006375919,0.009781036,0.157308209,0.00484955,0.001676609,0.006541794,0.010172407,0.001102011,0.004455751,0.002403039,0.003412347,0.001671369,0.001530657,0.010268588,0.002105569,0.003068422,0.002867507,0.004196672,0.002732355,0.001099747,0.003258431,0.000806236,0.012559969,0.003476038,0.002156871,0.001481374,0.000855297,0.000804364,0.000719841,0.0008236,0.002423351,0.002042559,0.001342648,0.215071148,0.031959247,0.004251516,0.00254756,0.001961833,0.00200209,0.002971613,0.003252389,0.001821175,0.002001237,0.000757323,0.001064769,0.001594941,0.078691184,0.001323002,0.001327818,0.131852306,0.002330431,0.002434179,0.000909829,0.001706482,0.001270571,0.001287378,0.000899381,0.001033679,0.000674634,0.000831854,0.096336592,0.002255355,0.002322557,0.001891211,0.007469916,0.034153877,0.00310328,0.002869272,0.002008943,0.001509749,0.00320829,0.001624725,0.000844779,0.001317088,0.00158316,0.000944773,0.000880483,0.000474442,0.000595639,0.000478336,0.000528154,0.000585031,0.000557479,0.000691959,0.000971732,0.001238461,0.00034216
SNORA16B,0.098120355,0.139159584,0.112586722,0.056805667,0.007627931,0.012484658,8.39442E-05,0.012440658,0.0019314,0.392245568,0.004418814,0.000244999,0.122080681,0.006212396,0.002631635,0.023262945,0.003468788,0.000182237,0.004009312,3.3838E-119,0.026186469,0.003146471,0.001342871,0.000792765,4.89926E-38,0.001707762,0.003844734,0.268764357,0.002428882,6.51802E-07,0.001497412,0.003618825,1.5678E-16,0.000393028,0.000502514,0.000556337,0.000854217,9.2321E-119,0.005177683,2.58277E-35,0.000166805,9.35273E-07,0.003497817,0.003619143,3.82844E-05,0.000843656,3.67214E-05,0.00752095,0.003025763,0.000461372,0.000639768,5.76118E-06,1.59632E-05,0.000300804,0.000221179,0.001800478,0.001061798,1.78027E-71,0.369909989,0.018709967,0.005087899,0.002740549,0.001287188,0.001760728,0.003200523,0.003338229,0.00186508,0.000594384,5.83079E-06,0.001007733,0.000316171,0.028772076,0.00112795,0.00107332,0.226206952,0.002119345,0.002726166,3.14589E-05,0.001174386,0.000542072,0.000494521,7.18331E-06,2.6972E-05,2.60268E-05,2.86266E-08,0.149437403,0.001898418,0.003642602,0.002512032,0.005170972,0.020655841,0.003552924,0.002714149,0.002312808,0.001646715,0.004172162,0.00166559,0.000349547,0.001219303,0.000404123,0.000411499,0.000453504,2.85231E-05,4.38543E-05,4.48726E-05,7.81784E-05,4.02167E-05,3.4379E-05,0.00027469,0.000539493,0.001360205,2.71227E-05
SNORA17A,0.124957041,0.13179268,0.280170969,0.083494754,0.041953542,0.07289102,0.010145496,0.030921892,0.00911551,0.729147972,0.010932124,0.007563466,0.31084616,0.017720634,0.010183884,0.077756804,0.048295134,0.016328832,0.017836893,0.01865699,0.0844174,0.032785227,0.0249453,0.0121959,0.013521847,0.037513237,0.041661863,0.116182029,0.027159153,0.013512834,0.033886425,0.041760592,0.016019497,0.02926971,0.018743347,0.023744034,0.011935155,0.022158583,0.031220174,0.015868969,0.0151088,0.016702982,0.011385458,0.010964543,0.010015525,0.022477473,0.009259545,0.033708042,0.013307307,0.017723712,0.011049512,0.009419113,0.009256905,0.008998324,0.015770425,0.012623021,0.01458665,0.01854312,0.144343084,0.049197994,0.012220433,0.010939923,0.010428364,0.010468759,0.011392298,0.011533628,0.009461299,0.021977178,0.009097212,0.008581438,0.011177788,0.081309546,0.009264931,0.009307268,0.091937786,0.01054226,0.010926472,0.009408084,0.010975724,0.010316957,0.010712058,0.013263057,0.013908293,0.012310194,0.014697905,0.076247695,0.008881113,0.010255587,0.011006472,0.018753471,0.04485253,0.010100791,0.010763753,0.009348068,0.008729326,0.009911397,0.009044952,0.012373536,0.015546893,0.008031634,0.013070029,0.01273209,0.012510013,0.012686698,0.01226566,0.012300538,0.012445204,0.012393624,0.012721036,0.01310016,0.011789821,0.01212975
SNORA17B,0.118216243,0.127849713,0.203993129,0.06957469,0.03412293,0.060134175,0.007578683,0.022383495,0.004513093,0.663416375,0.007061153,0.001688795,0.206533207,0.014978229,0.004691976,0.07260613,0.046677942,0.012914012,0.018601192,0.018625162,0.078660242,0.023006707,0.021252741,0.009019175,0.012125816,0.030788904,0.041322954,0.144756746,0.024634912,0.012017521,0.034324013,0.036819495,0.008757278,0.026499106,0.015994988,0.021144614,0.008800954,0.012623586,0.024682636,0.015222267,0.017225699,0.020284797,0.005255388,0.005734535,0.007179643,0.021050651,0.005660065,0.033257363,0.013593886,0.014361317,0.007636788,0.006004506,0.00564694,0.005055509,0.006918063,0.011518751,0.011022756,0.010784955,0.187614964,0.044374139,0.010293112,0.008510008,0.007545153,0.007762027,0.009285599,0.009303056,0.005321404,0.011989198,0.005316692,0.003796327,0.003635719,0.073508437,0.005306818,0.005389521,0.117062494,0.006914219,0.007252787,0.005857976,0.00734917,0.006639505,0.006933559,0.006801247,0.007470976,0.005358391,0.006799133,0.088434615,0.003174423,0.003823458,0.004207433,0.008674453,0.034728432,0.005766904,0.00624353,0.004907422,0.003732112,0.005321271,0.004415705,0.0029478,0.005504104,0.001409301,0.005086011,0.004771813,0.003661099,0.004254194,0.003578523,0.003880363,0.004198202,0.00407482,0.004042266,0.005050616,0.002714818,0.002981536
SNORA18,0.112044517,0.110117821,0.201017537,0.046675182,0.028917654,0.047345459,4.20737E-05,0.012723889,0.001156741,0.430495465,0.002600515,0.000105337,0.267527384,0.006044707,0.00267432,0.041577918,0.025454467,0.005062332,0.004861268,0.004640802,0.047178258,0.021657107,0.011912025,0.002132563,0.001728212,0.021634799,0.02100141,0.173935472,0.012957764,0.001781216,0.014850747,0.022688423,0.006882722,0.013240318,0.006521466,0.009801498,0.001971624,0.012661661,0.016009737,0.002969374,0.000359307,0.001060248,0.002929932,0.003499875,1.08475E-06,0.008552781,2.3365E-42,0.01528628,0.001873056,0.006141716,0.001210048,3.66578E-43,1.01572E-42,1.31789E-05,0.007660402,0.001585873,0.00424445,0.009163895,0.229108817,0.023669207,0.003090575,0.001624375,0.000742048,0.001090456,0.001978079,0.002014208,0.001121375,0.01285208,3.71008E-43,0.000596974,0.002973442,0.018332537,0.000689056,0.000654133,0.140104373,0.001563815,0.002343317,2.14734E-09,0.001640385,0.000921819,0.001262366,0.004544765,0.004956535,0.004195422,0.006467736,0.096808635,0.001004889,0.003774438,0.003996392,0.009290058,0.022423829,0.002094408,0.002195238,0.001387004,0.000978683,0.002502743,0.000990197,0.005318169,0.008658104,2.13775E-42,0.005267497,0.005067853,0.005253618,0.005127271,0.004975743,0.004850382,0.004845715,0.004856919,0.005383566,0.005412008,0.005212649,0.005161029
SNORA20,0.106571044,0.105488665,0.198817273,0.046838453,0.027719806,0.046255665,3.83927E-05,0.012768363,0.001055535,0.432000168,0.00237299,9.61215E-05,0.260759966,0.005853559,0.002502006,0.041106567,0.024735635,0.004886535,0.004568858,0.004485228,0.046665319,0.020828197,0.01146781,0.00203522,0.001670277,0.020978279,0.020371567,0.159120747,0.012445792,0.001721504,0.014395967,0.022064636,0.006651992,0.012796463,0.006286049,0.009481088,0.001877465,0.012237203,0.015599714,0.002869831,0.000347262,0.001024674,0.002864556,0.003268643,1.04854E-06,0.008237865,3.26032E-10,0.014879215,0.001709186,0.005920405,0.001154574,5.11519E-11,1.41733E-10,1.27397E-05,0.007403604,0.001480478,0.004066861,0.008856693,0.20906356,0.023635165,0.002820174,0.001482256,0.000677125,0.00099505,0.001805013,0.001837981,0.001023263,0.012422862,5.177E-11,0.000544743,0.002873763,0.018396614,0.000628769,0.000596904,0.12784632,0.001443984,0.002175048,2.17522E-09,0.001547392,0.000874769,0.001204683,0.004392411,0.004790377,0.004054779,0.006250917,0.089221708,0.000916969,0.003535815,0.003786559,0.009165879,0.022502207,0.001911163,0.002037709,0.001265652,0.000893056,0.002283772,0.000903562,0.005152575,0.008328544,2.983E-10,0.00507912,0.004884169,0.005077501,0.004955389,0.004808941,0.004687783,0.004683271,0.0046941,0.005195401,0.005214181,0.004996281,0.004988015
SNORA21,0.118424004,0.121894452,0.134884157,0.056334537,0.029368413,0.043537917,0.004962859,0.011648938,0.003726509,0.403949938,0.006056308,0.001104694,0.169530306,0.011397477,0.004320012,0.046681915,0.032929885,0.009204576,0.013950429,0.012778682,0.052275953,0.019168884,0.016082036,0.006442418,0.008127348,0.022769261,0.029830851,0.223365221,0.018543653,0.008063323,0.024225456,0.026131368,0.006706811,0.018658869,0.011544579,0.015176546,0.0063236,0.010075011,0.017178216,0.010321597,0.010822356,0.013324244,0.004050778,0.005562431,0.004625852,0.015259361,0.003708333,0.023846474,0.010268686,0.010411926,0.005320563,0.003902789,0.003680296,0.003566227,0.005836568,0.008537955,0.008187913,0.008361879,0.298355803,0.02824538,0.008931592,0.006886442,0.005299919,0.005878689,0.007537155,0.007423829,0.004240433,0.009744992,0.003456412,0.002935087,0.002057449,0.01678375,0.003989531,0.003998084,0.183964113,0.005296541,0.006085032,0.003762947,0.005395355,0.004604053,0.004818968,0.005072258,0.005543262,0.004125857,0.005374195,0.124028413,0.002201652,0.004509489,0.004252741,0.006543866,0.02059888,0.005006786,0.004884038,0.004168265,0.003080713,0.005147369,0.003526122,0.002578385,0.005259897,3.1611E-05,0.0041404,0.003963346,0.003125357,0.003474854,0.003036902,0.003241697,0.003401094,0.003326086,0.003453997,0.004216505,0.002839925,0.002703404
SNORA22,0.150301593,0.196616153,0.116872799,0.050520161,0.020936069,0.021592529,0.009932699,0.020937346,0.012732311,0.385639671,0.016368819,0.010074528,0.149702179,0.017476065,0.013672692,0.03159689,0.013030693,0.010107432,0.015881466,0.009831242,0.035063098,0.014655583,0.011934221,0.011034553,0.009839815,0.011470149,0.014104264,0.428989813,0.013469986,0.009828901,0.011212664,0.013065851,0.009848174,0.009849825,0.010621549,0.010488249,0.011136724,0.009850576,0.015110809,0.009839763,0.009845852,0.009845611,0.013743435,0.015137673,0.009830118,0.011164984,0.009827515,0.01849163,0.014557254,0.010544554,0.010527106,0.009828683,0.009828511,0.009806463,0.009834397,0.012261263,0.011466103,0.009815302,0.586737462,0.027736122,0.017610685,0.013917468,0.011694273,0.012572433,0.014809813,0.014899839,0.01264112,0.010599923,0.009808992,0.011319587,0.00980659,0.025802857,0.011556355,0.011468769,0.362620556,0.01296895,0.014010231,0.009819925,0.011595769,0.010575323,0.010538547,0.009819282,0.009821883,0.009810897,0.009817442,0.237630711,0.012346974,0.01504297,0.013361538,0.014237582,0.029392929,0.015092574,0.013739198,0.013311178,0.012279241,0.016122863,0.012314603,0.010147066,0.011671663,0.009814515,0.01038657,0.010480282,0.009838421,0.009837094,0.009838409,0.009837315,0.009837455,0.009837528,0.010196619,0.010601444,0.011782126,0.009840733
SNORA23,0.177096,0.191118243,0.210699847,0.06273119,0.044800159,0.057686178,0.014068285,0.02727687,0.01649568,0.464937376,0.019610182,0.014191805,0.293178567,0.022309956,0.018290487,0.054604033,0.036813414,0.018521408,0.021335091,0.018016175,0.060313312,0.035421258,0.025442789,0.016475503,0.015506652,0.033150092,0.033658532,0.379826642,0.027138353,0.015546477,0.027272822,0.034390487,0.020134106,0.025530258,0.020072868,0.022744042,0.016383513,0.025166993,0.029472111,0.016589149,0.014306083,0.014918,0.017971153,0.019767315,0.01400791,0.02213775,0.013973541,0.03032464,0.018050973,0.019700181,0.015415698,0.013978188,0.013977995,0.013980676,0.020800084,0.01662274,0.018526898,0.021953055,0.508595596,0.038245866,0.02067745,0.017501653,0.015577797,0.01633759,0.018275222,0.018347888,0.016420288,0.025625307,0.013957492,0.015273307,0.016537233,0.033075113,0.015469913,0.015396499,0.316461188,0.016968473,0.018181752,0.013995278,0.016339434,0.015189826,0.015465788,0.017955372,0.018320307,0.017623494,0.019616706,0.21222889,0.016151024,0.019939522,0.019283906,0.022956762,0.037477199,0.018517176,0.017918253,0.016992652,0.016115317,0.019407316,0.01614337,0.018893944,0.02259934,0.013946697,0.018980917,0.0188601,0.018717307,0.018589845,0.018474013,0.018353597,0.018347354,0.018358192,0.019003173,0.019217699,0.01969937,0.018658875
SNORA24,0.22084676,0.196862697,0.285860498,0.080540925,0.072886144,0.105167777,0.017210227,0.029951148,0.014243279,0.702646305,0.018254713,0.009869721,0.377764629,0.027838868,0.015657583,0.102215893,0.081281141,0.027800335,0.034403088,0.034394593,0.111275525,0.053460793,0.043543455,0.020631349,0.024132429,0.061000673,0.072217786,0.335198097,0.048308004,0.024025236,0.060353698,0.066835634,0.024152795,0.050433918,0.032754551,0.04123725,0.020255439,0.033547379,0.045762277,0.028916544,0.028940262,0.033562613,0.014327542,0.01766419,0.016579445,0.040522303,0.014760062,0.055285255,0.026084536,0.030373939,0.018068073,0.015185672,0.014745142,0.013980166,0.02244897,0.023215111,0.024777336,0.028420676,0.435758188,0.059203316,0.022939337,0.019616978,0.017499747,0.018229875,0.020866385,0.020774947,0.015214499,0.032526606,0.014314201,0.01295588,0.013996632,0.067181728,0.014885889,0.014945319,0.272378967,0.017416717,0.018643406,0.014941256,0.018120145,0.016652811,0.017290113,0.019791197,0.020918847,0.017750975,0.021352712,0.188908924,0.012007875,0.01558989,0.016158827,0.020502669,0.043742652,0.016370106,0.016917508,0.014926477,0.013123283,0.016269359,0.013974195,0.015298908,0.021525662,0.008737965,0.018226326,0.017714009,0.016503062,0.017109114,0.016173175,0.016439005,0.016818929,0.016682965,0.017058487,0.018324633,0.015214315,0.015619165
SNORA25,0.057187842,0.088839719,0.1204624,0.058336484,0.005426104,0.015247249,4.55864E-05,0.012639169,0.000856238,0.399401248,0.001997967,0.000148136,0.113313584,0.004535419,0.00129653,0.024909166,0.005151922,0.000445883,0.001960706,0.000345597,0.02803168,0.002843673,0.001394753,0.000470671,0.000128699,0.003211225,0.004578341,0.114559241,0.001948558,0.000133288,0.002440971,0.005095941,0.000512552,0.001382124,0.000675625,0.001141491,0.000479248,0.000942905,0.005509444,0.000221127,0.000191006,7.93095E-05,0.002770724,0.001767583,3.89649E-05,0.000955864,3.86307E-05,0.006732282,0.001284608,0.000631791,0.000459156,6.06073E-06,1.67932E-05,0.000317425,0.000803144,0.00095906,0.000721131,0.000682429,0.156906075,0.019291308,0.002215253,0.001236487,0.000596935,0.00074693,0.001361432,0.001465191,0.000822817,0.001343418,6.13396E-06,0.000454404,0.000533473,0.028891848,0.000488122,0.000465723,0.095951032,0.000981054,0.00123272,3.17342E-05,0.000589589,0.000311662,0.000302908,0.000345522,0.000396145,0.00033981,0.000481678,0.068619019,0.000960885,0.001851126,0.001407256,0.005600787,0.02102513,0.001604545,0.001313488,0.001024057,0.000737157,0.001845086,0.000745196,0.000725961,0.001132979,0.000400191,0.000584709,0.000574714,0.000420086,0.000426191,0.000416416,0.000442043,0.000401552,0.000396421,0.000532829,0.000637926,0.000974274,0.000412393
SNORA26,0.057486956,0.08907136,0.12066878,0.043191362,0.005086912,0.015094355,2.99789E-05,0.012625793,0.000838405,0.400002889,0.001993638,0.000112231,0.113991231,0.004327979,0.001204501,0.024975024,0.005216622,0.00046152,0.001970133,0.000359957,0.028132947,0.002907713,0.001431409,0.000470135,0.000134046,0.00327444,0.004549804,0.115056848,0.00198434,0.000138775,0.002368397,0.005072907,0.000533849,0.001271084,0.000695728,0.001171174,0.000475518,0.000982084,0.005541228,0.000230315,0.000185983,8.259E-05,0.002549534,0.001612517,1.96684E-05,0.000982201,7.3616E-10,0.006635628,0.001288023,0.000650726,0.000309725,9.1251E-14,2.5284E-13,1.0222E-06,0.000594168,0.000713526,0.000731002,0.000710784,0.157559127,0.019242957,0.002187552,0.00111709,0.0005807,0.000749912,0.001366127,0.00145413,0.000807078,0.001382644,9.23536E-14,0.000418989,0.000520231,0.028473665,0.000474025,0.000455509,0.096350385,0.000966039,0.001208429,1.91578E-05,0.000582412,0.000277435,0.000293554,0.000359267,0.000403298,0.000325412,0.000501661,0.068882295,0.000939306,0.001587034,0.001216171,0.005008933,0.021048217,0.001582621,0.001300843,0.000996959,0.000717144,0.001820956,0.00072713,0.000728849,0.00114186,0.000351221,0.000579331,0.000572477,0.000423731,0.000422581,0.000404665,0.000396002,0.000398563,0.000396957,0.000532401,0.000633232,0.000954036,0.000407038
SNORA27,0.120169188,0.1635427,0.115614071,0.05814869,0.013538875,0.01682778,0.004539194,0.015924319,0.006711149,0.394313022,0.009567178,0.004628522,0.134950817,0.011323579,0.007511153,0.027027436,0.007756052,0.004674676,0.00919439,0.004432831,0.030589488,0.008229009,0.006096552,0.005387596,0.004447566,0.006150653,0.008512115,0.334730815,0.007290412,0.004438953,0.005903753,0.007843705,0.004439149,0.004556588,0.005069966,0.005044369,0.005472045,0.004444467,0.009524415,0.00444705,0.004461312,0.00444704,0.008118709,0.00871523,0.004428466,0.005462376,0.004442173,0.012473282,0.008132586,0.004983994,0.005077692,0.004419561,0.004426185,0.004626661,0.004577309,0.006502306,0.005714778,0.004415907,0.458976503,0.023047247,0.010559072,0.00771375,0.005874158,0.006556322,0.008325424,0.008405774,0.006638356,0.005076435,0.004403636,0.005612316,0.004401359,0.02098036,0.005772992,0.00570085,0.282389429,0.006889111,0.007721379,0.004411907,0.005811122,0.005026159,0.004979842,0.004405888,0.004413638,0.004421293,0.004405751,0.186022007,0.006401994,0.008724786,0.007342625,0.009444304,0.024708549,0.008575011,0.007499671,0.007176329,0.006354867,0.009386999,0.006381175,0.004726897,0.005865998,0.004418848,0.004857176,0.004927842,0.004415245,0.004421308,0.00442644,0.004452279,0.004420349,0.004417914,0.004702058,0.00502613,0.005958657,0.004422093
SNORA28,0.070677309,0.102414696,0.122056554,0.042656901,0.007012277,0.016085692,4.07603E-05,0.012594755,0.001136732,0.395294173,0.002678965,0.000144229,0.123873398,0.004816395,0.001638741,0.025334176,0.005931136,0.000656603,0.002677057,0.000516109,0.028418514,0.00406316,0.002014583,0.000648599,0.000192196,0.003921603,0.005267792,0.157408108,0.002749302,0.000198792,0.002837917,0.005693913,0.000765435,0.001749456,0.000983401,0.00150964,0.00065659,0.001408117,0.006056394,0.000330227,0.000219361,0.000118392,0.002740512,0.002200224,2.23416E-05,0.001384551,8.34615E-10,0.007275994,0.001761703,0.000920034,0.000417386,8.52066E-76,1.10918E-26,1.46563E-06,0.000851922,0.000979096,0.001017602,0.001019127,0.215502622,0.019116175,0.002977552,0.001527907,0.000777847,0.001025697,0.001867179,0.001972823,0.001095516,0.001842092,1.2506E-56,0.000571105,0.000659271,0.029813362,0.000648314,0.000621698,0.131783928,0.001303647,0.00165343,2.17372E-05,0.000795439,0.000377205,0.000401405,0.000513097,0.000572612,0.000466577,0.000719284,0.090800249,0.001226874,0.002173076,0.001665384,0.005093403,0.020831585,0.002131471,0.001740176,0.001353548,0.000970599,0.002467358,0.000983775,0.000895809,0.001596384,0.000398509,0.000809524,0.000802195,0.000602689,0.000598453,0.000574607,0.000561869,0.000564667,0.000563105,0.000748546,0.000885737,0.00130919,0.0005816
SNORA29,0.117699856,0.121843856,0.135065673,0.056852125,0.02894288,0.043020164,0.004846959,0.011680012,0.003670741,0.404768091,0.005984128,0.001083019,0.169189584,0.011272065,0.004270163,0.0462635,0.032350482,0.009015118,0.013698043,0.012499669,0.051828851,0.018869702,0.015781187,0.006311622,0.007943484,0.022377305,0.029307877,0.22267268,0.018203312,0.007881256,0.023760269,0.025703778,0.006583674,0.01829214,0.011311629,0.014877874,0.006195832,0.009902202,0.016949258,0.01009215,0.010567347,0.013013533,0.004038941,0.005503419,0.004516938,0.01495357,0.003622152,0.023501773,0.010076452,0.010203306,0.005213968,0.003810438,0.003593738,0.003496752,0.00574927,0.008377045,0.00803047,0.008211407,0.297564034,0.028091626,0.008806064,0.006773497,0.005195233,0.005769091,0.007412588,0.007303585,0.004171403,0.009591252,0.00337466,0.002883563,0.002024726,0.016828522,0.003914516,0.003921705,0.183443996,0.005207538,0.005991263,0.00367419,0.005292052,0.004507967,0.004718108,0.004975673,0.005438007,0.00405121,0.005280517,0.123710432,0.002177688,0.004481457,0.004213568,0.006562238,0.020651994,0.004946511,0.004814734,0.004108806,0.003035463,0.005095207,0.00347052,0.002552111,0.005197389,3.2548E-05,0.004075537,0.003902308,0.003079269,0.003420119,0.002992147,0.003193041,0.003346568,0.003273237,0.003404146,0.004152493,0.002818541,0.00266728
SNORA2B,0.070776289,0.102495026,0.121199698,0.042419324,0.006978005,0.015931608,4.10081E-05,0.012502281,0.001143083,0.393049598,0.002689704,0.00014364,0.123176812,0.004811043,0.001644112,0.025145444,0.005852868,0.000644999,0.002682753,0.00050452,0.028225853,0.004024506,0.001992484,0.000647273,0.000187881,0.003862047,0.005213648,0.158504383,0.00272684,0.000194324,0.002796327,0.005621812,0.000748247,0.001708449,0.000969978,0.001485248,0.000656275,0.001376498,0.006001641,0.000322812,0.000213319,0.000115749,0.00273423,0.002209157,2.17017E-05,0.001367998,8.10681E-10,0.007238041,0.001774247,0.000907325,0.000415366,8.27632E-76,1.07737E-26,1.43272E-06,0.000832792,0.000984035,0.00101293,0.000996243,0.217037147,0.019003397,0.00299623,0.001538787,0.000780527,0.001033001,0.001880239,0.00198407,0.001101859,0.001810907,1.21474E-56,0.000574829,0.000642423,0.029345559,0.000652924,0.000625894,0.132722319,0.001308536,0.00166246,2.11138E-05,0.000796986,0.000376894,0.000400156,0.000501528,0.000559621,0.000456101,0.000703133,0.091334247,0.001225527,0.00218187,0.00166675,0.005057089,0.020707748,0.002140869,0.001743086,0.001361435,0.000975719,0.002480873,0.000988905,0.0008808,0.001580621,0.000387081,0.000797162,0.000791126,0.000589041,0.000584839,0.000561573,0.000549113,0.000551827,0.000550318,0.000735505,0.000874104,0.001300689,0.000568493
SNORA30,0.084514853,0.118950752,0.120846894,0.05703248,0.008389194,0.015875026,6.81087E-05,0.012413717,0.001495726,0.394620098,0.003426341,0.000200873,0.128769692,0.005598219,0.002165509,0.024964906,0.005604005,0.000624067,0.003341904,0.000453656,0.028148953,0.004359916,0.002116532,0.000774633,0.000168939,0.003649556,0.005314468,0.20755477,0.003007736,0.000174698,0.002779247,0.00547549,0.000672813,0.001657312,0.000993777,0.001421011,0.000801951,0.001237726,0.006029508,0.000290268,0.000182808,0.000104306,0.003196013,0.002962606,3.59586E-05,0.001434213,3.6589E-05,0.007768207,0.002328868,0.000927486,0.000622006,5.74042E-06,1.59057E-05,0.000301008,0.000969215,0.001499906,0.001169037,0.000895806,0.284659669,0.019138841,0.003930278,0.002135701,0.00100251,0.001354974,0.002463786,0.002580365,0.00144342,0.001732715,5.80978E-06,0.000784454,0.000571778,0.027489831,0.000871482,0.000829219,0.174074769,0.001675317,0.002172585,2.91019E-05,0.001000768,0.000488648,0.000481467,0.000450634,0.000509187,0.000436052,0.000632275,0.117084748,0.001494434,0.003031486,0.00223568,0.005612778,0.020753806,0.002756321,0.00217598,0.001791397,0.001277147,0.003228739,0.001291494,0.000834804,0.00172022,0.000361529,0.000819143,0.000825927,0.000540079,0.000541991,0.000528915,0.000549723,0.000511099,0.000506667,0.000730568,0.0009223,0.001497706,0.000530747
SNORA31,0.063046619,0.117649107,0.194712884,0.071867963,0.003003553,0.020851029,2.95373E-05,0.024040224,0.000886203,0.671418263,0.002560591,0.000268144,0.156910274,0.005965225,0.001203316,0.041627193,0.006442004,6.4601E-05,0.002050023,2.94732E-58,0.044448387,0.001428813,0.000476032,0.000339216,2.42595E-37,0.002974099,0.004959279,0.095273853,0.001356348,3.2275E-06,0.002368226,0.006631039,3.06125E-58,0.001275228,0.000178135,0.000681346,0.000325381,3.06608E-58,0.008445563,2.96697E-58,0.000825959,3.31543E-07,0.003894393,0.001486396,0.000102304,0.000299066,3.84253E-09,0.009153019,0.00107195,0.000163551,0.000405209,2.95008E-58,5.10662E-26,4.27454E-30,2.17176E-11,0.000553937,0.000388387,2.95993E-58,0.131128809,0.031664559,0.002093531,0.000929699,0.00079241,0.000624115,0.001162401,0.001513,0.000829364,0.000599498,5.78715E-56,0.0003858,0.001512818,0.088350785,0.000395204,0.000404109,0.080187746,0.001146745,0.001016304,0.000100076,0.00053647,0.000293349,0.000277556,3.53061E-05,9.84788E-05,6.62815E-55,2.96339E-58,0.064796904,0.0018719,0.001329866,0.001058071,0.007788415,0.036084214,0.001942003,0.001838911,0.001019042,0.000790511,0.001953809,0.000807902,0.000662454,0.000551943,0.001834716,0.000320588,0.00026881,8.48443E-05,0.00013003,9.7833E-05,0.000103373,0.000118643,0.000105715,0.000227194,0.000320453,0.000854899,3.51566E-05
SNORA32,0.089869337,0.13000628,0.11421073,0.058200545,0.006871896,0.012676631,7.71912E-05,0.012601428,0.001724603,0.397937401,0.003950856,0.000227511,0.119157372,0.005916186,0.002361415,0.023587505,0.003515548,0.000162001,0.003578081,2.37296E-92,0.026569162,0.002804041,0.001193751,0.000707099,4.85612E-38,0.001732178,0.003770148,0.238919368,0.002170183,6.46063E-07,0.00150342,0.003670249,1.65192E-16,0.00039803,0.000446712,0.000539861,0.000761421,6.47424E-92,0.005123697,2.72134E-35,0.000165336,8.31415E-07,0.003387799,0.003248571,3.90481E-05,0.000749972,3.86916E-05,0.007305262,0.002690068,0.000410139,0.00059751,6.07029E-06,1.68197E-05,0.000316943,0.000233046,0.001639715,0.000944649,1.58258E-71,0.328833264,0.018986345,0.004534954,0.002455642,0.00115429,0.001565228,0.002845857,0.002977184,0.001664591,0.000564762,6.14363E-06,0.0009025,0.000314053,0.028908202,0.001005228,0.000956603,0.201087758,0.001895478,0.002429577,3.18845E-05,0.001048468,0.00049005,0.000443905,7.12339E-06,2.7177E-05,2.74232E-05,3.01625E-08,0.133949427,0.001716702,0.003283953,0.002269822,0.005269281,0.020950344,0.003177238,0.002434225,0.002065232,0.001471914,0.003723917,0.001488604,0.000354465,0.001089312,0.000402663,0.000372999,0.000408328,2.89832E-05,4.45671E-05,4.60462E-05,8.1069E-05,4.0878E-05,3.48901E-05,0.000249694,0.000485785,0.001222882,2.81345E-05
SNORA33,0.105478462,0.149278224,0.128439436,0.061854513,0.013900901,0.01994873,0.006507773,0.019947864,0.008359864,0.431229381,0.010855075,0.006662706,0.135159591,0.012781545,0.009027828,0.031700639,0.010236132,0.006609288,0.010445348,0.006428765,0.034906539,0.009669855,0.007781929,0.007233997,0.006446296,0.008298995,0.010482861,0.272322924,0.008875869,0.006445753,0.008018303,0.010350144,0.006559689,0.006847044,0.006942751,0.007025154,0.007289019,0.006565809,0.011991069,0.006449321,0.006631927,0.006437764,0.010006504,0.009989959,0.006486695,0.007294698,0.006449722,0.014294715,0.009439446,0.006897591,0.007046472,0.006432333,0.006439024,0.0066293,0.006703202,0.008147582,0.007494262,0.006439259,0.372408045,0.026678137,0.011484044,0.009114109,0.007707575,0.008173121,0.009615312,0.009755692,0.008295356,0.007174465,0.006422574,0.00742428,0.006779915,0.03859641,0.007542797,0.007492552,0.230241601,0.008551877,0.009136322,0.006475285,0.007614678,0.00697915,0.006938038,0.006459982,0.006484381,0.006449197,0.006443876,0.15513102,0.008355708,0.009959958,0.008877288,0.01178599,0.028828336,0.009980868,0.009166787,0.00873479,0.008084088,0.010589306,0.008102601,0.006981136,0.007754435,0.006862357,0.006946329,0.006989991,0.006589218,0.006590483,0.00660014,0.00661423,0.006588597,0.006584255,0.00682534,0.007072002,0.007930345,0.006600038
SNORA35,0.105783746,0.143899671,0.117417165,0.05591926,0.009982272,0.015027768,8.76391E-05,0.012272401,0.002042337,0.387352074,0.004665965,0.000253265,0.135325294,0.006436848,0.002867703,0.024291455,0.005161766,0.00058759,0.004435328,0.000369767,0.027320529,0.004903931,0.002306725,0.000970648,0.000137699,0.003262052,0.005257799,0.285572453,0.00348379,0.000142556,0.002559867,0.005083335,0.000548397,0.001437419,0.001027641,0.001303305,0.001020143,0.001008847,0.006064388,0.000236592,0.000190783,8.54232E-05,0.003548737,0.003929957,3.73549E-05,0.001534377,3.58048E-05,0.008289183,0.003208142,0.000955791,0.000736096,5.61737E-06,1.55647E-05,0.000294345,0.000826018,0.001938047,0.001411424,0.000730155,0.392224107,0.018727858,0.005386269,0.002895812,0.001357019,0.001866931,0.003392991,0.00353204,0.001972824,0.001592727,5.68525E-06,0.001064754,0.000544304,0.028227223,0.001194676,0.001136579,0.239852457,0.002263256,0.002941235,3.06149E-05,0.001316549,0.000619278,0.000599209,0.000369098,0.000421164,0.000359657,0.00051536,0.157811598,0.001988637,0.003972839,0.002849158,0.005436681,0.020394691,0.003752193,0.002910989,0.002445931,0.001740237,0.004412331,0.00176022,0.000741076,0.001920907,0.000392954,0.000833491,0.000860734,0.000446355,0.00045121,0.000440149,0.000462631,0.000425236,0.000420445,0.000704965,0.000974785,0.001786087,0.000437642
SNORA36A,0.086655977,0.127935677,0.121283031,0.058440733,0.006447094,0.013356559,7.16813E-05,0.013794155,0.001641293,0.421400168,0.003836951,0.00023749,0.121870768,0.005868115,0.002244319,0.025274336,0.003805594,0.000151543,0.003436439,5.3141E-108,0.028074145,0.002667561,0.001116688,0.000669514,7.74291E-38,0.001842643,0.00385238,0.223495851,0.002100469,1.03012E-06,0.001584024,0.00396328,1.41421E-16,0.000529235,0.000417875,0.000549343,0.000715174,5.5282E-108,0.005467331,2.32974E-35,0.000263622,7.77743E-07,0.003409986,0.003062609,4.85498E-05,0.000701557,3.31245E-05,0.007430194,0.002516257,0.000383663,0.000579511,5.19678E-06,1.43993E-05,0.000271335,0.000199511,0.001513979,0.000885276,1.48042E-71,0.307605326,0.020052175,0.004282318,0.00228726,0.00112704,0.001464174,0.002666077,0.002831383,0.00158048,0.000563906,5.25957E-06,0.000847136,0.000492458,0.03701842,0.000939168,0.000897832,0.188106473,0.00182879,0.002278858,4.20877E-05,0.000997508,0.000471653,0.000429389,1.13166E-05,3.78215E-05,2.3477E-05,2.58222E-08,0.126384935,0.00177577,0.00306878,0.002140749,0.005444674,0.022304699,0.003068406,0.002401286,0.001959283,0.001405608,0.003550121,0.001422804,0.000386633,0.001035473,0.000615893,0.000373108,0.000396786,3.73527E-05,5.73726E-05,5.388E-05,8.4682E-05,5.25313E-05,4.54943E-05,0.000251517,0.000472144,0.001195853,2.92822E-05
SNORA36C,0.090213387,0.130282891,0.11367852,0.057180673,0.006884916,0.012608364,7.6658E-05,0.012513541,0.001732048,0.396211922,0.003964808,0.000224724,0.119010258,0.005909577,0.002367047,0.02346334,0.003494046,0.000163025,0.003593882,1.53264E-89,0.026458507,0.002818367,0.001201295,0.000710511,4.64283E-38,0.001724051,0.003759753,0.240429253,0.002178532,6.17686E-07,0.001490171,0.00364336,1.56077E-16,0.000378941,0.000449535,0.000539438,0.000765368,4.18156E-89,0.005099733,2.57119E-35,0.000158074,8.3667E-07,0.00337319,0.003256242,3.7124E-05,0.000754711,3.65567E-05,0.007290909,0.00270695,0.000412731,0.000589484,5.73535E-06,1.58916E-05,0.000299455,0.000220187,0.001634667,0.000950294,1.59258E-71,0.330911373,0.018902098,0.004558248,0.002463521,0.001156924,0.001575112,0.002863494,0.002991506,0.001672144,0.000565251,5.80465E-06,0.000905493,0.000300133,0.028309313,0.001010583,0.000961619,0.202358561,0.001902106,0.002442391,3.03507E-05,0.001053069,0.000489696,0.000444798,6.80988E-06,2.58993E-05,2.59101E-05,2.84983E-08,0.134702284,0.001713597,0.003286398,0.002269222,0.005216028,0.020850698,0.003188464,0.002439327,0.002074209,0.0014776,0.00374052,0.00149441,0.000351301,0.001093808,0.000384578,0.000372147,0.000408632,2.75752E-05,4.2401E-05,4.37259E-05,7.68288E-05,3.88897E-05,3.32031E-05,0.000248824,0.000486132,0.001224413,2.66613E-05
SNORA37,0.105577303,0.14365332,0.117442078,0.056254307,0.009974581,0.01504331,8.77477E-05,0.012253595,0.002036252,0.387435027,0.004648561,0.000252456,0.135274408,0.006433592,0.00286123,0.024285488,0.005162805,0.000588026,0.004421259,0.000370666,0.027332548,0.004897211,0.002305017,0.000968557,0.000138034,0.003265847,0.005260782,0.284802494,0.003476656,0.000142885,0.002563225,0.005085031,0.00054973,0.001436532,0.001027402,0.001304658,0.001018074,0.0010113,0.006057535,0.000237167,0.000186667,8.56258E-05,0.003549314,0.003922483,3.72282E-05,0.001533511,3.66205E-05,0.008286676,0.003199503,0.000955601,0.000736939,5.74536E-06,1.59194E-05,0.00030103,0.000832415,0.001938966,0.001409081,0.00073193,0.391162393,0.018735984,0.005371022,0.002890904,0.001352047,0.00186188,0.003383686,0.00352118,0.001967048,0.001594337,5.81478E-06,0.001062541,0.000537451,0.027927965,0.001191817,0.001133648,0.239203199,0.002255686,0.002933983,3.03577E-05,0.001313026,0.000618156,0.000597759,0.000369801,0.000421783,0.000361048,0.000516613,0.157410802,0.001977722,0.003968618,0.00284611,0.005451925,0.020393382,0.003739194,0.002899352,0.002438983,0.00173498,0.00439867,0.001754812,0.000741712,0.001918736,0.000384404,0.000832892,0.000860218,0.000447196,0.000451935,0.000441175,0.00046432,0.000425935,0.000421139,0.000704919,0.000974052,0.001781977,0.000438908
SNORA3A,0.207883391,0.176828555,0.225870944,0.05918221,0.06473696,0.088057172,0.011449402,0.018011199,0.009979663,0.476988654,0.013604094,0.006017974,0.341294602,0.020769111,0.011685774,0.077143048,0.066417106,0.021169077,0.026518305,0.025933921,0.085449533,0.046821422,0.035637564,0.014898796,0.017215972,0.050977119,0.058924439,0.362855163,0.039569601,0.017164835,0.048310502,0.054629587,0.019182963,0.040561072,0.025465938,0.032748967,0.014584019,0.028272998,0.036185858,0.021237041,0.019966568,0.024010972,0.009691938,0.013696877,0.010979232,0.032117255,0.009651323,0.043468639,0.019359065,0.023597359,0.012599242,0.009957267,0.009634459,0.009206269,0.018326035,0.016947604,0.018850609,0.0231382,0.477246879,0.041951469,0.017734751,0.014429093,0.012082371,0.012995864,0.015545821,0.015379554,0.010697094,0.027538072,0.009322376,0.008713566,0.009586599,0.02395275,0.010232378,0.010241251,0.295719504,0.012445976,0.013914603,0.009766693,0.01293621,0.011468889,0.012056178,0.015045293,0.016014022,0.013412094,0.016911807,0.19698922,0.007795698,0.012327845,0.012557401,0.01517398,0.028474105,0.011993936,0.0121908,0.010645573,0.009033666,0.012285961,0.00966313,0.011889364,0.018082548,0.004470828,0.014210742,0.013798086,0.01291182,0.013291972,0.012563934,0.012719668,0.012978869,0.01288566,0.013387619,0.014382702,0.012072272,0.012252904
SNORA3B,0.165231382,0.172889264,0.201866504,0.058403292,0.038154021,0.051405898,0.005917856,0.018429882,0.008166828,0.433160274,0.011109786,0.006018516,0.288818092,0.013911937,0.010043551,0.046352113,0.030120853,0.010745918,0.013054304,0.010214874,0.051835412,0.028432337,0.018022484,0.008365598,0.007468742,0.026420443,0.026619049,0.352702291,0.019673807,0.007510397,0.020114215,0.027513101,0.012348511,0.018433897,0.012350659,0.015261232,0.008259444,0.017825057,0.021835993,0.008643957,0.006182735,0.006838114,0.00966847,0.01149187,0.00581766,0.014493596,0.005822873,0.022368567,0.009637436,0.011937354,0.007320639,0.005811029,0.005814512,0.00592821,0.013153849,0.008458949,0.010541996,0.014482812,0.473474202,0.029188678,0.012123711,0.009165133,0.007314455,0.008021078,0.009838512,0.009916574,0.008092516,0.01820569,0.005795271,0.007029512,0.008608246,0.023972978,0.007206458,0.007133825,0.291795826,0.008651695,0.009849116,0.005803602,0.008129819,0.00701606,0.007313012,0.010104037,0.01049923,0.00977843,0.01192425,0.193241297,0.007851038,0.011753052,0.011204284,0.015079372,0.028055463,0.010082529,0.009586388,0.008641202,0.007799959,0.010917661,0.007827747,0.010868515,0.014811265,0.005804241,0.011043668,0.010893752,0.010787568,0.01067077,0.010530568,0.010425611,0.010403763,0.010413072,0.01106857,0.011273678,0.011600504,0.010704531
SNORA4,0.202728408,0.159910422,0.216167868,0.046139739,0.064717039,0.089375154,0.008140126,0.012577925,0.005850557,0.441734593,0.009388957,0.00174469,0.33722073,0.017074796,0.007474106,0.076249955,0.06846626,0.018790545,0.024259276,0.024473193,0.084633583,0.045739246,0.034487197,0.011714919,0.014660983,0.051148552,0.060146938,0.336305882,0.038731103,0.014594724,0.048981138,0.055032282,0.016131305,0.040302282,0.023531605,0.031619376,0.011356538,0.025948973,0.034124608,0.019191675,0.018087255,0.022724728,0.005064354,0.009476642,0.007591125,0.030947038,0.006049827,0.042244989,0.016490432,0.021410248,0.009167598,0.006417991,0.006035802,0.005416608,0.014930492,0.013932955,0.015986992,0.020542751,0.440332966,0.038063892,0.013970141,0.010796191,0.008539512,0.009437873,0.011970554,0.011756159,0.006707561,0.024963115,0.005682812,0.00464635,0.005569211,0.018122231,0.006392785,0.006420876,0.271764944,0.008652744,0.010108781,0.006179209,0.009403723,0.007922148,0.008576695,0.011711591,0.012780658,0.009854691,0.013630069,0.179822268,0.003380143,0.007814684,0.008308922,0.010376018,0.022281009,0.00774591,0.00815196,0.006512185,0.004824325,0.00787916,0.005558174,0.007727577,0.014335632,2.83376E-08,0.010471452,0.010001462,0.009011878,0.009484421,0.008639587,0.008834339,0.009156936,0.009046696,0.009506192,0.010621364,0.007738822,0.008235226
SNORA40,0.121720343,0.162893209,0.119711347,0.059021919,0.014511378,0.018354219,0.0042065,0.015612636,0.006370365,0.394739691,0.009214383,0.004297013,0.142699973,0.0110482,0.007234646,0.027629943,0.008597258,0.004605642,0.008974325,0.004347666,0.031287055,0.008938717,0.006350109,0.005139457,0.004206146,0.006879362,0.00911544,0.333549268,0.007562468,0.004200801,0.006300867,0.008539845,0.004473902,0.004942228,0.005066441,0.005207619,0.005213035,0.004788826,0.009788483,0.004272157,0.004146385,0.004169798,0.007799231,0.008452228,0.004096001,0.005554282,0.0041111,0.012598289,0.007784455,0.004961867,0.004802871,0.004086069,0.004093478,0.004317515,0.004671111,0.00621293,0.005569022,0.004573582,0.456924486,0.022925344,0.010204614,0.007376939,0.00553596,0.006214359,0.007976832,0.008057914,0.006297778,0.005402811,0.004070878,0.005277097,0.004228297,0.020679441,0.005435265,0.005363071,0.281004768,0.00656406,0.007413903,0.004079236,0.005523212,0.004726348,0.00469742,0.004315923,0.004346206,0.004314858,0.004418858,0.18505215,0.006062026,0.008487015,0.00715208,0.009391457,0.024414636,0.008227442,0.007189536,0.006834598,0.006015686,0.009036668,0.006041571,0.004660838,0.005952739,0.004087882,0.004793672,0.004851134,0.00436371,0.004363505,0.004361081,0.004382722,0.00434735,0.004345264,0.004649085,0.004965165,0.005859349,0.004366227
SNORA41,0.120186564,0.163600076,0.115757679,0.058009133,0.013525017,0.016832828,0.00453068,0.015931654,0.006702295,0.394845461,0.009558436,0.00461951,0.135057985,0.011316349,0.007501295,0.027050425,0.007752116,0.004666395,0.00918576,0.004424341,0.030617471,0.008220649,0.006088125,0.00537911,0.00443916,0.00614463,0.008506153,0.334711216,0.007281739,0.004430628,0.005895579,0.007838932,0.004430984,0.004546362,0.005061568,0.005036453,0.005463526,0.004436359,0.009521311,0.00443866,0.004452916,0.004438593,0.008109919,0.00870453,0.004419676,0.005453716,0.004433048,0.01246938,0.008123752,0.004975431,0.005067229,0.004410859,0.004417337,0.004614145,0.004566068,0.006490465,0.005706241,0.004407488,0.458952289,0.023063327,0.010549818,0.007703432,0.005865167,0.006547529,0.008316648,0.008396814,0.006629538,0.005068459,0.004395042,0.005603258,0.004392628,0.020994634,0.005764045,0.005691963,0.282371287,0.006880184,0.007712259,0.004403215,0.005802408,0.005017159,0.004971141,0.004397423,0.00440508,0.004412487,0.00439728,0.186019774,0.006393173,0.008712685,0.00733148,0.009434457,0.024728205,0.008566062,0.007490897,0.007167347,0.006346008,0.009377955,0.006372348,0.004718924,0.005857394,0.004409773,0.004848547,0.004919256,0.004406769,0.00441273,0.004417783,0.004443185,0.004411791,0.004409401,0.004693514,0.005017493,0.005949886,0.004413536
SNORA44,0.105827817,0.144041039,0.116649674,0.055491868,0.00989947,0.014839007,8.75795E-05,0.012202542,0.0020476,0.385865442,0.004675,0.000251999,0.134540038,0.006430337,0.002868554,0.024120517,0.00505555,0.000568123,0.004435623,0.000350874,0.027149844,0.00483297,0.002266646,0.000966295,0.000130664,0.003174642,0.005179518,0.28654873,0.003442289,0.000135285,0.002497287,0.004986453,0.000520377,0.001373091,0.001004241,0.001264924,0.001017037,0.0009573,0.005999416,0.000224503,0.000184217,8.11127E-05,0.003541589,0.003932426,3.63871E-05,0.001504845,3.51144E-05,0.008243672,0.003219434,0.000933679,0.000729736,5.50906E-06,1.52646E-05,0.000288636,0.000790674,0.001936913,0.001400624,0.000692848,0.393609662,0.018644623,0.005402345,0.002903419,0.001358956,0.001873523,0.003404754,0.003541744,0.001978134,0.001542552,5.57563E-06,0.001067434,0.000522652,0.027794724,0.001198551,0.001140139,0.240699751,0.002266568,0.002947567,2.97851E-05,0.001315974,0.000617153,0.000596022,0.000350377,0.000400244,0.000342088,0.000489028,0.158306038,0.001986438,0.003972717,0.002841949,0.005391656,0.02031039,0.003759867,0.002911714,0.002452403,0.001744356,0.004423756,0.001764377,0.000718632,0.001891897,0.000380987,0.00081269,0.000841628,0.000424229,0.000429203,0.000418815,0.000441169,0.000404471,0.000399774,0.000683305,0.000954559,0.001769523,0.000416037
SNORA46,0.128763568,0.135280003,0.20504717,0.0604212,0.029084244,0.045951583,6.99745E-05,0.014510999,0.001655748,0.462576463,0.003808515,0.000210852,0.271525197,0.007089289,0.003303886,0.042727194,0.02423129,0.004730976,0.005724441,0.004289779,0.047829644,0.020957279,0.011390885,0.002207537,0.001597493,0.020292778,0.020211751,0.236806527,0.012740936,0.001647133,0.014101066,0.021755985,0.006362124,0.012591743,0.006170342,0.009173618,0.002072067,0.011703953,0.015998627,0.002744775,0.000497283,0.000980317,0.003586952,0.00436696,3.41949E-05,0.008144513,2.65373E-05,0.015765145,0.002588104,0.005807678,0.001398026,4.16338E-06,1.1536E-05,0.000229561,0.007240819,0.002079832,0.004227019,0.008470752,0.316418422,0.024954492,0.004356684,0.002328597,0.001109084,0.001506099,0.002738437,0.002863514,0.001598265,0.012012863,4.21369E-06,0.000858566,0.003058728,0.031647651,0.000962838,0.000917479,0.193495848,0.002113561,0.002959324,2.81413E-05,0.001872212,0.001037964,0.0013283,0.004208104,0.004606441,0.003896895,0.005978547,0.130686857,0.001657303,0.004654144,0.004525041,0.00974773,0.024317046,0.003056544,0.002937492,0.00198078,0.001412195,0.003579566,0.001428886,0.005001223,0.00837441,0.000391137,0.005021832,0.004837399,0.004881438,0.004778167,0.004637097,0.004545587,0.004514663,0.004520103,0.005081541,0.005184668,0.00527604,0.004792156
SNORA48,0.184876425,0.204233012,0.139093837,0.053462711,0.041795575,0.048714491,0.015789332,0.023046254,0.016425247,0.406678841,0.020567551,0.012631761,0.197792599,0.024283502,0.017405617,0.05345098,0.038969811,0.019324484,0.026765263,0.022084984,0.058602141,0.030047782,0.025992584,0.017644555,0.018325742,0.030381937,0.037317492,0.450085609,0.028936258,0.018255493,0.031649345,0.033328639,0.017070947,0.026709664,0.021545291,0.024240865,0.017610779,0.019756887,0.027146176,0.020110716,0.020584378,0.022615553,0.016343233,0.019272514,0.015416949,0.02487644,0.014643448,0.034279746,0.022947387,0.020533601,0.01630006,0.014830458,0.014637735,0.014279916,0.016121124,0.019909758,0.019294966,0.018348376,0.607731884,0.0377181,0.023663374,0.019664999,0.017080725,0.01810496,0.020837229,0.020787121,0.016792777,0.019789164,0.014432396,0.014900885,0.013221381,0.028040934,0.015921703,0.015879138,0.377403378,0.017855887,0.019122575,0.014692746,0.017103794,0.015818553,0.015985317,0.015708302,0.016087801,0.014903778,0.015924198,0.248387232,0.014934693,0.018252571,0.017064983,0.017203157,0.031813291,0.018912228,0.01798874,0.017134014,0.015612323,0.019648514,0.016007743,0.013712068,0.016925313,0.011589363,0.015267349,0.015184452,0.014099708,0.014384735,0.014021035,0.014166065,0.014330007,0.014270788,0.014586076,0.015459053,0.015040868,0.013748944
SNORA49,0.090026996,0.130135206,0.113981698,0.058183128,0.006889897,0.012654842,7.73992E-05,0.012559453,0.001728363,0.397188851,0.003956465,0.000227095,0.119099132,0.005919856,0.002366533,0.023531107,0.003505568,0.000162464,0.003584715,2.14387E-62,0.026521684,0.002810265,0.001197163,0.000708781,4.74134E-38,0.001728581,0.003768263,0.239602215,0.002173556,6.30792E-07,0.0015006,0.003660033,1.65835E-16,0.000392553,0.000447989,0.000539705,0.00076346,5.84918E-62,0.00511213,2.73194E-35,0.000161428,8.33792E-07,0.00338775,0.003256549,3.86363E-05,0.000752115,3.88422E-05,0.007302963,0.002697759,0.000411311,0.000598064,6.09393E-06,1.68852E-05,0.000318177,0.000233953,0.001644661,0.000947278,4.23335E-62,0.32977309,0.018952588,0.004546229,0.002462789,0.001155655,0.001569702,0.002853831,0.002983797,0.001668372,0.000565011,6.16756E-06,0.000904883,0.000306939,0.028593584,0.001008113,0.000959192,0.20166248,0.001898622,0.002436209,3.14572E-05,0.001050768,0.000490841,0.000444579,6.95656E-06,2.67401E-05,2.753E-05,3.028E-08,0.13429077,0.001714747,0.003292875,0.002275173,0.005263351,0.020906096,0.0031824,0.002436163,0.00206997,0.001474921,0.003731823,0.001491599,0.000353311,0.001091727,0.00039412,0.000373049,0.000408863,2.86285E-05,4.40241E-05,4.56863E-05,8.0815E-05,4.03833E-05,3.44434E-05,0.000249652,0.000486417,0.001224219,2.80503E-05
SNORA50A,0.057384533,0.089098353,0.120445277,0.043187754,0.00501667,0.014992157,3.00184E-05,0.012640732,0.000839758,0.400000265,0.001998713,0.000113025,0.113541864,0.004325821,0.001202971,0.024934776,0.005153904,0.000446723,0.001966309,0.000346033,0.028075775,0.002850568,0.001398559,0.000465634,0.000128861,0.003215365,0.004497806,0.115113608,0.001952368,0.000133442,0.002329089,0.005019003,0.000513197,0.001235922,0.000677242,0.001143348,0.000471509,0.000944093,0.005513147,0.000221406,0.000187862,7.94109E-05,0.002550437,0.001610349,2.00313E-05,0.000958355,7.49332E-10,0.006611346,0.001288913,0.000633291,0.000307939,8.48728E-22,2.35168E-21,9.82657E-07,0.000571184,0.000712132,0.000720591,0.000683289,0.157668105,0.019232182,0.002190184,0.001117862,0.000582369,0.00075043,0.001367176,0.001456377,0.000808282,0.001345672,8.58983E-22,0.000419431,0.000516724,0.028687447,0.000474356,0.000455926,0.096417028,0.000967235,0.001207409,1.9516E-05,0.000580416,0.000276147,0.000291167,0.000345757,0.000388779,0.000312824,0.000482255,0.068922977,0.000944426,0.001583434,0.001209974,0.004995845,0.021052058,0.001586278,0.001303058,0.000998425,0.000718434,0.001824012,0.000728464,0.000714376,0.001118897,0.000357788,0.000564985,0.000558599,0.000408272,0.000407663,0.000390085,0.000381819,0.000384448,0.000382763,0.000517264,0.000618574,0.000942556,0.000391678
SNORA50C,0.109556344,0.125972844,0.211228731,0.072613081,0.03014844,0.056300747,0.006638009,0.023791742,0.004001219,0.690675668,0.006422101,0.00152571,0.20525219,0.013909354,0.004188562,0.070674623,0.042132072,0.011343889,0.016456468,0.01634326,0.076240679,0.020360495,0.018688579,0.007923997,0.010631068,0.027592991,0.037054879,0.12658582,0.021773168,0.010537334,0.03054993,0.033515415,0.007717541,0.023587344,0.014050594,0.018681692,0.007722992,0.01114415,0.023102725,0.013351466,0.015274021,0.017771365,0.005168773,0.005091585,0.006310498,0.01849051,0.004956656,0.030530737,0.011901863,0.012617484,0.00674972,0.005258291,0.004945161,0.004427324,0.006112385,0.010090251,0.00968048,0.009509328,0.163977026,0.044034908,0.009082901,0.007450137,0.006689467,0.006795862,0.008135678,0.008225419,0.004700861,0.010665995,0.004655955,0.003333661,0.00354651,0.082540038,0.004646528,0.004725535,0.102317587,0.006152947,0.006368564,0.005152571,0.006471602,0.005845922,0.00610427,0.005996068,0.006599739,0.004722085,0.005999817,0.079751656,0.003071351,0.003389223,0.003758119,0.008892598,0.036377851,0.005215128,0.005684194,0.004346455,0.003318949,0.004774191,0.003920011,0.002732807,0.004905515,0.001648488,0.004533425,0.004240071,0.003262356,0.003791055,0.003191013,0.003455708,0.003737463,0.003626574,0.00360959,0.004491666,0.002501072,0.002655371
SNORA51,0.057773198,0.089157472,0.120792586,0.043120565,0.005201216,0.015214689,3.0096E-05,0.012593984,0.000841417,0.399325832,0.001998811,0.000111978,0.114551619,0.004333275,0.001213162,0.024997419,0.005299574,0.000482481,0.001986034,0.000379278,0.028165393,0.002994992,0.001480157,0.000478344,0.000141241,0.003353639,0.004619679,0.115612075,0.002035326,0.000146182,0.002421867,0.005143728,0.000562503,0.001322621,0.000722562,0.001209599,0.00048312,0.001034797,0.00557868,0.000242677,0.000185157,8.70035E-05,0.002548442,0.001624163,1.93852E-05,0.001017278,7.24773E-10,0.006667454,0.00129392,0.000676005,0.000313788,8.39306E-23,2.32566E-22,1.07707E-06,0.00062606,0.000719146,0.00074797,0.000748936,0.158280487,0.019224756,0.00219637,0.001122204,0.000582002,0.000753345,0.00137227,0.001459459,0.000810081,0.001434146,8.49448E-23,0.000420744,0.000528356,0.028276795,0.000476192,0.000457485,0.09679151,0.000970068,0.001216315,1.88764E-05,0.000588152,0.000280626,0.000298199,0.000378088,0.000423657,0.000342878,0.000528587,0.069141822,0.000938824,0.001600244,0.001230669,0.005018879,0.021009826,0.001587125,0.001305736,0.001000693,0.000719578,0.00182737,0.000729569,0.000748664,0.001176786,0.000346062,0.000600489,0.000592972,0.000445365,0.000443562,0.000425105,0.000415904,0.000418403,0.00041688,0.00055426,0.000655043,0.000973792,0.000428425
SNORA52,0.105978322,0.144190008,0.116449928,0.055542057,0.009913538,0.01480965,8.78965E-05,0.01219419,0.002053182,0.38521743,0.004688691,0.000253255,0.134442637,0.00643507,0.002876227,0.024084663,0.005044951,0.000566976,0.004446613,0.000349354,0.027098916,0.004835363,0.002266504,0.000967981,0.000130098,0.003165571,0.005172728,0.287243986,0.003445915,0.00013471,0.002492987,0.004977554,0.000518123,0.001373189,0.001003512,0.001261774,0.001018889,0.000953154,0.00599541,0.000223531,0.000186226,8.07682E-05,0.003544107,0.003942852,3.67998E-05,0.001504405,3.54262E-05,0.008241176,0.003227299,0.000932959,0.000732445,5.55799E-06,1.54002E-05,0.000291187,0.000790044,0.001942787,0.00140225,0.000689847,0.394569936,0.018612578,0.00541641,0.002911229,0.001363139,0.001878095,0.003413128,0.003551227,0.001983458,0.001538805,5.62514E-06,0.001070347,0.000525663,0.027920976,0.001201571,0.001143052,0.241286976,0.002272943,0.002954726,3.01383E-05,0.001319052,0.000618809,0.00059729,0.00034898,0.000398935,0.000340935,0.000486911,0.158656011,0.001994108,0.003983443,0.00284927,0.005387344,0.020279497,0.00377074,0.002920562,0.002459033,0.001749221,0.00443581,0.001769302,0.000716913,0.001892836,0.000385996,0.000812619,0.000841576,0.000422824,0.000428008,0.000417651,0.000440334,0.000403327,0.000398566,0.00068269,0.000954701,0.001772633,0.000414608
SNORA53,0.067087392,0.105479887,0.125300441,0.05885348,0.007308048,0.016536384,0.003067209,0.016654816,0.004102599,0.428575242,0.005557655,0.003183073,0.11484206,0.007951849,0.004501127,0.028387523,0.006838823,0.00311678,0.00528334,0.003016911,0.031500657,0.004838639,0.003754394,0.003469032,0.003031275,0.004887054,0.006586339,0.146840151,0.004414584,0.003031786,0.004545302,0.00696068,0.003116655,0.003459529,0.003299908,0.003523371,0.00349419,0.003120972,0.008169187,0.003033681,0.003236875,0.003023328,0.00599773,0.005036261,0.003073829,0.003491232,0.003041636,0.009699825,0.004650095,0.003275379,0.00343671,0.003022626,0.0030296,0.0032275,0.003267105,0.004029157,0.003601861,0.003027349,0.200979942,0.023292124,0.005809647,0.004511759,0.003761495,0.003961791,0.004749733,0.004872076,0.004063234,0.003592754,0.003016527,0.003576687,0.003407765,0.03653974,0.003626078,0.003601624,0.124081325,0.004230995,0.004504172,0.003064124,0.003685926,0.003348164,0.00331729,0.003045412,0.003070035,0.0030397,0.003030469,0.087849685,0.004236301,0.00503504,0.00444177,0.00839413,0.025479428,0.005047988,0.004631703,0.00430905,0.003957806,0.005350283,0.003966287,0.003530205,0.003783818,0.003497907,0.003353615,0.003367518,0.003148475,0.003154194,0.003160322,0.003177398,0.003151598,0.003146709,0.003283525,0.003415444,0.003927203,0.0031542
SNORA54,0.105246721,0.14342741,0.118627758,0.056977396,0.009976186,0.015221247,8.76046E-05,0.012383648,0.00202356,0.391024006,0.004622385,0.000253105,0.136021263,0.006441844,0.002848229,0.024538661,0.005236401,0.000595427,0.004399639,0.000378923,0.02760251,0.004910538,0.002314374,0.000966051,0.000141109,0.003316964,0.005309918,0.282742638,0.003482298,0.000146073,0.002601067,0.005156386,0.000561976,0.001470556,0.001034576,0.001322932,0.001014551,0.001033829,0.006113564,0.00024245,0.000192027,8.7504E-05,0.003562317,0.003903901,3.82282E-05,0.001541291,3.74818E-05,0.008328443,0.003176221,0.000962462,0.000739945,5.88048E-06,1.62938E-05,0.000308109,0.000851233,0.00193359,0.00140747,0.000748235,0.38830904,0.018912723,0.005335148,0.002873439,0.001345255,0.001848302,0.00335924,0.003498468,0.001954545,0.001616573,5.95154E-06,0.001056178,0.000551637,0.028422298,0.001183598,0.001125936,0.23745832,0.002243523,0.002915546,3.11934E-05,0.001306932,0.000617039,0.000596883,0.00037809,0.000431331,0.000369123,0.000528122,0.156405818,0.001972948,0.003952691,0.002839148,0.005514711,0.020586676,0.003717856,0.00288681,0.002423651,0.001724578,0.004371091,0.001744284,0.000754421,0.001924918,0.000395677,0.000840721,0.000866676,0.000457296,0.000462214,0.000451176,0.000474885,0.000435616,0.000430691,0.000713658,0.000980646,0.001783375,0.000448762
SNORA55,0.129061175,0.171445437,0.116401516,0.056189383,0.013920698,0.016590627,0.002860903,0.014671945,0.0052914,0.385970607,0.008541753,0.003012145,0.143339243,0.010001179,0.006237129,0.026171758,0.007190621,0.003248728,0.00818213,0.002977622,0.029269833,0.007918919,0.005109016,0.003885693,0.002843583,0.00540784,0.007751987,0.364743523,0.006520299,0.002841325,0.004915553,0.007165316,0.003091041,0.003709997,0.003742809,0.003828512,0.003962227,0.003378056,0.008639448,0.002904301,0.002905944,0.002811331,0.006602322,0.007555435,0.002768166,0.004275218,0.002768252,0.01145182,0.006809308,0.003648364,0.003541042,0.002743652,0.002751262,0.002973201,0.003290575,0.005056563,0.004340248,0.003189148,0.500434958,0.021169117,0.009518946,0.006355032,0.00440216,0.005094361,0.007031942,0.007168555,0.005206938,0.004036613,0.002733854,0.004061977,0.003101859,0.027798115,0.004235563,0.004160752,0.30709026,0.005533795,0.006408017,0.002755297,0.004336889,0.003459711,0.003425946,0.002961346,0.002998045,0.002957378,0.003050543,0.200565831,0.005112489,0.007560696,0.006107929,0.007911128,0.022853846,0.007407539,0.006291053,0.005800121,0.004904165,0.008264792,0.004932249,0.003311135,0.004738992,0.003021767,0.003501609,0.003556945,0.003012782,0.003019133,0.003012666,0.003034349,0.003002579,0.002998617,0.003334509,0.003682529,0.00471147,0.003008063
SNORA56,0.172876126,0.180685311,0.132809442,0.052897901,0.038004409,0.047859754,0.008076812,0.013672237,0.007588487,0.396769084,0.011507295,0.003677086,0.19285878,0.016435588,0.008490784,0.05080468,0.038089955,0.012701094,0.020203541,0.016656517,0.056453108,0.024750131,0.020793133,0.010035767,0.011548576,0.026930424,0.035435827,0.401140771,0.024081235,0.011465192,0.029045001,0.030445246,0.009631491,0.022815991,0.015461487,0.019182443,0.009947981,0.013143649,0.02116866,0.013973277,0.014705189,0.017491679,0.007266067,0.010371568,0.00761617,0.019728554,0.006563553,0.029585929,0.015669783,0.014128862,0.008539061,0.006800699,0.006541314,0.0062566,0.00845486,0.012749114,0.012046326,0.01136562,0.541393649,0.031154277,0.0151841,0.011536928,0.009000896,0.00997245,0.012640951,0.012536324,0.008141919,0.012862573,0.006278844,0.006192553,0.00451226,0.018644413,0.007470263,0.007451668,0.33371383,0.009432548,0.010664619,0.006626167,0.009046821,0.007800622,0.008023158,0.007869435,0.008380767,0.00679718,0.008105617,0.217883382,0.005719514,0.009074382,0.008181294,0.008529562,0.022390044,0.009862639,0.009222751,0.008288827,0.006694309,0.010373195,0.007215968,0.004946156,0.008518923,0.002361176,0.006961792,0.006806769,0.005605693,0.006009249,0.005514931,0.005741107,0.00594176,0.005857445,0.006104222,0.007118821,0.005986236,0.005126539
SNORA57,0.092614749,0.128140346,0.11660781,0.054742319,0.008887246,0.01508476,7.50364E-05,0.012023915,0.001714472,0.383363261,0.003913223,0.000215903,0.128958827,0.005865074,0.002435475,0.024069078,0.005227616,0.00058445,0.003764906,0.00039609,0.027174794,0.004478185,0.00213956,0.000845195,0.000147502,0.003354609,0.00514313,0.239579293,0.00313495,0.000152559,0.002583933,0.005125732,0.000587437,0.001465584,0.000976794,0.001318981,0.000883221,0.001080667,0.005877062,0.000253435,0.000167112,9.12737E-05,0.003283472,0.003337184,3.32344E-05,0.00143542,3.38414E-05,0.007829828,0.002690088,0.000909981,0.000649608,5.30936E-06,1.47113E-05,0.000278338,0.000857644,0.001661179,0.001250303,0.000782134,0.32886374,0.018561439,0.004519728,0.002440286,0.001139566,0.001565357,0.002844972,0.002963079,0.001655977,0.001607767,5.37351E-06,0.000896417,0.000513511,0.026197292,0.001003275,0.000954166,0.201106395,0.001905354,0.002481802,2.68985E-05,0.001122409,0.000534426,0.000521829,0.000393775,0.000445835,0.000382063,0.000552045,0.133639193,0.001669617,0.003389741,0.002456992,0.005385807,0.020152335,0.003148709,0.002454357,0.00205385,0.001461338,0.003702573,0.001477902,0.000761529,0.001759378,0.000334049,0.000794583,0.000812674,0.000472905,0.000475305,0.000463984,0.000483863,0.00044816,0.000444007,0.000689936,0.000914131,0.001583436,0.000464752
SNORA58,0.08950896,0.145991712,0.185161571,0.068615812,0.005505535,0.019887126,5.33585E-05,0.02239794,0.001528531,0.639968075,0.003908094,0.000294795,0.164058633,0.006891492,0.002048766,0.039337466,0.006044755,0.000130993,0.003345799,7.3684E-143,0.042437019,0.002492934,0.000965261,0.000609934,2.01383E-37,0.002825222,0.005138877,0.193188921,0.002111338,2.67922E-06,0.002277641,0.006213697,3.91585E-71,0.001058594,0.000361209,0.000724997,0.000626539,4.4143E-143,0.008251147,2.10852E-75,0.000685646,6.72278E-07,0.004205236,0.002680568,8.49251E-05,0.000606423,3.18976E-09,0.00971271,0.002173617,0.000331636,0.000525747,3.25646E-75,4.23911E-26,3.54839E-30,1.80282E-11,0.001123231,0.000770769,1.27966E-71,0.265892816,0.030222082,0.003856284,0.001885172,0.001166425,0.001265532,0.002320785,0.00263659,0.001457106,0.000688326,4.7796E-56,0.00072945,0.001255823,0.076859779,0.000800372,0.000783786,0.162598484,0.001808052,0.001983077,8.30751E-05,0.000927987,0.000448608,0.000425541,2.93083E-05,8.17494E-05,5.49972E-55,2.73692E-84,0.115355542,0.002242694,0.002527606,0.001841832,0.007435976,0.034257272,0.003047686,0.002592583,0.001796634,0.001327047,0.003337375,0.001349376,0.000615683,0.00095749,0.001523037,0.00041592,0.000398331,7.04311E-05,0.000107941,8.12133E-05,8.58123E-05,9.84883E-05,8.77564E-05,0.000286285,0.000474302,0.001238315,2.91842E-05
SNORA59B,0.07652943,0.114008615,0.11143236,0.04198492,0.00526983,0.012117323,5.01148E-05,0.012308015,0.001392192,0.388896984,0.003240046,0.000163129,0.110961552,0.005104719,0.001849232,0.023046945,0.003432274,0.000131604,0.002927923,1.2237E-119,0.025966535,0.002288483,0.000969765,0.000571144,4.70456E-38,0.001692693,0.00344145,0.194090361,0.001779692,6.259E-07,0.001335353,0.003506574,9.14794E-72,0.000247301,0.000362895,0.000498902,0.000611695,3.3386E-119,0.004861805,4.92578E-76,0.000160176,6.75415E-07,0.002893232,0.002514872,1.98396E-05,0.000609253,7.45169E-10,0.006623334,0.002183759,0.000333184,0.000370051,7.6075E-76,9.90311E-27,8.28949E-31,4.21162E-12,0.001128472,0.000765401,1.28564E-71,0.2671335,0.018468221,0.003666472,0.001893969,0.000936512,0.001271437,0.002312245,0.002418351,0.001343858,0.000507249,1.11658E-56,0.000704609,0.000293376,0.028149885,0.000803577,0.000768397,0.163357186,0.001540052,0.0019508,1.94074E-05,0.000846897,0.000372552,0.000354164,6.8468E-06,1.90977E-05,1.28481E-55,6.39379E-85,0.110289662,0.001423145,0.00244908,0.001688142,0.004549955,0.020472502,0.002586155,0.001997419,0.001660874,0.001185788,0.003019227,0.001201307,0.000334413,0.000875537,0.000355801,0.000292721,0.000321761,1.64536E-05,2.52164E-05,1.89725E-05,2.00469E-05,2.30081E-05,2.05012E-05,0.00019441,0.000382725,0.000979438,6.81781E-06
SNORA5A,0.129351883,0.171713202,0.116103002,0.055846915,0.013917157,0.016531724,0.002827364,0.014589682,0.005265509,0.385026586,0.008522518,0.002978232,0.143324653,0.00997315,0.006212697,0.02607384,0.007149142,0.003216836,0.008163636,0.002945075,0.029181634,0.007901703,0.005083741,0.003855691,0.002810251,0.005373436,0.007719436,0.365976621,0.006497058,0.002808035,0.004879044,0.00712187,0.003058729,0.003670043,0.003712659,0.003796838,0.003932647,0.003346784,0.008596322,0.002871188,0.002867827,0.002777801,0.006567077,0.007534721,0.002734013,0.004247214,0.00273441,0.011418926,0.006790123,0.003618322,0.003506522,0.002710245,0.002717722,0.00293567,0.003255509,0.005027318,0.004312414,0.003157522,0.502143212,0.021093581,0.009506967,0.006332395,0.004372472,0.005069466,0.007013546,0.007148512,0.005181001,0.004006401,0.002700552,0.004032566,0.003061141,0.027409303,0.004207454,0.004132275,0.308121959,0.005507645,0.006386809,0.002721371,0.004308298,0.003427691,0.003394259,0.002928739,0.002965064,0.002924541,0.003018513,0.201175128,0.00507989,0.007539038,0.006081731,0.00785997,0.022767332,0.00738597,0.006264546,0.005775822,0.00487692,0.008247447,0.004904996,0.003277162,0.004711789,0.002978467,0.003469593,0.003525598,0.002979856,0.002985847,0.002979411,0.003000562,0.002969315,0.002965472,0.00330228,0.003651436,0.004682222,0.002975243
SNORA5B,0.149889106,0.152156926,0.134781902,0.054051655,0.035132267,0.047828328,0.005888223,0.011510407,0.004779642,0.401076752,0.008006553,0.00133264,0.185901594,0.013461919,0.005538652,0.050202047,0.037549519,0.010757371,0.017203561,0.014966613,0.056057543,0.022589323,0.018908463,0.007722441,0.009564081,0.025908509,0.034349613,0.317658861,0.022002437,0.009486277,0.027964862,0.029566914,0.007690865,0.021574667,0.013546393,0.017603082,0.007601437,0.011467476,0.019359229,0.012117611,0.01280724,0.015745371,0.00462382,0.007168281,0.005474671,0.017947505,0.00438213,0.027481736,0.01276409,0.012209539,0.006314322,0.004621663,0.004355067,0.00413505,0.006565682,0.010331098,0.009775758,0.009567248,0.426840852,0.029627685,0.011561167,0.008643363,0.006511783,0.007313395,0.009562266,0.009435815,0.005377664,0.011091323,0.004092849,0.003657887,0.002324329,0.016584155,0.004942356,0.00494246,0.262814664,0.006658361,0.00770729,0.004454375,0.006579391,0.005516802,0.00576032,0.005840867,0.00638154,0.004724937,0.006127526,0.173086802,0.002925909,0.00586755,0.00533589,0.006513074,0.02036757,0.006595878,0.006257035,0.005373937,0.00395711,0.00689182,0.004489005,0.002805598,0.006166792,2.74922E-05,0.004782679,0.004594455,0.003504962,0.003921815,0.003406372,0.003644073,0.003845233,0.003756919,0.003939278,0.004897959,0.003437965,0.003005964
SNORA5C,0.064996051,0.098096393,0.11556864,0.041958425,0.005338166,0.013946174,3.79575E-05,0.012267967,0.0010574,0.38858942,0.002483195,0.000131258,0.112411922,0.004593257,0.001467629,0.023911553,0.004606543,0.000367326,0.002365628,0.000251501,0.02694248,0.002807252,0.001330711,0.000522317,9.36578E-05,0.002762617,0.004191006,0.146554577,0.00198604,9.71323E-05,0.002035416,0.004526829,0.000372998,0.00095543,0.000609812,0.000966813,0.000540398,0.000686179,0.005275969,0.000160921,0.000173553,5.79357E-05,0.002651309,0.001980265,1.91435E-05,0.000893953,7.16817E-10,0.006608701,0.001644373,0.000568241,0.000339264,7.31804E-76,9.5263E-27,7.14208E-07,0.000415144,0.00088323,0.000771485,0.000496623,0.201150933,0.018626958,0.002774001,0.001426154,0.000720092,0.000957389,0.001742342,0.001835608,0.001019522,0.001121657,1.07409E-56,0.000532357,0.000443355,0.027695845,0.000605125,0.000579811,0.123007599,0.001194217,0.001508482,1.86691E-05,0.000693857,0.000319219,0.000324313,0.000252883,0.000286983,0.000227364,0.000350509,0.085198752,0.001124172,0.00194186,0.001421841,0.00477642,0.020448283,0.001977488,0.001577177,0.00125976,0.000902231,0.002294599,0.000914354,0.000602861,0.001094484,0.000342263,0.000501961,0.000508044,0.000300539,0.000302121,0.000287903,0.000282143,0.000284739,0.000282934,0.000436322,0.000570956,0.000994964,0.000286252
SNORA6,0.112235797,0.110177759,0.201094526,0.046623097,0.028993571,0.047422919,4.21664E-05,0.012709691,0.001159288,0.430015072,0.00260624,0.000105569,0.267886183,0.006048062,0.002680807,0.04159553,0.025509909,0.005076075,0.004873264,0.004653455,0.047195969,0.021715154,0.011944066,0.002138126,0.001732924,0.02168665,0.021046923,0.174322335,0.012992338,0.001786072,0.014886205,0.022736083,0.006901487,0.013276417,0.006539083,0.009826631,0.001976727,0.012696182,0.016036534,0.002977469,0.000360287,0.001063138,0.002929419,0.003508309,1.08771E-06,0.008575825,5.15872E-57,0.015307065,0.00187718,0.006158311,0.001213202,8.47461E-58,2.26632E-57,1.32148E-05,0.007681288,0.001589689,0.004255679,0.00918888,0.22961323,0.023654915,0.003097379,0.001627951,0.000743682,0.001092857,0.001982434,0.002018643,0.001123843,0.012885795,8.52039E-58,0.000598288,0.002981549,0.018312079,0.000690573,0.000655573,0.140412831,0.001567423,0.002348834,2.15319E-09,0.001644488,0.000924176,0.001265658,0.004557156,0.004970049,0.004206861,0.00648537,0.096989573,0.001007101,0.003783639,0.00400655,0.009295951,0.022398806,0.002099019,0.002200407,0.001390058,0.000980838,0.002508253,0.000992377,0.005331352,0.008681328,4.68135E-57,0.005281744,0.005081536,0.005267942,0.00514125,0.004989309,0.004863607,0.004858926,0.004870161,0.00539817,0.005426604,0.005226456,0.0051751
SNORA60,0.077006337,0.114650348,0.111828564,0.042137473,0.005306711,0.012161113,5.04642E-05,0.01234623,0.00140174,0.390297521,0.003261082,0.000163856,0.111461377,0.005131381,0.001861854,0.023125921,0.003443504,0.000132553,0.002947562,5.25388E-93,0.026060884,0.002304246,0.000976753,0.000575119,4.68618E-38,0.001698676,0.003456687,0.19548896,0.001791367,6.23453E-07,0.001340121,0.003517939,9.11218E-72,0.000246335,0.000365509,0.00050122,0.000616043,1.43344E-92,0.004879835,4.90653E-76,0.00015955,6.80282E-07,0.002906933,0.002532394,1.9762E-05,0.000613643,7.42257E-10,0.006653887,0.002199495,0.000335585,0.000372185,7.57777E-76,9.8644E-27,8.2571E-31,4.19516E-12,0.001136604,0.000770886,1.2949E-71,0.269058442,0.018535213,0.003692192,0.001907616,0.000942468,0.001280599,0.002328842,0.002435001,0.001353138,0.000509878,1.11221E-56,0.000709592,0.00029223,0.028164235,0.000809366,0.00077387,0.164534324,0.001550219,0.001964717,1.93316E-05,0.000852712,0.000374973,0.000356469,6.82004E-06,1.90231E-05,1.27978E-55,6.3688E-85,0.111053212,0.001430605,0.002466424,0.00169976,0.004566487,0.020544611,0.002603189,0.002009767,0.001672357,0.001193836,0.00303986,0.001209443,0.000335431,0.000881555,0.00035441,0.000294409,0.000323816,1.63893E-05,2.51178E-05,1.88983E-05,1.99685E-05,2.29182E-05,2.0421E-05,0.000195497,0.000385167,0.000985604,6.79116E-06
SNORA61,0.180344477,0.249162674,0.21070483,0.091375,0.032643605,0.04147483,0.02095092,0.043095381,0.024017673,0.678763221,0.028349139,0.021228359,0.222666038,0.030682848,0.025053102,0.060837128,0.026991243,0.021126305,0.027589033,0.020845785,0.064763448,0.026202559,0.023047944,0.022155799,0.020871357,0.023774435,0.027116918,0.454368536,0.024997842,0.020860535,0.023304099,0.027109478,0.021020176,0.021754557,0.021678248,0.021778057,0.022231885,0.021030873,0.029959648,0.02087431,0.021423099,0.020866983,0.026304176,0.026545697,0.020936956,0.022262054,0.02083316,0.033145049,0.025752981,0.021594154,0.021755864,0.020838456,0.020838119,0.020816458,0.021001463,0.023374263,0.02256034,0.020838866,0.617549104,0.052000816,0.029134133,0.025084923,0.023015779,0.023682752,0.026037459,0.026348711,0.023900189,0.021996007,0.020805684,0.022422269,0.021822228,0.089118203,0.022634663,0.022565439,0.385755721,0.024401456,0.025232781,0.020918296,0.02278632,0.021720815,0.021676481,0.020883242,0.020934253,0.020826979,0.020848059,0.262437322,0.024328903,0.026335916,0.024686541,0.028499778,0.055863282,0.026807174,0.025553324,0.024617153,0.023558226,0.027730788,0.023603705,0.021688279,0.022984595,0.0220408,0.02168374,0.02173603,0.021070717,0.021083177,0.021077791,0.021069676,0.021077935,0.021070304,0.021471932,0.021873959,0.023325165,0.021060193
SNORA62,0.098619054,0.139457254,0.111376311,0.055933514,0.007674672,0.012351782,8.40264E-05,0.012257867,0.001944651,0.388199257,0.004441221,0.000242415,0.121576873,0.006206204,0.002646623,0.022987118,0.003422889,0.000183916,0.004034775,2.2039E-160,0.025923789,0.003169737,0.001355238,0.000798716,4.53384E-38,0.001689136,0.003824756,0.271239614,0.002442223,6.03186E-07,0.001478817,0.003568657,1.5193E-16,0.000369629,0.000507142,0.000554525,0.000861252,6.013E-160,0.005125325,2.50288E-35,0.000154363,9.43887E-07,0.003481631,0.003641531,3.61983E-05,0.000851426,3.55855E-05,0.007490813,0.003053557,0.000465622,0.000635707,5.58298E-06,1.54694E-05,0.000291499,0.000214337,0.001807513,0.001071226,1.79667E-71,0.373316774,0.018519508,0.005127962,0.002761056,0.001292224,0.00177694,0.003229459,0.003362339,0.001878413,0.000594288,5.65044E-06,0.001014863,0.000293054,0.027699627,0.001137712,0.001082249,0.228290266,0.002130931,0.002749006,2.96036E-05,0.001182521,0.000543621,0.000496665,6.64986E-06,2.52695E-05,2.52217E-05,2.77411E-08,0.150644287,0.001893392,0.003663299,0.002523199,0.005106927,0.020428339,0.003572213,0.002722631,0.002329177,0.001657178,0.004200718,0.00167612,0.000344045,0.001227609,0.000375447,0.00041121,0.000454961,2.68928E-05,4.13515E-05,4.26221E-05,7.48488E-05,3.79268E-05,3.23836E-05,0.000274147,0.000541208,0.001364472,2.59738E-05
SNORA63,0.057262549,0.088988268,0.120235238,0.043145816,0.004982131,0.014938984,2.99683E-05,0.012625432,0.000838315,0.399606018,0.001994976,0.000112731,0.113250582,0.004319746,0.001199655,0.024889432,0.005123544,0.000440623,0.001960158,0.000340427,0.02802772,0.002824362,0.001384278,0.000463064,0.000126773,0.003189708,0.004473431,0.114925045,0.001936438,0.000131288,0.002311287,0.004991923,0.000504884,0.001218821,0.000669406,0.001131648,0.000469171,0.000928799,0.005493938,0.000217819,0.00018671,7.81303E-05,0.002547492,0.001606153,1.9941E-05,0.000948092,7.45991E-10,0.006594538,0.001286893,0.00062591,0.000306299,2.22519E-20,6.1656E-20,9.66738E-07,0.000561931,0.000710341,0.000715537,0.00067222,0.157421002,0.019209873,0.002186569,0.00111611,0.000581249,0.000749254,0.001365016,0.001453892,0.00080691,0.001330271,2.25207E-20,0.000418748,0.000511818,0.028618709,0.000473612,0.000455195,0.096265919,0.000965132,0.001204737,1.9429E-05,0.000578409,0.000274966,0.000289579,0.000340237,0.000382707,0.000307756,0.000474442,0.068820312,0.000942215,0.001579021,0.001205108,0.004986188,0.021030556,0.001583373,0.001299783,0.000996733,0.000717179,0.00182086,0.000727187,0.000707941,0.001108416,0.000356193,0.000558481,0.000552404,0.000401852,0.000401357,0.00038399,0.00037587,0.000378492,0.000376804,0.000510654,0.000611949,0.000936,0.000385414
SNORA64,0.122139125,0.163505117,0.118619909,0.057498661,0.014391712,0.018055091,0.004187494,0.015531981,0.006371022,0.392543393,0.009239922,0.004279309,0.141747212,0.011022297,0.007228633,0.027391699,0.008437263,0.004561132,0.008981753,0.004303819,0.031020439,0.008841379,0.006283159,0.005119607,0.004177948,0.006739934,0.008988061,0.336224098,0.007503484,0.004172524,0.006191638,0.008389953,0.004417682,0.004837534,0.005018112,0.005137222,0.005194695,0.004700036,0.009696959,0.004236945,0.00412521,0.004145025,0.007766888,0.008448743,0.004077197,0.005500087,0.004090605,0.012522444,0.00779763,0.004916477,0.004772313,0.004068222,0.004074796,0.00427476,0.004592562,0.006187892,0.005542074,0.004504931,0.460672239,0.022779578,0.010235678,0.007376497,0.005530241,0.006215598,0.007992421,0.008073023,0.006298014,0.005318516,0.004053418,0.00526709,0.004194195,0.020570814,0.005428832,0.005356398,0.283290134,0.006564868,0.007418209,0.004061394,0.005511695,0.004707851,0.004678662,0.004273518,0.004300833,0.004272206,0.004365685,0.186417345,0.006060786,0.008472176,0.007127268,0.00927456,0.024284561,0.008243202,0.007193708,0.00683815,0.006013415,0.00905884,0.006039528,0.00461401,0.005902399,0.004068617,0.004750704,0.004810396,0.004316874,0.004316729,0.004314575,0.004334042,0.004302266,0.004300402,0.004604257,0.004923279,0.005828148,0.004319223
SNORA65,0.106287817,0.105549185,0.197926649,0.046769294,0.027510023,0.045929072,3.85009E-05,0.012749545,0.001058513,0.431363478,0.002379685,9.63924E-05,0.259315528,0.00584535,0.002495613,0.040919031,0.02453288,0.004842057,0.004552757,0.004443251,0.046456999,0.020654459,0.011369727,0.002021497,0.001654645,0.020796639,0.020211728,0.159481736,0.012345292,0.001705393,0.014272517,0.021887375,0.006589736,0.0126767,0.006230678,0.009396848,0.001865674,0.012122676,0.01549449,0.002842972,0.000344012,0.00101509,0.002863589,0.003261509,1.03858E-06,0.008166575,3.21428E-25,0.01479929,0.001714006,0.005868172,0.001146838,5.04296E-26,1.39731E-25,1.26179E-05,0.007334312,0.001477377,0.00403607,0.008773803,0.209653429,0.023576291,0.002828131,0.001486437,0.000679035,0.000997857,0.001810105,0.001843166,0.00102615,0.012311222,5.10389E-26,0.00054628,0.002846867,0.018369501,0.000630543,0.000598588,0.128207036,0.001444352,0.002173168,2.05593E-09,0.001540736,0.000869908,0.001196573,0.004351302,0.004745544,0.00401683,0.006192415,0.089431611,0.000919556,0.003525807,0.003766743,0.009120116,0.022469043,0.001916556,0.002035925,0.001269223,0.000895576,0.002290216,0.000906111,0.005107064,0.008258694,2.94087E-25,0.005034014,0.004841299,0.005029981,0.004909012,0.004763934,0.00464391,0.004639441,0.004650168,0.005148362,0.005168759,0.004958093,0.004941333
SNORA66,0.057245736,0.089157639,0.120393542,0.043262608,0.004929217,0.014894787,3.00173E-05,0.012682453,0.000840083,0.400731692,0.002002167,0.000113953,0.113143266,0.00432627,0.001199511,0.024931544,0.005086765,0.000429179,0.001959308,0.000329651,0.028057433,0.002781233,0.001358907,0.000459799,0.00012276,0.003149078,0.004440869,0.114979468,0.001913328,0.00012717,0.002285116,0.004962394,0.000488902,0.001195295,0.000655119,0.001111139,0.000466181,0.000899398,0.005487527,0.000210924,0.000190551,7.56699E-05,0.002554161,0.001605413,2.05176E-05,0.000929671,7.67743E-10,0.006589766,0.0012877,0.000612435,0.000305648,4.29148E-18,1.18909E-17,9.36136E-07,0.000544143,0.000709323,0.000707561,0.000650941,0.157519789,0.019254316,0.002189739,0.001116811,0.00058365,0.000749724,0.00136604,0.001456799,0.000808455,0.001302488,4.34333E-18,0.000419255,0.000513477,0.029004919,0.000473914,0.000455645,0.096326329,0.000967384,0.001204239,1.99955E-05,0.000577295,0.00027434,0.00028808,0.000329883,0.000371755,0.000298014,0.000459424,0.068882155,0.000949988,0.001576774,0.001201133,0.004989019,0.02109548,0.001588483,0.001304338,0.000998606,0.000718905,0.00182489,0.000728979,0.000698008,0.001091081,0.000366579,0.000547958,0.000542033,0.000390133,0.000390187,0.00037299,0.000365192,0.000367912,0.000366125,0.000499369,0.000601048,0.00092836,0.000373629
SNORA67,0.164838044,0.172721704,0.201520014,0.058408658,0.03805244,0.051274467,0.005993478,0.018500493,0.008226297,0.433469144,0.011163308,0.006081749,0.287893562,0.013972716,0.010093378,0.04634024,0.030064373,0.010792826,0.013099252,0.010258454,0.051809889,0.028374185,0.018024466,0.008425555,0.007533204,0.026378408,0.026582755,0.351953056,0.019666728,0.007573482,0.020107507,0.02746856,0.012378475,0.018424961,0.012387386,0.015277747,0.008320814,0.017820273,0.021837439,0.008700465,0.006258603,0.006905329,0.009728844,0.011537849,0.005884765,0.014508934,0.005889594,0.022378238,0.00969439,0.011968155,0.007379988,0.005878354,0.005881384,0.005989142,0.013168937,0.008511046,0.010585191,0.014495311,0.472463257,0.029243453,0.012172712,0.009219414,0.007371536,0.008077285,0.009892515,0.009970025,0.008152074,0.018193893,0.005860526,0.007091472,0.008653814,0.024043516,0.007265816,0.007193433,0.291204468,0.008707537,0.009900991,0.005868888,0.008186426,0.007076347,0.007371443,0.010142049,0.010534951,0.009817922,0.011950475,0.192904823,0.007910412,0.011795714,0.011245328,0.015116978,0.028132767,0.010138025,0.009640604,0.008699873,0.007859685,0.01097045,0.007888042,0.010901989,0.014823826,0.005866968,0.011076624,0.010927882,0.010819635,0.010703964,0.010564349,0.010460127,0.010438706,0.010448,0.011100335,0.011305749,0.011633032,0.010736951
SNORA68,0.12343785,0.12228687,0.135306365,0.055344671,0.032679934,0.047970401,0.005995073,0.01172118,0.004192736,0.408468529,0.006625116,0.001299838,0.171857161,0.012561668,0.004715239,0.050799911,0.037808089,0.010801475,0.016085028,0.015180751,0.056728878,0.021436001,0.018543827,0.007564856,0.009733175,0.025966229,0.034259969,0.224669407,0.021331963,0.009652247,0.028182194,0.029721567,0.007683661,0.021714996,0.013501026,0.017680994,0.00742186,0.011394198,0.019124504,0.012311527,0.01308463,0.016069944,0.00422458,0.006028577,0.005597532,0.017826427,0.004480894,0.026884692,0.011925829,0.012158767,0.006268078,0.004725244,0.004452859,0.004232593,0.006516913,0.009969621,0.009508516,0.009542595,0.298892165,0.030134633,0.009965704,0.007864056,0.006212485,0.006822679,0.008589182,0.00843844,0.004825342,0.010903397,0.004184592,0.003382115,0.002299053,0.016887836,0.00463973,0.004660761,0.184611778,0.006049889,0.006864933,0.004554307,0.006279872,0.005445119,0.005693155,0.005853183,0.006395352,0.00472183,0.006096135,0.124649198,0.002388559,0.004712709,0.004547551,0.006540203,0.020740866,0.005486921,0.005447196,0.004662305,0.003458681,0.005544501,0.003995542,0.002737664,0.005661254,2.87002E-05,0.004627336,0.004418779,0.003446699,0.003876289,0.003353387,0.003600245,0.003805308,0.003714667,0.003805599,0.004692439,0.002936841,0.002939094
SNORA69,0.112587439,0.157244791,0.12560582,0.060445513,0.013513867,0.018571372,0.00533286,0.018665723,0.00738851,0.424047441,0.010159691,0.005504413,0.136828554,0.011911257,0.008128945,0.030216962,0.009011872,0.005446789,0.009704695,0.005245444,0.033295716,0.008823896,0.006746089,0.006136567,0.005261072,0.007088898,0.009376051,0.301218677,0.007958836,0.00526098,0.006839477,0.009131054,0.005361655,0.005687683,0.00581392,0.005856854,0.006198824,0.005367073,0.010879864,0.005263787,0.005462612,0.005253402,0.008953161,0.0091956,0.00530351,0.00620194,0.005268184,0.013335284,0.008592424,0.005764879,0.005919528,0.005249475,0.005256486,0.005455708,0.005512493,0.007144827,0.00642825,0.005255365,0.412621151,0.025202612,0.01086383,0.008226555,0.006665832,0.007186592,0.008787875,0.00894158,0.007316821,0.006005974,0.005241263,0.006350217,0.005626535,0.038246526,0.006484318,0.006427978,0.254371775,0.007600969,0.00825364,0.005292759,0.006559112,0.005851151,0.005806725,0.005275209,0.005300365,0.005266971,0.005259361,0.169543914,0.007377601,0.009162137,0.007956689,0.010547663,0.027351886,0.009188645,0.008279846,0.007805351,0.007080378,0.009866236,0.00710082,0.005775768,0.00669238,0.005715959,0.005794481,0.005842994,0.005393014,0.005396816,0.00540473,0.005420869,0.005394487,0.00538972,0.005657045,0.005934595,0.006878002,0.005401272
SNORA70,0.10096118,0.098318236,0.136017615,0.053569492,0.029553035,0.046431743,0.005573927,0.011746865,0.00350409,0.408533,0.005269051,0.001172813,0.161965692,0.011243842,0.003884048,0.049389807,0.036038344,0.010157184,0.014222505,0.014271905,0.055213658,0.019821775,0.017280522,0.006927579,0.009118836,0.024831353,0.032338088,0.151556076,0.019679763,0.009044725,0.026661525,0.028425605,0.007338628,0.020572689,0.012636914,0.016704017,0.006774625,0.010944806,0.018178482,0.011554314,0.012208949,0.015009952,0.003768439,0.004908264,0.00521779,0.016642223,0.004175266,0.025039981,0.010465452,0.01138533,0.005761175,0.004405308,0.004150612,0.003925205,0.006254681,0.008956268,0.00872804,0.009129709,0.19870127,0.029490151,0.008210609,0.006756799,0.005532288,0.005980648,0.007317798,0.007163726,0.004106395,0.01043375,0.00390121,0.002942515,0.002218232,0.016924844,0.004084354,0.004116462,0.123219164,0.005211649,0.005835606,0.004245537,0.005632399,0.004985798,0.005232752,0.005572635,0.006088081,0.004507069,0.005847926,0.086437676,0.001875239,0.003693377,0.003801354,0.006488909,0.020780443,0.004383234,0.004551324,0.00386085,0.00288172,0.004294033,0.003378394,0.002699938,0.005224093,2.43567E-05,0.004364811,0.004151642,0.003346045,0.003742937,0.003251014,0.003475699,0.003669712,0.003585715,0.003630335,0.004397213,0.002579395,0.002869799
SNORA70B,0.110273811,0.149361937,0.120567258,0.057192375,0.015233517,0.020181397,0.006351703,0.017652027,0.00817577,0.393869461,0.010625377,0.006385203,0.136990934,0.012587,0.008910016,0.029539179,0.010628098,0.006715418,0.010447663,0.006476431,0.033150135,0.010469656,0.00822234,0.007148736,0.006357776,0.008940111,0.010958786,0.289547715,0.009255943,0.006347997,0.008337376,0.010549017,0.006596864,0.006999137,0.007112937,0.007281428,0.007212064,0.006886302,0.011682136,0.00641674,0.006313515,0.006320608,0.009629034,0.009953686,0.006229307,0.007510013,0.006237641,0.014177038,0.009399265,0.006993029,0.006823666,0.006221761,0.00622548,0.006364318,0.006709009,0.008003561,0.007508653,0.00666915,0.395561179,0.024870786,0.01146747,0.009021101,0.007444188,0.008031963,0.009554759,0.009621557,0.008112969,0.007424508,0.006198276,0.007232564,0.0063359,0.022664333,0.007365085,0.007303852,0.244314136,0.008340446,0.009071439,0.006208083,0.007453973,0.006764758,0.006744045,0.006427176,0.006454747,0.006418797,0.006520261,0.162982856,0.007907669,0.009965371,0.008831935,0.011317885,0.026387819,0.009773254,0.008885149,0.008574524,0.007867728,0.010466625,0.007893772,0.006766906,0.007842729,0.006203382,0.006838822,0.006887779,0.006469392,0.006468749,0.006464893,0.006479116,0.006454443,0.006453233,0.006714913,0.006986031,0.007748801,0.00647055
SNORA70C,0.140416027,0.148319152,0.130328289,0.052640466,0.030685684,0.042229209,0.005000448,0.011451543,0.004304242,0.397311157,0.007353678,0.001153867,0.174568331,0.012260448,0.005028776,0.045816406,0.032239025,0.009126122,0.015096501,0.012670091,0.051300124,0.019497842,0.01617166,0.006644682,0.008100554,0.022142425,0.029600185,0.305536214,0.018924788,0.008034438,0.023855723,0.02549392,0.006496164,0.018248628,0.011529191,0.014969037,0.00655184,0.009678331,0.017077644,0.010260805,0.010853777,0.013341883,0.004389056,0.006538146,0.004640865,0.015299612,0.003715674,0.024320121,0.011227144,0.010391711,0.005415086,0.003917393,0.003691864,0.00351731,0.00554927,0.008975441,0.008416782,0.008079115,0.411769303,0.027838719,0.010474586,0.00768521,0.005681696,0.006436521,0.008536296,0.00843754,0.004803309,0.009444287,0.003469193,0.003232027,0.001960816,0.016499345,0.004339961,0.004332247,0.253324745,0.005915562,0.006894172,0.003775836,0.005727509,0.004740552,0.004941678,0.00493576,0.005392974,0.003992164,0.005172482,0.167002584,0.002699765,0.005431794,0.004828873,0.006205111,0.020251285,0.006048345,0.005641024,0.004858587,0.003568305,0.00638848,0.004021552,0.002407936,0.005360646,2.4713E-05,0.004085735,0.003934926,0.00295411,0.00330809,0.002872027,0.003075253,0.00324404,0.003169016,0.00335352,0.004201877,0.003069103,0.002531841
SNORA70D,0.117791718,0.160386598,0.11441648,0.05572522,0.013754321,0.017117775,0.005037912,0.016301501,0.007191826,0.388916064,0.009969394,0.005166678,0.132943079,0.011647116,0.007960778,0.027180669,0.008205245,0.005162751,0.009586341,0.004950486,0.030714269,0.008642815,0.006560314,0.005877813,0.00495412,0.006613646,0.008935327,0.326251933,0.007735848,0.004948957,0.006361374,0.008300097,0.00495919,0.005045842,0.005553471,0.005540883,0.005958049,0.004960035,0.009956817,0.00495417,0.004956024,0.004958287,0.008559012,0.00912128,0.004963104,0.005970412,0.004973912,0.012829779,0.008574683,0.005500567,0.005577,0.004954736,0.004961263,0.005132107,0.005095376,0.006970108,0.006210346,0.004943857,0.447176833,0.02330339,0.010938647,0.008162635,0.00639434,0.007057645,0.008771625,0.008849068,0.007121323,0.005609561,0.004945497,0.00612021,0.00494777,0.021289476,0.006288681,0.006218873,0.275380675,0.007370652,0.00817722,0.004954438,0.006314431,0.005547495,0.005504989,0.004946841,0.004952518,0.004959187,0.00494583,0.181733129,0.0068947,0.009118448,0.007783139,0.009829546,0.02494648,0.009002898,0.007958107,0.007641661,0.006846918,0.009795393,0.006870964,0.005274791,0.006372372,0.004966723,0.005389631,0.00545946,0.004964172,0.004967318,0.004972846,0.00499266,0.004966658,0.004964632,0.005241227,0.00555445,0.006466684,0.004970854
SNORA70E,0.099963374,0.140361425,0.108573278,0.053521045,0.007725904,0.012105667,8.26396E-05,0.011252973,0.001940732,0.380728243,0.004330872,0.00020319,0.121112022,0.006205244,0.00262748,0.022038452,0.003214544,0.000187842,0.00399165,1.204E-180,0.025530137,0.003172974,0.001384173,0.000802462,1.35483E-42,0.001642378,0.00379453,0.277030746,0.002392528,1.80249E-11,0.001391429,0.003333006,1.32682E-16,0.000114674,0.00051797,0.000553325,0.000873047,5.3817E-184,0.004812365,2.18578E-35,4.61278E-09,9.64039E-07,0.003420661,0.003643866,1.49154E-05,0.000869604,3.10764E-05,0.007424619,0.00311849,0.000475563,0.000581488,4.87564E-06,1.35095E-05,0.000254568,0.000187182,0.001811982,0.001091015,1.83503E-71,0.381287315,0.018214946,0.005170827,0.002803092,0.001247499,0.001814861,0.003292536,0.003363451,0.001880327,0.000596504,4.93455E-06,0.001023091,9.02481E-06,0.016213546,0.001159655,0.001098059,0.233164402,0.002091763,0.002791133,9.51998E-06,0.001180783,0.000527,0.000483709,4.51883E-08,5.99564E-06,2.20263E-05,2.42265E-08,0.153542195,0.001684279,0.003677182,0.002501234,0.004966435,0.019831539,0.003503557,0.002598032,0.002331915,0.001645712,0.004187152,0.001663269,0.000312784,0.001225766,2.84432E-05,0.000379921,0.000438976,9.6385E-06,1.48907E-05,2.12552E-05,4.84947E-05,1.37583E-05,1.10275E-05,0.000250026,0.000522028,0.001310166,1.69453E-05
SNORA70F,0.127196617,0.171544935,0.112800332,0.056727322,0.013075006,0.015288462,0.003227336,0.01499776,0.005656342,0.386030438,0.008892338,0.003382057,0.136141628,0.01031413,0.006544465,0.025676155,0.006475613,0.003370125,0.008413903,0.003118221,0.028724087,0.007305919,0.004928377,0.004170063,0.003125791,0.004799135,0.007263373,0.364040101,0.00631296,0.003120996,0.004617735,0.006591552,0.003121601,0.003417636,0.003802594,0.003739033,0.004256505,0.003124148,0.008445062,0.003125549,0.003246627,0.003127097,0.006970841,0.007849392,0.00313819,0.004249561,0.00313957,0.011398255,0.007173235,0.003729394,0.003864477,0.003114371,0.003122317,0.003348889,0.003289828,0.005398565,0.004530603,0.003107994,0.499841769,0.02137606,0.009875889,0.006722752,0.004769815,0.005463385,0.007396037,0.0075298,0.005572267,0.003801389,0.003104843,0.004431026,0.003313795,0.027614795,0.004605825,0.004530823,0.306871406,0.005881812,0.006739669,0.003125999,0.004658178,0.003798521,0.003747064,0.00310863,0.00312457,0.003122426,0.003103552,0.200564566,0.005468663,0.007842423,0.006346843,0.00808044,0.023199272,0.007763589,0.006616048,0.006163985,0.005269951,0.008621669,0.00529777,0.003438369,0.004717384,0.003378169,0.003623044,0.003690556,0.003126403,0.0031384,0.003139967,0.003168078,0.003135774,0.003131324,0.00344747,0.003801203,0.0048595,0.003126956
SNORA71A,0.116929758,0.159590104,0.115437826,0.057537921,0.013780209,0.017332239,0.005126785,0.016485033,0.00725489,0.392220781,0.009997035,0.00525573,0.13318252,0.011733189,0.008022035,0.027455421,0.008321144,0.005248504,0.009618431,0.0050391,0.031019048,0.008686884,0.006629178,0.005955668,0.005042662,0.006716068,0.009038551,0.322421476,0.007790581,0.005037466,0.006467656,0.008423491,0.005048329,0.005147219,0.005634661,0.005629501,0.006035188,0.005049157,0.010063338,0.005042716,0.00504458,0.005046735,0.008663993,0.009174926,0.005053341,0.006046674,0.005065841,0.01293116,0.008619246,0.005582333,0.005672745,0.005043737,0.005051234,0.005249149,0.00520553,0.007058389,0.006283702,0.005032261,0.441871559,0.023553227,0.010957459,0.008224036,0.006466605,0.007120346,0.008813595,0.00889138,0.007185039,0.00569664,0.005034411,0.00619795,0.005037134,0.021514517,0.006362446,0.006293088,0.272170982,0.007431303,0.008229441,0.005044075,0.006387449,0.005632298,0.00558798,0.005035342,0.005041726,0.00505002,0.005034288,0.179843673,0.006960863,0.009182805,0.007856796,0.010011257,0.025202547,0.009044134,0.008011141,0.007700192,0.006914308,0.009827516,0.006937951,0.005367852,0.006445818,0.005058301,0.00547533,0.005544013,0.0050544,0.005058063,0.005064372,0.0050872,0.005057284,0.005054957,0.005328416,0.005638153,0.006540763,0.005061997
SNORA71B,0.092609635,0.12833144,0.116625084,0.054785355,0.008821264,0.015010519,7.50583E-05,0.01205604,0.001716493,0.384216178,0.003918829,0.000216292,0.12873033,0.005870614,0.002434611,0.024073966,0.005171853,0.000570048,0.003762324,0.00038243,0.027177141,0.004423427,0.002108176,0.000841124,0.000142415,0.003300199,0.00509849,0.239803758,0.003104048,0.000147321,0.002547135,0.005078323,0.000567177,0.001428264,0.000958974,0.00129261,0.000879734,0.001043397,0.005856092,0.000244694,0.000167416,8.81553E-05,0.003288391,0.003336165,3.33415E-05,0.001412556,3.37198E-05,0.00781743,0.002692854,0.000893166,0.0006472,5.29027E-06,1.46584E-05,0.000277303,0.000834363,0.001660005,0.001240717,0.00075516,0.329202954,0.018591972,0.004524732,0.0024423,0.001141221,0.001566971,0.002847948,0.002966611,0.001657891,0.001572333,5.3542E-06,0.000897257,0.000507217,0.026332123,0.001004246,0.000955146,0.20131383,0.001906938,0.00248227,2.70262E-05,0.00112088,0.000533124,0.000519523,0.000380455,0.000431384,0.000369627,0.000533006,0.133787067,0.001673196,0.003387189,0.002451232,0.005381277,0.020198594,0.003152965,0.002456302,0.002056183,0.001463101,0.003707052,0.001479706,0.000747735,0.001737285,0.000336963,0.000780303,0.000799035,0.000457543,0.000460369,0.000449416,0.000469566,0.000434038,0.000429842,0.000674909,0.000899722,0.001572082,0.000449551
SNORA71C,0.099244756,0.139895558,0.110133217,0.054434956,0.00771425,0.012206931,8.3549E-05,0.01205505,0.001959152,0.384120305,0.004465502,0.000237738,0.121135989,0.006196128,0.002660173,0.022696853,0.0033731,0.000185894,0.004063527,1.1913E-180,0.02566153,0.003196527,0.001369813,0.000805374,4.05821E-38,0.001670016,0.003802863,0.274156567,0.002456954,5.39908E-07,0.001454332,0.003510948,1.40284E-16,0.000334562,0.000512596,0.000553039,0.00086915,7.0932E-198,0.005067941,2.31102E-35,0.000138169,9.54037E-07,0.003457543,0.003661525,3.28833E-05,0.000860582,3.28577E-05,0.007458666,0.00308624,0.000470629,0.000625022,5.15502E-06,1.42836E-05,0.000269155,0.000197907,0.001806805,0.001082202,1.81599E-71,0.37733148,0.01832532,0.005173346,0.002780762,0.001296915,0.001796039,0.003263477,0.003389575,0.001893147,0.000594697,5.21731E-06,0.001021861,0.000262603,0.026354293,0.001148637,0.001092289,0.230745334,0.002143196,0.002774698,2.68059E-05,0.00119146,0.000543921,0.000498535,5.9537E-06,2.28125E-05,2.32884E-05,2.56147E-08,0.152082432,0.001884531,0.003677565,0.002528651,0.005017705,0.020194088,0.003592761,0.002730436,0.002346992,0.001668322,0.004232417,0.001687395,0.00033744,0.001236545,0.00033698,0.000409782,0.000455841,2.43834E-05,3.74951E-05,3.88384E-05,6.85655E-05,3.43931E-05,2.93431E-05,0.000272661,0.000542228,0.001367542,2.37972E-05
SNORA71D,0.099679634,0.140275153,0.109599526,0.053950982,0.007750145,0.012148257,8.36402E-05,0.011960911,0.001969163,0.382384609,0.004483008,0.000236076,0.12103339,0.006201007,0.002671686,0.022568179,0.003350486,0.000187132,0.004082925,1.1993E-180,0.025551005,0.003213997,0.001378937,0.000809834,3.81051E-38,0.001661735,0.003796839,0.275982821,0.002467279,5.06954E-07,0.001444828,0.003485576,1.36976E-16,0.000318682,0.00051601,0.000552848,0.000874381,2.8866E-187,0.005043056,2.25652E-35,0.000129736,9.60392E-07,0.003452193,0.003678561,3.14668E-05,0.000866315,3.20827E-05,0.00745187,0.003106749,0.000473764,0.000622496,5.03344E-06,1.39467E-05,0.000262807,0.00019324,0.001812404,0.001089175,1.82808E-71,0.379845019,0.018244198,0.005203253,0.002796095,0.001300988,0.001808,0.003284855,0.003407712,0.001903183,0.000595546,5.09426E-06,0.001027222,0.000246931,0.025670217,0.001155866,0.001098923,0.232282411,0.002152161,0.002791658,2.55467E-05,0.0011976,0.000545233,0.000500241,5.59208E-06,2.16575E-05,2.27391E-05,2.50105E-08,0.153000875,0.001882018,0.00369341,0.002537447,0.004986046,0.020092334,0.0036077,0.002737571,0.00235932,0.001676284,0.004254002,0.001695412,0.00033451,0.001242823,0.000317538,0.000409779,0.000457054,2.32767E-05,3.57962E-05,3.73094E-05,6.63008E-05,3.28386E-05,2.79887E-05,0.000272417,0.000543659,0.001371118,2.30157E-05
SNORA72,0.111184134,0.114730612,0.210724081,0.060517314,0.031542178,0.050754022,0.004590495,0.018842274,0.005649506,0.470894139,0.007064812,0.004676326,0.266673543,0.010688522,0.007088794,0.047381835,0.028864606,0.009241434,0.009120667,0.008850698,0.052848551,0.024753924,0.015605084,0.006544504,0.006164192,0.0249365,0.024531152,0.162846094,0.016632151,0.006213207,0.018624255,0.026330701,0.011049868,0.017071435,0.010606015,0.013710109,0.006387569,0.01641807,0.020257325,0.00731877,0.004991546,0.005534893,0.007677286,0.007867649,0.004585822,0.012498585,0.004556066,0.019584893,0.00626382,0.010250566,0.005769823,0.004546998,0.004550834,0.00467432,0.011853827,0.006102863,0.008489065,0.013059231,0.212893513,0.02971056,0.007427528,0.006077886,0.005269228,0.005538118,0.006364712,0.006441652,0.005613945,0.016633878,0.004539237,0.005114902,0.007492588,0.032080132,0.005179782,0.005151508,0.131961808,0.006048299,0.006723543,0.004576409,0.006095954,0.005442744,0.00574839,0.008788143,0.009185309,0.008451976,0.010561119,0.094273858,0.005637287,0.008134079,0.008347743,0.014163559,0.028988753,0.006569252,0.00669976,0.005863395,0.0054956,0.006918279,0.005504413,0.009712775,0.012697408,0.004774147,0.009560506,0.009367356,0.009555479,0.009434221,0.009303414,0.009192376,0.009172476,0.009180754,0.009675094,0.009687526,0.009569589,0.009481593
SNORA73A,0.11216074,0.172043482,0.184847892,0.068531339,0.007634464,0.019909764,0.000138197,0.022431649,0.00214295,0.638677746,0.005209697,0.000410005,0.174840421,0.007870913,0.00284136,0.039329864,0.006100195,0.000249387,0.004550901,6.48925E-05,0.042410047,0.003463776,0.001425111,0.000902349,6.49992E-05,0.002884599,0.005508154,0.27227475,0.002860064,6.75952E-05,0.002382863,0.006268953,6.49357E-05,0.001126439,0.000573928,0.000846296,0.000938319,6.49335E-05,0.008592487,6.5021E-05,0.000752469,6.61058E-05,0.004658281,0.00374792,0.000150084,0.000919644,6.49553E-05,0.010532983,0.003127829,0.000532178,0.000722372,6.49588E-05,6.4961E-05,6.47306E-05,6.48488E-05,0.001647641,0.001146156,6.47606E-05,0.374717235,0.030221784,0.005389074,0.002721277,0.001584503,0.001848211,0.003324859,0.00365851,0.002054642,0.000841872,6.48064E-05,0.001077752,0.00132377,0.076993474,0.001192331,0.001159202,0.229171816,0.002466751,0.002837206,0.000148133,0.001327398,0.000655764,0.000625783,9.419E-05,0.000146789,6.47312E-05,6.47948E-05,0.156737858,0.002787278,0.003578652,0.002574493,0.007484668,0.034253827,0.004108318,0.003397756,0.002520358,0.001856916,0.004591387,0.001884778,0.000679781,0.001368461,0.001591721,0.000584963,0.000584805,0.000135492,0.000173101,0.000146303,0.000150914,0.000163626,0.000152866,0.00041913,0.000683752,0.001670188,9.41402E-05
SNORA74A,0.128063375,0.172296049,0.111795024,0.056279511,0.013123097,0.015251093,0.003242032,0.014372325,0.005654724,0.384171674,0.008801904,0.003361997,0.136436258,0.01035453,0.006533565,0.025204443,0.006369277,0.003388856,0.008378019,0.003130986,0.028690599,0.007308805,0.004958544,0.004182831,0.003140479,0.004798164,0.00728084,0.367162314,0.006278672,0.003134626,0.004587066,0.006466918,0.003134591,0.003252913,0.003824146,0.003754958,0.004275323,0.003137932,0.008258591,0.003140161,0.003149641,0.003141257,0.006959244,0.007854741,0.003133229,0.00426945,0.003147986,0.011400436,0.007216975,0.003745153,0.00384147,0.003123879,0.003131305,0.003347623,0.00329137,0.00541668,0.004551358,0.003119075,0.50412381,0.021337588,0.009895507,0.006756761,0.004738321,0.005489761,0.007435995,0.007524518,0.005575039,0.003812872,0.003113119,0.00444329,0.00311299,0.019320893,0.004624742,0.004545259,0.30949394,0.005852593,0.006768494,0.00312032,0.004661345,0.003795051,0.003745041,0.00311275,0.003120006,0.003130391,0.003112628,0.202183232,0.005316199,0.007862667,0.00634112,0.008064631,0.022956986,0.007708275,0.006522731,0.006166501,0.005263738,0.008603872,0.005290734,0.00342649,0.004720245,0.00313163,0.003608086,0.003686317,0.003122326,0.003128202,0.003133787,0.003160393,0.003127173,0.003124606,0.003437798,0.003794496,0.004823518,0.003129358
SNORA74B,0.085763149,0.080185311,0.200359099,0.046678982,0.026347763,0.047057511,1.92171E-05,0.012724925,0.000528339,0.430530512,0.001187779,4.81126E-05,0.253642731,0.004978709,0.001832495,0.04143795,0.025268758,0.004958825,0.00353728,0.004601244,0.047024528,0.020453001,0.011365741,0.001858236,0.001713481,0.021466367,0.020494747,0.083440415,0.012078574,0.001766033,0.014686291,0.02252683,0.006824055,0.013127459,0.00629945,0.009656516,0.001676756,0.012553735,0.01558695,0.002944063,0.000356244,0.0010509,0.00247861,0.00234145,1.0755E-06,0.008200466,2.2379E-175,0.014331989,0.000855589,0.005936562,0.001051997,1.7686E-182,4.0198E-157,1.30665E-05,0.007595106,0.001054822,0.003858494,0.009085783,0.104644902,0.023643989,0.001411613,0.000741929,0.000338929,0.000498063,0.000903483,0.000919985,0.000512185,0.012644309,8.4743E-222,0.000272666,0.002948096,0.018334029,0.000314725,0.000298806,0.063992336,0.000882608,0.001434451,2.12903E-09,0.001249873,0.000753964,0.001099375,0.004506026,0.004914286,0.004159661,0.006412606,0.049490454,0.000458981,0.002631634,0.003210672,0.009254398,0.022425655,0.000956616,0.001344862,0.000633511,0.000447011,0.001143122,0.00045227,0.005275787,0.008194779,1.0686E-169,0.00510574,0.004887988,0.005208837,0.005083567,0.00493333,0.004809038,0.00480441,0.004815519,0.00526147,0.005203386,0.004755807,0.005117037
SNORA75,0.142312369,0.134808221,0.198752828,0.057272026,0.037270789,0.055360471,0.002031819,0.012615679,0.002582625,0.430766951,0.004862241,0.00055355,0.279008857,0.0092586,0.00419175,0.048721443,0.034394432,0.008086512,0.009969343,0.009143597,0.054862495,0.026603051,0.016834638,0.004465405,0.004753526,0.027442301,0.029527505,0.251863215,0.0187695,0.004773903,0.022320772,0.029285385,0.008658933,0.019013757,0.010303424,0.01449471,0.004282053,0.015023316,0.019768891,0.00670922,0.004644167,0.006254146,0.003794205,0.005469574,0.001859474,0.013568211,0.001498566,0.021707884,0.005866242,0.009518637,0.003254382,0.001564534,0.001479381,0.001554416,0.009070425,0.004952287,0.00700802,0.011301507,0.33409055,0.026899296,0.006483446,0.004323835,0.002822541,0.003375008,0.004870752,0.004864126,0.002754517,0.014991952,0.001385871,0.001747672,0.00340862,0.018176627,0.002248489,0.002217658,0.204908716,0.00356968,0.004595628,0.00151066,0.003636228,0.002676963,0.003048922,0.005975304,0.00652396,0.005303187,0.007765281,0.137324118,0.001828241,0.005324512,0.0053415,0.0096776,0.02226094,0.003974708,0.003972154,0.002978816,0.002157874,0.00441539,0.002346235,0.005569382,0.009677044,2.55414E-05,0.006251994,0.006009205,0.005815566,0.005848185,0.005544229,0.005529745,0.005573757,0.005552218,0.006071195,0.006413814,0.005726608,0.005569599
SNORA79,0.085095291,0.0804054,0.20028313,0.047109698,0.02595092,0.046659419,1.89975E-05,0.01284234,0.000522303,0.434503101,0.001174209,4.7563E-05,0.252056989,0.004983038,0.00180691,0.041411425,0.024966312,0.004882034,0.003486847,0.004529794,0.047008998,0.020138971,0.011190808,0.001830279,0.001686873,0.021179005,0.02025119,0.082456762,0.011893708,0.001738609,0.014490517,0.022268514,0.006718088,0.01292361,0.006202213,0.009516632,0.001651693,0.012358795,0.015452587,0.002898346,0.000350712,0.001034583,0.002493641,0.002309047,1.0588E-06,0.008074105,2.4138E-141,0.014241607,0.000845814,0.005844912,0.001036179,1.7412E-182,4.2946E-157,1.28636E-05,0.007477166,0.001040257,0.003799803,0.008944695,0.103449411,0.023784731,0.001395486,0.000733453,0.000335057,0.000492373,0.000893161,0.000909475,0.000506334,0.012456218,3.6169E-188,0.000269551,0.002902317,0.018503201,0.000311129,0.000295392,0.063261271,0.000871244,0.001415292,2.09597E-09,0.001231784,0.000742817,0.001082837,0.004436055,0.004837975,0.004095068,0.006313028,0.049125512,0.000453737,0.002594662,0.00316345,0.009235922,0.022632581,0.000945687,0.001326894,0.000626273,0.000441904,0.001130062,0.000447103,0.005202347,0.008068892,1.1525E-135,0.005026865,0.004812565,0.005127952,0.005004627,0.004856723,0.004734362,0.004729805,0.004740742,0.005180035,0.005123155,0.004683403,0.005037577
SNORA7B,0.076591628,0.114156285,0.111761973,0.042111542,0.005270087,0.01215369,5.01114E-05,0.0123403,0.001392061,0.390060548,0.003239467,0.000163023,0.111214248,0.005113235,0.001849044,0.023112912,0.003441703,0.000131602,0.002927546,4.8576E-142,0.026044847,0.002288284,0.000969752,0.000571104,4.69239E-38,0.001697674,0.003449482,0.194087764,0.001779402,6.2428E-07,0.00133871,0.003516127,9.12426E-72,0.000246661,0.00036289,0.000499978,0.000611673,1.3253E-141,0.004872731,4.91303E-76,0.000159761,6.75406E-07,0.002898819,0.0025147,1.97882E-05,0.000609245,7.43241E-10,0.006637361,0.00218373,0.000333179,0.000369923,7.58781E-76,9.87748E-27,8.26804E-31,4.20072E-12,0.001128457,0.000765384,1.28562E-71,0.267129925,0.018523836,0.003666261,0.001893943,0.000936316,0.00127142,0.002312199,0.002418139,0.001343747,0.000508112,1.11369E-56,0.000704578,0.000292617,0.028169445,0.000803566,0.000768372,0.163355,0.001539816,0.001950741,1.93572E-05,0.000846819,0.000372486,0.000354102,6.82908E-06,1.90483E-05,1.28148E-55,6.37724E-85,0.110314633,0.001422478,0.002448977,0.001687993,0.004563677,0.020532552,0.002585749,0.001996918,0.001660739,0.001185657,0.003018927,0.00120117,0.000335275,0.000875458,0.00035488,0.00029262,0.000321696,1.6411E-05,2.51511E-05,1.89234E-05,1.9995E-05,2.29486E-05,2.04481E-05,0.000194335,0.000382647,0.000979218,6.80016E-06
SNORA8,0.084430156,0.11882556,0.12080882,0.056639307,0.008381762,0.015868539,6.77231E-05,0.012439638,0.001495278,0.394314985,0.003430992,0.000201631,0.128696719,0.005587501,0.002163851,0.024975319,0.005614488,0.000625392,0.003344428,0.000455069,0.028129286,0.004365668,0.002118565,0.000774755,0.000169466,0.003654908,0.005314152,0.207288803,0.003013369,0.000175267,0.002782076,0.005484012,0.000674908,0.001668662,0.000995166,0.001423294,0.000801566,0.001241581,0.006040419,0.000291172,0.000189796,0.000104628,0.003189176,0.002958165,3.63816E-05,0.001435816,3.56945E-05,0.007762098,0.002325805,0.000928808,0.0006204,5.60008E-06,1.55168E-05,0.000293685,0.00096616,0.001492741,0.001169123,0.000898596,0.284290478,0.019120438,0.003927212,0.002130212,0.001004015,0.001353214,0.002460834,0.002579792,0.001442768,0.00173589,5.66774E-06,0.000783008,0.000585022,0.027974489,0.000870007,0.000828138,0.173849003,0.001676618,0.002169944,2.96613E-05,0.001000773,0.000488536,0.000481974,0.000452311,0.000511344,0.000436695,0.000634243,0.116935902,0.001503271,0.003023481,0.002231656,0.005595455,0.020747166,0.002758618,0.002181292,0.001790357,0.001277,0.003228414,0.001291465,0.000836863,0.001722197,0.00037599,0.000821489,0.000827609,0.000542108,0.000544207,0.000530633,0.000550664,0.000513166,0.000508709,0.000732777,0.000924117,0.001500492,0.000532123
SNORA80A,0.065377434,0.098160198,0.117743387,0.042360772,0.005635811,0.014518133,3.76938E-05,0.0124281,0.001050993,0.39239748,0.002475235,0.000132801,0.115060039,0.004618025,0.001474792,0.024386485,0.004939825,0.000432761,0.002387746,0.000313674,0.027436632,0.003060927,0.001472718,0.000541501,0.000116811,0.003044888,0.004444375,0.145366815,0.002135304,0.000121032,0.002229853,0.004823805,0.000465206,0.001147273,0.000690603,0.001093662,0.000556137,0.000855807,0.005473822,0.000200701,0.000187734,7.21276E-05,0.002665092,0.001985706,2.03183E-05,0.000997492,7.60395E-10,0.006756419,0.001629885,0.000644483,0.000352438,7.76293E-76,1.01054E-26,8.90765E-07,0.00051777,0.000884022,0.000814683,0.000619392,0.199378389,0.018846932,0.002753772,0.001413587,0.000718521,0.000948953,0.001727381,0.00182411,0.001012974,0.001288321,1.13939E-56,0.000528239,0.000500347,0.028535732,0.000599804,0.000575088,0.121923654,0.00119367,0.001505481,1.98041E-05,0.000702466,0.00032663,0.000336508,0.000314169,0.000354502,0.00028357,0.000437157,0.084608525,0.001131104,0.001950132,0.001448549,0.004876717,0.020659239,0.001969714,0.001584477,0.001251583,0.000897271,0.002281149,0.000909428,0.000673999,0.001196613,0.000363071,0.000570129,0.000571927,0.000371884,0.000372286,0.000355673,0.000348296,0.000351002,0.000349201,0.000507085,0.000638701,0.001053188,0.000355793
SNORA80B,0.092449696,0.127843698,0.118039298,0.05513124,0.009004462,0.015402376,7.47099E-05,0.012191181,0.001704573,0.386318551,0.003901568,0.000218758,0.130283171,0.005869016,0.002430951,0.024403683,0.005412653,0.000616013,0.003764598,0.000426991,0.02748395,0.004592591,0.002203073,0.000851568,0.00015901,0.00350053,0.005270653,0.237574264,0.003204075,0.000164481,0.00268757,0.005294548,0.000633266,0.001578844,0.001014303,0.001381872,0.000887051,0.001164976,0.005999491,0.000273207,0.000185237,9.83224E-05,0.003291665,0.003326611,3.52954E-05,0.00148244,3.40603E-05,0.007904259,0.002666981,0.000945446,0.000657979,5.34368E-06,1.48064E-05,0.000280218,0.00090997,0.001654765,0.001266419,0.000843153,0.326035664,0.018717473,0.004487956,0.002420937,0.001137499,0.001551897,0.002821135,0.002945157,0.001645807,0.001689701,5.40825E-06,0.000890097,0.000562191,0.027461447,0.000994876,0.000946727,0.199376973,0.001900352,0.002467227,2.88718E-05,0.001122556,0.000537409,0.000527078,0.00042471,0.000480756,0.000410154,0.000595111,0.132626958,0.001681998,0.003379647,0.002462861,0.005450263,0.020327436,0.003137141,0.002457559,0.002041185,0.001453765,0.003681767,0.001470381,0.000799516,0.001805853,0.000369198,0.000829343,0.000843992,0.000509571,0.000512027,0.000499129,0.00051847,0.000482783,0.000478439,0.000725939,0.000947299,0.001611553,0.000499906
SNORA80E,0.080590495,0.11656735,0.128016294,0.05704474,0.007727595,0.016364915,6.17295E-05,0.013723501,0.001401867,0.420328604,0.003296792,0.00021116,0.130577446,0.00553082,0.002024195,0.026692042,0.00576112,0.000575812,0.003163982,0.000419376,0.02966233,0.004060738,0.001948511,0.000720175,0.000156173,0.003624553,0.005273367,0.190252933,0.002843625,0.000161963,0.002766258,0.005655544,0.000621971,0.001701806,0.000915657,0.001362572,0.000739335,0.001144197,0.006323725,0.000268334,0.000288417,9.64188E-05,0.003214984,0.002741689,4.61275E-05,0.001320758,2.98537E-05,0.00783718,0.002134485,0.000854623,0.000592494,4.68362E-06,1.29775E-05,0.000245733,0.000872058,0.001351439,0.001076057,0.000828114,0.260922505,0.02028169,0.003646684,0.001945779,0.000971103,0.001241974,0.002262685,0.002416428,0.001348763,0.001640196,4.74021E-06,0.000721973,0.000746154,0.036417546,0.0007974,0.000763285,0.159559045,0.001597347,0.001998487,4.01561E-05,0.000936457,0.000462758,0.000457621,0.000421681,0.000484183,0.000400287,0.000584493,0.10861459,0.001557712,0.002774438,0.002069052,0.005763553,0.022238559,0.002632852,0.002132377,0.00167209,0.001202267,0.003033003,0.001217185,0.000833189,0.001600953,0.000595854,0.000781315,0.000777006,0.000510304,0.000517934,0.000500377,0.000516932,0.000487874,0.000482257,0.000693391,0.000868755,0.001433416,0.000493559
SNORA81,0.125228155,0.126723207,0.211524199,0.05731763,0.032427695,0.050799031,0.00231685,0.016201361,0.003688455,0.457783772,0.00550849,0.002421031,0.280666902,0.008958696,0.005327123,0.045757962,0.028202623,0.007380732,0.007703028,0.006932398,0.0512637,0.024548445,0.014429927,0.004521403,0.004011348,0.024167323,0.023733667,0.208753817,0.015659826,0.004064882,0.017393751,0.025446814,0.009278046,0.015819271,0.008898079,0.012182946,0.004361438,0.015103117,0.018898142,0.005263748,0.002724229,0.003330909,0.005577948,0.006290443,0.002294448,0.01099129,0.002272401,0.018299058,0.004509306,0.008508738,0.003631959,0.002261965,0.002266022,0.002395161,0.010148726,0.004143376,0.006671873,0.011498359,0.276117484,0.027157659,0.006017934,0.00425561,0.003193108,0.003563558,0.004639567,0.004724773,0.00364284,0.015341258,0.002256729,0.002998328,0.005432125,0.028764876,0.003090269,0.003051274,0.169733291,0.004136689,0.00496252,0.00228637,0.004079415,0.003286497,0.003616126,0.00685727,0.007285431,0.006498982,0.008785064,0.116644717,0.00362543,0.006578696,0.006666207,0.012096144,0.026125972,0.004871749,0.004895307,0.003968293,0.003483001,0.005338156,0.003494188,0.007768707,0.011218967,0.002476461,0.007709651,0.00750805,0.00765363,0.007525326,0.007379938,0.007261544,0.007240907,0.007249947,0.007814511,0.007866047,0.007816513,0.007568868
SNORA9,0.163304038,0.202212145,0.212395851,0.082359011,0.036817838,0.054514993,0.015249703,0.033746128,0.015145834,0.68780996,0.018989621,0.011949199,0.224602868,0.024398318,0.015798545,0.070644253,0.040468503,0.018392218,0.025300755,0.021582356,0.075819756,0.026883878,0.024240613,0.016735575,0.017843207,0.0297576,0.037621457,0.334505327,0.027263339,0.017775236,0.031755834,0.034790845,0.015909572,0.026507218,0.020482381,0.023433739,0.016653626,0.018088434,0.029260103,0.019638863,0.021114066,0.02262302,0.016477332,0.017230578,0.015011388,0.023737207,0.014060833,0.035971843,0.021422884,0.019487108,0.015709184,0.014266247,0.01405678,0.013703526,0.014812317,0.018888992,0.018103943,0.016926406,0.449730221,0.050354354,0.021345961,0.018079996,0.016353349,0.016865714,0.019060299,0.019226968,0.015557045,0.018198714,0.013847251,0.013851375,0.013311258,0.085715766,0.014851134,0.01486051,0.28057231,0.016746991,0.017414186,0.014227639,0.016116508,0.015118341,0.015260386,0.014694006,0.01510596,0.013820534,0.014642138,0.194134599,0.014484353,0.015994963,0.015291631,0.019121431,0.046493656,0.017396071,0.016965,0.015707833,0.014438699,0.017655453,0.014861,0.012859232,0.015065487,0.012155976,0.014142985,0.013996029,0.012979956,0.013329614,0.012938905,0.013110041,0.013299408,0.013223647,0.013419169,0.014228671,0.013674417,0.012585279
SNORD10,0.114148036,0.130353605,0.261462612,0.084884605,0.038071096,0.067592393,0.011872833,0.035332421,0.010210392,0.748524701,0.012744683,0.008398471,0.262659395,0.019195629,0.010869519,0.080645483,0.048025978,0.017060718,0.020406243,0.020438052,0.084471407,0.029445998,0.024571997,0.013472623,0.015347039,0.035295356,0.04158881,0.102631688,0.02740721,0.015298099,0.034864298,0.040964176,0.015344632,0.030016635,0.019458227,0.024087413,0.013218658,0.019949123,0.03151155,0.017734196,0.018883291,0.020112136,0.012171657,0.011576062,0.011714787,0.023251275,0.010634906,0.035067558,0.01558645,0.018270559,0.012516779,0.010853226,0.010630439,0.010249563,0.014459276,0.014500313,0.015372145,0.017323745,0.127404796,0.051203318,0.01392225,0.012422031,0.012188219,0.011934432,0.012952698,0.013320897,0.010670295,0.019633617,0.010409117,0.009548422,0.012158207,0.13220802,0.010418775,0.010502851,0.082140205,0.012034002,0.011991103,0.010880695,0.012218462,0.011638119,0.011946288,0.013139198,0.013785329,0.012053494,0.013825227,0.070733839,0.010542009,0.010342358,0.011042561,0.017888993,0.047089901,0.011573334,0.012332965,0.010461586,0.009735549,0.01106472,0.010171275,0.011444757,0.013851625,0.009987586,0.012540822,0.01218057,0.011635393,0.011990108,0.011491503,0.011627238,0.011837416,0.011752429,0.011927801,0.012489787,0.011132602,0.011143183
SNORD101,0.102866024,0.110585475,0.260971094,0.072345902,0.030735672,0.059775135,0.002364986,0.023247105,0.001742183,0.678750096,0.003273168,0.000659379,0.287483643,0.009177765,0.002814241,0.064413951,0.035907728,0.007886017,0.008518717,0.009398612,0.070068008,0.023067037,0.015383901,0.004214509,0.005112091,0.027044349,0.029718371,0.081891929,0.017185649,0.005121507,0.022746535,0.03076249,0.008078953,0.019246114,0.009861715,0.014250023,0.003976521,0.013779281,0.021917072,0.007040259,0.006087867,0.007126037,0.004172721,0.003411573,0.002287655,0.012888634,0.001758139,0.022985587,0.00457268,0.009073673,0.003287637,0.001865128,0.00175406,0.00158061,0.00811314,0.004240032,0.006349266,0.01048487,0.101094166,0.038581134,0.003954652,0.002946961,0.002686011,0.002614841,0.003270738,0.003465635,0.001966383,0.013717184,0.001651478,0.001315225,0.004282251,0.07605871,0.001777643,0.001812863,0.062545486,0.002865425,0.003129677,0.00187504,0.00321725,0.00267066,0.003031596,0.005670633,0.006234249,0.004930906,0.007147611,0.054297544,0.001892035,0.002975552,0.00372712,0.011487438,0.036023851,0.002594395,0.003253729,0.001908284,0.001469761,0.002409385,0.001690234,0.005236595,0.008094481,0.001453892,0.005659969,0.005344595,0.005274572,0.005385454,0.005039767,0.00503899,0.00514254,0.005105779,0.005443483,0.005683867,0.004674403,0.004963877
SNORD102,0.101896463,0.112150247,0.268482434,0.551495252,0.042973101,0.067296201,0.002621132,0.023471476,0.002246467,0.688924024,0.003249246,0.001698726,0.287186384,0.015918909,0.005766206,0.063803433,0.034599053,0.007444509,0.007987358,0.008777037,0.069529981,0.022243969,0.014652789,0.00413772,0.004717752,0.026053979,0.031300654,0.082169975,0.016364016,0.004730152,0.025243375,0.032252805,0.007749129,0.022789106,0.00931926,0.013544433,0.004002378,0.013281942,0.021384882,0.00653883,0.005546545,0.006481018,0.011263861,0.00841279,0.002644947,0.012179175,0.002793885,0.026508267,0.004261423,0.00858457,0.007800742,0.001867066,0.002104326,0.011361379,0.015143274,0.011760972,0.006088069,0.010073183,0.101923665,0.04144253,0.004794119,0.00662325,0.002962547,0.002407219,0.003059989,0.003677407,0.002383781,0.013270788,0.001677301,0.002369262,0.004500314,0.075224987,0.002135595,0.002035431,0.062979546,0.003196932,0.003908388,0.002063147,0.003348454,0.003600298,0.003202404,0.005422725,0.006194515,0.00558923,0.006883499,0.054774311,0.002290479,0.011516403,0.009936728,0.030792291,0.036551243,0.003179488,0.003478031,0.002718336,0.002044407,0.003177497,0.002181158,0.005507405,0.008405565,0.00252453,0.006100513,0.005696449,0.005494225,0.005792683,0.005717832,0.006772159,0.005509536,0.005369891,0.005780901,0.006130763,0.005617335,0.005490772
SNORD103A,0.102607803,0.097281354,0.291174323,0.069542622,0.037536001,0.062556667,7.858E-05,0.049280431,0.002286734,0.553410183,0.00955618,0.001715532,0.31948497,0.005932874,0.004884746,0.076206735,0.04023245,0.006733449,0.009690141,0.006267221,0.057331108,0.030155902,0.015327502,0.002960359,0.002333883,0.029706465,0.027301462,0.082941171,0.020373453,0.00243079,0.022312622,0.037296398,0.009294847,0.028045262,0.008522878,0.013037974,0.002416256,0.017099078,0.031677661,0.004010023,0.006966792,0.001431294,0.004451192,0.005165238,0.000824781,0.011073216,4.27476E-05,0.019665371,0.000821968,0.0080333,0.003488126,6.70203E-06,1.85701E-05,0.000367725,0.010602373,0.001534867,0.005248082,0.012375481,0.100265693,0.0281326,0.003937974,0.000848032,0.003227508,0.000477361,0.001103936,0.003723572,0.001981938,0.017113317,6.78301E-06,0.000648213,0.015899472,0.492511454,0.0003258,0.000532936,0.061314367,0.004378968,0.002190206,0.000798415,0.002632026,0.00196979,0.002357986,0.006414647,0.007474642,0.005696031,0.008734457,0.049080714,0.010632232,0.004611854,0.006325972,0.01210531,0.037545385,0.006774107,0.009003247,0.002406701,0.002259402,0.005217021,0.002347,0.008176972,0.012105506,0.014436675,0.008470599,0.007590907,0.007773854,0.007965035,0.007516489,0.007428114,0.00749389,0.007403814,0.008300638,0.008203625,0.009616777,0.007268945
SNORD103B,0.104129461,0.089021981,0.253798296,0.070519857,0.036147675,0.062350372,3.97457E-05,0.018099814,0.000701863,0.504517484,0.001966295,0.000242063,0.324747863,0.006038318,0.002592874,0.054088919,0.034697543,0.006819746,0.00494154,0.006347756,0.058440518,0.028112839,0.015522782,0.002529621,0.002363874,0.029287731,0.027594074,0.083670753,0.016797167,0.002438826,0.020320626,0.031056372,0.009414286,0.019234103,0.008631769,0.0132104,0.002246396,0.017318803,0.021549502,0.004061552,0.001119096,0.001449685,0.003181616,0.003220461,9.93559E-05,0.011214453,4.19517E-05,0.018594569,0.000828682,0.008135952,0.001751146,6.58144E-06,1.8236E-05,0.000361658,0.010730678,0.001544102,0.005213425,0.012534507,0.101091366,0.028202211,0.00164741,0.000851419,0.000623792,0.000481288,0.000896578,0.001177781,0.000656361,0.017336964,6.66096E-06,0.000336888,0.005228849,0.066894174,0.0003221,0.00032417,0.061819281,0.001327639,0.001747544,8.88985E-05,0.001704744,0.001115612,0.001563392,0.006243285,0.006862545,0.005768291,0.008846695,0.049660782,0.001444863,0.003643232,0.00457503,0.012305271,0.02712382,0.001513234,0.00229555,0.000815027,0.000629788,0.001530237,0.00064091,0.007317426,0.011288476,0.001432546,0.007172937,0.006806576,0.007263456,0.007132062,0.006908925,0.006778435,0.006736764,0.006738579,0.007359668,0.007254425,0.006765462,0.007108918
SNORD103C,0.062307539,0.116579564,0.193762257,0.07135926,0.002974148,0.020715199,2.9463E-05,0.02419034,0.000888972,0.667282345,0.002603708,0.000280565,0.155657291,0.005911053,0.001208922,0.041567097,0.006457488,6.34514E-05,0.002069558,1.36901E-51,0.044133768,0.00143131,0.000467561,0.00033856,2.58343E-37,0.002961305,0.004921047,0.093578385,0.001376341,3.43702E-06,0.00237385,0.00665185,8.58396E-25,0.001358011,0.000174965,0.00067578,0.000321886,1.42418E-51,0.008488135,1.41411E-43,0.000879578,3.25643E-07,0.003875196,0.001482972,0.000108946,0.000293744,4.09217E-09,0.009092116,0.001052874,0.000160641,0.000418435,3.15434E-14,8.74011E-14,1.64695E-12,2.43384E-11,0.00054408,0.000382634,1.37487E-51,0.128795276,0.031445973,0.002083129,0.000913155,0.000808722,0.000613008,0.001144218,0.001515867,0.000830118,0.000594096,3.19245E-14,0.000382584,0.001611025,0.092053983,0.000388239,0.000399378,0.078760746,0.00116206,0.001003585,0.000106572,0.000537961,0.000298227,0.000282097,3.7598E-05,0.000104872,1.42501E-13,1.56735E-16,0.063803957,0.001945847,0.001317872,0.001060213,0.007733287,0.035940909,0.001968923,0.001884659,0.001019534,0.000795498,0.001962164,0.000813473,0.000667466,0.000553289,0.001953819,0.000331054,0.000274162,9.03521E-05,0.000138471,0.000104184,0.000110084,0.000126345,0.000112578,0.000235196,0.00032687,0.000873886,3.74388E-05
SNORD104,0.084183342,0.13519834,0.289938296,0.090527901,0.029936149,0.051672313,0.017575168,0.077608405,0.019925644,0.769000823,0.028073882,0.019401154,0.223096534,0.02342401,0.021362511,0.091658085,0.038357582,0.019232307,0.025310206,0.019105217,0.069043103,0.028009788,0.021599753,0.018832792,0.018122302,0.028238757,0.028466678,0.076824411,0.026788802,0.018153398,0.027079537,0.038299698,0.019913686,0.033579412,0.019754165,0.021357262,0.018439035,0.021891025,0.041557259,0.018545518,0.025116987,0.017898628,0.022764148,0.021221195,0.018445717,0.020470146,0.017513632,0.030887269,0.018175876,0.019608072,0.020167544,0.017515665,0.017515481,0.017490627,0.02016152,0.018054881,0.019078119,0.020626315,0.095644584,0.051417984,0.021505187,0.018071556,0.021085834,0.017887412,0.018468816,0.021457471,0.019579818,0.022342489,0.017485309,0.018102894,0.032154748,0.588911758,0.017752166,0.018002352,0.065299642,0.021946809,0.01890068,0.018410998,0.01927692,0.018927806,0.018976046,0.019377989,0.020093052,0.018925534,0.019711709,0.062422036,0.02955101,0.020057689,0.021164729,0.026877783,0.06667882,0.024929609,0.026826597,0.020011724,0.019913735,0.023070634,0.020026021,0.021026871,0.021723388,0.034059556,0.021108957,0.020383271,0.020112427,0.020472927,0.020134553,0.020138747,0.02027482,0.02016215,0.020703023,0.020716261,0.023070348,0.019638468
SNORD105,0.052156774,0.112015575,0.223671795,0.067123195,0.004003938,0.020624381,6.0073E-05,0.053771849,0.002242708,0.68738352,0.00957343,0.001698907,0.143281047,0.005296884,0.003207817,0.061814861,0.011989674,4.44291E-05,0.006344552,2.8962E-133,0.041513876,0.003442468,0.000327389,0.000707259,1.93446E-36,0.003585189,0.004629045,0.065524244,0.004820301,2.57362E-05,0.004443087,0.012818031,3.76152E-70,0.010168706,0.000122512,0.000619271,0.000426035,7.9017E-133,0.018173969,2.02542E-74,0.006586226,2.28018E-07,0.004836939,0.003050869,0.000815778,0.000205682,3.06404E-08,0.009674207,0.00073723,0.000112482,0.002078984,3.12811E-74,4.07203E-25,3.40854E-29,1.73177E-10,0.000380968,0.000369157,4.34026E-72,0.090183358,0.03011634,0.003805402,0.000639397,0.003224175,0.000429233,0.001019928,0.003664953,0.001936956,0.000533308,4.59122E-55,0.000586852,0.012063263,0.505789185,0.000277828,0.000494729,0.055148829,0.00393552,0.001171722,0.000798008,0.001341339,0.001091372,0.001026021,0.000281532,0.000785273,5.28296E-54,2.62905E-83,0.048243554,0.010735953,0.001942778,0.002575065,0.007274219,0.044664641,0.006751385,0.008177533,0.002341712,0.002222203,0.005142662,0.002312867,0.001567381,0.001363375,0.014630083,0.001645027,0.001077664,0.000676551,0.001036865,0.000780124,0.000824301,0.000946065,0.000842974,0.001217327,0.001288064,0.003600685,0.00028034
SNORD105B,0.08019945,0.120113742,0.253041784,0.573295477,0.034710709,0.05354865,0.009712442,0.036047277,0.010540535,0.718661072,0.011744989,0.010617579,0.228446641,0.022448096,0.013773077,0.060736,0.024992434,0.01118184,0.011986162,0.011027846,0.063244744,0.01819588,0.013881999,0.010317823,0.00988129,0.020200235,0.023990472,0.071911215,0.015030421,0.00989869,0.020776151,0.026607861,0.011942977,0.020810446,0.01176479,0.013554871,0.010294176,0.014232721,0.022843202,0.010372391,0.010500362,0.009617938,0.020381935,0.016130341,0.009931993,0.012573006,0.010427807,0.026153552,0.00993417,0.011607721,0.014865877,0.009383367,0.009727843,0.019338695,0.019712401,0.01781305,0.010954876,0.01280742,0.091452101,0.046649503,0.011851697,0.013755029,0.010470884,0.009584123,0.009967863,0.010873001,0.01041311,0.014689978,0.009370162,0.010639309,0.012831133,0.123201047,0.009950155,0.009843982,0.05949856,0.010892688,0.01113123,0.009705828,0.010354898,0.010871553,0.01023327,0.011036076,0.011527441,0.011717402,0.011744499,0.056191444,0.011838128,0.019598515,0.017534025,0.038729549,0.047698353,0.011697639,0.011717034,0.010941963,0.010534011,0.011696911,0.010494813,0.012327324,0.01333802,0.012887569,0.012207944,0.011922434,0.01179703,0.012017176,0.012168644,0.013211899,0.011845052,0.011722512,0.012054923,0.012196828,0.012895488,0.01198622
SNORD11,0.063661068,0.127161936,0.234378396,0.076335309,0.007105885,0.023847354,0.002294746,0.057253835,0.00469362,0.717755991,0.012345543,0.003967971,0.155233122,0.008101982,0.005749575,0.065976282,0.014552548,0.002285976,0.009044095,0.002221425,0.04563131,0.006074675,0.00269849,0.003028075,0.002231801,0.005946633,0.007185503,0.094971449,0.007346406,0.002257638,0.006837928,0.015404789,0.002293542,0.012577966,0.002405015,0.002893517,0.00274853,0.002296639,0.020935563,0.002233546,0.008900151,0.002226057,0.007409163,0.00570288,0.003066289,0.002529139,0.002231348,0.012556798,0.003275471,0.002389014,0.004425357,0.00222431,0.002227134,0.002308226,0.002354211,0.002836257,0.002710122,0.002228929,0.129886776,0.033684424,0.006587702,0.003166968,0.005608977,0.002831007,0.003579516,0.006266992,0.004379045,0.002877282,0.002219869,0.002926557,0.014443096,0.5155309,0.002618585,0.002832476,0.080295756,0.006420652,0.003690371,0.003043058,0.003708726,0.00339702,0.003321561,0.002520677,0.003035611,0.002232182,0.002231187,0.065348181,0.013268127,0.004597495,0.005116475,0.009980402,0.048476832,0.009411022,0.010770391,0.00483357,0.004649665,0.007849419,0.004740735,0.003924633,0.003789056,0.01704422,0.003989215,0.003421368,0.002983803,0.003343261,0.003091908,0.003140982,0.003251792,0.00314691,0.003550783,0.003641526,0.00608449,0.002593857
SNORD110,0.053410709,0.105068729,0.194140693,0.550624921,0.01564176,0.028968788,0.000517337,0.023047798,0.001274767,0.650336169,0.002120378,0.001326526,0.148354405,0.012446331,0.003982263,0.040163714,0.006263217,4.44077E-05,0.0015613,8.0055E-100,0.043085256,0.001057998,0.000327232,0.000454321,2.2124E-37,0.002876312,0.007502342,0.065492685,0.001052184,2.9434E-06,0.005869672,0.008918794,5.21288E-15,0.005668067,0.000122453,0.000640881,0.000530098,2.1842E-99,0.008004487,8.58761E-34,0.000753253,2.27908E-07,0.010754589,0.006246025,0.000679283,0.000205583,0.001220952,0.012835898,0.000797681,0.000112428,0.005115204,0.000191557,0.000530771,0.010001622,0.007354116,0.008288864,0.00036491,4.33817E-72,0.090139922,0.033509624,0.002589759,0.00455915,0.001120966,0.000433043,0.000828563,0.001567452,0.00116671,0.000550646,0.000193872,0.00143789,0.001733892,0.082192706,0.000779288,0.000659246,0.055122267,0.001401756,0.001682062,0.000465272,0.000749249,0.001370039,0.000606522,3.39659E-05,0.000325349,0.000865382,9.51825E-07,0.048755357,0.002046153,0.009612816,0.007144243,0.026916798,0.034888276,0.00220902,0.001856818,0.001679653,0.00126176,0.002325921,0.001213115,0.001014849,0.000938499,0.002790307,0.000901832,0.000747878,0.000456041,0.000703592,0.000924286,0.001999543,0.00064872,0.000529631,0.000693618,0.000894099,0.001726969,0.000697812
SNORD111,0.052102891,0.112057036,0.22411054,0.067135698,0.004016093,0.020639143,6.0393E-05,0.054079279,0.00225657,0.688084125,0.009643431,0.001712979,0.143276824,0.005295275,0.003228214,0.062044183,0.012048629,4.4287E-05,0.006387816,3.0667E-163,0.041521609,0.003463139,0.000326342,0.000711101,1.95104E-36,0.003593525,0.004629884,0.065314674,0.004854953,2.59568E-05,0.004465104,0.01288333,3.79375E-70,0.010255855,0.00012212,0.000619224,0.000427277,8.3671E-163,0.018275037,2.04278E-74,0.006642672,2.27288E-07,0.004849238,0.003067239,0.00082277,0.000205024,3.0903E-08,0.009686707,0.000734872,0.000112122,0.002095522,3.15492E-74,4.10693E-25,3.43775E-29,1.74661E-10,0.00037975,0.00036929,4.32638E-72,0.089894919,0.0301271,0.003823698,0.000637352,0.00324837,0.00042786,0.001019505,0.003687032,0.001948362,0.000533156,4.63057E-55,0.000589116,0.012166649,0.509902934,0.000277017,0.000495939,0.054972443,0.003963463,0.001174064,0.000804847,0.001349573,0.001099339,0.001033495,0.000283945,0.000792004,5.32823E-54,2.65158E-83,0.048136495,0.010823309,0.001949807,0.002590622,0.007275574,0.044777067,0.006799545,0.008240413,0.002355356,0.002236714,0.005175142,0.002328102,0.001576681,0.001371685,0.014755468,0.001658113,0.001085716,0.00068235,0.001045752,0.00078681,0.000831366,0.000954173,0.000850199,0.0012271,0.001297695,0.003627971,0.000282742
SNORD112,0.073571728,0.090649303,0.186720741,0.104027549,0.025738353,0.042761255,0.010175469,0.027097713,0.010753016,0.47908106,0.011873455,0.010383956,0.195747863,0.015327122,0.01176956,0.047807835,0.025781315,0.012667769,0.012765945,0.012474189,0.050491684,0.021151947,0.01606652,0.011198646,0.011001006,0.022272596,0.022663395,0.075316074,0.01691686,0.011021644,0.018971024,0.024686902,0.013649658,0.018226455,0.013394473,0.015310312,0.01109057,0.016593292,0.021708591,0.01163208,0.010924725,0.010661485,0.013450483,0.012270034,0.01024181,0.01440502,0.010215418,0.021152725,0.010814105,0.013190294,0.011309637,0.010123345,0.010153839,0.011006439,0.014699734,0.011495049,0.012189149,0.014762058,0.094619306,0.034070661,0.011588942,0.011061698,0.010693202,0.010504996,0.010862739,0.011159194,0.01070546,0.016835945,0.010106129,0.010457527,0.012759834,0.074616406,0.010402252,0.010399562,0.061793625,0.011095787,0.011202824,0.010211662,0.010973886,0.01072759,0.010828589,0.012443016,0.01272362,0.012308262,0.013392024,0.052671396,0.011479115,0.012619939,0.012710086,0.019455751,0.035358033,0.011493524,0.011748261,0.010866497,0.010692626,0.011495826,0.010705666,0.01318781,0.01458589,0.011563091,0.012984912,0.012815405,0.012907861,0.012892761,0.012817549,0.012853074,0.012737576,0.012724068,0.013008987,0.013010332,0.013089318,0.01285466
SNORD113-1,0.083120913,0.082592559,0.198929441,0.048771877,0.024194988,0.044664545,1.91717E-05,0.013295459,0.000527092,0.449833741,0.001184975,4.7999E-05,0.244458015,0.005034229,0.001729908,0.041083766,0.023504028,0.004521492,0.003317145,0.004191298,0.046701428,0.018706278,0.010386064,0.001711654,0.001560819,0.019802567,0.019092345,0.082600846,0.01105939,0.001608689,0.013555169,0.021014781,0.006216068,0.011957873,0.005750532,0.008854209,0.001547966,0.011435264,0.014798609,0.002681763,0.000324505,0.000957294,0.002571825,0.002216451,9.79683E-07,0.007490549,8.98963E-22,0.013818036,0.000853557,0.005418967,0.000969215,9.17759E-88,1.1947E-38,1.19024E-05,0.006918423,0.000999185,0.003540636,0.008276288,0.104397883,0.024285212,0.001408281,0.000740178,0.000338129,0.000496888,0.00090135,0.000917813,0.000510976,0.011567998,1.34702E-68,0.000272023,0.002685437,0.019156052,0.000313982,0.000298095,0.063841279,0.000853452,0.001372503,1.93935E-09,0.001166411,0.000698643,0.001012705,0.004104563,0.00447645,0.003789057,0.005841277,0.049831733,0.000457897,0.002479451,0.002980305,0.009107389,0.02343113,0.000954358,0.001286657,0.000632015,0.000445956,0.001140423,0.000451202,0.004851647,0.007493526,4.29234E-16,0.004659503,0.00446262,0.004744758,0.004630648,0.004493797,0.004380579,0.004376363,0.004386482,0.004798347,0.00475183,0.004362644,0.004661136
SNORD113-2,0.046544166,0.075010765,0.128538219,0.085732958,0.006193609,0.017836773,6.09262E-05,0.013220313,0.000576105,0.412055831,0.001327742,0.000188225,0.117135574,0.004504813,0.001108068,0.026625234,0.006410448,0.000665926,0.001446434,0.000581611,0.02978312,0.003329843,0.001724897,0.000434769,0.000216589,0.004275472,0.005513439,0.068234611,0.002157411,0.000224033,0.003347988,0.006351262,0.000862581,0.002362627,0.000904129,0.001590841,0.000424815,0.001586829,0.006099365,0.000372138,0.000250054,0.000133038,0.00299259,0.001539601,7.58335E-05,0.001217645,0.000104812,0.007093251,0.000762425,0.000849428,0.000700486,1.6444E-05,4.55634E-05,0.000860229,0.001591349,0.001147597,0.000726023,0.00114847,0.092624786,0.020191313,0.001422572,0.00099322,0.00043365,0.000441198,0.000809165,0.000942046,0.000547506,0.001927282,1.66427E-05,0.000352117,0.000778576,0.032380834,0.000322339,0.000303996,0.056641808,0.000695946,0.000856672,5.69475E-05,0.000465225,0.000327248,0.000299551,0.000578491,0.000665845,0.000600081,0.000810654,0.04445618,0.000768337,0.00183146,0.001501874,0.007009515,0.021739139,0.001091939,0.000977077,0.000696355,0.000510073,0.001215556,0.000511999,0.001016005,0.001367195,0.000551317,0.000824374,0.000782819,0.000711979,0.000725074,0.000719557,0.000797092,0.000683142,0.000672126,0.000793931,0.000854422,0.001060891,0.000712686
SNORD113-3,0.07272261,0.111618524,0.245274683,0.552239146,0.025872514,0.044888963,0.000515295,0.026984817,0.001369413,0.707694259,0.002647593,0.001426418,0.22291302,0.013137636,0.004584712,0.051965439,0.01633831,0.002123926,0.002917669,0.001951653,0.054325133,0.009511566,0.004972682,0.001174469,0.000726786,0.011482656,0.015144155,0.065776611,0.006157274,0.000753744,0.011828002,0.017840291,0.002894475,0.011879064,0.002728771,0.00459133,0.001143902,0.005324762,0.013977542,0.001248747,0.001345677,0.000445853,0.01103673,0.0068987,0.000729396,0.003573669,0.001210524,0.0170659,0.000765058,0.002570198,0.005594323,0.000189921,0.000526237,0.009921728,0.010512817,0.008464599,0.001870235,0.003853804,0.086205513,0.037368538,0.00270095,0.004497769,0.001300474,0.000414282,0.000810569,0.001721499,0.001242928,0.005777748,0.000192216,0.001441283,0.003789641,0.116565033,0.000763563,0.000660736,0.052716301,0.001739049,0.001966294,0.000515549,0.001199195,0.001682223,0.001070698,0.001964081,0.002460388,0.002622341,0.002720899,0.048449538,0.002717771,0.010292354,0.008290751,0.029151193,0.03846964,0.002564158,0.002602912,0.001768229,0.001362347,0.002554127,0.001319814,0.003218005,0.004328367,0.003761076,0.003120397,0.002828146,0.002707507,0.002924305,0.003061936,0.004078291,0.002745322,0.002624954,0.002968751,0.003109885,0.003793508,0.00288134
SNORD113-4,0.050214544,0.076259499,0.131930792,0.076331251,0.008188824,0.021081087,0.000772185,0.013688686,0.000884246,0.426434616,0.001723054,0.000305485,0.120860066,0.005238788,0.001313949,0.030199777,0.009916149,0.001778257,0.002930961,0.002258066,0.033625055,0.004892839,0.003431848,0.001211515,0.001338233,0.006547763,0.008611888,0.067734744,0.004098221,0.00133389,0.006070404,0.008910735,0.001541062,0.004424163,0.002265347,0.003344998,0.001181747,0.002500872,0.007588469,0.001761528,0.00184856,0.002052105,0.003018021,0.001746177,0.000745256,0.003002821,0.00061983,0.009248741,0.001904003,0.00206454,0.001266628,0.000587551,0.0005748,0.001120122,0.001910525,0.001977126,0.001639824,0.001967994,0.091063534,0.021979932,0.00210397,0.001582285,0.001062827,0.001091929,0.00152817,0.001632638,0.000939427,0.002735707,0.000521786,0.000636585,0.000969355,0.034159986,0.000760693,0.000754698,0.055910583,0.001210158,0.001368852,0.000604613,0.001072629,0.000891384,0.000902049,0.001122208,0.001255534,0.000996198,0.001311158,0.044403063,0.000907545,0.001779257,0.001568628,0.006734999,0.02244566,0.00141066,0.001368952,0.001015564,0.000757078,0.001464962,0.00082437,0.001127827,0.001628337,0.000563992,0.001150558,0.001087418,0.00092715,0.000993007,0.000922381,0.001007478,0.000953886,0.000933877,0.001027716,0.001171076,0.001106162,0.000861096
SNORD113-5,0.083116711,0.084037085,0.203497954,0.072446883,0.024716934,0.045221237,4.38624E-05,0.014995661,0.000619068,0.46296763,0.001510234,0.00016371,0.245552601,0.005419618,0.001959484,0.042594034,0.023711712,0.004487012,0.003497695,0.004159605,0.047277496,0.018665505,0.010305393,0.001727503,0.001549017,0.019748469,0.019177138,0.081549023,0.011138918,0.001597534,0.013762923,0.021388378,0.006169064,0.012477378,0.00570625,0.008799737,0.001557676,0.011348794,0.015284365,0.002661484,0.000580342,0.000950054,0.0030102,0.002523256,6.04281E-05,0.007432567,5.72238E-05,0.014135994,0.000845146,0.005377257,0.001262525,8.97779E-06,2.48758E-05,0.000480562,0.007210776,0.001359776,0.003521006,0.008213705,0.103020458,0.024918205,0.001541737,0.000914135,0.000471792,0.00049052,0.000899986,0.001039265,0.000588872,0.011490313,9.08626E-06,0.000336729,0.003154816,0.038402877,0.00033388,0.000321032,0.062998958,0.001003057,0.001423557,4.88259E-05,0.001213945,0.000784248,0.001058437,0.00408465,0.004484435,0.003800964,0.005797151,0.049543785,0.000879316,0.002905697,0.003331523,0.010109033,0.024462712,0.001207345,0.001587418,0.00073762,0.000543355,0.001328997,0.000548956,0.004885962,0.007501997,0.000626102,0.004714728,0.004491637,0.004753158,0.004663713,0.004529547,0.004469076,0.004405705,0.004406676,0.004830893,0.004790979,0.004506022,0.004668086
SNORD113-6,0.057139037,0.108535518,0.198057908,0.565152052,0.020284848,0.033558835,0.004955118,0.027169059,0.005685546,0.653300928,0.006446204,0.005759051,0.152272736,0.016987053,0.008432149,0.044335123,0.010642033,0.004468783,0.005919189,0.004430767,0.047467066,0.005449395,0.004748682,0.004877404,0.004433415,0.007300365,0.011983056,0.067626298,0.005435994,0.004431669,0.010357472,0.013338152,0.004437612,0.010118646,0.004550331,0.005070078,0.004956501,0.00443825,0.01232326,0.004433133,0.005134984,0.0044345,0.015306268,0.010738304,0.005116792,0.004636686,0.005677624,0.017317756,0.005208993,0.004537789,0.009629331,0.004626698,0.004973147,0.014637428,0.011944764,0.012873495,0.004783473,0.004425077,0.091413783,0.03795192,0.006980482,0.009051018,0.005528198,0.004849027,0.005231385,0.005957211,0.005578039,0.004985812,0.004621065,0.005878153,0.00606691,0.082700362,0.00520973,0.005085668,0.05762364,0.005797654,0.006105651,0.004894794,0.005167398,0.005810982,0.005032077,0.004459265,0.004752502,0.005308116,0.004427723,0.051965432,0.006386139,0.014184832,0.01167314,0.031747695,0.039168316,0.006574855,0.006211757,0.006093251,0.005673834,0.006704927,0.005625551,0.005453627,0.005366228,0.007123231,0.005334503,0.005182784,0.004894459,0.005142812,0.005371535,0.006468663,0.005087874,0.004967365,0.005128475,0.005328845,0.006148674,0.005146551
SNORD113-7,0.072661973,0.11165156,0.245558712,0.552291328,0.025849692,0.044902547,0.000515169,0.027035096,0.001367974,0.708799471,0.00264691,0.001426936,0.223012591,0.013140126,0.004581981,0.052031523,0.016338459,0.002120883,0.002914344,0.00194901,0.054386405,0.009497947,0.004964719,0.001172821,0.000725802,0.011476487,0.01514,0.065441579,0.006150096,0.000752744,0.011824235,0.017842267,0.002890555,0.01187628,0.002724616,0.00458679,0.001142118,0.005317552,0.013986892,0.001247056,0.00134894,0.000445249,0.011040132,0.0068942,0.000729747,0.003568057,0.001210362,0.017071062,0.000761328,0.002566295,0.005593646,0.000189896,0.000526166,0.009920394,0.01050748,0.008461275,0.001866937,0.003848586,0.085750253,0.037417645,0.002696029,0.004494021,0.001300478,0.000412115,0.000806762,0.001718949,0.001241414,0.005771136,0.00019219,0.001440128,0.003794251,0.116862963,0.00076213,0.000659512,0.052437901,0.001738133,0.001962746,0.00051592,0.001197776,0.001681636,0.001070005,0.001961641,0.002457947,0.002619837,0.002717216,0.048300563,0.002721156,0.010286703,0.008286704,0.02915878,0.038531873,0.002563023,0.00260339,0.001766295,0.001361281,0.002551228,0.001318779,0.003216538,0.0043229,0.00376863,0.003117824,0.002825341,0.002704822,0.002921854,0.003059402,0.00407571,0.002742989,0.002622575,0.002966028,0.003106902,0.003791044,0.00287846
SNORD113-8,0.119317168,0.128670569,0.327353589,0.581587575,0.057188929,0.084606484,0.012423719,0.038810812,0.013240475,0.753986988,0.014303927,0.013286722,0.360792194,0.026257813,0.017389645,0.078129215,0.045359022,0.017872528,0.016608009,0.017469775,0.083000748,0.036781388,0.025529064,0.014359721,0.013982957,0.038937768,0.040939459,0.085854673,0.026936524,0.014040287,0.034364077,0.044691659,0.020196646,0.033909918,0.019478825,0.023764479,0.014183077,0.027133011,0.034523595,0.015471863,0.013322192,0.013182836,0.023272337,0.019983848,0.012624435,0.021761033,0.013142087,0.036101602,0.012706993,0.019034377,0.018301883,0.012094021,0.012439805,0.022094567,0.028617791,0.021081818,0.016568015,0.02288269,0.101357928,0.053534431,0.014594229,0.016532538,0.013126735,0.012329332,0.012735476,0.013571334,0.013119196,0.027366302,0.012076819,0.013361677,0.017599956,0.11430263,0.012683652,0.012569803,0.066610374,0.013804126,0.014431704,0.012395341,0.013812691,0.01406976,0.013715105,0.017392079,0.018202352,0.017801031,0.019653373,0.06241589,0.014298605,0.023739258,0.022341061,0.045321917,0.051865205,0.014314154,0.014786395,0.013649812,0.013226256,0.014376052,0.013186432,0.019050772,0.022427104,0.015200821,0.018951599,0.018492727,0.01872311,0.018831651,0.01887018,0.019814909,0.018435628,0.018324541,0.018962061,0.019001444,0.019125295,0.018851112
SNORD113-9,0.064603767,0.084062621,0.186312593,0.538099598,0.027622572,0.040651461,0.000521545,0.017850194,0.001250848,0.488934648,0.001995925,0.00131581,0.187455055,0.011794138,0.004530607,0.038704867,0.015518546,0.00246962,0.002684224,0.002274642,0.041295688,0.010692049,0.005752852,0.001257219,0.000847066,0.011866003,0.014934551,0.068099059,0.006635221,0.00087566,0.011987918,0.016780026,0.003373497,0.012073547,0.003164358,0.005041781,0.001238513,0.006205986,0.011687217,0.001455409,0.000845271,0.00051961,0.010019907,0.006937599,0.000675344,0.004138214,0.001233338,0.015043774,0.000786483,0.002980854,0.005594478,0.000193501,0.000536156,0.010109554,0.011183397,0.008665877,0.002120059,0.004491591,0.088686183,0.027426673,0.002548028,0.004588614,0.001083829,0.000426164,0.000813161,0.001522531,0.001146125,0.006480769,0.000195839,0.001441407,0.003040864,0.069235267,0.00077998,0.000655898,0.054233277,0.001509401,0.00200852,0.000458878,0.001193635,0.001672449,0.001076202,0.00225796,0.002747108,0.002930505,0.003171057,0.044583528,0.0019125,0.010505184,0.008443849,0.027301276,0.026368001,0.002127229,0.002067865,0.001657345,0.001238858,0.002265741,0.001188401,0.003315857,0.004812133,0.002614843,0.003361705,0.003097901,0.003026252,0.003209369,0.003361608,0.004385714,0.003017203,0.002903833,0.003251856,0.003387454,0.003867502,0.003230613
SNORD114-1,0.126042785,0.136899102,0.331861612,0.58397284,0.065262661,0.092311828,0.02187238,0.047855482,0.022653689,0.759903017,0.023640556,0.022698595,0.362317063,0.035519733,0.026698938,0.086420291,0.053746312,0.02709494,0.025881459,0.026716847,0.091460196,0.045308428,0.034474683,0.023729447,0.023371553,0.047477272,0.049544287,0.09256506,0.035821831,0.023417673,0.043133156,0.053152978,0.029368315,0.042617811,0.028653436,0.032795105,0.02356171,0.036040238,0.043326913,0.024803085,0.022715749,0.022604984,0.032585886,0.029254922,0.022071481,0.030861427,0.022582418,0.045054825,0.022150406,0.028216481,0.027633726,0.021549988,0.021890923,0.031397124,0.037641029,0.030387534,0.025842966,0.031908779,0.107516409,0.062666627,0.02397294,0.025914988,0.022539701,0.021772688,0.0221671,0.022970873,0.022534801,0.036280611,0.021516385,0.022784741,0.026786036,0.119146427,0.022122181,0.022009119,0.074054613,0.023191141,0.023817304,0.02183766,0.023202346,0.023468725,0.023108584,0.02663473,0.02742047,0.027041859,0.028807286,0.07055721,0.023632879,0.032947794,0.031550686,0.054277913,0.061051322,0.023672932,0.024116859,0.023054317,0.02263707,0.023746026,0.022603036,0.028300461,0.031513855,0.024496607,0.028170773,0.027729981,0.027952488,0.02805784,0.028104881,0.029038115,0.027676799,0.027567792,0.028182089,0.028220343,0.028351089,0.028088412
SNORD114-10,0.058729909,0.0762587,0.134213414,0.076615859,0.014041648,0.028829614,0.002362178,0.013891042,0.001608299,0.43051313,0.002631707,0.000618812,0.128022018,0.007055836,0.001975654,0.036967725,0.01806238,0.004377868,0.006303441,0.00608772,0.040789793,0.008959424,0.007536681,0.002987549,0.003858497,0.012030788,0.015917302,0.069201198,0.008737722,0.00382983,0.01256713,0.015008127,0.003243609,0.009583474,0.005453737,0.007463466,0.002913394,0.0048979,0.010931551,0.004908675,0.005373458,0.006306275,0.003305638,0.002528806,0.002246831,0.007182373,0.001813646,0.014148007,0.004444752,0.00492034,0.002781771,0.001853495,0.001765523,0.002190363,0.00321258,0.004228318,0.003773505,0.004050403,0.090847037,0.024839494,0.003699034,0.003096233,0.002480796,0.002539017,0.003138758,0.00320126,0.001844385,0.004872943,0.001642728,0.00132855,0.001492471,0.03670631,0.001759996,0.001773974,0.0562699,0.002392859,0.00258778,0.001827748,0.002464352,0.002212068,0.002280378,0.002456948,0.002715403,0.002038692,0.002609555,0.044889123,0.001247007,0.002176525,0.002130154,0.00690123,0.022561108,0.002174047,0.002288242,0.001782801,0.001346672,0.002090216,0.001554753,0.001522177,0.002480818,0.000641542,0.002056323,0.00193416,0.001579335,0.00176754,0.001561614,0.001712801,0.001723836,0.001679082,0.00172855,0.002059208,0.001402825,0.001378045
SNORD114-11,0.059246154,0.075971708,0.132466959,0.074184354,0.014316281,0.029041171,0.002463551,0.013567219,0.001651499,0.425529737,0.00266253,0.00062654,0.127163521,0.007121629,0.001999925,0.036935967,0.018450635,0.004533326,0.006503375,0.006323156,0.04087554,0.009165928,0.007777476,0.003097976,0.004017247,0.012304105,0.01630132,0.070474915,0.008993229,0.003986708,0.012908205,0.0152568,0.003334422,0.009807297,0.005645248,0.007700692,0.003023056,0.005017214,0.011008559,0.00510458,0.005565605,0.006579586,0.003269969,0.002558181,0.002337596,0.007434562,0.00188632,0.01436935,0.004623058,0.005091081,0.002849696,0.001934967,0.001840753,0.002219897,0.003245765,0.004348168,0.003905518,0.004159335,0.092484488,0.024769165,0.003806552,0.00319063,0.002560347,0.002640865,0.003256239,0.003300283,0.001900911,0.00497404,0.00171477,0.001371246,0.00145092,0.034058107,0.001827815,0.001842115,0.057303174,0.002457004,0.002670305,0.001901372,0.00254996,0.002288378,0.002362632,0.002529051,0.002790779,0.002090896,0.002675304,0.045438619,0.001218227,0.002171688,0.002132923,0.006765195,0.022247072,0.002203694,0.002314694,0.001829169,0.00137938,0.002122817,0.001596473,0.001522249,0.002510687,0.000562596,0.002091203,0.001969724,0.001601409,0.001795143,0.001581259,0.001732585,0.001752621,0.001707216,0.00175171,0.002095497,0.001392787,0.001392607
SNORD114-12,0.094122379,0.13982687,0.266232659,0.562060156,0.041405801,0.060547582,0.017594555,0.044755971,0.018573577,0.759405382,0.019959845,0.018466778,0.239326622,0.03047583,0.021675185,0.069675095,0.03212819,0.018857966,0.020083951,0.01870544,0.07261981,0.025504538,0.021382711,0.018209985,0.017715143,0.027306734,0.031261498,0.101083965,0.022570838,0.017729232,0.027980744,0.033747588,0.019650015,0.027846417,0.019422486,0.021065462,0.018194471,0.021668388,0.030594027,0.018149468,0.018363022,0.017475173,0.028212168,0.024007459,0.017822883,0.020186752,0.018264335,0.034072039,0.018092297,0.019274379,0.022545705,0.017271917,0.017600245,0.02676621,0.027031174,0.025451328,0.018777499,0.020277132,0.129146089,0.0558688,0.020113341,0.021693969,0.018428578,0.017628126,0.01814314,0.019018329,0.018447286,0.022183688,0.017249227,0.018568921,0.020507573,0.130519464,0.017919533,0.017815706,0.085629802,0.018918473,0.019185605,0.017600987,0.018304125,0.018744375,0.018121618,0.018740202,0.019203622,0.019378237,0.01934904,0.076197793,0.01981089,0.027280081,0.025201173,0.045904745,0.057284055,0.019829839,0.019762859,0.018990525,0.018546462,0.019888169,0.018511731,0.020179123,0.021048031,0.020652833,0.019972539,0.019714412,0.019563891,0.019764538,0.019925552,0.020915034,0.019610232,0.019493521,0.0198241,0.019971992,0.020778855,0.019763487
SNORD114-13,0.052601735,0.10345098,0.185428835,0.068510486,0.002172072,0.019871766,2.13751E-05,0.022776625,0.000655995,0.639780924,0.001998555,0.000232504,0.14593468,0.005380529,0.000896153,0.039579587,0.006114255,4.38507E-05,0.001556048,8.18177E-40,0.042371878,0.001051871,0.000323127,0.000246058,2.23904E-37,0.002831535,0.004623425,0.064671109,0.001050277,2.97479E-06,0.002233116,0.006291534,1.21343E-39,0.001175376,0.000120917,0.000630461,0.000227609,2.23226E-39,0.00790948,5.23503E-40,0.000761286,2.25049E-07,0.003575983,0.001076582,9.42939E-05,0.000203004,3.54165E-09,0.008464064,0.000727631,0.000111017,0.00033507,3.6157E-75,4.70676E-26,3.93984E-30,2.00171E-11,0.000376008,0.000267036,1.6156E-39,0.089009159,0.030182843,0.001499935,0.000631072,0.0006272,0.000423644,0.000796379,0.001114503,0.000608523,0.000541827,5.30688E-56,0.000272597,0.001394363,0.082324369,0.000268462,0.000281533,0.054430783,0.00088331,0.000705619,9.22398E-05,0.000396568,0.000228781,0.000216244,3.25416E-05,9.07679E-05,7.39656E-40,1.14027E-39,0.048085614,0.001585623,0.000936979,0.000779797,0.007424562,0.034349275,0.001498765,0.001478695,0.00074642,0.000592551,0.001452877,0.000606979,0.00062725,0.000407451,0.001691056,0.000265103,0.00021223,7.8201E-05,0.000119849,9.01726E-05,9.5279E-05,0.000109353,9.74374E-05,0.000189591,0.000253114,0.000680736,3.24038E-05
SNORD114-14,0.061523167,0.115714462,0.19410112,0.08499559,0.003274717,0.020986824,4.26338E-05,0.024166832,0.00088373,0.668039041,0.002550121,0.00030731,0.155438024,0.006079913,0.001265496,0.041580697,0.006457286,6.14884E-05,0.00202044,1.60804E-46,0.044190788,0.00139446,0.000453096,0.000335334,2.5569E-37,0.002963719,0.004994199,0.090683364,0.001345505,3.40173E-06,0.002472911,0.006720532,1.46798E-16,0.001470934,0.000169552,0.000674455,0.000320993,1.67284E-46,0.008470011,2.41832E-35,0.000870547,3.15569E-07,0.004063471,0.001588579,0.000124329,0.000284657,3.43866E-05,0.009191366,0.001022013,0.000155671,0.000545569,5.39436E-06,1.49468E-05,0.000281651,0.000207096,0.000749943,0.000373774,1.61492E-46,0.124810755,0.031565082,0.002056179,0.000995296,0.000805699,0.000594157,0.001110125,0.001489473,0.000824179,0.000591443,5.45954E-06,0.000404464,0.00160446,0.091432806,0.000390536,0.000398232,0.076324136,0.00115016,0.001001249,0.00011601,0.000534126,0.000323819,0.000286875,3.72618E-05,0.000110428,2.43696E-05,2.68039E-08,0.062308284,0.001927376,0.001524274,0.001212095,0.00828867,0.035968175,0.001944285,0.001857929,0.001019099,0.00079473,0.001937317,0.000810612,0.000677383,0.000554034,0.001965216,0.00034307,0.000283459,0.000100088,0.000153524,0.00012663,0.000162607,0.000140269,0.000123622,0.000245339,0.000338031,0.00088542,5.58023E-05
SNORD114-15,0.071944516,0.110214495,0.23662405,0.093177826,0.012982924,0.036094369,4.33413E-05,0.02677339,0.000787605,0.69716837,0.002556244,0.000388238,0.220037234,0.006409783,0.001652719,0.051364098,0.01612817,0.002106654,0.002922344,0.001935585,0.053542268,0.009448909,0.004933318,0.000973084,0.000720803,0.011370622,0.012341487,0.065550203,0.006128333,0.000747654,0.00832235,0.015281741,0.002870645,0.007574457,0.002706895,0.00454914,0.000853111,0.005280925,0.013866121,0.001238466,0.001364057,0.000442184,0.004205038,0.001983743,0.000173938,0.003545237,4.81226E-05,0.012875649,0.00070491,0.002549579,0.001044721,7.54918E-06,2.09174E-05,0.000399656,0.003484823,0.000932421,0.001767112,0.003822077,0.085929508,0.034162839,0.001678892,0.000763725,0.00083831,0.000409145,0.000787278,0.00130253,0.000718145,0.005726828,7.6404E-06,0.000334593,0.003478034,0.117536574,0.000279651,0.000303852,0.052547519,0.001255,0.001041065,0.000161856,0.00086458,0.00059635,0.000698406,0.001947502,0.002221322,0.001783931,0.002697601,0.048102712,0.002301639,0.002035965,0.00223111,0.010571933,0.037947761,0.001906057,0.002259897,0.000887858,0.000731988,0.001739252,0.000749701,0.002833242,0.003799833,0.002741139,0.002500319,0.002304192,0.002330827,0.002352687,0.002252011,0.002250046,0.002216763,0.002198202,0.002473358,0.002485138,0.002790757,0.00223048
SNORD114-17,0.077010603,0.116800869,0.245105625,0.092593387,0.018288422,0.041760765,0.005996768,0.033492294,0.006699056,0.71537967,0.008543127,0.006296557,0.225601868,0.012288858,0.007506657,0.058078667,0.021944608,0.007994304,0.008865743,0.007810322,0.059990507,0.015113872,0.01070647,0.006893275,0.006658539,0.01710169,0.018048167,0.068469177,0.011928275,0.006676959,0.014092811,0.021085487,0.008737403,0.013390936,0.00857234,0.010367662,0.006770909,0.011062097,0.01989227,0.007155606,0.007423957,0.006385909,0.010064146,0.007792491,0.006105957,0.009348543,0.005952211,0.018739283,0.006598964,0.008382125,0.006905906,0.005930871,0.005937055,0.00613984,0.009179893,0.006684666,0.007629009,0.009608328,0.087811104,0.040531583,0.007557671,0.006582003,0.006754954,0.006292539,0.006669683,0.007210254,0.006626417,0.011482275,0.005914432,0.006224819,0.009488785,0.130279181,0.006166459,0.006197187,0.056007,0.007179748,0.006908236,0.006085552,0.006768597,0.006497986,0.006606156,0.00780255,0.008075355,0.007619511,0.008516532,0.05275547,0.008325307,0.007759297,0.008007581,0.016241466,0.044620961,0.007855632,0.008238903,0.006791261,0.006642353,0.007654518,0.006667871,0.008721767,0.009606922,0.008819876,0.008366088,0.008167243,0.008191366,0.008215565,0.008111154,0.008093434,0.008084085,0.008065971,0.008335667,0.008342841,0.008675096,0.008085597
SNORD114-2,0.058798245,0.075310318,0.130999926,0.070920865,0.014151876,0.028751361,0.002455526,0.013428312,0.001642848,0.421180575,0.002651341,0.000618475,0.125808116,0.007037753,0.001973501,0.036617922,0.018334957,0.004513294,0.006480645,0.006300157,0.040520642,0.009102396,0.007736959,0.003086191,0.004005207,0.012221617,0.016190214,0.070130984,0.00894753,0.003974613,0.012821231,0.015138987,0.003312943,0.009730747,0.005620019,0.007661717,0.00301135,0.004980037,0.010924163,0.005087651,0.005551582,0.006563599,0.00320456,0.002517707,0.002329173,0.007401526,0.001875433,0.014253561,0.004611013,0.005067784,0.002813792,0.001929833,0.001833887,0.002158351,0.003181011,0.004291753,0.003888509,0.004131323,0.092042237,0.024530488,0.003788467,0.003159904,0.002550655,0.002634137,0.003247094,0.003287945,0.001892196,0.004934864,0.001710084,0.001361031,0.001436615,0.033721486,0.001820359,0.001835363,0.057031167,0.002446056,0.002655843,0.001895073,0.002539634,0.002275227,0.002352878,0.002514105,0.002772963,0.002072761,0.002656072,0.045171383,0.001209363,0.002111747,0.002084807,0.006591543,0.022018164,0.002191321,0.002302782,0.001818113,0.001371187,0.002109706,0.001588151,0.001503408,0.002484659,0.000551441,0.002071939,0.001951897,0.001584666,0.001776998,0.001562523,0.0017077,0.001735434,0.001690737,0.001733687,0.002076085,0.001372907,0.001374962
SNORD114-20,0.052472227,0.103304647,0.185443173,0.068523559,0.002158865,0.019874979,2.12369E-05,0.022765209,0.000651945,0.639872663,0.001987535,0.000231504,0.145894701,0.005375862,0.000890689,0.039575595,0.006112415,4.35291E-05,0.001546934,1.85086E-45,0.042379963,0.001045302,0.000320757,0.000244474,2.22782E-37,0.002831669,0.004622331,0.064196839,0.001044385,2.96392E-06,0.002232144,0.0062894,2.74499E-45,0.001171082,0.00012003,0.000630227,0.000226034,5.04976E-45,0.007904002,1.18425E-45,0.000758505,2.23399E-07,0.003573574,0.001069631,9.39494E-05,0.000201515,3.52871E-09,0.008460247,0.000722295,0.000110203,0.000333451,3.60249E-75,4.68957E-26,3.92545E-30,1.99439E-11,0.000373251,0.000265125,3.65477E-45,0.088356403,0.03018833,0.001490036,0.000626444,0.000623847,0.000420537,0.000790641,0.001107552,0.000604697,0.000541378,5.28749E-56,0.000270747,0.001389269,0.082127043,0.000266496,0.00027957,0.054031611,0.000878297,0.000700665,9.19028E-05,0.000394112,0.000227517,0.000215047,3.24227E-05,9.04362E-05,1.67323E-45,2.57948E-45,0.047840167,0.001578393,0.000930586,0.000774939,0.007425978,0.034350312,0.001490295,0.001471069,0.00074171,0.000588987,0.001443991,0.000603346,0.000626892,0.000404921,0.001684878,0.000263822,0.000211089,7.79152E-05,0.000119411,8.98432E-05,9.49309E-05,0.000108954,9.70814E-05,0.000188695,0.000251755,0.000677146,3.22854E-05
SNORD114-21,0.071967286,0.11013912,0.236710149,0.094068112,0.013052604,0.036161785,4.43213E-05,0.026797023,0.000789861,0.696832035,0.00256341,0.000391963,0.22020972,0.006420865,0.001662429,0.051397053,0.016171391,0.002115591,0.002930727,0.001944032,0.053548446,0.009486351,0.004952958,0.000976712,0.000723948,0.01140579,0.012375446,0.065458405,0.006152659,0.000750922,0.008355131,0.015325307,0.002883172,0.00761751,0.002718,0.004565585,0.000856229,0.00530397,0.013893685,0.001243871,0.00137132,0.000444112,0.004217873,0.001997189,0.000175897,0.003559521,5.04941E-05,0.012894856,0.000703843,0.002560056,0.00105751,7.92125E-06,2.19484E-05,0.000419106,0.003513049,0.000948293,0.001773529,0.003838756,0.085784444,0.034155382,0.001681626,0.000770311,0.000841741,0.000408462,0.000786312,0.001305004,0.000720013,0.005748876,8.01696E-06,0.000336827,0.00349624,0.118000457,0.000280207,0.000304404,0.052458809,0.001259241,0.001043653,0.000163383,0.000867586,0.000600487,0.00070168,0.001956059,0.002231589,0.001793248,0.002709374,0.048038433,0.002312289,0.002055703,0.002249317,0.010612495,0.037939133,0.001912053,0.002268406,0.000890586,0.000734507,0.001743521,0.000752177,0.002843792,0.003815911,0.00275799,0.002512173,0.00231481,0.002341803,0.002364196,0.002263472,0.002263402,0.002227582,0.00220873,0.002484952,0.00249666,0.002803694,0.002241448
SNORD114-22,0.063388948,0.107584761,0.200130302,0.543758264,0.023284468,0.038860294,0.004666367,0.025675428,0.004533687,0.665484188,0.005449566,0.004197377,0.157969654,0.016689361,0.007094159,0.049393478,0.016568172,0.005132873,0.007311248,0.00629136,0.053120607,0.00735653,0.006805199,0.00475921,0.005050965,0.01065236,0.017032614,0.065937814,0.007978793,0.005026696,0.014578025,0.017194858,0.004206979,0.01293266,0.005769711,0.007172927,0.004794574,0.004823495,0.013684598,0.005647152,0.006707271,0.006742921,0.013500892,0.009420931,0.004733515,0.006796902,0.004972397,0.020097808,0.005847143,0.005439227,0.009058416,0.004036311,0.004294904,0.013431607,0.010997768,0.012890642,0.005000164,0.004545732,0.08770413,0.039254892,0.006635097,0.008527284,0.005052478,0.0044354,0.004967472,0.005620282,0.004606704,0.005128378,0.003892932,0.004683413,0.004658624,0.081324408,0.004342133,0.004242256,0.055128039,0.005082364,0.005414162,0.004251815,0.004672775,0.005219603,0.004526337,0.003897937,0.004295341,0.004431523,0.00381349,0.050218155,0.00482423,0.012344658,0.010082876,0.029331763,0.037946717,0.005429035,0.005219888,0.004968157,0.004390931,0.005423738,0.00448057,0.003956883,0.004266574,0.005263808,0.00431243,0.004112883,0.003641027,0.003998907,0.004087886,0.005203751,0.003944714,0.003805259,0.003913513,0.00429029,0.004509362,0.003751779
SNORD114-23,0.053048716,0.104707491,0.194220838,0.536520662,0.015197403,0.02874862,0.000502118,0.022977426,0.00124029,0.651524031,0.002066042,0.001287862,0.148445747,0.012231894,0.003868662,0.040163028,0.006251728,4.3373E-05,0.001522285,2.83261E-67,0.043179348,0.001032032,0.000319607,0.000442172,2.15141E-37,0.002879481,0.007422567,0.063966652,0.001025591,2.86225E-06,0.005758123,0.008831741,5.05836E-15,0.005502468,0.0001196,0.000641065,0.000515735,7.72831E-67,0.007975933,8.33306E-34,0.000732488,2.22598E-07,0.010537929,0.006066675,0.000659342,0.000200792,0.001184761,0.01270758,0.000778709,0.000109808,0.004964738,0.000185879,0.000515038,0.009705159,0.007136129,0.008045584,0.000355752,5.59342E-67,0.088039589,0.033490949,0.002521318,0.004428062,0.001090285,0.000422927,0.000808995,0.001526696,0.001135279,0.000549955,0.000188125,0.001396842,0.001685357,0.080740874,0.000757909,0.000641393,0.053837873,0.001364138,0.001636473,0.000451669,0.000729049,0.001330407,0.00058947,3.30258E-05,0.000315892,0.00083973,9.23611E-07,0.047988482,0.00199046,0.009333326,0.006936464,0.026359211,0.034922215,0.002150172,0.001807453,0.001633751,0.001227236,0.002264207,0.001180082,0.001001301,0.000912753,0.002711068,0.000876015,0.000726579,0.000442683,0.000682983,0.000897074,0.001940469,0.000629715,0.000514132,0.000673689,0.000868632,0.001678485,0.000677194
SNORD114-25,0.052440595,0.103347783,0.185790049,0.068667776,0.002148589,0.019915615,2.11165E-05,0.022780604,0.000648236,0.641156762,0.001976142,0.000230158,0.146132704,0.005381379,0.000885617,0.039635074,0.006119078,4.32848E-05,0.001538101,7.77815E-46,0.042469158,0.00103936,0.000318957,0.000243088,2.21478E-37,0.00283679,0.00463,0.063836541,0.001038405,2.94656E-06,0.002234239,0.006295759,1.15357E-45,0.001164225,0.000119356,0.000631193,0.000224759,2.12214E-45,0.007908069,4.97677E-46,0.000754064,2.22145E-07,0.003577254,0.001063566,9.33993E-05,0.000200384,3.50805E-09,0.008471811,0.000718241,0.000109585,0.000331525,3.5814E-75,4.66211E-26,3.90247E-30,1.98272E-11,0.000371156,0.000263634,1.5359E-45,0.087860512,0.030251302,0.001481601,0.000622928,0.000620264,0.000418177,0.000786197,0.001101255,0.000601261,0.000541955,5.25654E-56,0.000269218,0.001381135,0.08186042,0.000265,0.000277994,0.053728364,0.000873271,0.000696718,9.13647E-05,0.000391871,0.000226213,0.000213814,3.22329E-05,8.99067E-05,7.03167E-46,1.08402E-45,0.047681626,0.001569246,0.000925332,0.000770533,0.007441607,0.034411225,0.001481765,0.001462601,0.000737497,0.00058563,0.00143577,0.000599906,0.000627226,0.000402619,0.001675013,0.000262298,0.000209877,7.74591E-05,0.000118712,8.93172E-05,9.43751E-05,0.000108316,9.6513E-05,0.000187603,0.00025031,0.000673254,3.20964E-05
SNORD114-26,0.052957877,0.10461296,0.194298438,0.539323474,0.015267881,0.028802566,0.000504936,0.022996472,0.001242409,0.651633049,0.002065606,0.001294801,0.148416208,0.012269126,0.003884752,0.040179757,0.006255967,4.31484E-05,0.001520067,1.78021E-74,0.043184492,0.001029512,0.000317952,0.000442665,2.16056E-37,0.002880245,0.007438113,0.063635465,0.001024743,2.87443E-06,0.005780332,0.008850736,5.08865E-15,0.005533453,0.00011898,0.000640894,0.000516549,4.857E-74,0.007981053,8.38296E-34,0.000735603,2.21445E-07,0.01057875,0.006093517,0.000663132,0.000199753,0.001191855,0.012730619,0.000775336,0.000109239,0.0049929,0.000186992,0.000518122,0.009763271,0.007178858,0.008089607,0.000355054,4.2503E-72,0.087583765,0.033511283,0.002522656,0.004447607,0.001093064,0.000420781,0.000805305,0.001526642,0.001136977,0.000549636,0.000189252,0.001402576,0.001693121,0.080970907,0.00075949,0.000642381,0.053559128,0.001366283,0.001639039,0.00045422,0.000730188,0.001336901,0.000591602,3.31693E-05,0.000317632,0.000844758,9.29142E-07,0.047816915,0.001996072,0.009380083,0.006971576,0.026472641,0.034932084,0.002152917,0.001810143,0.001637237,0.001230031,0.002266224,0.001182529,0.001004081,0.000914885,0.002724478,0.000880022,0.000729645,0.000445204,0.000686872,0.000902295,0.001951929,0.000633303,0.000517048,0.000676887,0.000872304,0.00168459,0.000681195
SNORD114-28,0.052461982,0.103352078,0.185700878,0.068625953,0.002153176,0.019904144,2.11727E-05,0.022784694,0.000650038,0.640800843,0.001982173,0.000230975,0.14606962,0.005380278,0.000888108,0.03962409,0.006118777,4.33845E-05,0.001542579,1.67072E-37,0.042443291,0.00104222,0.000319692,0.000243737,2.8454E-37,0.002835525,0.00462797,0.063983618,0.001041533,2.9578E-06,0.002234268,0.006295725,2.47783E-37,0.001168666,0.000119631,0.000630944,0.000225315,4.55829E-37,0.007909877,1.069E-37,0.00075694,2.22657E-07,0.003576759,0.0010664,9.37556E-05,0.000200846,3.52143E-09,0.008469243,0.000719896,0.000109837,0.000332629,3.59506E-75,4.67989E-26,3.91735E-30,1.99028E-11,0.000372011,0.000264261,3.29907E-37,0.08806294,0.030233188,0.001485462,0.000624364,0.0006222,0.000419141,0.00078805,0.001104289,0.000602905,0.000541836,5.27659E-56,0.000269899,0.001386403,0.082053363,0.000265612,0.000278676,0.053852153,0.000875879,0.000698413,9.17132E-05,0.000392958,0.000226902,0.000214465,3.23558E-05,9.02497E-05,1.51038E-37,2.32843E-37,0.047749889,0.00157465,0.000927658,0.000772658,0.007437075,0.034396555,0.001486204,0.001467279,0.000739507,0.000587297,0.001439797,0.000601621,0.000627389,0.000403732,0.001681402,0.000263172,0.00021053,7.77545E-05,0.000119165,8.96578E-05,9.47351E-05,0.000108729,9.68812E-05,0.000188236,0.000251088,0.000675375,3.22188E-05
SNORD114-29,0.052609565,0.103441681,0.185349233,0.068480792,0.002173953,0.019863174,2.13936E-05,0.022767327,0.000656482,0.639504737,0.001999495,0.000232497,0.145886316,0.005379447,0.000896789,0.039562852,0.006111714,4.39041E-05,0.001557,9.41066E-21,0.042353513,0.001052682,0.00032352,0.000246267,3.50449E-21,0.002830322,0.004621846,0.064749885,0.001050813,2.97391E-06,0.002232248,0.006288929,1.39568E-20,0.001175031,0.000121064,0.000630266,0.000227847,2.56754E-20,0.00790663,6.02132E-21,0.000761063,2.25323E-07,0.003574991,0.001077506,9.42662E-05,0.000203251,3.54061E-09,0.008461463,0.000728517,0.000111152,0.000335134,3.61464E-75,4.70538E-26,2.67242E-23,2.00112E-11,0.000376466,0.000267342,1.85826E-20,0.089117581,0.030169771,0.001501309,0.000631841,0.000627451,0.00042416,0.000797307,0.001115359,0.000609003,0.000541713,5.30533E-56,0.000272867,0.001393954,0.082296444,0.000268788,0.000281835,0.054497086,0.000883784,0.000706389,9.22127E-05,0.000396865,0.000228889,0.000216348,3.2532E-05,9.07412E-05,8.50752E-21,1.31153E-20,0.04812066,0.001585748,0.000937924,0.000780394,0.007421344,0.034334588,0.001499555,0.001479174,0.000747015,0.000592951,0.00145392,0.000607383,0.000626995,0.00040776,0.00169056,0.000265154,0.000212318,7.8178E-05,0.000119814,9.01462E-05,9.52511E-05,0.000109321,9.74088E-05,0.000189619,0.000253218,0.000680989,3.23943E-05
SNORD114-3,0.072159052,0.110313858,0.237735532,0.091765283,0.013077967,0.036342926,4.15533E-05,0.026867901,0.000783377,0.699331212,0.002555192,0.000385675,0.221359888,0.006400927,0.001646741,0.051613436,0.01628809,0.002137188,0.002934853,0.00196456,0.053797434,0.009568477,0.00499979,0.000981619,0.000731593,0.011503998,0.012452822,0.065055274,0.006199469,0.000758798,0.00840245,0.015416531,0.002913617,0.007651053,0.002744655,0.00460864,0.00085966,0.005359976,0.013965201,0.001257005,0.001372321,0.000448798,0.004189641,0.001969976,0.000172692,0.003593672,4.39587E-05,0.012935493,0.00069861,0.00258521,0.001035148,6.89589E-06,1.91073E-05,0.000365629,0.003507569,0.000906161,0.001787179,0.00387929,0.085184108,0.034273568,0.001667528,0.000745072,0.000836892,0.000405583,0.000780986,0.001297079,0.000713973,0.00580484,6.97922E-06,0.000329007,0.003506419,0.11806431,0.000275685,0.000300664,0.052091693,0.001254289,0.001037077,0.00016131,0.000867911,0.000596263,0.00070309,0.001976128,0.002252182,0.001807173,0.002737978,0.047866678,0.002306226,0.002011276,0.00222287,0.010556983,0.03806852,0.00190225,0.002264453,0.00088182,0.00072821,0.001731958,0.000746179,0.002865662,0.003846151,0.002750704,0.002530381,0.002332472,0.002362954,0.002383651,0.002280942,0.002274585,0.002246038,0.002227819,0.002504956,0.002514923,0.002815422,0.002260688
SNORD114-5,0.05256091,0.103478372,0.185752357,0.068631593,0.00216354,0.019906776,2.12911E-05,0.022813694,0.000653751,0.640905728,0.001994028,0.00023247,0.146127612,0.005384581,0.000893209,0.039647213,0.006124454,4.36118E-05,0.001551589,1.4621E-40,0.042446779,0.001048144,0.000321366,0.000245103,2.23875E-37,0.002836458,0.004629737,0.064318818,0.001047721,2.97773E-06,0.002236577,0.00630198,2.16842E-40,0.001176538,0.000120258,0.000631236,0.000226533,3.9891E-40,0.007920709,9.35511E-41,0.000762039,2.23823E-07,0.003579841,0.001072369,9.43871E-05,0.000201898,3.54515E-09,0.008474333,0.000723667,0.000110412,0.000334711,3.61928E-75,4.71142E-26,3.94374E-30,2.00369E-11,0.00037396,0.000265664,2.88712E-40,0.088524288,0.030236143,0.00149369,0.000627635,0.000625964,0.000421336,0.00079222,0.001110569,0.000606321,0.000542255,5.31213E-56,0.000271374,0.001395742,0.082426733,0.000267004,0.000280176,0.054134276,0.00088106,0.00070216,9.2331E-05,0.0003952,0.000228259,0.000215746,3.25738E-05,9.08576E-05,1.32178E-40,2.03768E-40,0.047926458,0.001584678,0.000932712,0.000777053,0.007437686,0.034408877,0.00149501,0.001476268,0.00074369,0.000590689,0.001448055,0.000605104,0.000628262,0.000406033,0.001692728,0.000264819,0.000211801,7.82783E-05,0.000119967,9.02618E-05,9.53732E-05,0.000109461,9.75338E-05,0.000189422,0.000252605,0.00067948,3.24358E-05
SNORD114-9,0.052625066,0.10346402,0.185367405,0.068472564,0.002177431,0.0198619,2.14474E-05,0.022794883,0.000658458,0.639486213,0.002007745,0.000233933,0.145879394,0.005379691,0.000899606,0.039580282,0.006116757,4.39504E-05,0.001562521,1.1232E-12,0.042348424,0.001055726,0.000323862,0.000246899,4.18273E-13,0.002830763,0.00462168,0.064818203,0.001054977,2.99553E-06,0.002234192,0.00629458,1.6658E-12,0.001183573,0.000121192,0.000630246,0.000228246,3.06446E-12,0.007915987,7.18667E-13,0.000766595,2.25561E-07,0.003576215,0.001080237,9.49515E-05,0.000203465,3.56635E-09,0.008462499,0.000729286,0.00011127,0.000336903,3.64092E-75,4.73959E-26,3.18963E-15,2.20107E-11,0.000376863,0.000267704,2.2179E-12,0.08921161,0.030166671,0.001504753,0.000632508,0.000630219,0.000424608,0.000798321,0.001118598,0.00061072,0.000541734,5.34389E-56,0.000273408,0.001404088,0.082695941,0.000269076,0.000282303,0.054554586,0.000887189,0.000707505,9.28831E-05,0.000398048,0.00022983,0.000217232,3.27685E-05,9.14009E-05,1.0154E-12,1.56536E-12,0.048154697,0.001594847,0.000939721,0.000782669,0.007420452,0.034341066,0.001505394,0.001486168,0.000749093,0.000594896,0.00145844,0.000609405,0.000627838,0.000408963,0.001702849,0.000266553,0.000213243,7.87463E-05,0.000120685,9.08015E-05,9.59435E-05,0.000110116,9.81169E-05,0.000190653,0.000254325,0.000684075,3.26298E-05
SNORD115-1,0.086650556,0.086164602,0.189196697,0.100144038,0.03354347,0.054455033,0.009259415,0.023000689,0.00816055,0.480929143,0.009513407,0.007039411,0.210652826,0.014843725,0.009089195,0.056657086,0.037690989,0.013819809,0.015111662,0.015848244,0.060498554,0.025512355,0.020207449,0.010666227,0.011861423,0.02930061,0.03292837,0.073385097,0.021968775,0.011839432,0.027582,0.032676465,0.013203836,0.024235206,0.015667997,0.019407412,0.010474351,0.017659105,0.024245361,0.013696118,0.013494164,0.014683014,0.010044996,0.009823155,0.009111024,0.018528743,0.008525223,0.026573535,0.011586871,0.014802102,0.010216808,0.008569047,0.00845873,0.009070754,0.013502512,0.01174538,0.012382104,0.015089801,0.088817755,0.035514745,0.010567137,0.009930669,0.009339378,0.009250754,0.009910978,0.010088225,0.008452252,0.017369846,0.008283501,0.007830796,0.009763555,0.068141952,0.008332529,0.008363836,0.057644876,0.009326808,0.009557481,0.008562995,0.009665718,0.00927953,0.009502963,0.011192108,0.011712348,0.010507685,0.012153993,0.049094485,0.008045221,0.009486899,0.009905904,0.016001316,0.031450838,0.008907376,0.00945269,0.00835401,0.007853112,0.008674908,0.008123992,0.010204447,0.012560404,0.00757853,0.010940987,0.010661738,0.010418355,0.010618816,0.01029152,0.010442352,0.010445646,0.010388861,0.010600968,0.010941093,0.009865318,0.01011838
SNORD115-10,0.044722359,0.074844752,0.132568447,0.544598722,0.018097751,0.025166929,0.000532696,0.013267364,0.001141295,0.416814254,0.001381421,0.001226095,0.112652448,0.01113109,0.00397659,0.026261948,0.005741581,0.000492889,0.00131262,0.000420839,0.029480663,0.00261155,0.001329462,0.000566179,0.000156718,0.003609101,0.007606773,0.065658504,0.001726403,0.000162254,0.006325558,0.008140108,0.000624141,0.006168596,0.000684654,0.001272136,0.000652735,0.001148189,0.00572297,0.00026927,0.000219181,9.63193E-05,0.00979019,0.006374726,0.000631924,0.000932178,0.001268307,0.010871146,0.000794294,0.000642581,0.005214972,0.000198987,0.000551358,0.010390764,0.008334033,0.008648674,0.000682546,0.000831003,0.089435497,0.023004016,0.002399323,0.004706208,0.000885567,0.000429846,0.000802601,0.001331473,0.001056097,0.001500684,0.000201392,0.001450883,0.000979391,0.031250426,0.000796285,0.000651364,0.054691497,0.001150198,0.001731772,0.000411121,0.000754022,0.001386071,0.000630798,0.000421942,0.000716393,0.001279399,0.000587498,0.043355254,0.001171572,0.009999725,0.007447602,0.025376968,0.021962212,0.001720075,0.001273901,0.001556906,0.001126562,0.00199411,0.001068026,0.001207113,0.001583218,0.001574918,0.00124961,0.001120192,0.000888931,0.001102028,0.00134077,0.002442369,0.00102771,0.000914345,0.00108812,0.001280713,0.001884274,0.00116753
SNORD115-13,0.081590102,0.080409488,0.195343803,0.047593472,0.023975506,0.04411329,1.85653E-05,0.01297422,0.00051042,0.438965056,0.001147496,4.64809E-05,0.240824033,0.004920705,0.001700687,0.040350463,0.023275856,0.004488916,0.003267177,0.004162278,0.045858115,0.018555296,0.01030479,0.00169441,0.001550012,0.019632008,0.018899276,0.080155011,0.010966633,0.001597551,0.013436923,0.020802716,0.006173029,0.011875078,0.005707213,0.00878438,0.001531394,0.011356088,0.014611824,0.002663195,0.000322258,0.000950659,0.002506858,0.002177345,9.729E-07,0.007432804,5.8652E-68,0.013610127,0.000826563,0.00537823,0.000959394,5.9878E-134,7.7947E-85,1.182E-05,0.006870521,0.000981372,0.003508758,0.008218985,0.101095905,0.023747552,0.001363738,0.000716767,0.000327434,0.000481172,0.000872842,0.000888784,0.000494815,0.011480028,8.7885E-115,0.000263419,0.002666843,0.018693212,0.000304051,0.000288668,0.061822057,0.000833483,0.001344287,1.92592E-09,0.001150408,0.000690437,0.001002488,0.004076144,0.004445455,0.003762823,0.005800833,0.048331345,0.000443414,0.002438902,0.002943845,0.008953222,0.022864997,0.000924172,0.001260239,0.000612025,0.000431851,0.001104353,0.000436931,0.004811882,0.007433442,2.8005E-62,0.004624781,0.004428844,0.004711906,0.004598586,0.004462683,0.004350248,0.004346062,0.004356111,0.00476352,0.004715508,0.004323756,0.004628863
SNORD115-15,0.044245295,0.074325481,0.131585424,0.549528355,0.018120767,0.025046825,0.000537815,0.013151213,0.001141071,0.414423888,0.001361148,0.001235235,0.111437867,0.011178042,0.003995628,0.026024347,0.005622968,0.000471875,0.001285874,0.000401539,0.029250452,0.002518471,0.001280206,0.000558991,0.000149531,0.003515696,0.007546199,0.064991759,0.001667218,0.000154811,0.006297683,0.008058599,0.000595518,0.006148212,0.000657639,0.001230947,0.000647644,0.001095532,0.005635549,0.000256921,0.000208729,9.19102E-05,0.009850499,0.006413448,0.00063712,0.000896787,0.001281454,0.010845515,0.000787796,0.000617136,0.005258836,0.00020105,0.000557074,0.010498401,0.008381361,0.008727558,0.000665986,0.000792893,0.088560603,0.022910948,0.002395604,0.004742214,0.000884062,0.000425725,0.000794964,0.001324683,0.001055752,0.001446924,0.000203479,0.001460645,0.000954433,0.030500553,0.000799108,0.000652578,0.054156483,0.001144997,0.00173232,0.000414063,0.000749767,0.0013933,0.000628601,0.000402678,0.000697249,0.001271269,0.000560611,0.042970838,0.001158713,0.010076525,0.007497191,0.02554091,0.021825652,0.00171163,0.001259099,0.001559166,0.001127504,0.001988221,0.001068128,0.001187227,0.001551689,0.001567049,0.001232523,0.001103641,0.00087024,0.001085594,0.001328008,0.002441591,0.001012092,0.000897665,0.001069635,0.001263621,0.001869641,0.001152854
SNORD115-16,0.044313616,0.074156099,0.131861485,0.550116152,0.018243635,0.025207827,0.000538361,0.013137885,0.001139106,0.414072324,0.00135469,0.001236276,0.112025608,0.011184675,0.004001361,0.026080913,0.005722834,0.000495048,0.00129165,0.000423505,0.029313951,0.002607422,0.001330777,0.000565961,0.000157711,0.003607739,0.007628198,0.064651837,0.001718131,0.00016324,0.006364622,0.008148182,0.000628096,0.006215846,0.000686332,0.001274293,0.000653714,0.001155464,0.005682247,0.000270976,0.000209852,9.69246E-05,0.009856071,0.006421781,0.000637815,0.000933618,0.001283041,0.010883015,0.000783653,0.00064421,0.005268675,0.000201299,0.000557764,0.010511466,0.00842718,0.008738582,0.000681619,0.000836268,0.088044076,0.022913024,0.00238981,0.004743648,0.000882773,0.000423272,0.000790513,0.00132047,0.001053813,0.00150467,0.000203731,0.00146078,0.000967909,0.030443746,0.000798214,0.00065157,0.053840617,0.00114404,0.00173301,0.000414479,0.000752973,0.00139697,0.000633013,0.000424167,0.000720947,0.001292252,0.000591226,0.042766673,0.001156148,0.010091046,0.007514375,0.025582058,0.021806562,0.001707307,0.001258451,0.001557089,0.001126003,0.001983339,0.001066512,0.001210903,0.001588173,0.001567217,0.00125662,0.001126453,0.000895539,0.001110533,0.001352576,0.002466954,0.001035648,0.000921143,0.001094676,0.001287845,0.001889996,0.001178124
SNORD115-21,0.044460237,0.074508611,0.13226733,0.54716349,0.018138976,0.025162949,0.00053528,0.01323397,0.001140028,0.415839932,0.001370938,0.001231544,0.112254884,0.011154667,0.00398671,0.026191548,0.005718507,0.000489196,0.001301059,0.000417781,0.029403894,0.002590858,0.001318973,0.000564328,0.00015558,0.003591782,0.007601683,0.065015316,0.001712716,0.000161077,0.006333101,0.008132407,0.000619607,0.00618348,0.000679369,0.001264665,0.000651421,0.001139847,0.005702077,0.000267313,0.00021804,9.5619E-05,0.009821635,0.006394061,0.000635064,0.000924884,0.001275084,0.010870965,0.00078745,0.000637627,0.005239563,0.000200051,0.000554304,0.010446265,0.008369802,0.008688447,0.000678184,0.000824966,0.088557031,0.022971525,0.002393098,0.004721737,0.000885059,0.000425687,0.00079511,0.001325834,0.00105467,0.001491112,0.000202468,0.001455,0.000977741,0.03114347,0.000796458,0.000650903,0.054154299,0.001147595,0.001730255,0.000413087,0.000752505,0.001390712,0.000631101,0.000418919,0.000714327,0.001281438,0.000583242,0.042999523,0.001168897,0.010038591,0.007475526,0.025470332,0.021910244,0.001715154,0.001268583,0.001556495,0.001126257,0.001988748,0.001067315,0.001205031,0.001577988,0.001579108,0.00124877,0.001118879,0.000887478,0.001101755,0.001342019,0.002449635,0.001027388,0.000913434,0.001086763,0.001279579,0.001883745,0.001167786
SNORD115-23,0.044046895,0.074108557,0.131708515,0.551360967,0.018156308,0.025093938,0.000539497,0.013170682,0.001138675,0.414699472,0.001352552,0.001239424,0.111412284,0.011197304,0.004001244,0.026050647,0.005631431,0.000472216,0.001277119,0.000402345,0.029270561,0.002514059,0.001278311,0.00055803,0.000149831,0.003520529,0.007558477,0.064228871,0.001664058,0.000155129,0.00631476,0.008076156,0.000596713,0.006170862,0.000657288,0.001232236,0.000646711,0.001097731,0.0056412,0.000257436,0.000211021,9.20916E-05,0.00987516,0.006424126,0.000639596,0.000895782,0.001286037,0.010859003,0.000779426,0.000616841,0.005276342,0.000201769,0.000559066,0.010535943,0.008410294,0.008752904,0.000664,0.000794484,0.087508828,0.022934322,0.002386338,0.004749471,0.0008835,0.000420734,0.00078605,0.001318084,0.001053191,0.001448387,0.000204207,0.001462388,0.000960362,0.030673578,0.000797852,0.000651063,0.053513303,0.001142422,0.001728619,0.000415737,0.000748372,0.001396647,0.000629237,0.000403569,0.000699259,0.001275246,0.000561737,0.042576664,0.001159357,0.010100197,0.007515744,0.025617304,0.021843006,0.001706675,0.001256056,0.001556892,0.001126135,0.001981388,0.001066499,0.001190084,0.00155207,0.001576194,0.001235317,0.001105644,0.000872802,0.001089031,0.00133227,0.002449864,0.001015282,0.00090042,0.001072179,0.001265914,0.001871916,0.001156344
SNORD115-31,0.081769752,0.081067304,0.196926828,0.090388363,0.025160628,0.04485154,6.36781E-05,0.013748298,0.000608213,0.441515539,0.001349861,0.000178831,0.240731852,0.005555134,0.002032864,0.040908057,0.023367075,0.004474623,0.003384751,0.004148339,0.045878504,0.018561881,0.010275735,0.001721035,0.001544821,0.019596554,0.019108978,0.080978278,0.011028186,0.001592738,0.013773469,0.021137842,0.006152356,0.01244739,0.005690141,0.008758152,0.001560933,0.011318058,0.014838122,0.002654276,0.000458729,0.000947479,0.003179824,0.002688233,6.99979E-05,0.007411339,0.000108329,0.014014583,0.000841473,0.005362093,0.001423347,1.69958E-05,4.70923E-05,0.000899169,0.007500002,0.001686072,0.003512039,0.00819146,0.102259888,0.024054734,0.001529128,0.001072825,0.000436241,0.000487068,0.000889946,0.000998616,0.000580941,0.011444745,1.72012E-05,0.000376967,0.002941277,0.028753626,0.000352711,0.000330198,0.062533855,0.000956631,0.001447455,4.98513E-05,0.001204497,0.000811652,0.001054687,0.00406853,0.004467866,0.003827002,0.005781491,0.048799217,0.000706013,0.003236827,0.003549714,0.010672068,0.023182882,0.001121336,0.001457903,0.000738963,0.000534333,0.00128071,0.000535678,0.004854028,0.007482725,0.000404655,0.004699852,0.004483613,0.004743852,0.004656745,0.004538121,0.004521939,0.004399223,0.004397565,0.004817536,0.004782976,0.004476038,0.004678285
SNORD115-32,0.044520941,0.07455606,0.132192148,0.547660228,0.018159703,0.025167402,0.000535847,0.01320539,0.001141208,0.415601818,0.001369312,0.001231808,0.112254803,0.011163622,0.003990624,0.026164522,0.005713816,0.000489638,0.00130118,0.000418043,0.029391909,0.002592989,0.001320797,0.000565,0.000155677,0.003591472,0.007605229,0.065255819,0.0017127,0.000161161,0.006335654,0.00812972,0.000619995,0.006182529,0.000680168,0.001265184,0.000652433,0.001140561,0.005694071,0.000267481,0.000213819,9.56796E-05,0.009828597,0.006401311,0.000635169,0.000926091,0.001276398,0.010875006,0.000790217,0.00063837,0.005243893,0.000200257,0.000554876,0.010457033,0.008378152,0.008698391,0.00067936,0.000825483,0.088887463,0.022965092,0.002397049,0.0047283,0.000884773,0.000427264,0.000797832,0.00132737,0.001055921,0.001491937,0.000202677,0.001456886,0.000970522,0.030826484,0.000797994,0.000652097,0.054356364,0.001147753,0.001733401,0.000412976,0.000753265,0.00139178,0.000631398,0.000418996,0.000714355,0.001282606,0.000583608,0.04312077,0.001164192,0.010050288,0.007483245,0.02548914,0.021892136,0.00171512,0.0012664,0.001558339,0.001127203,0.001990612,0.001068155,0.001204874,0.001579362,0.00157089,0.001249053,0.001119467,0.000887747,0.001102006,0.001342697,0.002451429,0.001027634,0.000913632,0.00108706,0.001280243,0.001884112,0.001168614
SNORD115-33,0.044261257,0.074246113,0.132077548,0.549820516,0.0181928,0.025183168,0.000537928,0.01319664,0.001138803,0.415190516,0.001358572,0.001236508,0.1120044,0.011183135,0.003997473,0.026137299,0.005703874,0.000487429,0.00128968,0.000416467,0.029357644,0.002577642,0.001313146,0.000563199,0.00015509,0.003583044,0.007606221,0.064475016,0.0017025,0.000160559,0.006346194,0.008132115,0.000617658,0.006199728,0.000676604,0.001261078,0.000650908,0.001136261,0.005684489,0.000266473,0.000214368,9.5317E-05,0.009855496,0.006414869,0.000637939,0.00092092,0.001281997,0.010879059,0.000781739,0.000635045,0.005264411,0.000201135,0.00055731,0.010502895,0.008409275,0.008729922,0.000675528,0.000822371,0.087816308,0.022957087,0.002387805,0.004738682,0.000883866,0.000422184,0.000788712,0.001320293,0.001053373,0.001486552,0.000203566,0.001459463,0.000972365,0.030857494,0.0007971,0.000650782,0.053701333,0.001144525,0.001729894,0.000414772,0.000751371,0.001395501,0.000631616,0.00041749,0.000713832,0.00128515,0.000581416,0.042704107,0.001162694,0.010079862,0.007505165,0.025571604,0.021871614,0.001709174,0.001261423,0.001556296,0.001125871,0.001983305,0.001066489,0.001204706,0.001575798,0.001577503,0.001249399,0.001119193,0.000887768,0.001103053,0.001344916,0.002458603,0.001028564,0.000914055,0.001087046,0.001280146,0.001884132,0.001169943
SNORD115-40,0.044290865,0.074306423,0.131636813,0.549023145,0.018139437,0.025076251,0.000537327,0.013153012,0.001140889,0.414247244,0.001362963,0.001234485,0.111593483,0.011170947,0.003994635,0.026040332,0.005650987,0.000478295,0.001290329,0.000407553,0.029261375,0.002544735,0.00129461,0.000561061,0.000151771,0.003540694,0.007564632,0.065010484,0.001683117,0.000157125,0.006311458,0.008080583,0.000604437,0.006162965,0.000665703,0.001242807,0.000649298,0.001111941,0.005650524,0.000260769,0.000210577,9.32835E-05,0.009842749,0.006410629,0.000636702,0.000907222,0.001280224,0.010850289,0.000787836,0.000624741,0.005255658,0.000200857,0.000556539,0.010488343,0.008383879,0.008720445,0.000670602,0.000804769,0.088573047,0.022903223,0.00239523,0.004738354,0.00088422,0.00042578,0.000795099,0.001324945,0.001055568,0.001462789,0.000203284,0.00145958,0.000960461,0.030593019,0.000798636,0.000652286,0.054164093,0.001145675,0.001732426,0.000413853,0.000750888,0.001393178,0.000629682,0.000408625,0.000703599,0.001275834,0.000568991,0.042971264,0.001160465,0.010070343,0.007494642,0.02552464,0.02181831,0.001712275,0.001261218,0.001558683,0.001127271,0.001988357,0.001067978,0.001193365,0.001561697,0.001568994,0.001238763,0.001109556,0.000876808,0.001091867,0.001333778,0.002446131,0.001018025,0.000903699,0.00107617,0.001269857,0.001875077,0.00115893
SNORD115-42,0.044421995,0.074491545,0.131789825,0.548020024,0.018120547,0.025076639,0.000536318,0.013170349,0.001141948,0.414808347,0.001368241,0.001232316,0.111772641,0.011163678,0.003991105,0.026074429,0.005657182,0.000478861,0.001295551,0.000407866,0.029300131,0.002550048,0.001297067,0.000561713,0.000151887,0.003544461,0.007564822,0.065353434,0.001686947,0.000157246,0.006306319,0.008081206,0.000604901,0.006154122,0.000666762,0.001244199,0.000649806,0.001112794,0.005658374,0.000260969,0.000210749,9.33561E-05,0.009831462,0.006403698,0.000635424,0.000908838,0.001277523,0.010851643,0.000791555,0.000625723,0.005245758,0.000200433,0.000555365,0.010466222,0.00836813,0.008704987,0.000671983,0.000805386,0.089044369,0.022923876,0.002399262,0.004733025,0.00088472,0.000428014,0.000799124,0.001328166,0.001056682,0.001464424,0.000202855,0.001458244,0.000960149,0.030627636,0.000798931,0.000652808,0.054452315,0.001147201,0.00173376,0.000413044,0.000751649,0.001391334,0.000629492,0.000408934,0.00070343,0.001274203,0.000569425,0.043163067,0.00116173,0.010055586,0.007483687,0.025488663,0.021847736,0.001715153,0.001263791,0.001559523,0.001127851,0.001991684,0.001068723,0.001193329,0.001562585,0.001566852,0.001238177,0.001109244,0.00087634,0.001090942,0.001332284,0.002442262,0.001017178,0.000903087,0.001075726,0.001269435,0.001874722,0.001157812
SNORD115-8,0.044504184,0.074588133,0.132563903,0.546992527,0.018146151,0.025204501,0.00053502,0.013277448,0.00114014,0.41666656,0.001374443,0.001231851,0.112507075,0.011156323,0.00398649,0.026262203,0.005742418,0.00049219,0.001304453,0.000420641,0.029468002,0.00260361,0.001325386,0.000565293,0.000156645,0.00360789,0.007616054,0.06493678,0.00172152,0.000162189,0.006343249,0.008153789,0.000623848,0.006195027,0.000683041,0.001271052,0.000652022,0.00114765,0.005723179,0.000269143,0.000222011,9.62717E-05,0.009822112,0.006392376,0.000635216,0.000929572,0.001274433,0.010883517,0.000786482,0.000641093,0.005238574,0.000199949,0.000554021,0.010440942,0.008370603,0.008684129,0.000680083,0.000830613,0.0884426,0.023009854,0.002392454,0.004718836,0.000886095,0.00042514,0.000794247,0.001326225,0.001054665,0.001499209,0.000202364,0.001454282,0.000986252,0.031449946,0.000795847,0.000650512,0.054084322,0.00114885,0.001729623,0.000413342,0.000753149,0.001390892,0.000631874,0.000421879,0.000717704,0.001283562,0.000587228,0.042973778,0.001174032,0.010034621,0.007474182,0.025471872,0.021958346,0.001717106,0.001272305,0.00155633,0.001126458,0.001989403,0.001067594,0.001209133,0.001582842,0.001586842,0.00125232,0.001121988,0.000890899,0.001105193,0.001345085,0.002452078,0.001030625,0.000916676,0.001090314,0.001282899,0.001887416,0.001170772
SNORD116@,0.068445299,0.069945341,0.126047855,0.062894648,0.022715314,0.039376185,0.004903193,0.01360449,0.00275671,0.398319143,0.004157683,0.001122929,0.128130324,0.009474155,0.00296058,0.04569887,0.03059283,0.008475814,0.011705313,0.012166881,0.04935431,0.015196722,0.013944,0.005805814,0.007878143,0.020389062,0.027044621,0.067213922,0.01604921,0.007810094,0.022644157,0.024246413,0.005877148,0.017743036,0.010473417,0.013899726,0.005655617,0.008563096,0.015911163,0.00991653,0.011129984,0.013117985,0.003429618,0.003640752,0.004657481,0.013761172,0.003704402,0.02130287,0.008473157,0.00941202,0.005126218,0.003881102,0.003665464,0.003702619,0.005041523,0.00764535,0.007129295,0.007260839,0.084672907,0.027437192,0.006199333,0.005404082,0.004774073,0.004833428,0.005676438,0.005703956,0.003280597,0.008091456,0.003437594,0.002405579,0.002474513,0.046744581,0.003335813,0.003389132,0.053283377,0.004298881,0.004480219,0.003795646,0.004676197,0.004307055,0.004477597,0.004538205,0.004994806,0.003633778,0.00460046,0.042555988,0.001921565,0.002577175,0.002860265,0.00624234,0.02086986,0.003425888,0.00382766,0.002988366,0.002283577,0.003078522,0.002719963,0.002061345,0.003723014,0.000976481,0.003443743,0.00322212,0.002553674,0.002941548,0.002511447,0.002749256,0.002893987,0.002809918,0.002782662,0.003409014,0.001826778,0.002124485
SNORD116-1,0.05241181,0.103096504,0.184846129,0.068350962,0.002154333,0.019821344,2.11272E-05,0.022610535,0.000647137,0.638073573,0.001962979,0.000226531,0.145562095,0.005365249,0.0008836,0.039404632,0.006078456,4.35891E-05,0.001531825,2.8583E-100,0.042273217,0.001038149,0.000321199,0.000243155,2.16913E-37,0.002822027,0.0046114,0.06428534,0.001032242,2.88584E-06,0.002219686,0.00625297,4.21784E-71,0.001140231,0.000120196,0.000628822,0.000225638,7.7984E-100,0.007852771,2.27113E-75,0.000738523,2.23707E-07,0.003561729,0.001064018,9.14744E-05,0.000201793,3.43575E-09,0.008437171,0.00072329,0.000110355,0.000327621,3.50759E-75,4.56603E-26,3.82204E-30,1.94185E-11,0.000373765,0.000265134,4.2582E-72,0.08847821,0.030110606,0.001483825,0.000627308,0.000615346,0.000421117,0.000790961,0.001099909,0.000600756,0.000540298,5.1482E-56,0.000269997,0.001352671,0.080604742,0.000266842,0.000279198,0.054106099,0.000868512,0.000699979,8.94818E-05,0.000391258,0.000224722,0.000212425,3.15686E-05,8.80538E-05,5.92385E-55,2.94799E-84,0.047850586,0.001547556,0.000928277,0.000769552,0.007407274,0.03422972,0.001473427,0.001448944,0.000736999,0.000583934,0.001432708,0.000598038,0.000622365,0.000402042,0.001640492,0.000259209,0.000208261,7.58627E-05,0.000116265,8.74764E-05,9.24301E-05,0.000106084,9.4524E-05,0.000185248,0.000248372,0.000667553,3.14349E-05
SNORD116-15,0.045006602,0.076256382,0.134187876,0.536066015,0.017609839,0.024910555,0.000523273,0.013606703,0.001139675,0.425532594,0.001413696,0.00120915,0.113051277,0.01105683,0.003918506,0.026646448,0.00560111,0.000441813,0.001312777,0.000372388,0.029862934,0.002422007,0.001218181,0.000548653,0.000138675,0.00344174,0.007432947,0.066460993,0.001624119,0.000143721,0.006146515,0.007983483,0.000552284,0.005966575,0.000621464,0.001183758,0.000634967,0.001015999,0.005724426,0.000238269,0.000231505,8.52593E-05,0.00969979,0.00627528,0.000622378,0.000851105,0.001244293,0.010815582,0.000803003,0.000582955,0.005117454,0.00019522,0.000540919,0.010193907,0.008109411,0.008491799,0.000646931,0.000735331,0.090647366,0.023324624,0.002400791,0.004637698,0.000886939,0.000435535,0.000813206,0.001340355,0.001054773,0.001379148,0.000197579,0.00143203,0.000970824,0.032784762,0.000789965,0.00064803,0.055432578,0.001151765,0.001715661,0.000405713,0.000743676,0.001361088,0.000616656,0.000375147,0.00066193,0.001218577,0.000519955,0.044008783,0.001192918,0.009825268,0.007307832,0.025052338,0.022437962,0.001731711,0.001286444,0.001550362,0.00112311,0.002000467,0.001066086,0.001157116,0.001496512,0.001588655,0.001189319,0.001063153,0.000828286,0.001039523,0.001274302,0.002356268,0.000968798,0.000857175,0.001027063,0.001219236,0.001829449,0.001101238
SNORD116-16,0.05253495,0.103173216,0.184556562,0.06816923,0.002181259,0.019774196,2.14879E-05,0.022701643,0.000659397,0.636668189,0.002008507,0.000233574,0.14530266,0.005361695,0.000900778,0.039410611,0.006091136,4.40938E-05,0.001563963,2.09784E-62,0.04216082,0.001057348,0.000324919,0.000247354,2.24583E-37,0.002818422,0.004603207,0.065029767,0.001055539,2.98788E-06,0.002225124,0.006268333,3.11128E-62,0.001180549,0.000121587,0.000627817,0.000228842,5.72361E-62,0.007885295,1.34228E-62,0.000764636,2.26297E-07,0.003563188,0.001082259,9.47089E-05,0.00020413,3.55724E-09,0.008430213,0.000731666,0.000111633,0.000336668,3.63162E-75,4.72748E-26,3.95718E-30,2.01052E-11,0.000378093,0.000268502,4.14247E-62,0.089502792,0.030033166,0.001507911,0.000634572,0.00063029,0.000425994,0.000800763,0.001120304,0.0006117,0.0005399,5.33024E-56,0.000274062,0.0014005,0.082434226,0.00026995,0.000283063,0.05473265,0.000887753,0.000709464,9.26458E-05,0.000398627,0.00022992,0.000217322,3.26848E-05,9.11673E-05,6.13332E-55,2.92369E-62,0.048202325,0.001593049,0.000942026,0.000783854,0.007387579,0.034191645,0.001506293,0.001485895,0.000750322,0.000595594,0.001460384,0.000610091,0.000625291,0.000409569,0.001698499,0.000266367,0.000213278,7.85451E-05,0.000120376,9.05695E-05,9.56983E-05,0.000109835,9.78663E-05,0.000190489,0.000254363,0.000684075,3.25464E-05
SNORD116-2,0.052545224,0.103229279,0.184752887,0.068302165,0.002170031,0.019808258,2.12983E-05,0.022623395,0.000652276,0.63767388,0.001977874,0.000228101,0.145541211,0.005368389,0.00089058,0.03939774,0.006079648,4.39619E-05,0.00154373,7.69108E-70,0.042243037,0.001046431,0.000323946,0.00024512,2.1834E-37,0.00282076,0.004610556,0.064835159,0.001040128,2.90482E-06,0.002220507,0.006254641,1.18311E-69,0.001147731,0.000121224,0.000628807,0.000227519,2.09839E-69,0.007858932,4.92109E-70,0.00074338,2.2562E-07,0.00356338,0.001072626,9.2076E-05,0.000203519,3.45835E-09,0.008438216,0.000729477,0.000111299,0.000329986,3.53066E-75,4.59606E-26,3.84718E-30,1.95463E-11,0.000376962,0.000267377,1.523E-69,0.089234946,0.030089612,0.001495942,0.000632673,0.00061996,0.000424719,0.000797672,0.00110868,0.000605563,0.000540588,5.18206E-56,0.000272228,0.001361568,0.080939157,0.000269123,0.000281533,0.054568857,0.000875178,0.000705851,9.00703E-05,0.000394369,0.000226429,0.00021404,3.17762E-05,8.8633E-05,5.96282E-55,1.07188E-69,0.048128137,0.001558502,0.000935967,0.000775686,0.007401986,0.034215435,0.001484716,0.00145966,0.000742905,0.000588521,0.001444041,0.000602727,0.000622799,0.000405242,0.001651282,0.00026108,0.000209825,7.63616E-05,0.00011703,8.80517E-05,9.3038E-05,0.000106781,9.51457E-05,0.000186575,0.000250237,0.000672532,3.16416E-05
SNORD116-20,0.052476689,0.103116501,0.184603143,0.068197574,0.002173563,0.019781588,2.13985E-05,0.022688496,0.000656592,0.636889426,0.001999535,0.000232439,0.14532414,0.005360655,0.000896924,0.039410456,0.006089361,4.39228E-05,0.00155715,1.29031E-59,0.042178351,0.001052874,0.000323658,0.000246323,2.23445E-37,0.002819012,0.004603948,0.064777468,0.001050857,2.97273E-06,0.002224277,0.006266162,1.91365E-59,0.001174565,0.000121116,0.000627875,0.000227923,3.5204E-59,0.007880079,8.25593E-60,0.000760761,2.25419E-07,0.003562325,0.001077754,9.42288E-05,0.000203338,3.53921E-09,0.008430015,0.000728827,0.0001112,0.00033509,3.61321E-75,4.70352E-26,3.93713E-30,2.00033E-11,0.000376626,0.000267445,2.54789E-59,0.089155543,0.030045263,0.001501703,0.00063211,0.00062744,0.000424341,0.000797623,0.001115561,0.000609121,0.000539808,5.30322E-56,0.00027295,0.001393402,0.082163243,0.000268902,0.000281932,0.054520301,0.000883833,0.00070664,9.21762E-05,0.000396933,0.000228894,0.000216353,3.25191E-05,9.07053E-05,6.10235E-55,1.79826E-59,0.048076201,0.001585441,0.000938216,0.000780534,0.007390651,0.034197955,0.001499631,0.001479085,0.000747163,0.000593029,0.001454145,0.000607459,0.000624867,0.000407831,0.00168989,0.000265119,0.000212315,7.8147E-05,0.000119766,9.01104E-05,9.52133E-05,0.000109278,9.73702E-05,0.00018959,0.000253215,0.000680966,3.23814E-05
SNORD116-21,0.053044069,0.104529116,0.193603779,0.547602925,0.015530525,0.028869294,0.000514039,0.022933886,0.00126047,0.648769032,0.002086615,0.001316008,0.14790396,0.012382458,0.003949337,0.0400285,0.006237086,4.37229E-05,0.001535837,1.0502E-109,0.042989422,0.001040992,0.000322186,0.000449136,2.17332E-37,0.002868299,0.007471573,0.064482762,0.001034867,2.8914E-06,0.005838172,0.008876194,5.1818E-15,0.005620667,0.000120565,0.000638826,0.000524707,2.8654E-109,0.007962798,8.53642E-34,0.000739947,2.24394E-07,0.010697096,0.006197965,0.000674142,0.000202412,0.001213673,0.01278037,0.000785956,0.000110694,0.005081046,0.000190415,0.000527607,0.009942002,0.007310278,0.008235852,0.000360151,4.27128E-72,0.08874993,0.033423465,0.002559353,0.004525927,0.001107597,0.000426403,0.000815939,0.001546768,0.00115358,0.000548441,0.000192716,0.001426626,0.001707408,0.081163213,0.00077207,0.000652564,0.05427226,0.001384141,0.001665156,0.00046143,0.000740738,0.001359456,0.000600623,3.33865E-05,0.000322359,0.000860223,9.46151E-07,0.048194686,0.002016373,0.009546277,0.007093718,0.026784556,0.034788745,0.002180123,0.001829834,0.001662075,0.001248137,0.002297176,0.001199624,0.001009272,0.000928752,0.00275409,0.000893556,0.000741161,0.000452417,0.00069801,0.000917732,0.00198652,0.000643586,0.000525345,0.000687398,0.000886074,0.001709391,0.000693277
SNORD116-24,0.082413301,0.08358697,0.205929788,0.536051183,0.037189099,0.053063285,0.00052002,0.013610616,0.00114121,0.460496672,0.001288299,0.001154578,0.243073579,0.012130295,0.0048077,0.041310567,0.023150746,0.00440474,0.003243403,0.004082534,0.046987297,0.018230657,0.010120824,0.001878449,0.001520316,0.019385043,0.021586778,0.08131363,0.010779794,0.001566944,0.016917045,0.023233589,0.006054761,0.016201011,0.005602907,0.008645686,0.001813886,0.011138519,0.014640981,0.002612171,0.000316084,0.000932455,0.009819182,0.007386926,0.000593228,0.007298857,0.001234053,0.018020694,0.000902501,0.005279814,0.005777975,0.000193613,0.000536468,0.010120565,0.014171938,0.008971193,0.00354792,0.008061518,0.102867282,0.027570249,0.002476929,0.004691461,0.00083215,0.000493662,0.000911095,0.00135566,0.001063912,0.011285338,0.000195953,0.001443291,0.002973792,0.01961013,0.000822258,0.00067252,0.062905288,0.001359755,0.002324706,0.000378021,0.00149403,0.001835268,0.001382063,0.003999836,0.004598353,0.004565401,0.005690657,0.049490222,0.00092439,0.011185775,0.009338433,0.028708605,0.023986545,0.001655102,0.001645017,0.001561293,0.001113192,0.001998758,0.001054659,0.005128052,0.007837257,0.001129084,0.005184107,0.004889456,0.00500436,0.00510177,0.005221211,0.006192621,0.004809118,0.004710525,0.00518472,0.005277872,0.00531108,0.005213076
SNORD116-25,0.05185836,0.111464195,0.22279341,0.067107752,0.0039515,0.020585661,5.9267E-05,0.053235885,0.002210407,0.685723213,0.009434715,0.001674335,0.143009054,0.005282121,0.003161848,0.061398204,0.011885598,4.38085E-05,0.006252768,1.9493E-161,0.041469188,0.003392806,0.000322816,0.0006971,1.9063E-36,0.003569004,0.004619663,0.064608884,0.004750479,2.53616E-05,0.004404009,0.012703407,6.15763E-19,0.010021248,0.0001208,0.000617989,0.00041999,5.3184E-161,0.01799302,1.0144E-37,0.006490373,2.24832E-07,0.004808255,0.003007563,0.000803975,0.000202808,1.74417E-07,0.009635371,0.000726938,0.00011091,0.002049356,2.26274E-08,6.26965E-08,1.18143E-06,8.68864E-07,0.00037658,0.000363946,4.27963E-72,0.088923515,0.030075976,0.003750857,0.000630928,0.003177481,0.000423237,0.001005541,0.003612131,0.00190909,0.000531776,2.29008E-08,0.000578585,0.011887742,0.498783498,0.000274003,0.000487723,0.054378411,0.003878593,0.001155166,0.000786438,0.001322021,0.001075692,0.0010112,0.000277435,0.000773873,1.02222E-07,1.12433E-10,0.04774956,0.010579994,0.001916005,0.002538663,0.007268677,0.044449215,0.006653694,0.008058924,0.002308061,0.002190165,0.005068495,0.002279506,0.001551257,0.001343763,0.014417296,0.001621212,0.001062103,0.00066675,0.001021845,0.000768869,0.00081253,0.00093236,0.000830757,0.001199703,0.001269463,0.003548583,0.000276338
SNORD116-29,0.044993577,0.07588643,0.13395743,0.539774673,0.01782058,0.025064677,0.000527271,0.013540586,0.001142776,0.423338556,0.001410128,0.001217905,0.113209725,0.011099094,0.003946281,0.026592614,0.005679852,0.000463617,0.001319617,0.000393004,0.029797327,0.002506547,0.001266052,0.000556896,0.000146353,0.003520111,0.007516941,0.066223857,0.001672799,0.000151632,0.006229067,0.008069642,0.00058286,0.006061971,0.000648547,0.001222776,0.000643025,0.001072246,0.005750408,0.00025146,0.000232852,8.99657E-05,0.009746155,0.006320291,0.00062716,0.000885929,0.001254311,0.010858617,0.000800461,0.000608505,0.005160308,0.000196792,0.000545274,0.010276028,0.008203781,0.008557858,0.000662592,0.00077604,0.090275299,0.023257326,0.002404517,0.004667224,0.000889673,0.000433797,0.000810171,0.001340639,0.001057445,0.001432053,0.000199169,0.001440587,0.000986482,0.032673246,0.000793009,0.000650035,0.055205052,0.001155242,0.001723917,0.000408751,0.000749527,0.001372693,0.000623702,0.00039534,0.000685852,0.001244315,0.000548695,0.043817923,0.001194735,0.009900505,0.007369164,0.025204295,0.022323342,0.001733886,0.001289589,0.00155566,0.001126921,0.002003349,0.001069357,0.001180555,0.001534853,0.001597266,0.001216565,0.001088473,0.000854705,0.001067061,0.001303228,0.002393416,0.000994723,0.000882273,0.001054212,0.001246649,0.001856388,0.001129617
SNORD116-3,0.052406296,0.103125852,0.185001552,0.068414235,0.002150726,0.019839261,2.10848E-05,0.022619713,0.000645835,0.638641618,0.00195902,0.000226072,0.145670581,0.005368011,0.000881821,0.039432502,0.006081842,4.35017E-05,0.001528739,4.3372E-108,0.042312349,0.00103606,0.000320555,0.000242666,2.16473E-37,0.002824336,0.004614888,0.064156434,0.001030161,2.87998E-06,0.002220794,0.006256273,4.20928E-71,0.001137918,0.000119955,0.000629267,0.000225185,1.1833E-107,0.007855463,2.26652E-75,0.000737024,2.23258E-07,0.003563592,0.001061878,9.12888E-05,0.000201388,3.42878E-09,0.008442634,0.00072184,0.000110134,0.000326958,3.50047E-75,4.55676E-26,3.81428E-30,1.93791E-11,0.000373016,0.000264602,4.24966E-72,0.088300793,0.030138276,0.001480843,0.00062605,0.000614105,0.000420273,0.000789374,0.001097696,0.000599547,0.000540585,5.13776E-56,0.000269455,0.001349926,0.080520517,0.000266307,0.000278637,0.053997604,0.000866762,0.000698574,8.93002E-05,0.000390471,0.000224269,0.000211997,3.15045E-05,8.78752E-05,5.91183E-55,2.94201E-84,0.047796292,0.001544426,0.000926412,0.000768004,0.007414131,0.034257293,0.001470457,0.001446018,0.000735516,0.000582758,0.001429824,0.000596834,0.000622585,0.000401233,0.001637164,0.000258685,0.00020784,7.57088E-05,0.000116029,8.72989E-05,9.22426E-05,0.000105868,9.43322E-05,0.000184873,0.000247871,0.000666206,3.13711E-05
SNORD117,0.078957747,0.112946915,0.233833684,0.067944467,0.022404318,0.045142421,0.005087375,0.055880423,0.004591211,0.708674015,0.01274699,0.002747862,0.166228233,0.011060484,0.005377152,0.084404064,0.037913104,0.008233659,0.017179097,0.012080169,0.064454176,0.016274169,0.013236635,0.006329054,0.007957563,0.02086326,0.027661051,0.069422662,0.019570002,0.007907033,0.025008495,0.032304753,0.005342474,0.026766804,0.010164963,0.013590481,0.005897518,0.007504446,0.029163469,0.009932191,0.017968116,0.013443269,0.005815309,0.005581503,0.005591764,0.013370154,0.003772355,0.025228168,0.008761689,0.009105644,0.006927149,0.004001889,0.003763578,0.003368454,0.004060846,0.007478479,0.007094956,0.006530126,0.08854341,0.039437867,0.008928023,0.005412986,0.007810112,0.004999527,0.006112186,0.008719744,0.004846969,0.007221878,0.003543474,0.002783049,0.014139396,0.531583248,0.003433647,0.003722453,0.055700466,0.007792374,0.005031799,0.004693402,0.005771083,0.005295557,0.005409391,0.004485065,0.005400032,0.003270092,0.004067198,0.049550048,0.012181531,0.003208289,0.004393634,0.0078156,0.045790255,0.009371233,0.011349055,0.004825615,0.004148101,0.007259311,0.004687048,0.002828518,0.004047811,0.015407386,0.004534215,0.003760396,0.002731977,0.003492658,0.002799314,0.003053173,0.003385757,0.003200772,0.003443527,0.004106551,0.004628276,0.001893882
SNORD118,0.082086052,0.074003369,0.133623643,0.061360595,0.030230864,0.050344687,0.007062153,0.012279753,0.003630546,0.429578294,0.004836306,0.001422879,0.143318522,0.012121343,0.003659433,0.05468074,0.041244368,0.011968347,0.015935564,0.017336893,0.060972139,0.020374059,0.019435787,0.008178104,0.011294396,0.02772047,0.037001534,0.072004467,0.021975297,0.011190828,0.031231044,0.032061068,0.008125015,0.023868409,0.014758476,0.019444876,0.007990205,0.011696712,0.019837147,0.01417402,0.01546499,0.018904067,0.003801979,0.004516313,0.006639754,0.019381445,0.005317943,0.028133992,0.011967089,0.013247134,0.006994894,0.00560413,0.005282299,0.00505213,0.006655497,0.010637266,0.010001583,0.010002416,0.088328782,0.032681185,0.00823188,0.007452529,0.006506931,0.006824147,0.00788804,0.007668792,0.004421593,0.010900265,0.004963001,0.003321349,0.002301309,0.017692701,0.004703468,0.004768571,0.056189069,0.005680224,0.006115745,0.005402057,0.006496145,0.006024298,0.006281792,0.006289505,0.006874222,0.005000968,0.006301932,0.045408458,0.001666919,0.002962905,0.003410727,0.006572428,0.021740894,0.004076465,0.004562661,0.003921022,0.002967058,0.003671008,0.003590106,0.002490888,0.004732366,3.79202E-05,0.004511921,0.004255152,0.003335449,0.003863712,0.003266217,0.003580648,0.003819747,0.003710281,0.003597759,0.00448153,0.00195377,0.002747774
SNORD119,0.052628534,0.103354345,0.184874915,0.068302078,0.002182919,0.019811595,2.14841E-05,0.022714942,0.00065891,0.637849363,0.002004485,0.000232564,0.145581551,0.005371785,0.000899979,0.039464754,0.006097105,4.4159E-05,0.001561859,4.65804E-64,0.042242984,0.001056709,0.000325399,0.000247295,2.23334E-37,0.002823117,0.004611967,0.065125822,0.00105362,2.97125E-06,0.002227226,0.006274004,6.90829E-64,0.00117398,0.000121767,0.000629018,0.000228999,1.27087E-63,0.007890304,2.9804E-64,0.000760382,2.26631E-07,0.003568677,0.001082043,9.41819E-05,0.000204431,3.53745E-09,0.008445004,0.000732747,0.000111798,0.000335555,3.61141E-75,4.70117E-26,3.93516E-30,1.99933E-11,0.000378652,0.000268807,9.19794E-64,0.089634996,0.030091159,0.001508021,0.000635509,0.000628824,0.000426623,0.000801749,0.001119611,0.000611381,0.000540917,5.30058E-56,0.000274179,0.001392707,0.082176693,0.000270343,0.000283288,0.054813495,0.000886249,0.000710089,9.21302E-05,0.000398345,0.000229464,0.000216896,3.25029E-05,9.06601E-05,6.09919E-55,6.49176E-64,0.048280211,0.001586948,0.000942498,0.000783359,0.007401976,0.034247447,0.001503673,0.001481905,0.000749962,0.000594972,0.001459143,0.00060942,0.000625572,0.000409293,0.001689047,0.000265486,0.000212794,7.81081E-05,0.000119706,9.00655E-05,9.51658E-05,0.000109223,9.73217E-05,0.000189821,0.000253784,0.00068239,3.23653E-05
SNORD11B,0.063075574,0.089458193,0.215002234,0.068311,0.01679549,0.032768212,8.04672E-05,0.049043517,0.002272127,0.515921606,0.009633384,0.00175966,0.182048421,0.004780023,0.003920389,0.060534437,0.021639441,0.002545056,0.007615035,0.002345974,0.039226212,0.013430618,0.005918449,0.001551083,0.000873629,0.012849684,0.012333901,0.067270721,0.010669479,0.000926421,0.010903239,0.021122583,0.003479288,0.017150967,0.00325805,0.00515141,0.001168135,0.006400602,0.022176764,0.001501049,0.006834688,0.000535894,0.004296692,0.00396301,0.000848793,0.004258682,5.04294E-05,0.0120286,0.000716959,0.003069244,0.002764991,7.90713E-06,2.19092E-05,0.000419511,0.004175978,0.001008012,0.00218117,0.004632445,0.087388029,0.023629771,0.003838449,0.000781391,0.003265251,0.000416094,0.000999179,0.003687952,0.001961338,0.006643442,8.00267E-06,0.000631135,0.013703394,0.503322632,0.000290434,0.000504657,0.053439432,0.004135686,0.001540933,0.000821544,0.00183129,0.00145943,0.001542146,0.002581888,0.003308544,0.002156551,0.003269547,0.043299585,0.01084794,0.003144683,0.00415059,0.008190101,0.03582336,0.006815161,0.008574488,0.002381341,0.002256418,0.005190048,0.002345215,0.003972076,0.00539576,0.014824643,0.004236799,0.003539221,0.003354806,0.003663424,0.0033378,0.003363231,0.003427536,0.003324634,0.003897612,0.003904882,0.005913099,0.002919619
SNORD12,0.052071845,0.112206041,0.224899305,0.067246737,0.004030172,0.020684777,6.07737E-05,0.05448188,0.002273241,0.689825043,0.009728471,0.001730185,0.14345682,0.00529925,0.003252788,0.062376137,0.01212828,4.40831E-05,0.006440166,2.8251E-181,0.041590283,0.00348795,0.00032484,0.00071568,1.97134E-36,0.003607542,0.004636822,0.065013935,0.004897009,2.62269E-05,0.004494703,0.01297088,3.83323E-70,0.010362586,0.000121558,0.000619951,0.000428661,5.4318E-219,0.01840748,2.06404E-74,0.006711801,2.26242E-07,0.004868384,0.003086728,0.000831332,0.00020408,3.12246E-08,0.009712281,0.000731488,0.000111606,0.002115703,3.18775E-74,4.14967E-25,3.47352E-29,1.76478E-10,0.000378001,0.000369281,4.30646E-72,0.089481002,0.030182351,0.003845288,0.000634418,0.003277804,0.00042589,0.001018464,0.003713539,0.001962034,0.000533574,4.67876E-55,0.00059173,0.012293265,0.514978587,0.000275841,0.000497248,0.054719324,0.003997353,0.001176491,0.000813223,0.00135947,0.001109017,0.001042574,0.0002869,0.000800246,5.38368E-54,2.67917E-83,0.04800222,0.010930026,0.001957865,0.002609303,0.007287608,0.044960742,0.00685797,0.008317008,0.002371699,0.002254227,0.005214258,0.002346498,0.001588775,0.00138167,0.014909025,0.001674082,0.00109551,0.000689451,0.001056635,0.000794998,0.000840018,0.000964103,0.000859047,0.001239031,0.00130941,0.003661184,0.000285685
SNORD121A,0.104060013,0.089201388,0.253425146,0.07008267,0.036000838,0.062187727,3.90169E-05,0.017938126,0.000693584,0.505217636,0.001924432,0.000231965,0.324226832,0.006036798,0.002571974,0.053921473,0.03455449,0.006793842,0.004903609,0.006323268,0.058415813,0.02799753,0.015465878,0.00251873,0.002354755,0.029183012,0.027507249,0.083943952,0.016715887,0.002429287,0.020234987,0.030921525,0.009377969,0.01910362,0.008599585,0.013162636,0.002238161,0.017251993,0.021438741,0.004045884,0.001081295,0.001444095,0.003172076,0.003199052,9.42286E-05,0.011173062,4.05466E-05,0.01855281,0.000832128,0.008105589,0.001730495,6.36101E-06,1.76252E-05,0.000350079,0.010681795,0.001533558,0.005194991,0.012486154,0.101521646,0.028230079,0.001637861,0.000849958,0.000608634,0.000483331,0.000898951,0.001165392,0.000649676,0.01727298,6.43787E-06,0.000334753,0.005146989,0.064326244,0.000322774,0.000323674,0.062082406,0.001308955,0.001743137,8.41178E-05,0.001694921,0.001106268,0.001553337,0.006217767,0.006831839,0.005745158,0.008812566,0.049848545,0.00138984,0.003622069,0.004545659,0.012273256,0.02711199,0.001484043,0.002253415,0.000806773,0.000620844,0.001511276,0.000631592,0.007285731,0.011241525,0.001351504,0.007137473,0.006775721,0.007231611,0.007098682,0.006877456,0.006746155,0.006705416,0.006707857,0.00732537,0.007220935,0.006724297,0.007079391
SNORD121B,0.062346481,0.112724501,0.194516996,0.089724328,0.012933331,0.030485311,0.010533413,0.032838887,0.011139012,0.645654936,0.012391384,0.010728548,0.155319831,0.015987295,0.011420707,0.049627501,0.016554041,0.010539888,0.011996986,0.01050696,0.052651176,0.011543542,0.010829848,0.010745866,0.010514939,0.013328998,0.015178568,0.073221488,0.011520596,0.010507583,0.012804518,0.016764224,0.010533879,0.011712474,0.010629826,0.011136008,0.010730496,0.010536979,0.018263197,0.010514976,0.011219707,0.010518766,0.014195736,0.011654014,0.010608393,0.010723919,0.010531463,0.019004711,0.011225336,0.010609527,0.010934357,0.010508814,0.010516587,0.010717906,0.010693683,0.011051954,0.010757066,0.010493307,0.096831303,0.040558622,0.011972333,0.01120895,0.011106334,0.010915461,0.011279275,0.011581467,0.011091224,0.011070531,0.010489944,0.010784067,0.011775347,0.088216653,0.010771825,0.010780704,0.06329785,0.011351969,0.011207468,0.010592274,0.010888475,0.010743761,0.010714159,0.010528985,0.010590702,0.010510035,0.010496599,0.057481532,0.011984714,0.01159554,0.011394014,0.018328908,0.044523241,0.011933683,0.01190183,0.011232885,0.011073907,0.011905883,0.011092556,0.011162956,0.010925694,0.012074085,0.010785392,0.010735828,0.010607391,0.010647974,0.010628874,0.010656662,0.010637765,0.010624422,0.01071415,0.010776153,0.011195646,0.010575652
SNORD123,0.099591747,0.1111304,0.203556395,0.06883176,0.029761153,0.055860345,0.006524534,0.022523311,0.003725313,0.655130874,0.005820654,0.001474737,0.198087379,0.013202116,0.003880833,0.068618479,0.042007263,0.011321059,0.015834467,0.016249443,0.074060603,0.020397452,0.018642649,0.007770319,0.010523647,0.027755058,0.03680513,0.095574851,0.021566497,0.010433187,0.030445184,0.033419201,0.007841884,0.023637294,0.01399505,0.018673798,0.007559515,0.01142159,0.022727619,0.013245277,0.015011058,0.017525932,0.00481498,0.004678445,0.006205896,0.018392444,0.004877605,0.029761169,0.011382833,0.01257654,0.006617419,0.00517443,0.004866294,0.004357189,0.006290284,0.009781418,0.009539631,0.009687101,0.121089229,0.042290031,0.008382094,0.007045787,0.006437972,0.006495799,0.007657038,0.007726103,0.004421445,0.010888516,0.0045817,0.003173834,0.003537712,0.07784338,0.004451269,0.004534037,0.076058313,0.005829705,0.005996738,0.005066484,0.006273055,0.005717702,0.005987541,0.006062439,0.006668816,0.004797596,0.006136637,0.062623333,0.002795045,0.003025582,0.003534317,0.008618619,0.034476546,0.00473475,0.005306073,0.004024527,0.003084981,0.004237741,0.003674011,0.002843556,0.004979016,0.001550487,0.004596572,0.004295728,0.003395871,0.003909831,0.003315169,0.00357092,0.003847416,0.003739204,0.003709689,0.00454452,0.002469116,0.00279718
SNORD124,0.052783334,0.10368218,0.18552629,0.068598627,0.00217913,0.019893451,2.13734E-05,0.02270024,0.000654275,0.64040056,0.00198186,0.000228116,0.146177803,0.0053921,0.0008932,0.039553108,0.006101964,4.41764E-05,0.001547685,1.0393E-143,0.042426391,0.001049754,0.000325527,0.000245972,2.18123E-37,0.002832453,0.004630645,0.065151584,0.001042384,2.90194E-06,0.002228635,0.006277272,4.24137E-71,0.001146592,0.000121815,0.000631562,0.000228483,2.8356E-143,0.0078861,2.2838E-75,0.000742643,2.26721E-07,0.003578124,0.00107639,9.19847E-05,0.000204512,3.45492E-09,0.00847426,0.000733037,0.000111842,0.000330291,3.52716E-75,4.5915E-26,3.84336E-30,1.95269E-11,0.000378802,0.000268608,4.31558E-72,0.089670453,0.030219844,0.001501527,0.000635761,0.000621042,0.000426792,0.000801405,0.001112187,0.000607527,0.000542974,5.17692E-56,0.000273324,0.001360217,0.081001913,0.000270432,0.00028275,0.054835178,0.000877166,0.000708953,8.99809E-05,0.000395588,0.000226888,0.000214479,3.17447E-05,8.8545E-05,5.9569E-55,2.96443E-84,0.048355355,0.001559254,0.000939789,0.000778132,0.007434113,0.034356472,0.001488033,0.001461769,0.00074534,0.000590176,0.001448332,0.000604394,0.000624855,0.000406506,0.001649644,0.000261321,0.000210202,7.62859E-05,0.000116914,8.79644E-05,9.29457E-05,0.000106675,9.50513E-05,0.000186716,0.000250684,0.000673629,3.16102E-05
SNORD125,0.0529341,0.103789093,0.185232988,0.068463938,0.002201096,0.019856343,2.16209E-05,0.022708823,0.000661833,0.639245508,0.002004638,0.000230713,0.146014447,0.005391894,0.000903512,0.039514374,0.006100121,4.46912E-05,0.00156552,5.9913E-103,0.04234309,0.001061887,0.000329321,0.00024882,2.20594E-37,0.002828262,0.004625226,0.065910799,0.001054374,2.9348E-06,0.002228556,0.006276191,4.2894E-71,0.001159578,0.000123235,0.000630968,0.000231137,1.6346E-102,0.007891441,2.30966E-75,0.000751053,2.29363E-07,0.003577762,0.001088851,9.30264E-05,0.000206895,3.49405E-09,0.00846858,0.000741579,0.000113145,0.000334067,3.5671E-75,4.6435E-26,3.88689E-30,1.9748E-11,0.000383216,0.000271734,4.36587E-72,0.090715388,0.03016143,0.001518929,0.000643169,0.000628171,0.000431765,0.000810735,0.001125041,0.000614551,0.000542914,5.23555E-56,0.000276496,0.001375622,0.08156124,0.000273583,0.000286036,0.055474175,0.000887261,0.000717195,9.1E-05,0.000400159,0.000229496,0.000216944,3.21042E-05,8.95478E-05,6.02436E-55,2.99801E-84,0.048724614,0.001577042,0.000950699,0.000787125,0.007419517,0.034307621,0.001505154,0.001478524,0.000753959,0.000596985,0.001465056,0.000611366,0.000625239,0.000411204,0.001668326,0.000264309,0.000212615,7.71498E-05,0.000118238,8.89606E-05,9.39984E-05,0.000107884,9.61278E-05,0.000188849,0.000253562,0.000681357,3.19682E-05
SNORD126,0.150258624,0.118169132,0.278791685,0.07272514,0.058681065,0.096255559,0.009018324,0.022971848,0.00487422,0.694863762,0.007161234,0.00192834,0.339229756,0.0171624,0.005844854,0.093955785,0.072401447,0.019371773,0.023083135,0.025975531,0.102329861,0.042640413,0.034006636,0.011892334,0.015861166,0.05233914,0.062462395,0.112455244,0.038044172,0.01577441,0.051469425,0.058317064,0.016030367,0.042080844,0.023990143,0.032613563,0.011459659,0.02533285,0.036953295,0.020560967,0.020658036,0.025046159,0.005436521,0.007067997,0.008539962,0.031411957,0.006748593,0.044682018,0.015463411,0.021764751,0.009702303,0.007159277,0.006732945,0.006038473,0.014468931,0.013850914,0.015794956,0.020300361,0.132571273,0.05095718,0.010975718,0.009500555,0.008624402,0.008821084,0.010278314,0.010215963,0.005859681,0.024173537,0.006339184,0.004279786,0.006433972,0.07109038,0.006053176,0.006159715,0.083850796,0.007912743,0.008525905,0.006963701,0.009214889,0.008277497,0.008923768,0.011792326,0.012912049,0.009795672,0.013358659,0.068670706,0.003114836,0.005081603,0.00650835,0.012670387,0.036167891,0.005887964,0.007147475,0.005252581,0.004012566,0.005240488,0.004820794,0.007451666,0.012683791,0.001297757,0.010036311,0.009469975,0.008613547,0.009208685,0.00828674,0.008543679,0.008915669,0.008780354,0.008988455,0.010018429,0.006450456,0.007738468
SNORD127,0.052821716,0.103709004,0.185449054,0.068551897,0.002186545,0.019881251,2.14695E-05,0.022721586,0.000657485,0.640035183,0.001993431,0.000229845,0.14611436,0.005391461,0.00089768,0.039553121,0.006104828,4.43221E-05,0.001555969,2.4076E-103,0.04239749,0.001054801,0.000326601,0.000247089,2.19982E-37,0.002831472,0.004628625,0.065366431,0.001048328,2.92666E-06,0.002229897,0.006280782,4.27751E-71,0.001156363,0.000122217,0.000631321,0.000229367,6.5687E-103,0.007893859,2.30326E-75,0.000748971,2.27469E-07,0.003578528,0.001081247,9.27685E-05,0.000205186,3.48436E-09,0.00847261,0.000735454,0.000112211,0.00033254,3.55721E-75,4.63062E-26,3.87611E-30,1.96933E-11,0.000380051,0.000269559,4.32981E-72,0.089966155,0.030199896,0.001508003,0.000637857,0.000624817,0.000428199,0.00080419,0.001117546,0.000610411,0.000542898,5.22104E-56,0.000274432,0.001371808,0.081444208,0.000271328,0.000283822,0.055016005,0.000882087,0.000711596,9.07477E-05,0.00039752,0.00022821,0.000215724,3.20152E-05,8.92996E-05,6.00766E-55,2.98969E-84,0.048458058,0.001570486,0.000943551,0.000781889,0.007429049,0.034345953,0.001496431,0.001471046,0.000748856,0.000593204,0.001455557,0.00060752,0.000625545,0.000408481,0.001663701,0.000263101,0.000211471,7.69359E-05,0.00011791,8.8714E-05,9.37377E-05,0.000107584,9.58612E-05,0.000188015,0.000252199,0.000677792,3.18796E-05
SNORD12B,0.052776519,0.103675573,0.185529617,0.068571082,0.002182935,0.019887603,2.1449E-05,0.022749414,0.000657297,0.640255632,0.001995896,0.00023078,0.146126097,0.005390522,0.000897583,0.039579913,0.006110631,4.41927E-05,0.00155666,2.5765E-125,0.042409355,0.00105433,0.000325647,0.00024687,2.21215E-37,0.002832818,0.004629152,0.065175565,0.001049389,2.94306E-06,0.002231944,0.006287082,4.30148E-71,0.001162841,0.00012186,0.000631345,0.000228912,7.0295E-125,0.007902419,2.31616E-75,0.000753167,2.26804E-07,0.003579388,0.001080241,9.32882E-05,0.000204587,3.50388E-09,0.008473868,0.000733306,0.000111883,0.000333479,3.57714E-75,4.65657E-26,3.89783E-30,1.98036E-11,0.000378941,0.000268881,4.31717E-72,0.089703459,0.030208719,0.001506109,0.000635995,0.000625834,0.000426949,0.000802076,0.001117067,0.000610078,0.000542813,5.25029E-56,0.000273972,0.001379493,0.081757164,0.000270542,0.000283223,0.054855361,0.000882849,0.000710019,9.12561E-05,0.00039739,0.000228487,0.00021598,3.21945E-05,8.97998E-05,6.04132E-55,3.00644E-84,0.048362175,0.001575921,0.000941886,0.000781565,0.007431128,0.03436308,0.001497806,0.001474082,0.000748409,0.000593252,0.001455336,0.00060761,0.00062637,0.000408332,0.001673021,0.000263844,0.0002118,7.73669E-05,0.000118571,8.92109E-05,9.42629E-05,0.000108187,9.63983E-05,0.000188592,0.000252595,0.000679009,3.20582E-05
SNORD12C,0.052822697,0.103733482,0.185544619,0.068509923,0.0021973,0.019874829,2.16779E-05,0.022864302,0.000665782,0.639944819,0.002031776,0.000237096,0.146041091,0.005389519,0.000909701,0.039643607,0.006130961,4.43738E-05,0.001580536,5.46034E-83,0.04237153,0.001067372,0.000326981,0.000249562,2.28389E-37,0.002833777,0.004626703,0.06544261,0.001067474,3.03851E-06,0.002239819,0.006310068,4.44098E-71,0.001200553,0.000122359,0.000631019,0.000230567,1.48976E-82,0.007941316,2.39128E-75,0.000777593,2.27734E-07,0.003583503,0.001091861,9.63137E-05,0.000205425,3.61752E-09,0.00847533,0.000736311,0.000112342,0.000341229,3.69315E-75,4.80758E-26,4.02424E-30,2.04458E-11,0.000380494,0.000270344,4.33486E-72,0.090071002,0.030184117,0.001520668,0.000638601,0.000637898,0.000428698,0.000806144,0.001130949,0.000617423,0.000542698,5.42056E-56,0.000276235,0.001424231,0.083511167,0.000271672,0.000285152,0.055080121,0.000897625,0.000714605,9.42156E-05,0.000402466,0.000232578,0.000219826,3.32386E-05,9.27121E-05,6.23724E-55,7.9203E-83,0.048489192,0.001615882,0.000949391,0.000791318,0.007424501,0.034379748,0.001523147,0.001504634,0.000757294,0.000601635,0.00147477,0.00061633,0.000629906,0.000413493,0.001727279,0.000269976,0.000215833,7.9876E-05,0.000122416,9.21041E-05,9.73199E-05,0.000111696,9.95246E-05,0.000193127,0.000257416,0.000692474,3.30979E-05
SNORD13,0.121476116,0.118619951,0.318186672,0.079047582,0.039933153,0.074585201,0.001693483,0.027514748,0.001547798,0.743906969,0.003462721,0.000643166,0.36915698,0.009286808,0.00324151,0.07487287,0.04379603,0.009127216,0.008609136,0.009973448,0.079864946,0.030867181,0.018882435,0.004275735,0.004862243,0.034422008,0.035279028,0.082727398,0.020960494,0.004908912,0.026736736,0.038241358,0.010617829,0.02405453,0.011448088,0.016957345,0.003939288,0.01876153,0.027206102,0.007112623,0.005231373,0.005824266,0.004450192,0.003870253,0.001709559,0.014914361,0.001252201,0.025750646,0.003472031,0.010633546,0.003225048,0.001328399,0.001249293,0.00113507,0.011191736,0.003567787,0.007145298,0.013943413,0.098319101,0.041863524,0.003423781,0.002285498,0.002283882,0.001987623,0.002580233,0.002979439,0.001674993,0.018702766,0.001176231,0.001039586,0.006326144,0.111677249,0.001345881,0.001389458,0.060639993,0.002742213,0.002951619,0.001413187,0.003137556,0.002471293,0.002971803,0.007277828,0.008019299,0.006476683,0.009661244,0.054400103,0.002470161,0.003666966,0.004843712,0.014154606,0.040088269,0.002665676,0.003685146,0.001693364,0.001338148,0.002408464,0.001504887,0.007552355,0.011557254,0.002460496,0.007776059,0.007331754,0.007535137,0.007559921,0.007181626,0.007096788,0.007179101,0.007150795,0.007710138,0.007806657,0.00687755,0.00720983
SNORD14A,0.062729377,0.117203468,0.194363044,0.07166888,0.002990457,0.020798481,2.95039E-05,0.024115593,0.000887446,0.669831657,0.002579946,0.00027372,0.156406306,0.005942882,0.001205832,0.041615846,0.006451234,6.40849E-05,0.002058791,9.034E-56,0.04432526,0.001429933,0.000472229,0.000338921,2.49664E-37,0.00296952,0.004943977,0.094512685,0.001365323,3.32156E-06,0.002371564,0.006642699,9.38322E-56,0.00131239,0.000176712,0.000679097,0.000323812,9.39803E-56,0.008467373,9.09423E-56,0.000850029,3.28895E-07,0.003887092,0.001484858,0.000105286,0.000296677,3.9545E-09,0.00912895,0.001063386,0.000162245,0.000411146,9.04247E-56,5.25543E-26,4.39911E-30,2.23505E-11,0.000549512,0.000385804,9.07265E-56,0.130081185,0.031579303,0.00208886,0.000922272,0.000799733,0.000619129,0.001154238,0.001514286,0.000829702,0.000597273,1.49469E-55,0.000384356,0.001556904,0.090024673,0.000392077,0.000401985,0.079547104,0.00115362,0.001010593,0.000102992,0.000537139,0.000295538,0.000279594,3.6335E-05,0.000101349,7.72356E-55,9.08325E-56,0.064357219,0.001905095,0.001324481,0.001059032,0.00776684,0.036033949,0.001954087,0.001859447,0.001019262,0.000792749,0.001957559,0.000810403,0.000664919,0.000552547,0.001888182,0.000325286,0.000271212,8.73168E-05,0.00013382,0.000100684,0.000106386,0.000122101,0.000108796,0.000230786,0.000323333,0.000863422,3.61811E-05
SNORD14B,0.062584203,0.117021771,0.194302403,0.071654311,0.002976873,0.020793672,2.93618E-05,0.024094864,0.000883259,0.669665022,0.002568393,0.000272632,0.156310146,0.00593627,0.001200176,0.041595796,0.006446904,6.37588E-05,0.00204931,1.39824E-53,0.044316249,0.001423153,0.000469826,0.000337292,2.4875E-37,0.002968509,0.004941094,0.094031698,0.001359159,3.3094E-06,0.002369693,0.006638001,1.45228E-53,0.001307586,0.000175813,0.000678622,0.000322205,1.45458E-53,0.008458733,1.40756E-53,0.000846918,3.27221E-07,0.003883331,0.001477711,0.0001049,0.000295167,3.94003E-09,0.009121903,0.001057974,0.000161419,0.000409417,1.39955E-53,5.23619E-26,4.38301E-30,2.22686E-11,0.000546715,0.000383861,1.40422E-53,0.129419186,0.031572609,0.002078707,0.000917578,0.000796203,0.000615978,0.001148408,0.00150711,0.000825755,0.000596628,1.40219E-53,0.000382465,0.001551206,0.089792475,0.000390083,0.000399983,0.079142279,0.001148384,0.001005546,0.000102615,0.000534601,0.000294214,0.00027834,3.6202E-05,0.000100978,1.46909E-53,1.40586E-53,0.064102509,0.001897307,0.001317948,0.001054015,0.007765262,0.036021084,0.001945235,0.001851379,0.001014406,0.000789054,0.001948363,0.000806633,0.000664304,0.000549933,0.001881271,0.000323918,0.000270012,8.69972E-05,0.00013333,0.000100316,0.000105996,0.000121654,0.000108397,0.000229826,0.000321903,0.000859636,3.60486E-05
SNORD14C,0.05549594,0.10477653,0.187450908,0.074666373,0.004496857,0.022500261,0.001266716,0.024313375,0.001746399,0.642499183,0.003247952,0.001229352,0.148117743,0.006750594,0.002012673,0.042353364,0.008862865,0.001493819,0.003287435,0.001720684,0.044780941,0.00284839,0.002095037,0.001535624,0.001440698,0.004898123,0.007114963,0.066698613,0.003015549,0.001437568,0.004605007,0.008633647,0.001249578,0.003394937,0.001699689,0.002405084,0.001503918,0.001389367,0.009711184,0.001575655,0.002540165,0.001824165,0.004633241,0.00223874,0.001333932,0.001997121,0.001164634,0.010490197,0.0021864,0.00161546,0.001642607,0.001169419,0.001156534,0.001230613,0.00123781,0.001848675,0.00162227,0.001324724,0.090996518,0.031722576,0.002811197,0.001903401,0.001887016,0.001635887,0.002053626,0.002412508,0.001732623,0.001874493,0.001135618,0.001334111,0.00260084,0.092013844,0.001385164,0.001405034,0.056099491,0.00210201,0.001888124,0.001266982,0.001614356,0.001436618,0.001426657,0.001208505,0.001304765,0.001116295,0.001158573,0.049511458,0.002736046,0.002031879,0.001896554,0.008547519,0.035463569,0.002674737,0.002709793,0.001850968,0.001653429,0.002571918,0.001700297,0.00161532,0.001494175,0.002859498,0.001376988,0.001300763,0.001114879,0.001192088,0.001131399,0.001163656,0.001179213,0.001158896,0.001247399,0.001354716,0.001697435,0.001036043
SNORD14D,0.146525229,0.128411621,0.329608595,0.090253101,0.06150335,0.099677424,0.016062358,0.038748692,0.014070682,0.763671952,0.016270858,0.012340774,0.38627562,0.024010731,0.01555103,0.098717728,0.070286611,0.025282868,0.026360831,0.028630206,0.104671008,0.04916754,0.037751372,0.018910694,0.021039544,0.055661076,0.060313544,0.092228834,0.040832615,0.021020784,0.050345267,0.060677154,0.024880528,0.044883448,0.028735473,0.035959909,0.018496189,0.034130731,0.044419002,0.024495016,0.023481546,0.025555123,0.016088496,0.01640956,0.01586599,0.034088757,0.014779979,0.046323369,0.019700872,0.027220391,0.01733891,0.015007236,0.014773228,0.01436942,0.024543641,0.019159846,0.022375435,0.028786256,0.103167946,0.058634068,0.017661553,0.016407072,0.016199541,0.015983412,0.016897136,0.017184779,0.014566753,0.033519509,0.014534537,0.013517525,0.018201319,0.123916662,0.014443519,0.014527814,0.068926696,0.016161478,0.016440293,0.01498827,0.016989842,0.016205315,0.016805471,0.020844251,0.021817139,0.019457525,0.02304937,0.064313194,0.014135716,0.015397387,0.016883057,0.025347679,0.051361961,0.015210325,0.016517489,0.014298149,0.013585987,0.014677464,0.014046689,0.019231244,0.023968218,0.013571035,0.020457206,0.01991064,0.019708138,0.019982104,0.019341966,0.019394215,0.019608718,0.019530913,0.019973492,0.020449606,0.018332772,0.019121562
SNORD14E,0.052984362,0.103887643,0.185408924,0.068529674,0.002203075,0.019875356,2.16394E-05,0.022729192,0.000662382,0.639856518,0.002006186,0.000230866,0.14615437,0.005397048,0.000904256,0.039551263,0.006105704,4.47328E-05,0.001566777,1.00756E-91,0.042383745,0.001062776,0.000329627,0.000249032,2.20727E-37,0.00283094,0.004629655,0.06597212,0.001055197,2.93658E-06,0.002230592,0.006281913,4.292E-71,0.00116028,0.000123349,0.000631573,0.000231344,2.74896E-91,0.007898536,2.31106E-75,0.000751508,2.29576E-07,0.003581127,0.001089782,9.30828E-05,0.000207088,3.49616E-09,0.00847663,0.000742269,0.000113251,0.000334305,3.56926E-75,4.64631E-26,3.88924E-30,1.976E-11,0.000383572,0.000271983,4.36993E-72,0.090799786,0.030190365,0.001520246,0.000643768,0.000628646,0.000432167,0.00081148,0.001125981,0.000615067,0.000543433,5.23872E-56,0.00027674,0.001376454,0.081620149,0.000273837,0.000286293,0.055525786,0.000887958,0.000717843,9.10551E-05,0.000400492,0.000229674,0.000217112,3.21236E-05,8.9602E-05,6.02801E-55,2.99982E-84,0.048770369,0.001578126,0.000951542,0.000787782,0.007426641,0.034340059,0.001506335,0.001479619,0.000754594,0.000597472,0.001466265,0.000611863,0.000625795,0.000411546,0.001669336,0.000264497,0.000212777,7.71965E-05,0.000118309,8.90144E-05,9.40553E-05,0.000107949,9.61859E-05,0.000188981,0.000253755,0.000681869,3.19876E-05
SNORD15A,0.065479033,0.121149863,0.206716519,0.572787748,0.019413205,0.032974021,0.003132475,0.026712455,0.004088168,0.686867395,0.005166097,0.0039732,0.162014856,0.015834457,0.006937223,0.044797199,0.009182129,0.002654414,0.004566037,0.00259012,0.048016995,0.004031994,0.003065962,0.00314335,0.002601743,0.005626146,0.010540111,0.09476223,0.003898721,0.002604477,0.008716092,0.011914607,0.002671301,0.008451088,0.002773851,0.003290365,0.003225905,0.002674783,0.011074748,0.002603708,0.00336649,0.002595243,0.013884921,0.009365241,0.00330591,0.002898102,0.00385099,0.016250333,0.003701189,0.002757706,0.007928146,0.002789382,0.003139791,0.012925769,0.010267529,0.011306033,0.003074805,0.002598489,0.129461344,0.037822011,0.005731182,0.007547775,0.003852881,0.003200224,0.003749717,0.004513214,0.003973146,0.003276537,0.002786736,0.004170023,0.004362348,0.087487289,0.003499226,0.00337066,0.0801795,0.004228826,0.004583669,0.003080953,0.003482038,0.004062778,0.00327121,0.002640541,0.002943866,0.003487972,0.002602009,0.06609247,0.004846048,0.012832137,0.01018654,0.03054676,0.039277499,0.005186305,0.004743932,0.004540944,0.004053525,0.005372048,0.00400262,0.003756184,0.003740447,0.005443963,0.003620832,0.003470193,0.003143408,0.003390439,0.00362627,0.004731787,0.00333488,0.003212504,0.003404107,0.003626384,0.00457828,0.003403899
SNORD15B,0.115036902,0.10467322,0.204959093,0.070519533,0.044807663,0.076847617,0.011710491,0.024364609,0.005949944,0.683776358,0.00857409,0.002516094,0.199694226,0.018794068,0.005697727,0.089745991,0.065808154,0.019097745,0.026250535,0.02810362,0.095813831,0.030668646,0.030363165,0.013275193,0.018511013,0.042961925,0.058212993,0.07373707,0.034970647,0.018334236,0.049847171,0.05094101,0.012434937,0.03883985,0.023486871,0.030813255,0.012934895,0.017470822,0.032386293,0.023105443,0.026614622,0.031269307,0.005715435,0.006755059,0.011126081,0.030832874,0.008774214,0.044518646,0.019391947,0.02103594,0.011427088,0.009308167,0.008753869,0.00783485,0.009454919,0.016885129,0.015904805,0.015200213,0.085179694,0.051853689,0.01317066,0.011734062,0.011017433,0.011053818,0.012617812,0.012600834,0.007236019,0.016115231,0.008241919,0.005347626,0.00509011,0.097173153,0.007608051,0.007766632,0.055704666,0.009529863,0.009635922,0.009077495,0.010600734,0.009916479,0.010326783,0.009788896,0.010756649,0.007611318,0.009468197,0.051139276,0.003973313,0.003776429,0.004822298,0.008699806,0.035844558,0.007033632,0.00814315,0.006354497,0.004898884,0.005984076,0.005947873,0.003466287,0.006559736,0.002120141,0.006844583,0.006366052,0.004801839,0.0057406,0.004719419,0.005207911,0.005700859,0.005508192,0.005264736,0.006705027,0.002765633,0.003765473
SNORD16,0.092432997,0.137784024,0.25854851,0.091986982,0.025279073,0.048826185,0.013402619,0.041980793,0.014355541,0.753629305,0.016473727,0.013746031,0.238035209,0.020054127,0.015124996,0.066789752,0.02888253,0.015233918,0.016648687,0.015066322,0.068940807,0.022272422,0.017881608,0.014355633,0.014026944,0.023933867,0.025116462,0.10292316,0.019219569,0.014046697,0.021063262,0.028077431,0.016059706,0.020294407,0.015821974,0.017506281,0.014238407,0.018176892,0.027400934,0.014482842,0.014848662,0.013772442,0.017646223,0.015451644,0.013563452,0.016617847,0.013362581,0.026436718,0.014372433,0.015667924,0.014281425,0.013367513,0.013367113,0.013365737,0.016331113,0.014115242,0.015059301,0.01672215,0.132896423,0.04929587,0.015530944,0.014230922,0.014342473,0.013939666,0.014474966,0.015020164,0.014279476,0.01868742,0.013348674,0.013758869,0.016867045,0.141142118,0.013733122,0.013763667,0.086479025,0.014852061,0.014612228,0.01354878,0.014321621,0.013974924,0.014083408,0.015112154,0.015370968,0.014899938,0.015745664,0.075230621,0.015988251,0.015301807,0.015475351,0.023448056,0.053730475,0.015679118,0.015971091,0.014477458,0.014277267,0.01554288,0.01430357,0.01621921,0.017019216,0.016294658,0.015786645,0.015607151,0.01560032,0.015608762,0.015518141,0.015469462,0.015490105,0.015474504,0.015756782,0.015774878,0.016260402,0.015509422
SNORD18A,0.066748048,0.104555615,0.190046858,0.077825368,0.011672428,0.032418966,0.002570043,0.02298246,0.001819219,0.651323175,0.003407075,0.000739618,0.158138201,0.008456966,0.001993993,0.050436185,0.019029129,0.004176661,0.00691136,0.006098231,0.054112924,0.007459055,0.00684062,0.003079927,0.004018889,0.011522905,0.01631124,0.068441919,0.008391541,0.003982573,0.012613609,0.015982852,0.002690391,0.009357388,0.005190671,0.007176367,0.002995765,0.003775062,0.01317021,0.005015052,0.006338663,0.006792034,0.004180357,0.002410394,0.00249674,0.006850252,0.001928172,0.016397002,0.004804138,0.004650733,0.002820449,0.002025728,0.001911381,0.001881424,0.002173479,0.004114044,0.00366681,0.003287454,0.090672914,0.035046606,0.004073194,0.003131259,0.00288418,0.00274511,0.003385235,0.003622989,0.002061725,0.003909,0.001794117,0.00140046,0.002127476,0.082817478,0.001879624,0.001920187,0.056233743,0.002763849,0.002677122,0.002046364,0.002619661,0.002350468,0.002415955,0.002143164,0.002399533,0.001662302,0.00204653,0.04975172,0.002062572,0.001722407,0.001771185,0.008069861,0.034725089,0.002701717,0.002904589,0.001985966,0.001539893,0.002455524,0.001777577,0.001238309,0.001742209,0.001717798,0.001690916,0.001547967,0.001098676,0.001337005,0.00109816,0.00122741,0.001320354,0.001267837,0.001287402,0.001654414,0.001134117,0.000845306
SNORD18B,0.073082103,0.110945252,0.238242787,0.084010442,0.013139258,0.036477417,3.43372E-05,0.02696046,0.000794296,0.698698786,0.002614941,0.00037508,0.222791326,0.006316638,0.001635873,0.051795799,0.016493152,0.002181927,0.003004994,0.002005156,0.053899979,0.009774557,0.005107343,0.001000638,0.000746711,0.011676344,0.012563015,0.06724705,0.006332757,0.000774466,0.008469787,0.015559709,0.002973825,0.007728925,0.002802956,0.0046906,0.000874956,0.005470738,0.014100511,0.001282981,0.001397366,0.000458075,0.004087535,0.001934247,0.00016608,0.003670594,2.45093E-05,0.012957329,0.000721568,0.002640087,0.000977233,3.84441E-06,1.06522E-05,0.000206419,0.00345743,0.000797955,0.001825803,0.003959454,0.088110758,0.034217314,0.001698448,0.000703375,0.000848257,0.000419449,0.000806695,0.001325247,0.000724438,0.005914598,3.89086E-06,0.00031928,0.003566902,0.119621979,0.000276425,0.000303838,0.053881394,0.001276222,0.001050555,0.000158006,0.000883052,0.000590593,0.000712106,0.002016792,0.0022944,0.001830088,0.002794541,0.04895996,0.00234599,0.001918335,0.002168898,0.010275385,0.038065041,0.001937449,0.002309028,0.000890717,0.000736201,0.001763962,0.000755608,0.002906015,0.003919981,0.002781559,0.002572369,0.002372551,0.00240513,0.002422633,0.00231376,0.002289405,0.002282963,0.002266208,0.002548445,0.002557166,0.002858421,0.002296163
SNORD18C,0.052862455,0.103699038,0.185196654,0.068390786,0.00220437,0.019839571,2.17329E-05,0.022805585,0.000666858,0.638795482,0.002030844,0.000236088,0.145851102,0.005385517,0.00091095,0.039560786,0.006116685,4.46078E-05,0.001581514,3.04735E-50,0.042297847,0.001069334,0.000328706,0.000250172,2.26958E-37,0.00282836,0.004620424,0.065787766,0.001067308,3.01947E-06,0.002234818,0.006295085,4.5195E-50,0.001193031,0.000123005,0.000630256,0.000231481,8.3142E-50,0.007922896,1.94982E-50,0.000772721,2.28935E-07,0.003578766,0.001094595,9.57102E-05,0.000206509,3.59485E-09,0.008464252,0.000740195,0.000112934,0.000340344,3.67001E-75,4.77746E-26,3.99902E-30,2.03177E-11,0.0003825,0.000271618,6.01741E-50,0.090546054,0.030131299,0.001525162,0.000641969,0.000637268,0.000430959,0.000810067,0.001133001,0.000618642,0.000542275,5.3866E-56,0.000277212,0.001415308,0.083109749,0.000273096,0.000286333,0.055370624,0.000897667,0.000717669,9.36253E-05,0.000403139,0.000232478,0.000219741,3.30304E-05,9.21313E-05,2.75496E-50,4.247E-50,0.048645025,0.001610317,0.000952865,0.000792737,0.00741159,0.034313328,0.001523105,0.001502263,0.000758842,0.000602305,0.001476884,0.000616961,0.000628237,0.000414207,0.001716457,0.000269276,0.000215641,7.93756E-05,0.000121649,9.15271E-05,9.67102E-05,0.000110996,9.8901E-05,0.000192564,0.000257181,0.000691634,3.28905E-05
SNORD19,0.052889186,0.103756361,0.185313193,0.068456471,0.00220164,0.019856939,2.16762E-05,0.022781552,0.000664601,0.63932057,0.002020413,0.000234115,0.145979498,0.005389709,0.00090768,0.03956514,0.006113798,4.45938E-05,0.001574832,5.42198E-83,0.042338472,0.001065915,0.000328603,0.000249499,2.24671E-37,0.002829892,0.004624397,0.065767119,0.0010621,2.98904E-06,0.002233627,0.006291414,4.36868E-71,0.001181009,0.000122966,0.0006308,0.000231155,1.4793E-82,0.007914989,2.35235E-75,0.000764934,2.28863E-07,0.003579853,0.001091708,9.47458E-05,0.000206444,3.55863E-09,0.008469577,0.000739962,0.000112899,0.000337981,3.63303E-75,4.72932E-26,3.95873E-30,2.0113E-11,0.00038238,0.000271405,4.35635E-72,0.090517636,0.030159443,0.001521717,0.000641767,0.00063371,0.000430824,0.000809536,0.001129356,0.000616735,0.0005427,5.33232E-56,0.000276722,0.001401046,0.082568737,0.000273002,0.000285971,0.055353246,0.000893441,0.000716851,9.26819E-05,0.000401794,0.00023129,0.000218625,3.26975E-05,9.12029E-05,6.13571E-55,7.86178E-83,0.048647879,0.001597968,0.000951278,0.000790172,0.007418708,0.034330204,0.001515838,0.001493126,0.000756547,0.000600012,0.001471658,0.000614564,0.000627448,0.000412844,0.00169916,0.000267406,0.000214454,7.85757E-05,0.000120423,9.06048E-05,9.57356E-05,0.000109877,9.79044E-05,0.000191173,0.000255762,0.00068764,3.25591E-05
SNORD19B,0.116833038,0.126890687,0.353503985,0.077550234,0.039298029,0.071985815,0.001320263,0.059064517,0.00298246,0.790522353,0.010942599,0.002075701,0.358688008,0.008673308,0.005388873,0.095052802,0.046766829,0.008256882,0.012480592,0.008773629,0.076318691,0.031479325,0.017372442,0.004218357,0.004130152,0.032983646,0.032654111,0.081797406,0.023121953,0.004204624,0.026732621,0.042543534,0.009924361,0.03134738,0.010368886,0.01549704,0.00363333,0.017667144,0.036360564,0.006162402,0.010211647,0.004637278,0.005672146,0.005627673,0.002055613,0.013493412,0.000947654,0.025330023,0.002791929,0.009657476,0.004574767,0.001003856,0.000945492,0.000864411,0.010579938,0.002947014,0.006550866,0.013061773,0.098015986,0.04087708,0.005337242,0.001889266,0.004559091,0.001610022,0.002373969,0.005157239,0.002796546,0.017679439,0.000891331,0.001189521,0.016977434,0.542767853,0.001098873,0.001345013,0.060328677,0.005532263,0.003078618,0.001819755,0.003702569,0.002986384,0.003404289,0.007023292,0.008169666,0.006061628,0.009093218,0.05383082,0.011724489,0.004532577,0.006441041,0.013819341,0.050556568,0.007821193,0.010252839,0.003123359,0.00285485,0.006005566,0.003060483,0.0082457,0.012028991,0.01565728,0.008773354,0.007829006,0.007799431,0.008120043,0.00755304,0.007494494,0.007668796,0.007553941,0.008398384,0.008454296,0.009631368,0.007157516
SNORD1A,0.103537275,0.110710774,0.260412619,0.072219586,0.031095224,0.060179893,0.002482191,0.023156297,0.00179827,0.677711481,0.003337392,0.000679713,0.287318705,0.009309662,0.002861862,0.064729683,0.036403373,0.00805976,0.008760385,0.009663452,0.070447164,0.023298576,0.015649749,0.004340762,0.00529128,0.02736798,0.030187094,0.082882641,0.017484145,0.005298659,0.02316688,0.031116005,0.008178877,0.019556816,0.010075236,0.014518523,0.004101059,0.013908982,0.022090252,0.007261021,0.006333072,0.007435377,0.004189378,0.00347104,0.002396586,0.013169567,0.001846003,0.023306243,0.004770007,0.009263874,0.003393202,0.001958338,0.00184172,0.00165902,0.008180444,0.004408531,0.006496461,0.010604333,0.102331174,0.038721352,0.00408385,0.003067187,0.002788667,0.00272736,0.003399673,0.003586462,0.002036176,0.013829069,0.001734011,0.001368706,0.00428592,0.075247201,0.001854964,0.001891012,0.063338146,0.002951353,0.003224949,0.001963514,0.003318003,0.002765279,0.003129212,0.00575156,0.006321864,0.004992131,0.00721931,0.054782541,0.001902069,0.003007363,0.003762361,0.011469216,0.035945095,0.002650319,0.003312592,0.001968782,0.001514873,0.002460864,0.001745608,0.005244146,0.008129778,0.001430643,0.005706093,0.005388604,0.005301825,0.005421463,0.005066872,0.005071301,0.005179434,0.005141017,0.005474181,0.005729712,0.004677494,0.004982288
SNORD1B,0.052960147,0.103838548,0.185314982,0.06846554,0.002206771,0.019858944,2.17146E-05,0.022767521,0.00066538,0.639372447,0.002020056,0.000233491,0.146029923,0.005393033,0.000908601,0.039557897,0.006111357,4.47509E-05,0.001575659,7.033E-73,0.042344081,0.001067317,0.000329761,0.000249925,2.23771E-37,0.002829828,0.004625845,0.065998851,0.001062122,2.97707E-06,0.002232824,0.006288642,4.45549E-71,0.001176279,0.000123399,0.000631046,0.000231776,1.91884E-72,0.007911202,4.52343E-73,0.00076187,2.29669E-07,0.003580724,0.001093614,9.43663E-05,0.000207172,3.54437E-09,0.008472138,0.000742569,0.000113296,0.000337449,3.61848E-75,4.71038E-26,3.94287E-30,2.00324E-11,0.000383728,0.000272263,5.76046E-72,0.090836578,0.030163143,0.001524815,0.000644029,0.000633379,0.000432342,0.000812178,0.001130824,0.0006176,0.000543025,5.31096E-56,0.00027739,0.001395434,0.082349264,0.000273959,0.000286772,0.055548285,0.000893577,0.000718924,9.23106E-05,0.000402279,0.000231254,0.000218596,3.25666E-05,9.08376E-05,6.11113E-55,9.80167E-73,0.048771021,0.001594556,0.000953645,0.000791189,0.007419691,0.034328784,0.001515997,0.001491772,0.000757642,0.00060052,0.001473208,0.000615048,0.000627015,0.000413357,0.001692354,0.000266985,0.000214355,7.8261E-05,0.000119941,9.02419E-05,9.53522E-05,0.000109437,9.75122E-05,0.000190831,0.000255642,0.00068718,3.24287E-05
SNORD1C,0.085537865,0.128295761,0.248741597,0.086095937,0.017540139,0.040879092,0.004534719,0.032510671,0.00549935,0.731344945,0.00760513,0.004885631,0.232731729,0.011231662,0.00634304,0.057637404,0.020683906,0.006557782,0.007877287,0.006369987,0.059840618,0.014135106,0.009443415,0.005547753,0.005210466,0.015752656,0.016852631,0.098136064,0.010783369,0.005236328,0.01267878,0.019796029,0.00739051,0.01189671,0.007188288,0.008979436,0.00542813,0.009728178,0.018760729,0.005714029,0.005940305,0.004931733,0.008785852,0.006706464,0.004682498,0.008048733,0.004505388,0.017786719,0.005532278,0.007027609,0.005472925,0.004499028,0.004501932,0.004593086,0.007766599,0.005356516,0.00633966,0.008206166,0.129240835,0.039939527,0.006714443,0.005426834,0.005476769,0.005092526,0.0056383,0.006174032,0.005424336,0.01022545,0.004491412,0.004909608,0.008054203,0.128809492,0.004880678,0.004906946,0.08078824,0.005997562,0.005802489,0.004671177,0.005490568,0.005131238,0.005247294,0.006407704,0.006678746,0.006202345,0.007121777,0.068036613,0.007081072,0.006617515,0.006774947,0.014761579,0.044103272,0.006821053,0.00710809,0.005629862,0.005418919,0.006702366,0.00543938,0.007442125,0.008415262,0.007354867,0.00706181,0.006874814,0.006870689,0.006880233,0.006781779,0.006741757,0.006749899,0.006734031,0.007031898,0.007056396,0.007498289,0.00677298
SNORD2,0.102900808,0.110776792,0.26042441,0.072252611,0.030648456,0.059596039,0.002359426,0.02321551,0.001745629,0.677866177,0.003282827,0.000658564,0.286847053,0.009172124,0.002815675,0.064274735,0.03579005,0.00785909,0.008509787,0.009367718,0.069917453,0.022990121,0.015333042,0.004204556,0.005096604,0.026948277,0.029625998,0.082773819,0.017133908,0.005105912,0.02267123,0.030662369,0.008047605,0.01917739,0.009829128,0.014200988,0.003967738,0.013724288,0.021857261,0.007017956,0.006072709,0.007106688,0.004171836,0.003414909,0.002282062,0.012846951,0.001753797,0.022935192,0.004573725,0.009043451,0.003279933,0.001860522,0.001749728,0.001576685,0.008080421,0.004234913,0.006331959,0.010443804,0.10235366,0.038518199,0.003965429,0.002950383,0.002684476,0.002615567,0.003275708,0.00347055,0.001969021,0.013664698,0.0016474,0.001315934,0.004267617,0.075938761,0.001777793,0.001812711,0.063313901,0.002866301,0.003131807,0.001870467,0.003212469,0.002665075,0.003024432,0.005649124,0.006210703,0.004911782,0.00711925,0.054754957,0.001894723,0.002979155,0.00372303,0.011461314,0.035976792,0.002602208,0.003255421,0.001912836,0.00147271,0.002420219,0.00169272,0.005216129,0.008066237,0.00145135,0.005639183,0.005325182,0.005252896,0.005363739,0.005019138,0.005018574,0.005121885,0.005085188,0.005422384,0.005663458,0.004660822,0.004943094
SNORD20,0.052082875,0.111926434,0.223656768,0.067139147,0.003994076,0.020627407,5.99486E-05,0.053733557,0.002238577,0.687448567,0.009558696,0.001696734,0.143273155,0.005294622,0.00320206,0.061792151,0.011982783,4.42356E-05,0.006333949,3.0839E-148,0.041523742,0.003435964,0.000325964,0.000705814,1.93213E-36,0.003584725,0.004628804,0.065238896,0.004812722,2.57053E-05,0.004440318,0.012810275,3.75699E-70,0.010156483,0.000121978,0.000619199,0.000424878,8.414E-148,0.018160283,2.02298E-74,0.006578309,2.27025E-07,0.004834439,0.003044583,0.000814798,0.000204786,3.06036E-08,0.00967136,0.000734019,0.000111992,0.002076143,3.12435E-74,4.06714E-25,3.40444E-29,1.72968E-10,0.000379309,0.000367901,4.32136E-72,0.089790624,0.030122613,0.003796992,0.000636613,0.003219379,0.000427364,0.001016247,0.003658048,0.001933237,0.000533093,4.5857E-55,0.000585405,0.012048763,0.505219173,0.000276639,0.000493323,0.054908664,0.00392924,0.001168251,0.000797049,0.001338853,0.001089688,0.001024434,0.000281193,0.00078433,5.27661E-54,2.62589E-83,0.048097561,0.010721801,0.001937865,0.002570225,0.007275948,0.044657379,0.006740671,0.008165773,0.002337176,0.002218317,0.005133374,0.002308858,0.001566206,0.001360832,0.014612497,0.001642779,0.001076052,0.000675738,0.001035619,0.000779186,0.000823311,0.000944928,0.000841961,0.001215687,0.001286138,0.0035954,0.000280003
SNORD21,0.052000651,0.112134851,0.224949566,0.067299431,0.004017672,0.020697521,6.06069E-05,0.054430221,0.002267554,0.690183949,0.009707253,0.001726885,0.143514795,0.005298833,0.003244814,0.062355918,0.01211979,4.38528E-05,0.006425221,2.8104E-181,0.041622873,0.00347905,0.000323143,0.000713738,1.96774E-36,0.003607936,0.004638634,0.064674331,0.004886158,2.6179E-05,0.004491249,0.012961086,3.82623E-70,0.01034366,0.000120923,0.000620152,0.000427188,7.8143E-203,0.018389241,2.06027E-74,0.006699542,2.2506E-07,0.004866282,0.00307829,0.000829814,0.000203014,3.11676E-08,0.009711999,0.000727667,0.000111023,0.002111472,3.18193E-74,4.14209E-25,3.46718E-29,1.76156E-10,0.000376027,0.000367738,4.28397E-72,0.089013593,0.030204368,0.003834164,0.000631104,0.003270833,0.000423665,0.00101398,0.003704084,0.001956962,0.000533549,4.67022E-55,0.000589857,0.012270813,0.514106972,0.000274423,0.000495472,0.054433495,0.003988396,0.001172137,0.000811738,0.001356053,0.001106595,0.001040292,0.000286376,0.000798784,5.37385E-54,2.67428E-83,0.047835476,0.01090873,0.001951533,0.002602673,0.007293318,0.044962947,0.006842666,0.008299755,0.002365527,0.002248811,0.005201414,0.002340899,0.001587162,0.00137818,0.014881795,0.001670734,0.00109317,0.000688192,0.001054705,0.000793546,0.000838484,0.000962342,0.000857478,0.001236579,0.001306615,0.003653474,0.000285163
SNORD22,0.146568967,0.133860455,0.205557689,0.070130093,0.051219201,0.082126744,0.012803439,0.024187242,0.00705194,0.682195925,0.010542553,0.0027744,0.217057195,0.021043652,0.006961424,0.094026205,0.07134795,0.02093759,0.029800631,0.030709002,0.100478748,0.034534882,0.033639923,0.014736296,0.020217975,0.046745483,0.063559917,0.164647472,0.038913484,0.020024982,0.054321481,0.055079495,0.013620903,0.042332085,0.025837523,0.033701627,0.014388697,0.019157625,0.034922987,0.025241652,0.028953628,0.034140275,0.006328049,0.008415653,0.012132465,0.033975472,0.009577688,0.048685771,0.022114016,0.023146848,0.012589398,0.010160536,0.009555479,0.008552395,0.01037334,0.018924591,0.017714696,0.016655069,0.208738999,0.05360489,0.015898714,0.013629304,0.012356454,0.012617002,0.014769007,0.014728537,0.008442373,0.017724303,0.008996649,0.00613357,0.00539235,0.096057875,0.008652787,0.00880469,0.131594612,0.010983152,0.011354981,0.009896549,0.011917416,0.010965135,0.011409022,0.010712199,0.011763704,0.008337118,0.010379642,0.098408046,0.004686913,0.005166136,0.005961024,0.008783507,0.035647733,0.008645386,0.009563483,0.007609754,0.00581391,0.007733067,0.006963458,0.003751183,0.007566498,0.002090779,0.007592633,0.007096264,0.0052673,0.006285654,0.005173843,0.005705531,0.006241727,0.006033069,0.005837103,0.007489789,0.003388703,0.004141449
SNORD23,0.049998582,0.095576686,0.163307412,0.058756676,0.005059589,0.014386107,8.08845E-05,0.046391849,0.002413935,0.47835469,0.009758715,0.001691129,0.102881748,0.004355099,0.003492123,0.048923975,0.010005385,6.56511E-05,0.006601511,1.64123E-92,0.027661735,0.003704235,0.00048377,0.000784716,1.86496E-36,0.002661213,0.00340758,0.09682254,0.004937765,2.48116E-05,0.003851892,0.010849441,1.52072E-16,0.009934825,0.000181031,0.00045137,0.000524612,4.47783E-92,0.015800603,2.50522E-35,0.006349619,3.36933E-07,0.004140319,0.003518527,0.000803567,0.000303928,3.56476E-05,0.007545491,0.001091148,0.00016621,0.00219963,5.5882E-06,1.54839E-05,0.000291772,0.000214538,0.00079364,0.000490898,6.41343E-72,0.133260322,0.020332444,0.004324927,0.00105917,0.003272763,0.000634377,0.001383839,0.003953511,0.002110245,0.000415659,5.65572E-06,0.000720375,0.011640231,0.479769123,0.00042195,0.000620117,0.081491206,0.004061705,0.00149395,0.00078025,0.001445728,0.001145939,0.001058091,0.00027147,0.000763934,2.52453E-05,2.77671E-08,0.059963402,0.010567077,0.002545709,0.002952266,0.005411984,0.033458371,0.006952881,0.008209256,0.002565074,0.002359669,0.005489126,0.002447566,0.001375422,0.001477087,0.014137093,0.001648709,0.001106242,0.000663293,0.001016683,0.000776459,0.00085027,0.000927846,0.000825329,0.001217131,0.001321919,0.003657776,0.00028969
SNORD24,0.055662049,0.115182054,0.226420811,0.079463165,0.008079395,0.024536506,0.003917655,0.057336368,0.006088442,0.687493373,0.013369177,0.005554206,0.146323489,0.009240858,0.007092025,0.065335702,0.015786931,0.003890911,0.010162436,0.003851085,0.045149993,0.007280784,0.004178146,0.004556513,0.003853771,0.007421916,0.008512586,0.068785135,0.008650832,0.003875273,0.008342373,0.016650375,0.003857147,0.014055387,0.003974073,0.004468013,0.004278008,0.003857842,0.021926958,0.003853654,0.010406703,0.003855578,0.008788936,0.006976168,0.004673776,0.004062273,0.003873227,0.013555248,0.004587608,0.003960794,0.006007803,0.003854548,0.003860813,0.004027985,0.003989229,0.004373622,0.00421487,0.003845443,0.093226235,0.033855166,0.007652047,0.00455716,0.007066032,0.004276622,0.004863751,0.007502182,0.005782385,0.004387655,0.003847267,0.004451054,0.015848906,0.506936828,0.004133749,0.004347275,0.058506104,0.007772115,0.005030904,0.004648658,0.005188605,0.004954842,0.004875904,0.004127662,0.004633954,0.003860546,0.003846899,0.051710682,0.014533201,0.005934989,0.006525756,0.011441232,0.048270124,0.010573078,0.011987984,0.006191908,0.006067526,0.008976188,0.006158873,0.005424544,0.005219254,0.018419671,0.005501728,0.004935625,0.00453483,0.004896489,0.004646258,0.004709525,0.004805483,0.004700981,0.005074563,0.005146615,0.007455364,0.004146896
SNORD25,0.073314632,0.110892534,0.238368356,0.084705735,0.013298893,0.036637914,3.52626E-05,0.026941437,0.000797864,0.697603878,0.00262262,0.000377767,0.223386726,0.006328355,0.001650611,0.051829683,0.016602399,0.002208392,0.00302398,0.002029806,0.05392199,0.009883516,0.005167496,0.001010728,0.00075589,0.011776916,0.012653396,0.067547137,0.00639789,0.000783937,0.008545193,0.015658272,0.003010383,0.007810957,0.002836428,0.004739059,0.000884077,0.00553799,0.014153888,0.001298752,0.0014019,0.000463704,0.00409606,0.001954581,0.000167406,0.003714064,2.65832E-05,0.012998944,0.000724601,0.002671638,0.000991532,4.16979E-06,1.15537E-05,0.000223478,0.00351061,0.000816185,0.001846102,0.004008128,0.088469151,0.034185631,0.001706145,0.000712575,0.000851426,0.000421161,0.000809924,0.001330301,0.000727731,0.005979627,4.22017E-06,0.000322329,0.003588106,0.119765336,0.000278368,0.000305593,0.054100558,0.001282098,0.001058625,0.00015896,0.000890145,0.000596695,0.000718771,0.002041047,0.00232144,0.001853842,0.002828896,0.049070916,0.00235248,0.00194577,0.002196467,0.010317574,0.038011541,0.001944289,0.002318521,0.00089518,0.000739597,0.001771005,0.000758949,0.002932623,0.003964565,0.002789289,0.002601232,0.00239981,0.002433947,0.002451273,0.002341918,0.002318733,0.002309996,0.002293078,0.002577826,0.002586327,0.00288631,0.002324818
SNORD26,0.053003133,0.103914153,0.185427796,0.06850798,0.002208975,0.019871197,2.17351E-05,0.022780093,0.000665961,0.639765808,0.00202149,0.000233586,0.14612538,0.00539679,0.000909377,0.039581289,0.006114851,4.48027E-05,0.001576911,4.2632E-105,0.042370328,0.001068267,0.000330142,0.000250159,2.23826E-37,0.002831542,0.004628849,0.066075183,0.001062901,2.9778E-06,0.002234117,0.006292214,4.35225E-71,0.001176566,0.000123542,0.000631463,0.000232021,1.1632E-104,0.007915724,2.3435E-75,0.000762057,2.29935E-07,0.003583055,0.001094644,9.43893E-05,0.000207411,3.54524E-09,0.008477669,0.000743428,0.000113428,0.000337631,3.61936E-75,4.71153E-26,3.94383E-30,2.00373E-11,0.000384172,0.000272566,4.37676E-72,0.090941636,0.030181814,0.001526306,0.000644774,0.000633802,0.000432842,0.000813092,0.001131829,0.000618157,0.000543402,5.31226E-56,0.000277673,0.001395775,0.08237948,0.000274275,0.000287078,0.05561253,0.000894248,0.000719701,9.23332E-05,0.000402632,0.000231418,0.000218752,3.25745E-05,9.08597E-05,6.11262E-55,3.04193E-84,0.048819787,0.001595309,0.00095463,0.00079189,0.00742429,0.034349524,0.001517124,0.001492699,0.000758329,0.000601021,0.001474473,0.000615557,0.000627357,0.000413722,0.001692768,0.000267129,0.0002145,7.82801E-05,0.00011997,9.02639E-05,9.53755E-05,0.000109464,9.75361E-05,0.000190929,0.000255814,0.000687627,3.24366E-05
SNORD27,0.073093783,0.111031563,0.239372423,0.074698802,0.012927877,0.036513128,2.42144E-05,0.027122908,0.000778369,0.701976654,0.002613377,0.000355697,0.223824821,0.006190765,0.001573491,0.052083222,0.016603002,0.002197433,0.003008951,0.002020344,0.054170729,0.009832794,0.005138511,0.000999988,0.000752366,0.011756423,0.012581455,0.066252237,0.006369992,0.000780345,0.008455342,0.015612482,0.00299635,0.007701771,0.002821374,0.004723139,0.000870931,0.005512174,0.01418759,0.001292698,0.00141145,0.000461539,0.003957715,0.001826629,0.000155922,0.003693675,5.83873E-09,0.012931087,0.00070888,0.002657502,0.000886504,1.39674E-14,3.87012E-14,5.73733E-06,0.003334908,0.000635343,0.001831865,0.003989444,0.086707903,0.03432206,0.001662968,0.000614756,0.000839552,0.000412691,0.0007946,0.001309581,0.000709375,0.00595617,1.41362E-14,0.000292978,0.003593165,0.120695449,0.000262035,0.000292777,0.053023522,0.001265989,0.001024175,0.000152064,0.000876855,0.000569808,0.000707527,0.002032182,0.002307433,0.001826451,0.002815688,0.048497502,0.002350706,0.001739438,0.002045092,0.00993749,0.038253143,0.001922048,0.002308806,0.000867108,0.00072043,0.00173941,0.0007412,0.002919271,0.003932969,0.002787812,0.002577814,0.002377901,0.002416049,0.002429703,0.002314814,0.002268657,0.002289827,0.002275061,0.002556871,0.002561449,0.002853694,0.002300241
SNORD28,0.082298484,0.115800915,0.245141414,0.088041716,0.021027674,0.045851297,0.005707098,0.031531287,0.005837571,0.714770789,0.00767163,0.005158282,0.231182641,0.012134434,0.006590013,0.06079553,0.02607439,0.00843211,0.009690006,0.009053376,0.063561793,0.016677106,0.012222007,0.006749749,0.007003229,0.019593977,0.021710503,0.070003837,0.013717221,0.007008652,0.01710439,0.023817917,0.00862334,0.015360297,0.009414756,0.011860208,0.006601428,0.011477455,0.020654536,0.007926405,0.008254717,0.007853934,0.008874094,0.006955949,0.005755669,0.010879166,0.005415569,0.020687882,0.006969849,0.00901802,0.006525103,0.005447655,0.005403147,0.005469663,0.008780001,0.006818274,0.007764406,0.009781168,0.088850228,0.041083598,0.007265984,0.006260412,0.006324897,0.005951595,0.006435662,0.006889279,0.005889623,0.0117403,0.005341918,0.005364414,0.008304106,0.120122968,0.005522876,0.005561975,0.056453013,0.00658867,0.006410597,0.005559495,0.006366269,0.006037194,0.006194007,0.007423812,0.007770477,0.007046929,0.008146568,0.052698964,0.007026827,0.006677373,0.007032745,0.014963941,0.043097872,0.006937971,0.007391484,0.0059576,0.005691452,0.006689956,0.005805548,0.007716795,0.008947544,0.007243139,0.007684895,0.007458407,0.007367502,0.007459826,0.007269433,0.007284403,0.007323776,0.00729264,0.00753289,0.007660635,0.00755596,0.007179058
SNORD30,0.063499362,0.090644376,0.214337818,0.072688212,0.016563531,0.032549783,8.33271E-05,0.048065056,0.002232313,0.520342749,0.009384048,0.001714376,0.181786779,0.00489423,0.00386181,0.059838843,0.02118219,0.002480747,0.007433907,0.002284324,0.039431247,0.013103345,0.005781876,0.001519606,0.000850671,0.012585469,0.012175501,0.069297039,0.010393754,0.000901905,0.010688839,0.020698221,0.003387856,0.016672169,0.003179525,0.005035815,0.001150433,0.006232401,0.02171439,0.001461603,0.006611563,0.000521825,0.004344554,0.0039371,0.000826183,0.004158679,5.97002E-05,0.011999456,0.000741335,0.0029951,0.002727104,9.36181E-06,2.59399E-05,0.000495287,0.004130062,0.001072214,0.002138845,0.004510709,0.090313548,0.023907497,0.003800269,0.000831902,0.003181268,0.000430049,0.00101661,0.003621844,0.001930285,0.006486827,9.47492E-06,0.000635923,0.013266654,0.487713054,0.000302867,0.000507988,0.055228442,0.0040372,0.001543317,0.000797928,0.001795226,0.001431367,0.001505455,0.002512194,0.003218455,0.00210739,0.003183635,0.044562533,0.010521514,0.003177168,0.004115394,0.008359507,0.03575992,0.006650779,0.008337918,0.002346569,0.002213077,0.005090748,0.002298686,0.003878568,0.005268044,0.014348098,0.004125674,0.003450232,0.003265461,0.003565379,0.003252179,0.003285937,0.003335904,0.003235456,0.003795143,0.003807034,0.005762585,0.00284682
SNORD31,0.052227164,0.111973523,0.223150634,0.06711853,0.003988497,0.020609042,5.96696E-05,0.053389402,0.002225264,0.686606689,0.009485521,0.001681257,0.143307065,0.005299536,0.003182159,0.061533222,0.011916615,4.4601E-05,0.006290176,3.6361E-124,0.041510991,0.003416446,0.000328656,0.000702415,1.91367E-36,0.003575177,0.004628656,0.06577779,0.004776776,2.54597E-05,0.004415785,0.012737033,3.7211E-70,0.010059441,0.000122986,0.000619416,0.000424449,9.9205E-124,0.018048234,2.00365E-74,0.006515455,2.289E-07,0.004821969,0.003030228,0.000807013,0.000206478,3.03112E-08,0.009659676,0.000740082,0.000112917,0.002058235,3.09449E-74,4.02828E-25,3.37191E-29,1.71316E-10,0.000382442,0.000368953,4.35706E-72,0.090532323,0.03010769,0.003782291,0.000641872,0.003193799,0.000430894,0.001020348,0.003637159,0.001922594,0.000533564,4.54189E-55,0.00058398,0.01193364,0.5006358,0.000278807,0.000493176,0.055362227,0.003900417,0.001168695,0.000789433,0.001330977,0.001081366,0.001016634,0.000278507,0.000776835,5.22619E-54,2.60084E-83,0.048375255,0.010626374,0.001933851,0.002555482,0.007273714,0.044528975,0.006690889,0.008098611,0.002324529,0.002203955,0.0051018,0.002293711,0.0015558,0.001352916,0.014472879,0.001628608,0.001067555,0.000669282,0.001025724,0.000771741,0.000815444,0.000935899,0.000833916,0.001205066,0.001275971,0.003566432,0.000277327
SNORD32A,0.041113041,0.084311307,0.164764643,0.542237848,0.017749162,0.022897747,0.000571065,0.044715716,0.00275758,0.467109164,0.009076486,0.002709324,0.096943256,0.010977292,0.006220879,0.04738835,0.00972982,4.5725E-05,0.00596117,3.6146E-33,0.027091588,0.003259525,0.000336939,0.000887325,1.34785E-33,0.002587801,0.006050789,0.067435465,0.004513087,2.37779E-05,0.007340961,0.013038368,5.40226E-15,0.014063725,0.000126085,0.000422109,0.000726262,9.86185E-33,0.01513702,3.20273E-33,0.006085078,2.34669E-07,0.011067682,0.008255429,0.001360978,0.000211681,0.001265332,0.011361123,0.000821749,0.000115763,0.006887109,0.000198516,0.000550053,0.010364972,0.007621284,0.008587453,0.000466395,7.13752E-33,0.09281384,0.022743343,0.004760779,0.00472052,0.003521207,0.000445915,0.001047819,0.003932272,0.002410654,0.000376021,0.000200915,0.001771951,0.011512477,0.460150572,0.000811105,0.000872574,0.056757418,0.00422306,0.002155507,0.001124879,0.001631688,0.002203146,0.001363901,0.000261942,0.000969618,0.00089682,9.86404E-07,0.044394678,0.010445877,0.010862828,0.009028395,0.02481792,0.032516744,0.007057284,0.00801321,0.00318331,0.002784501,0.005752265,0.002803429,0.001708657,0.001837792,0.014674554,0.002189624,0.001561289,0.001017494,0.001564231,0.001586166,0.002736066,0.001434236,0.001227793,0.001653681,0.001866839,0.004443128,0.000948945
SNORD33,0.172841089,0.149541567,0.33583678,0.099228517,0.089378628,0.127909658,0.037833319,0.088227,0.033366449,0.819399964,0.043367655,0.029463181,0.322663824,0.04588174,0.034595456,0.157736561,0.115330672,0.048534024,0.060557638,0.057991841,0.137702406,0.072212364,0.064118242,0.040925028,0.046093237,0.083511155,0.097622975,0.114095228,0.073796961,0.045923852,0.08907492,0.09841944,0.042455365,0.085141898,0.053985982,0.063539823,0.040135437,0.051139487,0.078468172,0.051729243,0.061023906,0.059434179,0.032714668,0.035510918,0.037923207,0.062837432,0.034520519,0.07927269,0.046021621,0.051021639,0.03999807,0.035103262,0.034501714,0.033419545,0.039548407,0.043556381,0.044349591,0.046587395,0.124063138,0.082611664,0.04204347,0.037706943,0.039967827,0.036941367,0.038937202,0.04168406,0.034435815,0.049389563,0.033887832,0.031179377,0.044851073,0.633769458,0.033233263,0.033647839,0.089516907,0.039135192,0.036391523,0.035656168,0.038135319,0.037112288,0.037691092,0.038442221,0.040253989,0.035582186,0.038877268,0.082606501,0.040224045,0.031288969,0.033864657,0.036618854,0.075989613,0.038924369,0.042197066,0.033819404,0.032264338,0.035942059,0.03350685,0.032763918,0.037767396,0.042694721,0.036945913,0.035686481,0.033926732,0.035244813,0.033791639,0.034291173,0.034949326,0.034640474,0.034933761,0.036419136,0.034060521,0.032347904
SNORD34,0.05219027,0.112087901,0.223810714,0.06707842,0.004019968,0.020618547,6.03579E-05,0.053951783,0.00225374,0.687340446,0.009622777,0.001708007,0.143218662,0.005296137,0.003223715,0.061931668,0.012022833,4.4561E-05,0.006376604,1.6184E-159,0.041486184,0.003459276,0.000328361,0.000710628,1.94493E-36,0.003588362,0.004627524,0.065718663,0.004845023,2.58756E-05,0.004455718,0.012855129,3.78189E-70,0.010223784,0.000122875,0.000619031,0.000427841,4.4157E-159,0.018234174,2.03639E-74,0.006621899,2.28694E-07,0.004843975,0.003065359,0.000820197,0.000206292,3.08064E-08,0.009679411,0.000739417,0.000112815,0.002089979,3.14505E-74,4.09409E-25,3.427E-29,1.74115E-10,0.000382099,0.000370526,4.35314E-72,0.090450945,0.030099987,0.003823034,0.000641295,0.003240923,0.000430506,0.001023545,0.003682862,0.001946367,0.000533222,4.61609E-55,0.000589455,0.012128603,0.508368362,0.000278668,0.000496778,0.055312463,0.003955633,0.001176466,0.00080233,0.001347925,0.001096994,0.001031304,0.000283057,0.000789527,5.31157E-54,2.64329E-83,0.048335976,0.010793135,0.001951299,0.002587657,0.007269367,0.044710386,0.006785934,0.008220327,0.002353059,0.002233295,0.005168104,0.00232444,0.001572872,0.001370058,0.014709325,0.001653727,0.001083255,0.000680216,0.001042482,0.000784349,0.000828766,0.000951189,0.00084754,0.001223783,0.001294747,0.003619444,0.000281858
SNORD35A,0.071333004,0.134836178,0.243186176,0.080635718,0.015692094,0.032508186,0.011021421,0.066513142,0.013433038,0.725065291,0.021176565,0.012706768,0.162981167,0.016715448,0.014470803,0.07502078,0.023404089,0.011012702,0.017838174,0.010956829,0.054259633,0.014877054,0.01142933,0.011766385,0.010974505,0.014699309,0.015883283,0.100451679,0.01614285,0.010996181,0.015588866,0.024235228,0.011090782,0.021465292,0.011140223,0.011627109,0.011478157,0.011098065,0.029843159,0.010977091,0.01775395,0.010966977,0.016075405,0.014395521,0.011816414,0.011272852,0.010949071,0.021231376,0.011982147,0.011117868,0.013155082,0.01095277,0.010952542,0.010945805,0.011081722,0.011486323,0.011432098,0.010960047,0.13415221,0.042289415,0.015303421,0.011838417,0.014370003,0.011541912,0.012285363,0.015011702,0.013114096,0.011669641,0.010936482,0.011641577,0.023364309,0.532355541,0.011333167,0.011553703,0.086304175,0.015189397,0.012397861,0.011789018,0.012449918,0.012136667,0.012066343,0.011264152,0.011788758,0.010951868,0.010965773,0.072335659,0.022152372,0.013230796,0.013807194,0.018517285,0.057288163,0.018201159,0.01960651,0.013565421,0.013391687,0.016603905,0.013489084,0.012756393,0.012577121,0.026004934,0.012789532,0.012213662,0.011786608,0.01214395,0.011891981,0.011928425,0.012052183,0.011946826,0.012354106,0.012433793,0.01492025,0.011395819
SNORD35B,0.057632823,0.103930541,0.185796253,0.073875317,0.005505069,0.0240374,0.000914656,0.022859905,0.001083398,0.640168081,0.00254751,0.00042233,0.148936611,0.006478641,0.001315453,0.043166972,0.010522422,0.001467031,0.003458927,0.002109781,0.046132916,0.0032332,0.002559946,0.001236364,0.00139612,0.005768331,0.008625479,0.067618965,0.003594096,0.001385236,0.005817744,0.009601187,0.000909989,0.004035837,0.001867874,0.002874248,0.001195678,0.001263945,0.00970799,0.001738681,0.002731023,0.002367637,0.00381924,0.001592602,0.000939307,0.002495166,0.000679826,0.01119515,0.002170337,0.001674133,0.001234001,0.000708472,0.000670324,0.000709687,0.000764852,0.001730138,0.00144636,0.001108696,0.091879161,0.031699706,0.002444386,0.00154111,0.001435876,0.001245306,0.001721249,0.002023263,0.001135485,0.001663692,0.000627596,0.000679831,0.001682415,0.084037704,0.000840723,0.000863168,0.056460186,0.001566171,0.001414768,0.000779506,0.001181601,0.000979543,0.000988416,0.000751119,0.000879798,0.000567056,0.000686918,0.049450072,0.001801507,0.001274385,0.001169624,0.007688059,0.034322261,0.00196463,0.00201839,0.001204458,0.000943227,0.001847404,0.001035715,0.000821992,0.000853394,0.001758359,0.00075243,0.000666878,0.000416399,0.000529649,0.000427978,0.000482773,0.000517657,0.000490581,0.000558666,0.000731105,0.000844927,0.00029861
SNORD36A,0.077911942,0.117275358,0.245870017,0.086364738,0.018371938,0.041955902,0.005897781,0.03346361,0.006612944,0.714996607,0.00849436,0.006192529,0.227495373,0.012136745,0.007409092,0.058220279,0.022126293,0.007962662,0.008839754,0.007772744,0.060088593,0.015286181,0.010756219,0.006823265,0.006585957,0.017248699,0.018133743,0.070283343,0.01199884,0.006605034,0.014122396,0.021202465,0.008726882,0.013423428,0.008557748,0.010387476,0.006697116,0.0111218,0.019961286,0.007098029,0.00735003,0.006304942,0.009889172,0.007677089,0.006005661,0.009356709,0.00584199,0.018708973,0.006523502,0.008361739,0.006769432,0.005833735,0.005835562,0.005918239,0.009084448,0.006507071,0.007584329,0.009625207,0.090215906,0.040419067,0.007488266,0.006454625,0.006667569,0.006208668,0.00659613,0.007137607,0.006540054,0.011538575,0.005817152,0.006122462,0.009452461,0.131243177,0.006072223,0.006104772,0.057440946,0.007103201,0.006828378,0.005987723,0.006690734,0.006401702,0.006523411,0.007763504,0.008039495,0.00756468,0.00850021,0.053601226,0.008258511,0.007600399,0.007883349,0.015947354,0.044530861,0.007787978,0.008180927,0.006703782,0.006553725,0.007585191,0.006580387,0.008684028,0.009611665,0.008743357,0.008330087,0.008128733,0.008156633,0.008177566,0.00806752,0.008034867,0.008043028,0.008026181,0.008301882,0.008307548,0.008636233,0.008045177
SNORD36B,0.053653194,0.105312281,0.193964253,0.548895241,0.015615309,0.028925873,0.000515764,0.022991673,0.001276574,0.64991561,0.002122974,0.001321078,0.148409145,0.012429955,0.003976362,0.040110603,0.006251347,4.50233E-05,0.001567327,2.56992E-88,0.043063036,0.00106488,0.000331768,0.000455529,2.18713E-37,0.002873688,0.007493658,0.066400538,0.001054468,2.90978E-06,0.00585315,0.008897187,5.19452E-15,0.00563892,0.00012415,0.000641237,0.000531588,7.01159E-88,0.00798913,8.55737E-34,0.000744651,2.31067E-07,0.010730468,0.006236458,0.000676154,0.000208432,0.001216652,0.012823821,0.000807681,0.000113986,0.0050973,0.000190883,0.000528902,0.009966401,0.007328218,0.008266293,0.000367998,4.39831E-72,0.091389433,0.033483098,0.002599437,0.004554204,0.001119445,0.000438976,0.000838956,0.001573114,0.00116892,0.00055143,0.000193189,0.001436591,0.001716889,0.081552428,0.000781251,0.000661184,0.055886366,0.001402251,0.00168704,0.000462912,0.000750465,0.001366382,0.000605507,3.3592E-05,0.000323494,0.000862334,9.48473E-07,0.049222928,0.002036479,0.009592153,0.007126872,0.026844701,0.034854798,0.002210211,0.001854082,0.001681602,0.00126235,0.002331092,0.001213878,0.001011842,0.000939204,0.002767265,0.000898743,0.00074611,0.000453824,0.000700178,0.000920327,0.001991757,0.000645581,0.000527004,0.000691101,0.000891973,0.001723184,0.000695102
SNORD36C,0.083964635,0.081939111,0.199487651,0.048184133,0.024850098,0.045404327,1.92017E-05,0.013135237,0.000527916,0.444412856,0.001186828,4.80741E-05,0.247348713,0.005021328,0.001761628,0.041216525,0.024043225,0.004654246,0.00338487,0.004315697,0.046828759,0.01923706,0.01068367,0.001756319,0.001607145,0.020309335,0.019521172,0.082919745,0.011369218,0.001656436,0.013899762,0.021477365,0.006400563,0.012312787,0.005917223,0.009098121,0.001587248,0.011774667,0.015042432,0.002761358,0.000334136,0.000985699,0.002545988,0.002255195,1.00876E-06,0.007706177,1.09045E-16,0.013979913,0.000854895,0.005576143,0.000994442,1.11325E-82,1.44918E-33,1.22556E-05,0.007123764,0.001016441,0.003637343,0.008521931,0.104561106,0.024111443,0.001410482,0.000741335,0.000338657,0.000497665,0.00090276,0.000919248,0.000511775,0.011895003,1.63395E-63,0.000272448,0.002765142,0.018925207,0.000314473,0.000298563,0.063941093,0.000862781,0.001391942,1.99975E-09,0.001192009,0.000715545,0.001039115,0.004226388,0.004609312,0.003901518,0.006014648,0.049771574,0.000458613,0.002526432,0.003050752,0.009157131,0.023148764,0.00095585,0.001304918,0.000633003,0.000446653,0.001142206,0.000451908,0.004980701,0.007706604,5.20663E-11,0.004794999,0.004591797,0.004885584,0.004768088,0.004627174,0.004510596,0.004506255,0.004516675,0.004938938,0.004888973,0.004482248,0.00479948
SNORD37,0.087357773,0.128070398,0.257917346,0.575551123,0.043056238,0.061578089,0.019094848,0.044962498,0.019889761,0.722312101,0.021019469,0.019964396,0.231494652,0.031645458,0.023035272,0.069057566,0.033587283,0.020404507,0.021229279,0.020271019,0.071736476,0.026924909,0.022911052,0.019644158,0.019226004,0.028928943,0.03274855,0.078881131,0.024005744,0.01923345,0.029653646,0.035240552,0.021141081,0.029631127,0.020956306,0.022641572,0.019626782,0.023244128,0.031708928,0.019676392,0.019831282,0.018987077,0.029622839,0.025359081,0.01931276,0.021715034,0.019801843,0.035130539,0.019313171,0.020802634,0.024145929,0.01877263,0.019112396,0.028579614,0.02877596,0.027065269,0.020212963,0.02189094,0.097854708,0.055654251,0.021168887,0.023074945,0.019818986,0.018962819,0.019336,0.020209352,0.01976466,0.023703213,0.018743897,0.019997751,0.021992141,0.127899207,0.019323938,0.01921846,0.067066534,0.020219986,0.020462667,0.019082388,0.019692293,0.02021378,0.019574501,0.020274054,0.020746461,0.020949326,0.020919648,0.064335093,0.021108562,0.028770238,0.026717083,0.04765814,0.056704575,0.020993812,0.020992704,0.020282874,0.019880705,0.021004911,0.019847213,0.021576902,0.02246705,0.022118675,0.021429897,0.021159291,0.021031659,0.021246927,0.021405005,0.022435433,0.021085969,0.020965621,0.021280242,0.021419418,0.022117056,0.021227668
SNORD38A,0.052217108,0.111933138,0.223018458,0.066971685,0.004004686,0.020573745,5.9958E-05,0.053539272,0.002236357,0.685617888,0.009534719,0.001690269,0.143044183,0.005292194,0.003198124,0.061593895,0.011941403,4.47499E-05,0.006322248,1.8234E-162,0.041420172,0.003433371,0.000329753,0.000705823,1.92403E-36,0.00357423,0.004620739,0.065997268,0.004801446,2.55974E-05,0.004425432,0.012765576,3.74123E-70,0.010113876,0.000123396,0.000618325,0.000426319,4.9748E-162,0.018098378,2.0145E-74,0.006550713,2.29664E-07,0.004824446,0.003044896,0.00081138,0.000207167,3.04752E-08,0.009653622,0.000742552,0.000113294,0.002069146,3.11124E-74,4.05008E-25,3.39016E-29,1.72243E-10,0.000383719,0.000370413,4.3716E-72,0.090834398,0.030046436,0.003800225,0.000644013,0.003210474,0.000432331,0.001024247,0.00365519,0.001932079,0.000532809,4.56647E-55,0.000586651,0.011998218,0.503144613,0.00027975,0.000495308,0.055546952,0.0039205,0.001173656,0.000793705,0.001337602,0.001086972,0.001021902,0.000280014,0.000781039,5.25447E-54,2.61487E-83,0.048459563,0.010683053,0.001942613,0.002568158,0.0072578,0.044524899,0.006725379,0.008141161,0.002335971,0.002215079,0.005127356,0.002305312,0.001560474,0.00135964,0.014551198,0.001637242,0.001073122,0.000672904,0.001031275,0.000775917,0.000819857,0.000940964,0.000838429,0.001211471,0.001282627,0.003585099,0.000278828
SNORD38B,0.073185778,0.110901459,0.237893203,0.084356513,0.013206745,0.036468541,3.52128E-05,0.027008631,0.000804637,0.696794915,0.002650823,0.000381932,0.222603249,0.006317465,0.001654459,0.051775303,0.016523928,0.002188544,0.003033295,0.002010992,0.053781042,0.00981443,0.00512417,0.001006251,0.000748884,0.011694936,0.012576243,0.067835609,0.006365527,0.000776786,0.008492908,0.015591891,0.00298248,0.007782712,0.002811848,0.004700741,0.00087964,0.00548666,0.014132084,0.001286715,0.001418379,0.000459409,0.004093287,0.001956446,0.000169329,0.00368251,2.59706E-05,0.012957814,0.000728157,0.002648445,0.000991242,4.07366E-06,1.12874E-05,0.000218406,0.003475864,0.000811564,0.001833056,0.003970978,0.088907879,0.034125688,0.001718572,0.000713718,0.000860584,0.000423248,0.000814357,0.001341756,0.000733672,0.005929208,4.12288E-06,0.000323847,0.003608724,0.121028526,0.000279451,0.000307303,0.054368849,0.001292333,0.00105997,0.000160945,0.00089042,0.000596822,0.000717646,0.002023388,0.002303366,0.0018364,0.002802675,0.049215282,0.002382328,0.001941581,0.00219097,0.01027901,0.03799353,0.001964085,0.002339316,0.00090226,0.000746139,0.001786685,0.000765779,0.002914396,0.003936481,0.002828569,0.002585108,0.002383183,0.002414301,0.002433017,0.002323452,0.002300358,0.002292657,0.002275466,0.002559761,0.002569061,0.002878235,0.002304325
SNORD3A,0.158276448,0.130344137,0.227544527,0.088574652,0.075012732,0.112096178,0.031327804,0.039797269,0.023221944,0.735523597,0.026335758,0.018483026,0.233063935,0.039401021,0.022725655,0.123388964,0.102137145,0.041184387,0.050774338,0.05357139,0.131580365,0.056079764,0.056299408,0.033343331,0.040602148,0.072117107,0.092717424,0.112892799,0.062285727,0.040342447,0.082153028,0.081719108,0.032061814,0.067133221,0.047159203,0.056825433,0.03290453,0.038634944,0.056081974,0.046846409,0.051387349,0.058182722,0.021846379,0.024197292,0.030455123,0.057123855,0.027235666,0.073162891,0.041839283,0.04375346,0.030723481,0.027978151,0.027212931,0.025915183,0.027850301,0.03833372,0.036828271,0.035517483,0.127824807,0.076008606,0.033062779,0.031276421,0.03007184,0.030331233,0.032484414,0.032269742,0.025013681,0.036571542,0.026478758,0.022488016,0.021099004,0.106230902,0.025604148,0.025809728,0.089056514,0.028002586,0.028324665,0.027615523,0.029632084,0.028721874,0.029267269,0.028353116,0.029632102,0.025365617,0.027796118,0.078991038,0.019887003,0.020124623,0.021477419,0.024314737,0.052388587,0.024406284,0.025798514,0.023775322,0.021777749,0.023082299,0.023221326,0.019618339,0.023760124,0.017012203,0.024300715,0.023702195,0.02157306,0.022829901,0.021468794,0.022133645,0.022802299,0.02254508,0.022163613,0.024130902,0.01864812,0.020204675
SNORD3B-1,0.052537314,0.103711106,0.186894795,0.069244486,0.002115592,0.020070347,2.05723E-05,0.022630665,0.000628156,0.645884578,0.001891764,0.000215388,0.147192948,0.00541255,0.000856967,0.039718032,0.006105385,4.28356E-05,0.001481797,2.7452E-181,0.042825837,0.001008464,0.000315647,0.00023669,2.04728E-37,0.002851817,0.004663146,0.063174127,0.000995846,2.72372E-06,0.00222789,0.006276448,3.9809E-71,0.001076179,0.000118118,0.00063562,0.000220773,8.6837E-194,0.007857122,2.14355E-75,0.000697036,2.1984E-07,0.003586966,0.001035944,8.63358E-05,0.000198305,3.24275E-09,0.008516504,0.000710788,0.000108447,0.000313366,3.31055E-75,4.30953E-26,3.60734E-30,1.83277E-11,0.000367304,0.000260064,4.18459E-72,0.086948808,0.03049946,0.001446887,0.000616464,0.000591923,0.000413838,0.000776236,0.001068372,0.00058385,0.000545148,4.859E-56,0.000263796,0.001276684,0.077935784,0.000262201,0.000273337,0.05317084,0.000838482,0.000685623,8.44551E-05,0.000379855,0.000216592,0.000204768,2.97952E-05,8.31074E-05,5.59108E-55,2.78238E-84,0.047454932,0.001475714,0.000907324,0.000747434,0.007504106,0.034580775,0.001422112,0.001390907,0.000716429,0.00056583,0.001389813,0.000579315,0.000622157,0.000390398,0.001548337,0.00024793,0.0002004,7.16011E-05,0.000109734,8.25624E-05,8.72378E-05,0.000100124,8.92141E-05,0.000176982,0.000238983,0.000641636,2.9669E-05
SNORD3B-2,0.052611212,0.103761294,0.186742295,0.069186992,0.002124655,0.020053756,2.06613E-05,0.022613882,0.000630584,0.645352162,0.001897079,0.000215562,0.147127854,0.005412851,0.000860174,0.039686524,0.006100699,4.30779E-05,0.001486777,2.7839E-181,0.042790279,0.001012473,0.000317433,0.000237702,2.04668E-37,0.0028495,0.004660906,0.063531481,0.0009988,2.72292E-06,0.00222641,0.006271661,3.97973E-71,0.001075861,0.000118786,0.000635391,0.000221882,1.3911E-183,0.007852752,2.14292E-75,0.00069683,2.21083E-07,0.003586118,0.001040406,8.63103E-05,0.000199426,3.24179E-09,0.00851352,0.000714808,0.000109061,0.000313897,3.30957E-75,4.30826E-26,3.60627E-30,1.83223E-11,0.000369382,0.000261465,4.20826E-72,0.087440648,0.030474171,0.00145344,0.000619952,0.000593425,0.000416179,0.000780475,0.001072606,0.00058621,0.00054516,4.85757E-56,0.000265066,0.001276307,0.077898201,0.00026368,0.000274734,0.053471609,0.000841055,0.000689176,8.44301E-05,0.000381333,0.000217204,0.000205351,2.97864E-05,8.30828E-05,5.58943E-55,2.78156E-84,0.047629966,0.001477548,0.000911748,0.000750388,0.007497875,0.034552765,0.001426422,0.001394009,0.00071935,0.000567873,0.001395055,0.00058138,0.000621701,0.000391928,0.001547879,0.00024835,0.000200918,7.15799E-05,0.000109702,8.2538E-05,8.7212E-05,0.000100095,8.91877E-05,0.000177251,0.000239599,0.000643189,2.96602E-05
SNORD3C,0.052527486,0.10367679,0.186793766,0.069189142,0.002118925,0.020055635,2.06286E-05,0.02264879,0.000630258,0.645438066,0.001900732,0.000216978,0.147090936,0.005409537,0.000859973,0.039712807,0.006107412,4.28774E-05,0.001487741,5.2115E-174,0.042791609,0.001011691,0.000315955,0.000237353,2.06539E-37,0.002850471,0.004659968,0.063235791,0.001000362,2.74782E-06,0.002228766,0.006279091,4.01612E-71,0.001085699,0.000118233,0.000635194,0.000221173,3.1892E-174,0.007863242,2.16251E-75,0.000703202,2.20054E-07,0.003586181,0.001038805,8.70996E-05,0.000198498,3.27144E-09,0.008512358,0.000711482,0.000108553,0.000315313,3.33984E-75,4.34765E-26,3.63925E-30,1.84898E-11,0.000367663,0.000260411,4.18868E-72,0.087033679,0.030475711,0.001450455,0.000617066,0.000594944,0.000414242,0.000777195,0.001071807,0.000585665,0.000544839,4.90199E-56,0.000264346,0.001287978,0.078362906,0.000262462,0.000273801,0.05322274,0.000842169,0.000686723,8.52022E-05,0.000381112,0.000217615,0.000205729,3.00588E-05,8.38426E-05,5.64054E-55,2.807E-84,0.047475691,0.001485767,0.000909147,0.000749847,0.007498108,0.034565812,0.001428437,0.001398566,0.000718624,0.000567912,0.001394632,0.000581482,0.000622757,0.000391676,0.001562034,0.00024947,0.000201409,7.22345E-05,0.000110705,8.32928E-05,8.80096E-05,0.00010101,9.00033E-05,0.000178122,0.00024019,0.000645009,2.99315E-05
SNORD3D,0.073057827,0.111479457,0.24162364,0.075716777,0.012870692,0.036807108,2.33055E-05,0.027060578,0.000747718,0.710711436,0.002501058,0.000338587,0.225647739,0.006237063,0.001531076,0.052384426,0.016626061,0.002198073,0.002930141,0.002022181,0.054807569,0.009792528,0.005133172,0.000990072,0.000753051,0.011795995,0.01264434,0.064308468,0.006316984,0.000780804,0.008463535,0.015628714,0.002999075,0.007609598,0.002820193,0.004734064,0.000863304,0.005517188,0.014166236,0.001293874,0.001348496,0.000461952,0.003979483,0.001781228,0.000148107,0.003690743,5.5451E-09,0.013014482,0.000686977,0.002656479,0.000864768,5.66104E-75,7.3693E-26,5.74255E-06,0.003337941,0.000624269,0.001824567,0.003993072,0.084028552,0.034764847,0.001602024,0.00059576,0.000802785,0.000399939,0.000769155,0.001258511,0.000681934,0.005965811,8.3089E-56,0.000282626,0.003478777,0.116502421,0.000253914,0.000282855,0.051385048,0.001218515,0.001000047,0.000144419,0.000858796,0.000557229,0.000695829,0.002031284,0.002301873,0.001828112,0.002818249,0.047690536,0.002239894,0.001705041,0.002010311,0.010049485,0.038623247,0.001840775,0.002218395,0.000833684,0.000691387,0.001670312,0.000711197,0.002918422,0.003917276,0.002647657,0.002562322,0.002367457,0.002411648,0.0024218,0.00230931,0.002262681,0.002282683,0.002268908,0.002546155,0.002548724,0.002814847,0.002299599
SNORD3P3,0.103971637,0.110860212,0.263448427,0.07277191,0.031327228,0.060738507,0.002390081,0.0230998,0.0017374,0.682223348,0.003216841,0.000651683,0.291624093,0.009250842,0.00282581,0.064911334,0.036488292,0.008033503,0.008578891,0.00955953,0.070838235,0.023530311,0.015685043,0.004273322,0.005189586,0.02756613,0.030232409,0.081646517,0.017471284,0.005199554,0.023131713,0.03124456,0.008253738,0.019536197,0.010045153,0.014518328,0.004032422,0.014089017,0.022157984,0.00715441,0.006102703,0.007217055,0.004183056,0.003431749,0.002305661,0.013126434,0.001777302,0.023276952,0.004608658,0.009244246,0.003316426,0.001885457,0.001773178,0.001598004,0.008298097,0.00428687,0.006457919,0.010714623,0.100500183,0.038876832,0.003952849,0.002967058,0.002684844,0.00263527,0.003289692,0.00346406,0.001966789,0.014018365,0.001669478,0.001322147,0.004263742,0.072665702,0.001791862,0.001825763,0.062190151,0.002862073,0.003155663,0.001888686,0.003249846,0.002697115,0.003067074,0.005787313,0.006357974,0.005037516,0.007307016,0.054169241,0.001817229,0.003004424,0.003772781,0.011626683,0.036136665,0.002556734,0.003221367,0.001903536,0.001462905,0.002381743,0.001684963,0.005344562,0.008268074,0.001345246,0.005770398,0.005453282,0.005392505,0.005499938,0.005150758,0.005148018,0.005251602,0.005215458,0.00555792,0.005797994,0.004747552,0.00508063
SNORD41,0.103163129,0.110635736,0.259630624,0.072059756,0.030881723,0.059829815,0.002461795,0.023219989,0.001796055,0.676402499,0.003355731,0.000680935,0.28601422,0.009272376,0.002856517,0.064535228,0.036172545,0.007995889,0.008721682,0.009585385,0.070143654,0.023135768,0.01552979,0.004309897,0.005248038,0.027172144,0.029977056,0.083052766,0.017368572,0.005255486,0.023003748,0.030931148,0.008114606,0.019440244,0.009996286,0.014407057,0.004071148,0.013800268,0.022001361,0.007202046,0.00630558,0.00737378,0.004184328,0.003462256,0.002379657,0.013066914,0.001830548,0.023180267,0.004739744,0.009191369,0.003374362,0.001941944,0.001826302,0.001645139,0.008116635,0.004376998,0.006448072,0.010521149,0.102657358,0.038596959,0.004075565,0.003049896,0.002780419,0.002710157,0.003382352,0.003577872,0.002030666,0.013724846,0.001719495,0.001361681,0.004298206,0.076634075,0.001843018,0.001879469,0.063531246,0.002946519,0.003208937,0.001950142,0.003298521,0.002747794,0.003108593,0.005707265,0.006274981,0.004952899,0.007162819,0.054866108,0.001931066,0.002998269,0.00374747,0.011423982,0.035905562,0.002661718,0.003322349,0.001966361,0.001514303,0.002469158,0.001743496,0.005210674,0.008074455,0.00147488,0.005668523,0.005351503,0.005263245,0.00538319,0.005030488,0.005034973,0.005142666,0.005104181,0.005436749,0.005690921,0.004657697,0.004944805
SNORD42A,0.05352735,0.105104932,0.193720721,0.55084442,0.015660718,0.028939003,0.000517712,0.022920259,0.001274481,0.649115548,0.002106476,0.001323131,0.148214149,0.01245061,0.003982797,0.040032843,0.006236043,4.48153E-05,0.001555196,1.799E-89,0.043015925,0.001057522,0.000330235,0.000454775,2.15951E-37,0.002869351,0.007499254,0.066093744,0.001045744,2.87304E-06,0.005862426,0.00889116,5.21647E-15,0.005643373,0.000123577,0.000640365,0.000531578,4.90828E-89,0.00796422,8.59353E-34,0.000735248,2.3E-07,0.010753383,0.006251135,0.000677457,0.000207469,0.001221793,0.012827966,0.000804486,0.000113459,0.005114111,0.000191689,0.000531137,0.010008518,0.007359186,0.008297811,0.000367032,4.37799E-72,0.090967182,0.033460619,0.002594583,0.004567718,0.00111597,0.000436983,0.000835061,0.001567181,0.001167053,0.000550561,0.000194006,0.001439885,0.001701157,0.080837992,0.000782108,0.000661217,0.055628152,0.001397207,0.001687318,0.000463348,0.000749124,0.001369245,0.00060532,3.31974E-05,0.000323365,0.000865978,9.52481E-07,0.049046556,0.002021835,0.009623215,0.007148177,0.026918002,0.034800474,0.002200867,0.001842013,0.001680392,0.001260731,0.002324189,0.001211849,0.001011351,0.00093855,0.002751081,0.000898799,0.000746499,0.000454452,0.000701161,0.000922729,0.001998603,0.000646506,0.000527625,0.000691306,0.000892444,0.001721462,0.000697505
SNORD42B,0.053315851,0.10485888,0.19371701,0.551450421,0.015666787,0.028940166,0.000518328,0.022993754,0.001275146,0.64883553,0.002117327,0.001328259,0.148026213,0.012449188,0.003987344,0.040070469,0.006248899,4.43722E-05,0.001558979,1.22331E-75,0.042985956,0.001056617,0.000326969,0.000454443,2.2068E-37,0.002869659,0.007497644,0.065440217,0.001050499,2.93594E-06,0.00587184,0.008909127,5.22357E-15,0.005674357,0.000122355,0.000639476,0.000530486,3.3376E-75,0.00798609,8.60522E-34,0.000751346,2.27725E-07,0.010761281,0.006255299,0.000680248,0.000205418,0.001223455,0.012825686,0.000797215,0.000112337,0.005124348,0.00019195,0.000531859,0.010022127,0.007369193,0.008304772,0.000364866,4.33711E-72,0.090067708,0.033444661,0.002590244,0.004566675,0.001120895,0.000432707,0.000827916,0.001566901,0.00116706,0.000549488,0.000194269,0.001439984,0.001731124,0.081990768,0.000780109,0.00065974,0.055078107,0.001401423,0.001683374,0.000465807,0.000749437,0.001372002,0.000606967,3.3888E-05,0.000325605,0.000867156,9.53776E-07,0.048694516,0.0020438,0.009629604,0.007156254,0.026939104,0.034807543,0.002208093,0.001854915,0.001680599,0.001262286,0.002325703,0.001213483,0.001014139,0.000939042,0.00278836,0.000902619,0.000748612,0.000456621,0.000704491,0.000925772,0.00200321,0.000649554,0.000530275,0.000694271,0.000894979,0.001727917,0.000699096
SNORD43,0.100748645,0.10384246,0.200931323,0.069156024,0.034834937,0.063298104,0.008649763,0.023369883,0.004558403,0.663857365,0.006795513,0.001902885,0.191421747,0.015291343,0.004485727,0.07670373,0.051090146,0.014346704,0.019874458,0.020966967,0.082178914,0.023852814,0.023036601,0.009942703,0.013746713,0.033358385,0.044965299,0.073494438,0.026613494,0.013619287,0.037976665,0.040018488,0.009508389,0.029510893,0.017669203,0.023348561,0.009680388,0.013502296,0.02632171,0.017197528,0.019797135,0.023132362,0.005111684,0.005335224,0.008229442,0.023202559,0.006476723,0.035390791,0.014524734,0.015840216,0.00855086,0.006870862,0.006461704,0.005783958,0.007345905,0.012602181,0.011987861,0.011658792,0.088623391,0.045956129,0.010122068,0.008844096,0.008275718,0.008281969,0.009541108,0.009586257,0.005497802,0.012624619,0.006083807,0.004021633,0.004145503,0.088217441,0.005693486,0.005811316,0.056863803,0.007260137,0.007342756,0.006716856,0.007970618,0.007403165,0.007720183,0.007449018,0.008193349,0.005819168,0.007298611,0.051093563,0.003256607,0.003125197,0.003882802,0.008477718,0.034927963,0.005548081,0.006370519,0.004883073,0.003763559,0.004783171,0.004540924,0.00294431,0.005325512,0.001863181,0.005350395,0.004978137,0.003809787,0.004504033,0.003737757,0.004093238,0.004459369,0.004315586,0.004176769,0.005251844,0.002407957,0.003032281
SNORD44,0.133365851,0.110798561,0.26768591,0.072892766,0.051536673,0.087422208,0.008145187,0.023236874,0.004333622,0.695090603,0.00637908,0.001757896,0.311646503,0.015782969,0.005136331,0.08830644,0.065023284,0.017254722,0.020616409,0.023245503,0.096017699,0.037455365,0.030122175,0.010632778,0.014247376,0.046635746,0.056001573,0.087343937,0.033761046,0.014166821,0.046084087,0.052454734,0.014152122,0.037532609,0.021350167,0.029070567,0.01024377,0.022278733,0.033638117,0.018433901,0.018744345,0.022578155,0.005187604,0.006175555,0.007727833,0.027950523,0.006097356,0.04065352,0.013814802,0.019358705,0.008727062,0.00646841,0.006083218,0.005455128,0.012703928,0.01240374,0.014044944,0.017900252,0.100647538,0.049055253,0.009696668,0.008448119,0.007773416,0.007878799,0.009124848,0.009104281,0.005222637,0.021279947,0.005727455,0.003822128,0.005847805,0.074120448,0.005411607,0.005514185,0.064060467,0.007080492,0.007539199,0.006303471,0.008237479,0.00743812,0.008005266,0.010439745,0.01143902,0.008648434,0.01175821,0.056265025,0.002882791,0.004352677,0.005668016,0.012022697,0.036312879,0.005232273,0.006408606,0.004656368,0.003570716,0.004587096,0.004301259,0.006561677,0.011033138,0.00138821,0.0088295,0.008317536,0.007539418,0.00808852,0.007259051,0.007497882,0.007835995,0.007711678,0.007873998,0.008797611,0.005598398,0.0067474
SNORD45A,0.052706385,0.103336109,0.18440486,0.068116437,0.002198508,0.01975864,2.16502E-05,0.02267749,0.000663695,0.636162478,0.002016923,0.000233554,0.145293234,0.005366198,0.000906404,0.039375277,0.006085165,4.45612E-05,0.00157241,2.00427E-79,0.04212817,0.001064503,0.000328363,0.000249195,2.24051E-37,0.00281607,0.004602558,0.065719093,0.001060322,2.9808E-06,0.002223337,0.006262088,4.35663E-71,0.001177751,0.000122876,0.00062787,0.000230934,5.46833E-79,0.007879699,2.34599E-75,0.000762824,2.28696E-07,0.003563845,0.001090388,9.44844E-05,0.000206293,3.54881E-09,0.00843062,0.000739422,0.000112816,0.00033727,3.62301E-75,4.71627E-26,3.9478E-30,2.00575E-11,0.000382101,0.00027118,4.35317E-72,0.090451537,0.030009794,0.001519996,0.000641299,0.000632556,0.000430509,0.000808888,0.001127855,0.000615932,0.000540321,5.31761E-56,0.000276437,0.001397181,0.08228156,0.000272801,0.000285707,0.055312825,0.000891977,0.000716206,9.24262E-05,0.00040125,0.000230892,0.00021825,3.26073E-05,9.09512E-05,6.11878E-55,2.79332E-79,0.048552043,0.001594364,0.000950318,0.000789119,0.007381858,0.034162865,0.001513335,0.001490253,0.000755571,0.000599141,0.001469604,0.000613662,0.000624607,0.000412289,0.001694473,0.000266843,0.000214067,7.8359E-05,0.000120091,9.03548E-05,9.54715E-05,0.000109574,9.76343E-05,0.00019076,0.0002553,0.000686361,3.24692E-05
SNORD45B,0.043835105,0.083102101,0.162179932,0.043003243,0.005681784,0.016215131,5.65526E-05,0.044000101,0.002092656,0.45876617,0.00882776,0.001550557,0.107106563,0.003761584,0.003077004,0.047899079,0.011208876,0.000432474,0.006073297,0.000362839,0.02802797,0.004762224,0.001201613,0.000794359,0.000135119,0.004089431,0.004451256,0.067692759,0.005351315,0.000162681,0.004597226,0.011717179,0.000538122,0.010287594,0.000611018,0.001140823,0.000524533,0.000989945,0.015765281,0.000232159,0.006020835,8.30832E-05,0.003625852,0.002979526,0.000742354,0.000838496,2.78794E-08,0.007516563,0.000755066,0.000573047,0.001977083,2.84623E-74,3.7051E-25,1.03038E-06,0.000598925,0.0004385,0.000646027,0.000716474,0.092363852,0.019706378,0.003601533,0.000654857,0.002967028,0.000439611,0.00101701,0.003425318,0.001812865,0.001335292,4.17751E-55,0.000560826,0.011208723,0.453114748,0.000283791,0.000479578,0.056482242,0.003661694,0.001194165,0.0007261,0.001325348,0.001055167,0.001022813,0.000611493,0.001102037,0.000328017,0.000505677,0.044057092,0.009813746,0.001993866,0.002608817,0.004991174,0.031957959,0.006237241,0.007560659,0.002193098,0.002065988,0.004791848,0.002149001,0.001682455,0.001893268,0.01331177,0.001901376,0.001368299,0.001026339,0.001344307,0.001098853,0.001129249,0.001239675,0.00114675,0.001523814,0.001585044,0.003658173,0.000658591
SNORD45C,0.052586678,0.103173014,0.184296608,0.06807414,0.002189492,0.019746543,2.15658E-05,0.022668094,0.000661411,0.635776469,0.002012062,0.000233436,0.145160737,0.005359317,0.000903394,0.039354258,0.00608228,4.43279E-05,0.001567776,1.10098E-45,0.04210201,0.001060723,0.000326644,0.000248236,2.24167E-37,0.002814442,0.004598511,0.065374979,0.001057606,2.98234E-06,0.002222125,0.006259191,1.63285E-45,0.001178363,0.000122233,0.000627259,0.000229872,3.00385E-45,0.007875256,7.04453E-46,0.00076322,2.27498E-07,0.003560314,0.001086158,9.45334E-05,0.000205213,3.55065E-09,0.008422627,0.00073555,0.000112226,0.000336817,3.62489E-75,4.71872E-26,3.94985E-30,2.00679E-11,0.0003801,0.000269835,2.17404E-45,0.08997792,0.02999124,0.001513763,0.000637941,0.000631198,0.000428255,0.000804814,0.001123864,0.000613704,0.000539641,5.32037E-56,0.000275224,0.001397906,0.082293789,0.000271377,0.000284369,0.055023199,0.000889602,0.0007128,9.24742E-05,0.000399858,0.000230332,0.000217716,3.26243E-05,9.09985E-05,9.95321E-46,1.5344E-45,0.048363187,0.001592909,0.000946092,0.000786335,0.007377274,0.034143291,0.001509362,0.001487493,0.000752812,0.000597228,0.00146468,0.000611731,0.000624361,0.000410848,0.001695353,0.000266485,0.000213597,7.83997E-05,0.000120153,9.04017E-05,9.55211E-05,0.000109631,9.7685E-05,0.000190535,0.000254742,0.000684965,3.24861E-05
SNORD46,0.073582908,0.111348998,0.240006943,0.074836237,0.013081845,0.036750235,2.41886E-05,0.027013752,0.000775217,0.702961986,0.002587561,0.000349232,0.225088357,0.006212839,0.001575172,0.052148912,0.016716325,0.002227466,0.003010151,0.002048116,0.054365309,0.009946844,0.005207866,0.001009494,0.000762709,0.011876468,0.012696159,0.066906544,0.006426613,0.000790898,0.008529553,0.01570601,0.003037539,0.007738976,0.002859678,0.004780305,0.000880608,0.005587947,0.014220359,0.001310468,0.001386377,0.000467883,0.003960774,0.001833496,0.000152556,0.003743644,5.71199E-09,0.012996597,0.000715739,0.002693592,0.000884961,3.98763E-62,7.59109E-26,5.8162E-06,0.003380751,0.000642585,0.001855284,0.004044284,0.087546901,0.034398804,0.001663586,0.000620705,0.000830151,0.000416684,0.000800846,0.001305086,0.0007073,0.006031673,8.55897E-56,0.00029371,0.003561099,0.118767847,0.000264531,0.000294192,0.053536585,0.001258212,0.001032199,0.000148766,0.000880638,0.000570606,0.000710642,0.002058216,0.002333849,0.001851558,0.002854393,0.048845052,0.002311647,0.001752552,0.002057387,0.009977709,0.038267848,0.00190522,0.002287062,0.000864765,0.000716421,0.001731391,0.000736878,0.002945614,0.003978641,0.002727342,0.002602385,0.002403597,0.002444692,0.002456101,0.002341366,0.002294276,0.002314916,0.002300642,0.002583957,0.002588302,0.00286947,0.002329968
SNORD47,0.074782972,0.110975309,0.230804116,0.072727639,0.019844189,0.041483101,0.004070242,0.053644591,0.004041025,0.69237641,0.011725483,0.002475985,0.166462671,0.009947956,0.00490951,0.078927159,0.033275954,0.006796177,0.014849878,0.009838465,0.0600277,0.014448889,0.011118848,0.005241425,0.006420112,0.018179372,0.023743251,0.068536193,0.01691202,0.00638638,0.021353188,0.028842919,0.004571995,0.023614319,0.008408162,0.011371444,0.004845155,0.00655909,0.026836789,0.008050381,0.015386271,0.010760925,0.005593464,0.005092581,0.004593399,0.011061835,0.003021092,0.022327012,0.007127454,0.007545859,0.005957587,0.003191309,0.003005588,0.002808032,0.0036769,0.006159869,0.00588749,0.005622719,0.088276036,0.037267496,0.007780112,0.004487329,0.006755268,0.004068313,0.00506236,0.007568348,0.004194743,0.006420563,0.002826045,0.00233439,0.013333861,0.505128975,0.002796736,0.003059373,0.055221183,0.006876748,0.004263913,0.003872031,0.004870283,0.00444097,0.00452802,0.00382681,0.004658067,0.002808352,0.003536809,0.048853317,0.011441723,0.003081307,0.004129538,0.008032,0.044552999,0.008584737,0.010405952,0.004250819,0.003682709,0.006652801,0.004126043,0.002750718,0.003822991,0.014627574,0.00411777,0.003398997,0.002529987,0.003190447,0.0025931,0.002809899,0.003077336,0.002912657,0.003186393,0.003723962,0.004490277,0.001798174
SNORD48,0.085654797,0.104045884,0.195991933,0.0692843,0.024431325,0.049564021,0.0059321,0.022815967,0.003308136,0.658452823,0.005178444,0.001355645,0.17718218,0.01219172,0.003319352,0.064787486,0.036776968,0.009822713,0.014029696,0.014345466,0.069774184,0.016560645,0.015840241,0.006876448,0.009410739,0.02366647,0.032211599,0.070928906,0.01846396,0.00932383,0.026642711,0.029250091,0.006486226,0.020402994,0.012118377,0.01615981,0.006695641,0.009199005,0.020358513,0.011769831,0.013716167,0.015843534,0.004624966,0.003962962,0.005657079,0.015928011,0.004437141,0.026896731,0.010182628,0.010863635,0.00593484,0.00470716,0.00442685,0.00396248,0.005001579,0.008750951,0.008281832,0.007950207,0.089079719,0.041113998,0.007378004,0.006260109,0.005830396,0.005808899,0.006787087,0.006884323,0.003940472,0.008772173,0.004167957,0.002837359,0.003111527,0.080309086,0.003986015,0.004067829,0.056302386,0.005208149,0.005245656,0.004620408,0.005568989,0.005129241,0.005341788,0.005091458,0.005611563,0.003969662,0.00497401,0.050342577,0.002598514,0.002417755,0.002871123,0.00816486,0.034744884,0.004199537,0.004732152,0.003559269,0.002742718,0.00368447,0.003278732,0.00218307,0.003731828,0.001620304,0.00370875,0.003445587,0.002604669,0.003089271,0.002558882,0.002803965,0.003057678,0.002956706,0.002885172,0.003642381,0.001804656,0.00206307
SNORD49A,0.052950427,0.103859303,0.185452934,0.068505499,0.002205649,0.019871353,2.17188E-05,0.022803127,0.000665909,0.639788565,0.002024401,0.00023458,0.146095401,0.005394522,0.000909466,0.039597328,0.00611918,4.4681E-05,0.001577934,1.65077E-42,0.042368794,0.001068011,0.000329245,0.000249989,2.25119E-37,0.002832055,0.004628047,0.065895691,0.001064195,2.995E-06,0.002235648,0.006297033,2.44825E-42,0.001183363,0.000123206,0.000631311,0.000231608,4.50387E-42,0.007922695,1.05623E-42,0.000766459,2.2931E-07,0.003583044,0.001093852,9.49346E-05,0.000206848,3.56572E-09,0.008476665,0.000741409,0.000113119,0.00033865,3.64027E-75,4.73875E-26,3.96661E-30,2.01531E-11,0.000383128,0.000271936,3.25968E-42,0.090694595,0.030181134,0.001524704,0.000643022,0.000634961,0.000431666,0.00081112,0.001131576,0.000617947,0.000543181,5.34294E-56,0.000277265,0.001403838,0.082698955,0.000273536,0.000286531,0.055461459,0.000895203,0.000718255,9.28666E-05,0.000402584,0.000231746,0.000219056,3.27627E-05,9.13846E-05,1.49235E-42,2.30063E-42,0.04872535,0.001601137,0.000953142,0.000791726,0.007424021,0.034356632,0.001518828,0.001496078,0.000758034,0.000601193,0.001474554,0.000615774,0.000628057,0.000413656,0.001702547,0.000267936,0.000214877,7.87323E-05,0.000120663,9.07853E-05,9.59264E-05,0.000110096,9.80995E-05,0.000191552,0.000256267,0.000688999,3.2624E-05
SNORD49B,0.117565985,0.127001431,0.319324815,0.087424818,0.04046527,0.072460546,0.0085641,0.036457792,0.009303583,0.749838069,0.011142224,0.008819839,0.358469333,0.01583083,0.010983028,0.075560118,0.042269291,0.014564231,0.013496357,0.014124513,0.079540243,0.033687177,0.022264226,0.0108201,0.010630773,0.035739728,0.034824527,0.087854756,0.023810534,0.010688861,0.027496033,0.039060249,0.016868371,0.026363284,0.016173963,0.020460312,0.010540152,0.023848087,0.031586083,0.012127437,0.010187373,0.009820089,0.012658899,0.011464639,0.008656039,0.018430388,0.008497601,0.028500873,0.009297193,0.015691289,0.010107699,0.008501055,0.008499085,0.008484076,0.017758401,0.009632423,0.013132629,0.01956121,0.105237299,0.047143115,0.01026523,0.009169111,0.00931549,0.008936017,0.009368386,0.00985763,0.00923451,0.024045426,0.008479345,0.008802461,0.014245267,0.126379416,0.008771277,0.00879934,0.067664904,0.010019373,0.010107242,0.008637066,0.010116999,0.009550201,0.009961932,0.014031783,0.014623296,0.013548776,0.016298106,0.061722129,0.01078134,0.011609622,0.012575881,0.022154308,0.048708671,0.010450673,0.01129636,0.009403135,0.009232269,0.010301965,0.009260352,0.01531678,0.018592872,0.011122682,0.014987969,0.014613151,0.014986106,0.014896809,0.014669635,0.014524375,0.014541314,0.014536508,0.015118047,0.015024244,0.014808252,0.014806994
SNORD4A,0.082593541,0.115706587,0.244477236,0.088336888,0.021179368,0.045963674,0.005685786,0.03146325,0.005790813,0.712688276,0.007653399,0.00509056,0.230757662,0.012121217,0.006545788,0.060877541,0.026275481,0.008443091,0.009758371,0.009113389,0.063578159,0.01673731,0.012286879,0.006735909,0.007015331,0.019688387,0.021880609,0.070763813,0.013814941,0.007019795,0.017260945,0.023946095,0.008593899,0.015488048,0.009448108,0.011922933,0.006585819,0.011466732,0.020690458,0.007961625,0.008323653,0.007936513,0.00880489,0.00692072,0.005732243,0.010950161,0.005379027,0.020773252,0.006994516,0.009038555,0.006510019,0.005412646,0.005365567,0.005439516,0.008742849,0.006836244,0.007761717,0.009764272,0.089855032,0.041001951,0.00726568,0.006247867,0.006306404,0.005928832,0.006424137,0.006882592,0.00584921,0.011718872,0.00530123,0.005311303,0.008261564,0.121093076,0.005480863,0.005520918,0.057053641,0.006563674,0.006382613,0.005524689,0.006340624,0.006008088,0.006165493,0.007384724,0.007737117,0.006997345,0.008102456,0.052998235,0.00698263,0.006628326,0.006984549,0.014875899,0.042923519,0.006906505,0.007365799,0.005914099,0.005638638,0.006651191,0.005758485,0.007638678,0.008889084,0.007194066,0.007631894,0.007402159,0.007300557,0.007399123,0.007203228,0.007222574,0.007263062,0.007230548,0.007469879,0.007606388,0.007486244,0.007106228
SNORD4B,0.073629258,0.111285457,0.239324459,0.07456738,0.013087862,0.036654291,2.44346E-05,0.026993746,0.000782866,0.700584835,0.002611564,0.000352174,0.224559259,0.006202481,0.001584966,0.052034321,0.016692364,0.002224957,0.003027067,0.00204531,0.054187953,0.009947125,0.005204734,0.001011329,0.000761663,0.011855184,0.012671549,0.06761639,0.006432206,0.00078986,0.008518152,0.015684508,0.003033376,0.007746243,0.002857258,0.004772922,0.000882294,0.005580289,0.014209096,0.001308672,0.001396053,0.000467244,0.003954491,0.001845048,0.000153781,0.00374103,5.75802E-09,0.012970724,0.000723777,0.002691277,0.000888541,3.02561E-36,7.65225E-26,5.80823E-06,0.003376118,0.000646365,0.001856088,0.004038742,0.088530108,0.034279651,0.001680737,0.000627676,0.000837739,0.000421364,0.000809697,0.001318044,0.000714359,0.00602318,3.06217E-36,0.000296801,0.003577421,0.119382399,0.000267498,0.000297355,0.054137835,0.001268555,0.001039698,0.000149964,0.000884692,0.000572976,0.000712646,0.00205589,0.002332031,0.00184902,0.002850482,0.049162944,0.002331492,0.001762129,0.002064889,0.009946013,0.038157334,0.001923111,0.002304713,0.000873415,0.000723381,0.001748376,0.000744016,0.002942245,0.003978588,0.002749318,0.002602611,0.002403251,0.002442531,0.002454558,0.002339528,0.002292581,0.002313406,0.002298971,0.002583144,0.002588271,0.002875046,0.002327268
SNORD5,0.073160463,0.110952446,0.239228111,0.084633633,0.013245749,0.036710765,3.45499E-05,0.027029774,0.000789589,0.7008238,0.002604204,0.000375794,0.223850093,0.006332916,0.001636936,0.052001693,0.016615308,0.002204738,0.003006138,0.002027054,0.054127983,0.00985911,0.005155628,0.001006408,0.000754865,0.011778952,0.012658691,0.066482316,0.006381033,0.000782875,0.00854268,0.015671,0.003006301,0.00779707,0.002830763,0.004735767,0.000879595,0.005530482,0.014173382,0.001296992,0.001400342,0.000463072,0.004099966,0.001935322,0.000166724,0.003705974,2.55101E-05,0.013018727,0.000712617,0.002666345,0.000984614,4.00143E-06,1.10872E-05,0.000214679,0.003499604,0.000802702,0.0018397,0.004002694,0.087009699,0.034335262,0.001684982,0.000698782,0.000845666,0.000414212,0.000797254,0.001316492,0.000719795,0.005973502,4.04977E-06,0.000317433,0.003583568,0.119805148,0.000273531,0.000301048,0.053208076,0.001272798,0.001046674,0.000158468,0.000884579,0.000593218,0.000715848,0.002038293,0.002318133,0.001850594,0.00282506,0.048588966,0.002343556,0.001923686,0.002179973,0.01033604,0.038177452,0.001929116,0.002306356,0.000885162,0.000732401,0.001753452,0.000751718,0.002931693,0.003954539,0.00278532,0.002595967,0.002394658,0.002430361,0.002447507,0.002338074,0.002314014,0.002306454,0.002289645,0.00257313,0.002580561,0.00287717,0.002321115
SNORD50A,0.091482315,0.125272781,0.212775461,0.093194997,0.038036974,0.059742199,0.027892881,0.046519475,0.026731642,0.669139724,0.028085654,0.025535871,0.183517909,0.033579952,0.026787858,0.076433924,0.046466793,0.029861473,0.032579743,0.032211166,0.081153402,0.033669724,0.033064916,0.028456395,0.029705765,0.038254984,0.043557615,0.083912164,0.034635561,0.02964259,0.039530867,0.042613473,0.028247697,0.035597264,0.031101306,0.033408787,0.0283573,0.029606004,0.038697001,0.03091796,0.032140069,0.033049932,0.028815019,0.027205903,0.027785595,0.033118503,0.027101927,0.042624046,0.030376415,0.030423277,0.027991969,0.027247041,0.027100985,0.026825731,0.027440259,0.029475135,0.029154522,0.028826634,0.101845121,0.060474871,0.029141001,0.028281591,0.028006547,0.02796657,0.028618883,0.028743068,0.02704404,0.029622212,0.026927334,0.026357406,0.026681804,0.092639292,0.026961839,0.027008234,0.072881761,0.027779032,0.027770532,0.027227238,0.027822367,0.027537564,0.027639363,0.027416912,0.027704376,0.026801707,0.027318442,0.069449476,0.02656778,0.026335035,0.026521059,0.03252739,0.058844358,0.027433232,0.027688545,0.026891455,0.026409609,0.027180595,0.026705458,0.026343487,0.026906875,0.026020722,0.026859381,0.026717928,0.026253802,0.026502804,0.026234645,0.026355064,0.026488862,0.026434285,0.026424,0.026825494,0.026042587,0.025980996
SNORD50B,0.08345794,0.081791515,0.198876148,0.048214793,0.024620354,0.04511389,1.90614E-05,0.013143609,0.00052406,0.444695667,0.001178161,4.77235E-05,0.245999628,0.005008547,0.001746438,0.041085886,0.023853031,0.004610189,0.00335514,0.004274741,0.046686122,0.0190564,0.01058311,0.001740129,0.001591893,0.020136011,0.019367589,0.082298782,0.011262758,0.001640716,0.013781502,0.021312177,0.006339821,0.012195941,0.005861378,0.009016054,0.001572703,0.011662924,0.014945273,0.002735153,0.000330968,0.000976345,0.002544597,0.002235898,9.99509E-07,0.007633565,1.20848E-14,0.013903385,0.000848649,0.005523509,0.000985281,1.23375E-80,1.60604E-31,1.21393E-05,0.007056159,0.00100776,0.003603476,0.008441057,0.103797218,0.02409708,0.001400179,0.000735919,0.000336184,0.000494029,0.000896164,0.000912533,0.000508037,0.011785643,1.81081E-61,0.000270458,0.002738905,0.018937436,0.000312175,0.000296382,0.063473961,0.000855839,0.001380389,2.2927E-09,0.001181399,0.000709053,0.001029538,0.00418628,0.00456557,0.003864492,0.005957568,0.049487533,0.000455267,0.002504527,0.003023202,0.009123107,0.023163499,0.000948869,0.001294088,0.00062838,0.000443391,0.001133863,0.000448607,0.004937017,0.007634194,5.77022E-09,0.004749712,0.004548476,0.004839219,0.004722838,0.004583262,0.00446779,0.004463491,0.004473811,0.00489221,0.004842879,0.004440481,0.004753933
SNORD51,0.073055073,0.110924206,0.238877389,0.084891132,0.013195914,0.036605971,3.49811E-05,0.027049862,0.000793095,0.700199884,0.002616427,0.000378556,0.223315447,0.00633181,0.001640378,0.051946509,0.016559012,0.002191636,0.003007905,0.002014675,0.05403203,0.009811211,0.005126807,0.001003161,0.000750255,0.01172422,0.012610151,0.066609261,0.006356473,0.000778154,0.008510166,0.015624716,0.002987943,0.00777659,0.002814473,0.004710466,0.000876645,0.005496709,0.014150809,0.001289071,0.001406969,0.000460246,0.004103934,0.001939616,0.000168067,0.003685015,2.63572E-05,0.012993827,0.000714312,0.002650978,0.000987953,4.13432E-06,1.14555E-05,0.000221583,0.003484273,0.000807394,0.001830895,0.003978251,0.087211851,0.034296033,0.001691438,0.000702935,0.00085004,0.000415176,0.000799293,0.001321886,0.000722891,0.005940222,4.18427E-06,0.000319171,0.003589775,0.120327359,0.000274499,0.000302159,0.053331696,0.001277385,0.001047593,0.000159646,0.000884172,0.000593734,0.000714815,0.002026496,0.00230598,0.001840003,0.002807809,0.048649982,0.002356676,0.001928299,0.002181044,0.010329934,0.038155157,0.00193828,0.002314997,0.000889098,0.000735843,0.001761049,0.000755225,0.002919364,0.003935637,0.002802944,0.002584931,0.002383545,0.002417389,0.00243543,0.00232628,0.002303347,0.002294994,0.002277961,0.002560964,0.002568994,0.002870527,0.002308134
SNORD52,0.059179227,0.120404607,0.241745402,0.548959434,0.023856645,0.036586092,0.007232083,0.061019226,0.009511665,0.71432291,0.016322279,0.009451246,0.154012465,0.018958693,0.012892822,0.069650836,0.018920938,0.006724415,0.01299318,0.006689132,0.049586113,0.010110362,0.007006359,0.007589096,0.00669303,0.010367767,0.014213427,0.069522781,0.011491166,0.006712002,0.014743148,0.022178721,0.006699666,0.021283418,0.006808653,0.007326516,0.007398959,0.006700707,0.025041048,0.006692584,0.013272377,0.006694498,0.018612131,0.014777173,0.008081284,0.006897697,0.007889614,0.02075828,0.007463436,0.006794699,0.013464908,0.0068778,0.007211423,0.016513417,0.013926846,0.014829975,0.007134244,0.006680608,0.093176455,0.040547975,0.011501709,0.011157516,0.010382456,0.007104843,0.00770026,0.010757333,0.00914562,0.007246352,0.00686804,0.008403045,0.019072181,0.512663823,0.007452488,0.00753945,0.059579526,0.011106425,0.00878509,0.007849658,0.008359638,0.008893198,0.008089477,0.006967199,0.007701565,0.007530545,0.00668406,0.053986409,0.017849864,0.017112047,0.015491124,0.033247104,0.052392097,0.01408905,0.015202417,0.009914174,0.009541702,0.012633896,0.009573946,0.008659738,0.00856617,0.022392289,0.008961581,0.008294474,0.007744988,0.008306676,0.008297191,0.009392958,0.008172477,0.007964052,0.008406212,0.008607123,0.011311136,0.00763322
SNORD53,0.052297838,0.112077081,0.223238043,0.067044075,0.004010296,0.020595392,6.00245E-05,0.053581057,0.002238553,0.686328008,0.009542472,0.001691398,0.143210605,0.005298905,0.003201179,0.061648692,0.011951242,4.48557E-05,0.006327854,2.4042E-135,0.041464943,0.003436831,0.000330532,0.000706595,1.92523E-36,0.003577679,0.004626024,0.066153301,0.004805438,2.56134E-05,0.00442911,0.012775972,3.74357E-70,0.010120197,0.000123688,0.000619055,0.000426944,6.5595E-135,0.018112921,2.01576E-74,0.006554807,2.30207E-07,0.004829407,0.003048254,0.000811887,0.000207656,3.04943E-08,0.009664188,0.000744307,0.000113562,0.00207063,3.11318E-74,4.05261E-25,3.39228E-29,1.72351E-10,0.000384626,0.000371096,4.38193E-72,0.091049152,0.030078635,0.003804731,0.000645536,0.003212992,0.000433354,0.001026251,0.003658864,0.00193406,0.000533481,4.56932E-55,0.000587429,0.012005717,0.503471068,0.0002804,0.000496069,0.055678278,0.003923812,0.001175536,0.000794201,0.001338923,0.001087858,0.001022737,0.000280189,0.000781527,5.25775E-54,2.6165E-83,0.048556262,0.010690423,0.001945259,0.002570733,0.007265645,0.044567396,0.006731026,0.008147321,0.002338388,0.002217138,0.005132287,0.002307435,0.001561674,0.001360992,0.014560292,0.001638416,0.001073969,0.000673324,0.001031919,0.000776402,0.000820369,0.000941552,0.000838953,0.001212326,0.001283638,0.003587871,0.000279002
SNORD54,0.077768945,0.117230956,0.245131956,0.08730888,0.018330927,0.041813336,0.005938212,0.033427751,0.00665455,0.713658935,0.008530099,0.006233559,0.226582173,0.012180579,0.00745047,0.058078165,0.022045115,0.007978752,0.008866278,0.007790557,0.059954968,0.015233557,0.010745113,0.006855837,0.006617262,0.0171883,0.01808984,0.070569206,0.011982456,0.00663612,0.01409984,0.021139341,0.008734355,0.013399821,0.008568405,0.010382315,0.006731188,0.011102062,0.01992444,0.007123517,0.007380522,0.00633951,0.009938367,0.007723195,0.006046108,0.009359976,0.005884657,0.018703909,0.006567012,0.008374635,0.006813863,0.005874137,0.005876733,0.005980239,0.009104911,0.006563485,0.007608566,0.009622014,0.090644119,0.040387908,0.007533454,0.006506334,0.006707368,0.006251055,0.006639666,0.007179353,0.006581775,0.011520331,0.005857662,0.006165812,0.009466665,0.130719705,0.006114881,0.006146838,0.057718324,0.007141638,0.006869857,0.006027845,0.006727304,0.00644087,0.006559305,0.007781985,0.008056,0.007586981,0.008509927,0.053759377,0.008290521,0.007653806,0.007925473,0.015994499,0.044489927,0.007826943,0.008213534,0.006746419,0.006595119,0.007627145,0.006621551,0.008699847,0.00961601,0.00877059,0.008346799,0.008147033,0.008172477,0.008194019,0.008085544,0.008055735,0.008060807,0.008043781,0.008317749,0.008324559,0.008655966,0.00806254
SNORD55,0.052092811,0.112018177,0.223996875,0.067153852,0.004007429,0.020639931,6.02279E-05,0.053963376,0.002250018,0.68801891,0.009613263,0.00170729,0.143303821,0.005295721,0.003218726,0.061965371,0.012026993,4.42419E-05,0.006368458,5.3523E-169,0.041532837,0.003453205,0.000326009,0.000709143,1.94445E-36,0.003591131,0.004630426,0.065248055,0.004839883,2.58691E-05,0.004456912,0.012859204,3.78094E-70,0.010221213,0.000121996,0.000619331,0.000426315,1.4603E-168,0.018236449,2.03588E-74,0.006620234,2.27057E-07,0.00484464,0.003058831,0.000819991,0.000204815,3.07986E-08,0.009682859,0.000734122,0.000112008,0.002088699,3.14426E-74,4.09306E-25,3.42614E-29,1.74071E-10,0.000379363,0.000368648,4.32197E-72,0.08980323,0.030132986,0.003813642,0.000636702,0.003238084,0.000427424,0.001017892,0.003676441,0.001942818,0.000533204,4.61493E-55,0.000587678,0.012125552,0.508276764,0.000276719,0.000494869,0.054916373,0.003951231,0.001171636,0.000802128,0.001345665,0.001095902,0.001030268,0.000282986,0.000789328,5.31024E-54,2.64262E-83,0.048105411,0.010787679,0.001945142,0.002583172,0.007277542,0.044743486,0.006778515,0.008214017,0.002348684,0.002230064,0.005159977,0.002321155,0.001573154,0.001367726,0.014705626,0.001652715,0.001082285,0.000680045,0.001042219,0.000784152,0.000828558,0.00095095,0.000847327,0.001223087,0.001293593,0.00361643,0.000281787
SNORD56,0.054658973,0.106481109,0.190169889,0.075218935,0.00349263,0.021381273,0.001133383,0.024850688,0.001809672,0.651522252,0.003294313,0.00137675,0.149273457,0.006638943,0.002092495,0.041736933,0.007436457,0.001151391,0.002791043,0.001105422,0.044104837,0.002231879,0.00143834,0.001367943,0.001107093,0.003999536,0.005830316,0.067344388,0.00225434,0.001109244,0.003455522,0.007649522,0.001108158,0.002526401,0.001231301,0.001746579,0.001344924,0.001109094,0.009343994,0.001107038,0.001999344,0.001107347,0.004827935,0.002291774,0.001219403,0.001313775,0.001114481,0.009768011,0.001849848,0.001217014,0.001525791,0.001104916,0.001108,0.001195262,0.00117417,0.001561913,0.001379181,0.001103082,0.092267277,0.031766839,0.002692423,0.001785508,0.001797215,0.001534987,0.001922055,0.002296052,0.001755346,0.001656321,0.001102369,0.001397589,0.002734789,0.093241606,0.001381038,0.001397133,0.056852366,0.002069519,0.001842699,0.001213438,0.001529877,0.001363961,0.001342952,0.001140555,0.001211266,0.001109746,0.001102286,0.05021802,0.00290388,0.002162436,0.00199558,0.008820839,0.036179062,0.00274355,0.002748006,0.001905439,0.001745337,0.002668263,0.00176188,0.001765077,0.001545021,0.003089609,0.001408238,0.001343324,0.001199626,0.001250214,0.00121801,0.0012341,0.001237555,0.001222607,0.001323061,0.001389371,0.001867329,0.001149098
SNORD57,0.053120438,0.103930077,0.184908917,0.068312211,0.002227618,0.019814715,2.192E-05,0.022723237,0.000670986,0.637953471,0.002032341,0.000233897,0.145838446,0.005392335,0.000916007,0.039474216,0.006098949,4.53102E-05,0.001587164,5.40634E-81,0.042249251,0.001076575,0.000333881,0.000252262,2.23635E-37,0.002823663,0.004619364,0.066823591,0.001068946,2.97527E-06,0.002228839,0.006275976,4.34855E-71,0.001175566,0.000124941,0.000630341,0.000234337,1.47503E-80,0.007899238,2.34151E-75,0.000761409,2.32539E-07,0.003577842,0.001103915,9.43091E-05,0.00020976,3.54222E-09,0.008462948,0.000751849,0.000114712,0.00033868,3.61629E-75,4.70752E-26,3.94048E-30,2.00203E-11,0.000388523,0.000275496,4.42633E-72,0.091971697,0.030095709,0.001539946,0.000652077,0.00063685,0.000437745,0.000821961,0.001140602,0.000623051,0.000542912,5.30774E-56,0.000280323,0.001394589,0.082255442,0.000277372,0.000289995,0.056242431,0.000899524,0.000727124,9.22547E-05,0.000405693,0.000232668,0.000219942,3.25468E-05,9.07825E-05,6.10743E-55,7.53767E-81,0.04917069,0.00159881,0.000963857,0.000798011,0.007403074,0.034254251,0.001525958,0.001498947,0.000764388,0.00060524,0.001485317,0.000619819,0.000625814,0.000416891,0.001691329,0.000267958,0.000215553,7.82136E-05,0.000119868,9.01872E-05,9.52944E-05,0.000109371,9.74532E-05,0.000191456,0.000257065,0.00069077,3.2409E-05
SNORD58A,0.052812896,0.103651009,0.185231751,0.06833992,0.002209285,0.019829568,2.18665E-05,0.022918081,0.000672637,0.638569589,0.002059977,0.000241938,0.145737645,0.005381094,0.00091945,0.039626168,0.006136825,4.45504E-05,0.001599532,3.77173E-43,0.042266387,0.001077954,0.000328283,0.000251776,2.33849E-37,0.002829594,0.004617219,0.065703122,0.001081732,3.11114E-06,0.002242412,0.006317787,5.59382E-43,0.001229254,0.000122846,0.000629761,0.000232005,1.02906E-42,0.007959743,2.41331E-43,0.000796182,2.2864E-07,0.003581368,0.00110143,9.86161E-05,0.000206243,3.704E-09,0.008463207,0.000739242,0.000112789,0.000347222,3.78144E-75,4.92251E-26,4.12044E-30,2.09346E-11,0.000382008,0.000271683,7.4478E-43,0.090429555,0.03011113,0.001532812,0.000641143,0.000647335,0.000430405,0.000809921,0.001142208,0.000623399,0.000541831,5.55014E-56,0.000278162,0.001458279,0.084797541,0.000272769,0.000286846,0.055299383,0.0009093,0.000718667,9.64679E-05,0.000406572,0.000235794,0.000222851,3.40332E-05,9.49285E-05,3.40976E-43,5.25654E-43,0.048590157,0.00164664,0.000955817,0.000799224,0.007406077,0.034333121,0.001543153,0.001528421,0.000764533,0.000608351,0.001490421,0.000623308,0.000631691,0.000417672,0.001768571,0.000274718,0.000218991,8.17856E-05,0.000125342,9.4306E-05,9.96465E-05,0.000114366,0.000101904,0.000196627,0.000261189,0.000702987,3.38891E-05
SNORD58B,0.052256271,0.112035488,0.223272472,0.067146633,0.003992057,0.020618453,5.9727E-05,0.053433031,0.002227443,0.686935132,0.009495015,0.001682971,0.143370587,0.00530205,0.003185286,0.061574567,0.011925662,4.46368E-05,0.006296412,4.1712E-131,0.041528372,0.00341978,0.00032892,0.000703093,1.91563E-36,0.003577222,0.004630755,0.065830573,0.004781545,2.54858E-05,0.004419172,0.012746866,3.72491E-70,0.010069751,0.000123085,0.000619693,0.000424838,1.138E-130,0.018062928,2.00571E-74,0.006522133,2.29084E-07,0.004825009,0.003033149,0.00080784,0.000206643,3.03423E-08,0.009664887,0.000740676,0.000113008,0.00206032,3.09767E-74,4.03241E-25,3.37537E-29,1.71491E-10,0.000382749,0.000369274,4.36055E-72,0.090604971,0.030120664,0.003785896,0.000642387,0.003197008,0.00043124,0.001021219,0.00364071,0.001924466,0.000533816,4.54654E-55,0.000584526,0.011945871,0.501132945,0.000279032,0.000493624,0.055406653,0.003904305,0.001169747,0.000790242,0.001332279,0.001082448,0.001017651,0.000278792,0.000777632,5.23155E-54,2.60346E-83,0.048408717,0.010637177,0.001935651,0.002557977,0.007276759,0.044555066,0.006697562,0.008106775,0.00232679,0.002206128,0.005106809,0.002295975,0.001557096,0.001354239,0.014487713,0.001630258,0.001068627,0.000669968,0.001026775,0.000772532,0.00081628,0.000936858,0.000834771,0.001206289,0.001277252,0.003570019,0.000277612
SNORD58C,0.052904603,0.103786068,0.185364607,0.068471897,0.002202873,0.019861679,2.16931E-05,0.022793917,0.0006652,0.639478557,0.002022802,0.000234514,0.146014094,0.005391066,0.000908528,0.039579352,0.006116555,4.46121E-05,0.001576464,9.46248E-79,0.042348012,0.001066844,0.000328738,0.000249696,2.25116E-37,0.002830716,0.004625508,0.065794143,0.001063312,2.99496E-06,0.002234655,0.006294362,4.37733E-71,0.001183348,0.000123017,0.000630951,0.00023129,2.58168E-78,0.007919211,2.35762E-75,0.000766449,2.28957E-07,0.003581024,0.001092562,9.49334E-05,0.000206529,3.56567E-09,0.008471917,0.000740266,0.000112945,0.000338479,3.64023E-75,4.73869E-26,3.96657E-30,2.01528E-11,0.000382538,0.000271536,4.35814E-72,0.09055483,0.030166364,0.001522815,0.000642031,0.000634505,0.000431001,0.000809913,0.001130344,0.000617261,0.000542837,5.34288E-56,0.0002769,0.001403821,0.082685077,0.000273116,0.000286132,0.05537599,0.000894436,0.00071724,9.28654E-05,0.000402153,0.000231562,0.000218881,3.27623E-05,9.13835E-05,6.14786E-55,1.31876E-78,0.048665227,0.001600509,0.000951874,0.000790866,0.00742038,0.034340471,0.001517542,0.001495119,0.000757185,0.000600593,0.001473021,0.000615167,0.000627809,0.00041321,0.001702526,0.0002678,0.00021472,7.87314E-05,0.000120662,9.07842E-05,9.59253E-05,0.000110095,9.80983E-05,0.000191463,0.00025608,0.000688524,3.26236E-05
SNORD59A,0.077897014,0.11425244,0.242647678,0.548947244,0.034663581,0.052814624,0.005236751,0.055742514,0.00501935,0.719935649,0.012543491,0.003749768,0.168388995,0.017720441,0.008273359,0.083449702,0.036374549,0.007701966,0.016382034,0.011280474,0.063896209,0.015476323,0.012415457,0.006152134,0.007422814,0.019846579,0.029071117,0.068509581,0.018575858,0.007377545,0.027289574,0.033654651,0.005017955,0.030089338,0.009513054,0.01276962,0.005826191,0.007066588,0.028479863,0.009269612,0.017117742,0.012528619,0.012898413,0.010530397,0.005839934,0.012514403,0.004731465,0.028577707,0.008264809,0.008523606,0.011345392,0.003918795,0.004035065,0.013111108,0.011162104,0.014877627,0.006746387,0.006137965,0.087704753,0.042266151,0.009610371,0.008988207,0.0079528,0.004685949,0.005775138,0.008778651,0.005179409,0.006847218,0.003494099,0.003785785,0.014235151,0.52509465,0.003720574,0.003869768,0.055081137,0.008001896,0.005725017,0.004790722,0.005808128,0.006137077,0.005492636,0.004223162,0.005339976,0.003934321,0.003828513,0.049402813,0.012431061,0.01175325,0.010598517,0.02727477,0.046277963,0.00982281,0.011424283,0.005555876,0.00465662,0.007921382,0.005101004,0.003150394,0.004424081,0.016306574,0.004984374,0.004127866,0.002993,0.003927266,0.00351511,0.004820529,0.003776413,0.003491251,0.003812545,0.00456922,0.005588583,0.002475274
SNORD59B,0.071631724,0.119218295,0.275353665,0.084104773,0.01453428,0.036715811,7.36988E-05,0.057765041,0.002360622,0.747727275,0.010109102,0.001831983,0.21773949,0.006232866,0.003905093,0.073671617,0.021959495,0.002095784,0.007693368,0.00192472,0.052852082,0.011788305,0.004912667,0.00142615,0.000716756,0.012089038,0.012281854,0.066591834,0.009861597,0.000766175,0.010443274,0.021727868,0.002854531,0.01643396,0.002694335,0.004519266,0.001043171,0.00525128,0.02410484,0.001231514,0.00717025,0.000439706,0.005359391,0.003865213,0.000883423,0.00352976,2.77741E-05,0.014031219,0.000715812,0.002537687,0.002701645,4.35242E-06,1.20598E-05,0.000232715,0.00334416,0.000805159,0.001859751,0.003800621,0.087387221,0.034189936,0.00396316,0.000708642,0.003419994,0.000416016,0.00101224,0.003840213,0.002034647,0.005691972,4.40501E-06,0.000629226,0.014101266,0.539831848,0.000281384,0.000510958,0.053438938,0.004290038,0.001490055,0.000859213,0.001799287,0.001436166,0.001497254,0.002185056,0.002898158,0.001759666,0.002682442,0.048439274,0.011417288,0.002892665,0.003910418,0.010125394,0.04839303,0.007133355,0.008932258,0.002464489,0.002346733,0.005406383,0.002441514,0.003754955,0.004726341,0.015621751,0.003853814,0.003147082,0.002908719,0.003245118,0.002914256,0.002933676,0.003030537,0.002922846,0.003477419,0.003494631,0.005674835,0.00245446
SNORD6,0.053460844,0.105173269,0.194372771,0.552965812,0.015699323,0.029040087,0.000519532,0.023004451,0.001273642,0.651265309,0.002102413,0.001328068,0.148583298,0.012486148,0.003990755,0.040170879,0.00625827,4.43894E-05,0.001549481,1.22704E-98,0.043157253,0.001051991,0.000327097,0.000454101,2.17146E-37,0.002879007,0.00752238,0.065465721,0.001042947,2.88893E-06,0.005884195,0.0089239,5.23699E-15,0.005667381,0.000122403,0.000641853,0.000530934,3.34777E-98,0.007990259,8.62733E-34,0.000739313,2.27814E-07,0.010789483,0.006264857,0.000680267,0.000205498,0.001226598,0.012864991,0.000797659,0.000112381,0.005133102,0.000192443,0.000533226,0.010047881,0.007388129,0.008325283,0.000365006,4.33639E-72,0.090102811,0.033572535,0.002588763,0.004577017,0.001116923,0.000432885,0.000827837,0.001563112,0.001165928,0.000551411,0.000194769,0.001442427,0.001709998,0.08122371,0.00078151,0.000660371,0.055099573,0.001396653,0.001685179,0.000465312,0.000748504,0.001373207,0.000606345,3.33782E-05,0.000324777,0.000869384,9.56227E-07,0.048765454,0.002026269,0.009650184,0.007169152,0.027018988,0.034917921,0.002199407,0.00184231,0.001679922,0.001260796,0.00232072,0.001211676,0.001015189,0.000938548,0.002764509,0.000901446,0.000748246,0.00045636,0.000704103,0.000926497,0.00200661,0.000649217,0.000529851,0.000693471,0.000894541,0.001724706,0.000700298
SNORD60,0.073494781,0.123067789,0.285655717,0.562118963,0.029636342,0.047417018,0.003000643,0.060808427,0.00540804,0.763895211,0.012697787,0.005356821,0.219307275,0.015611441,0.0093582,0.076638255,0.024099767,0.004413774,0.010091237,0.00425318,0.05575458,0.01376377,0.007082491,0.004028949,0.003116045,0.014120701,0.017159599,0.067755768,0.012044179,0.003162276,0.016173246,0.026381887,0.005134035,0.023060188,0.004983851,0.006748622,0.003740854,0.007393016,0.026477145,0.003600988,0.009641401,0.002854887,0.014889253,0.011358589,0.003905498,0.005776918,0.0036703,0.020608108,0.003204607,0.004834307,0.009842427,0.002632283,0.002974392,0.012527759,0.012853199,0.011018368,0.004300919,0.006018113,0.088318483,0.039972998,0.007459616,0.007001265,0.006357287,0.002851399,0.003462268,0.006722979,0.00502016,0.00784977,0.002630807,0.004210827,0.016885181,0.545637024,0.003215458,0.003315931,0.054957073,0.007242423,0.004859914,0.00367055,0.004562535,0.004988137,0.004300087,0.00451761,0.00545478,0.004948578,0.004966137,0.050606267,0.014370433,0.013825852,0.012559754,0.031712821,0.051598202,0.010289115,0.011764089,0.005819,0.005445321,0.008706127,0.005479768,0.006473694,0.007502188,0.019246257,0.006811562,0.006006451,0.005603436,0.006147902,0.006066121,0.007143478,0.00589575,0.005681437,0.006298365,0.006451447,0.00905816,0.005432784
SNORD61,0.053538959,0.105250817,0.194252156,0.547633355,0.015565882,0.028929438,0.000514284,0.023063125,0.001273297,0.650855332,0.002125079,0.001319804,0.148515643,0.01241,0.00396595,0.040193754,0.006267167,4.46448E-05,0.001566335,3.43081E-84,0.043120072,0.001062001,0.000328979,0.000454018,2.21239E-37,0.002878551,0.007489549,0.06584233,0.001055202,2.94338E-06,0.005848568,0.008907119,5.17985E-15,0.005639512,0.000123107,0.000641615,0.000529288,9.36039E-84,0.008010941,8.53319E-34,0.00075325,2.29125E-07,0.010713717,0.006217747,0.000675569,0.00020668,0.001213214,0.012818752,0.00080123,0.000113028,0.005085485,0.000190343,0.000527407,0.009938242,0.007307513,0.008240783,0.000365683,4.36133E-72,0.090621151,0.033516492,0.002589419,0.00453772,0.001119394,0.000435308,0.000832574,0.001568852,0.001165551,0.000551427,0.000192643,0.001431775,0.001731641,0.082214564,0.00077752,0.000658245,0.055416547,0.001401105,0.001679413,0.000462901,0.000748506,0.001363437,0.000604648,3.39545E-05,0.000323856,0.000859898,9.45793E-07,0.048950017,0.002045291,0.009562256,0.007106892,0.026800168,0.034915313,0.002208935,0.001857675,0.001676681,0.00125959,0.002325689,0.001211368,0.001012851,0.000936678,0.002783221,0.00089825,0.00074502,0.000453641,0.000699885,0.000918994,0.001987469,0.000645294,0.000526885,0.000690718,0.000890675,0.001721956,0.000693593
SNORD62A,0.063856662,0.127526587,0.234848878,0.072271581,0.006983237,0.023759228,0.002247329,0.057515053,0.004663996,0.718899125,0.012380899,0.003928751,0.155426742,0.008011962,0.005707201,0.06617893,0.014568128,0.00224273,0.009054153,0.002177662,0.045629965,0.006060623,0.002658269,0.002988784,0.002188026,0.005912979,0.007125902,0.095642912,0.007343078,0.002214077,0.006786291,0.015405352,0.002249565,0.012577902,0.002362582,0.002850859,0.002706228,0.00225267,0.020995502,0.002189764,0.008909528,0.002182262,0.007323524,0.005642177,0.003024099,0.002487551,0.002177226,0.012504,0.003239186,0.002346474,0.004357996,0.002178933,0.002178872,0.002179454,0.002247713,0.002729377,0.002669256,0.002185195,0.130827309,0.033651888,0.006568892,0.003096815,0.005587833,0.002791862,0.003545954,0.006251212,0.004347442,0.00283459,0.002174496,0.002878312,0.014493695,0.519382302,0.002573509,0.002790235,0.080853883,0.006405617,0.003649653,0.003002541,0.003673568,0.003352675,0.00328306,0.002479169,0.002996166,0.002181114,0.00218743,0.065692953,0.013308128,0.004498057,0.005040958,0.009779429,0.048566363,0.00941805,0.01079109,0.004802343,0.004619261,0.007842555,0.004711574,0.003886493,0.003752412,0.01710902,0.003953366,0.003381843,0.002942056,0.003302691,0.003047119,0.003087466,0.003210864,0.003106061,0.003512501,0.003602863,0.006061486,0.002546441
SNORD62B,0.053096142,0.104030948,0.18546349,0.068451177,0.002227823,0.019859931,2.20118E-05,0.022903098,0.000675877,0.639508508,0.002061473,0.000240324,0.146070788,0.005397904,0.000923437,0.039652383,0.006136842,4.50894E-05,0.001604086,6.29091E-86,0.042335197,0.00108362,0.000332255,0.000253401,2.31378E-37,0.002832852,0.004627315,0.066497981,0.001083162,3.07827E-06,0.002242695,0.006317011,4.4991E-71,0.001216265,0.000124333,0.000631287,0.000234206,1.71637E-85,0.007957884,2.42257E-75,0.000787769,2.31406E-07,0.003588435,0.001108672,9.75741E-05,0.000208738,3.66486E-09,0.008481438,0.000748185,0.000114153,0.000346025,3.74148E-75,4.8705E-26,4.0769E-30,2.07134E-11,0.00038663,0.000274664,4.40476E-72,0.091523548,0.030159246,0.001544262,0.000648899,0.000647133,0.000435612,0.000819058,0.001148157,0.000626844,0.000543493,5.4915E-56,0.000280563,0.00144287,0.084228848,0.000276051,0.000289666,0.05596838,0.000910865,0.000725943,9.54486E-05,0.000408575,0.000235979,0.000223043,3.36736E-05,9.39255E-05,6.31887E-55,3.23224E-84,0.049029208,0.00163823,0.000964298,0.000803354,0.007418134,0.034370711,0.001545583,0.001526184,0.000768862,0.000610678,0.001497061,0.000625579,0.000631135,0.000419775,0.001749884,0.000273771,0.000218964,8.09214E-05,0.000124018,9.33095E-05,9.85935E-05,0.000113158,0.000100827,0.000195825,0.000261148,0.000702458,3.3531E-05
SNORD63,0.073351383,0.111102166,0.238574109,0.083664053,0.013228984,0.036593249,3.41293E-05,0.026998148,0.000798661,0.698802286,0.002630363,0.000376268,0.223391644,0.006320134,0.001644288,0.051883461,0.016577501,0.002199708,0.003025429,0.002021557,0.053966891,0.009852025,0.005148631,0.001008095,0.000752818,0.011747327,0.0126244,0.067699723,0.006381554,0.000780787,0.008517702,0.015633028,0.002998149,0.007782965,0.002825701,0.004723747,0.000881428,0.005515485,0.01415378,0.001293475,0.001405453,0.000461821,0.004086183,0.001943104,0.000166501,0.003700312,2.3621E-05,0.012990241,0.00072632,0.002661514,0.000979802,3.70503E-06,1.0266E-05,0.000199189,0.003479152,0.000796864,0.001840214,0.00399184,0.088697442,0.03422861,0.001708257,0.000704683,0.000852833,0.000422238,0.000811993,0.001333053,0.000728454,0.005958731,3.7498E-06,0.000320327,0.003589639,0.120119621,0.000277827,0.000305486,0.054240163,0.001283722,0.001057049,0.00015856,0.00088901,0.000593738,0.000716952,0.002033144,0.002312558,0.001844285,0.002817398,0.049183747,0.002358926,0.001924511,0.002179119,0.010276634,0.038079602,0.001948432,0.002322827,0.000895452,0.000740124,0.001774044,0.000759695,0.00292446,0.0039506,0.00279589,0.002591921,0.002390834,0.002424121,0.0024414,0.002331545,0.002306014,0.002300674,0.00228393,0.002568167,0.002576739,0.002878744,0.002314208
SNORD64,0.085668178,0.085981677,0.208861845,0.543093725,0.040046676,0.055922132,0.002768345,0.015777911,0.003400856,0.460054672,0.00355563,0.003408006,0.247618552,0.014460443,0.00711633,0.043695607,0.025762865,0.006734957,0.005553897,0.006408603,0.049381053,0.020845173,0.012568972,0.004157497,0.003796044,0.021969463,0.024158222,0.085174366,0.013243673,0.00384148,0.0194322,0.025818805,0.008423944,0.018729699,0.007960169,0.011052928,0.004090472,0.013610195,0.017060199,0.004909714,0.002568251,0.003196382,0.01213206,0.00972869,0.00284389,0.009692893,0.00349099,0.020444207,0.003166,0.007629366,0.008092435,0.002439786,0.002786257,0.012467403,0.016631488,0.011318017,0.005860282,0.010464966,0.10715644,0.029771915,0.004760021,0.006991365,0.003087599,0.002747182,0.003173125,0.003622367,0.003322095,0.013751286,0.002438347,0.003703,0.005270514,0.021736339,0.003077083,0.002925708,0.066400761,0.003625605,0.004605575,0.002624706,0.003763783,0.00410409,0.003649017,0.006322705,0.006931459,0.006889687,0.008047172,0.052451481,0.00318092,0.013567954,0.011707849,0.03120139,0.02608959,0.003923836,0.003917739,0.003825999,0.003370917,0.004273387,0.003313053,0.007466839,0.010236047,0.003383654,0.00752825,0.007228763,0.007348008,0.007445021,0.007564766,0.008545043,0.007146985,0.007047468,0.00753057,0.007623872,0.007654801,0.007558654
SNORD65,0.05287556,0.103641577,0.184884039,0.06830767,0.002204943,0.019813052,2.16942E-05,0.022712299,0.000664618,0.637892914,0.002016786,0.000232908,0.145711443,0.005382129,0.00090751,0.039464688,0.006096746,4.47365E-05,0.001573496,8.88359E-68,0.042246442,0.001066148,0.000329654,0.000249685,2.23106E-37,0.002823232,0.00461569,0.065977542,0.001060476,2.96823E-06,0.002227552,0.006273565,1.31795E-67,0.001172786,0.000123359,0.000629686,0.000231633,2.42374E-67,0.007892533,5.68408E-68,0.000759608,2.29595E-07,0.003573006,0.001092581,9.4086E-05,0.000207105,3.53385E-09,0.008453763,0.00074233,0.00011326,0.000336737,3.60773E-75,4.69639E-26,3.93116E-30,1.99729E-11,0.000383604,0.000272141,1.75423E-67,0.090807249,0.030093545,0.001523531,0.000643821,0.000632276,0.000432202,0.000811842,0.001129579,0.000616943,0.000541922,5.29519E-56,0.000277192,0.00139129,0.082122571,0.000273868,0.000286606,0.05553035,0.000892235,0.000718534,9.20365E-05,0.000401823,0.000230881,0.000218245,3.24699E-05,9.05678E-05,6.09298E-55,1.23808E-67,0.048727044,0.001590875,0.000952993,0.000790314,0.007402582,0.034248674,0.001513693,0.001488974,0.000756848,0.000599764,0.00147146,0.000614261,0.000625487,0.000412894,0.001687329,0.000266421,0.000213987,7.80286E-05,0.000119585,8.99739E-05,9.5069E-05,0.000109112,9.72227E-05,0.000190414,0.000255201,0.000685949,3.23324E-05
SNORD66,0.14240672,0.128435717,0.358578363,0.085045882,0.058791853,0.096320914,0.009394512,0.062029172,0.008576662,0.79405772,0.016843024,0.00655178,0.377910116,0.017322683,0.010789763,0.115909675,0.072345101,0.019049762,0.025238319,0.02293295,0.098857395,0.046029296,0.032214314,0.012752704,0.014739213,0.051471072,0.056170992,0.087651307,0.039293787,0.014739155,0.048072278,0.062499047,0.018222507,0.048831327,0.022761719,0.030392614,0.012057482,0.027809935,0.048677252,0.018478822,0.023431371,0.020017163,0.010083959,0.01138527,0.009836446,0.028557414,0.007906613,0.042232344,0.0134243,0.021106014,0.012383511,0.008154415,0.007890619,0.007537938,0.017793739,0.012833658,0.016035592,0.022349797,0.098607783,0.051910146,0.013284681,0.009719501,0.012017507,0.009223484,0.010429676,0.013027491,0.008895072,0.027070598,0.007630664,0.006743667,0.021704594,0.539932255,0.007493238,0.007787729,0.063471337,0.012332696,0.010054755,0.008824532,0.011147004,0.01025254,0.01082038,0.014294697,0.015770124,0.01254443,0.016248592,0.057682398,0.016024124,0.009280091,0.011596727,0.017935922,0.05369987,0.013402601,0.016215377,0.008837178,0.008076926,0.011250672,0.008671049,0.012908865,0.01791407,0.01913031,0.014833,0.013743702,0.013183027,0.013833737,0.012905672,0.013038028,0.013375591,0.013194651,0.013902717,0.014474099,0.013971852,0.01218467
SNORD67,0.05202294,0.11216739,0.224968932,0.067169744,0.004040704,0.020670091,6.10141E-05,0.054664516,0.002283243,0.689506929,0.009776969,0.001739676,0.14329778,0.00529362,0.003267399,0.062484154,0.012161122,4.4058E-05,0.006470631,2.8235E-181,0.041542666,0.003502977,0.000324654,0.000718551,1.98244E-36,0.003609728,0.004632368,0.064976856,0.00492111,2.63746E-05,0.004507134,0.013007856,3.85483E-70,0.010420956,0.000121488,0.000619268,0.000429816,1.8406E-200,0.018467677,2.07566E-74,0.006749607,2.26113E-07,0.004873298,0.003099001,0.000836015,0.000203963,3.14005E-08,0.009712123,0.000731071,0.000111542,0.00212695,3.2057E-74,4.17304E-25,3.49309E-29,1.77473E-10,0.000377786,0.000369776,4.304E-72,0.089429968,0.030152037,0.00385946,0.000634056,0.00329447,0.000425647,0.001019409,0.003729576,0.001970368,0.000533005,4.70511E-55,0.000593617,0.01236251,0.517700316,0.000275726,0.000498464,0.054688117,0.004016844,0.001179091,0.000817804,0.001365422,0.001114539,0.001047757,0.000288516,0.000804753,5.41401E-54,2.69426E-83,0.047966808,0.010989158,0.001963861,0.002620595,0.007279264,0.044995029,0.006891525,0.008360088,0.002381698,0.002264553,0.005237565,0.002357317,0.001594377,0.001387687,0.014993004,0.001682982,0.001101061,0.000693334,0.001062586,0.000799476,0.000844749,0.000969533,0.000863886,0.001245664,0.001316049,0.003679938,0.000287294
SNORD68,0.0657509,0.076923764,0.143668486,0.540777705,0.031763102,0.043569933,0.004092417,0.015192053,0.002829299,0.437280267,0.003732847,0.001973282,0.134498921,0.015232472,0.005555826,0.04323221,0.024825574,0.006438541,0.009137134,0.009114702,0.046579835,0.012308268,0.010802359,0.004606161,0.005846366,0.016440408,0.02443538,0.070782516,0.012558652,0.00579953,0.021281374,0.022563057,0.004604446,0.018342631,0.007981984,0.010733833,0.00457766,0.006823163,0.013975973,0.007393548,0.008351356,0.009655937,0.010457122,0.008200066,0.004018306,0.010496497,0.00393004,0.022182723,0.006506491,0.007185798,0.008648631,0.003034003,0.003213959,0.012676631,0.011352266,0.01362901,0.005559579,0.005717204,0.091233247,0.029906341,0.006080672,0.008071092,0.004164873,0.00368382,0.004439834,0.004959589,0.003139962,0.006594385,0.002711409,0.003006445,0.002628672,0.053626204,0.003037234,0.002946066,0.056892854,0.00393194,0.004503059,0.00317524,0.003934691,0.004383984,0.003772712,0.003531554,0.004130759,0.003706364,0.003652103,0.045515562,0.002288336,0.010891641,0.00877885,0.025737686,0.023111835,0.003645157,0.003617676,0.003340732,0.002512553,0.003551783,0.002773301,0.002249292,0.003721288,0.002233065,0.00344827,0.003162664,0.002494944,0.002989129,0.002909469,0.004145596,0.002895223,0.00272438,0.002819322,0.003428815,0.002763234,0.002451541
SNORD69,0.045578133,0.076453706,0.133734804,0.536212845,0.017807727,0.025001146,0.000524344,0.013565961,0.001156182,0.422253944,0.001457062,0.001214275,0.113397443,0.011066268,0.003949422,0.026584488,0.005702909,0.000470059,0.001361915,0.000397697,0.029735252,0.002555414,0.001287846,0.000564083,0.0001481,0.003536496,0.007514816,0.068350765,0.001710055,0.000153478,0.006218854,0.008073254,0.000589819,0.006060673,0.000658789,0.001232597,0.000649352,0.00108505,0.005777485,0.000254462,0.000244522,9.10446E-05,0.009702606,0.006315551,0.000624381,0.000900702,0.0012456,0.01084569,0.000823873,0.000618065,0.00513404,0.000195425,0.000541487,0.010204683,0.008159058,0.008514384,0.000674066,0.000785306,0.093192239,0.023184174,0.00244062,0.004659936,0.000900632,0.000447651,0.000835608,0.001368028,0.001070333,0.001446049,0.000197786,0.001440496,0.00100767,0.033445093,0.000798173,0.000656095,0.056988816,0.00117369,0.001739745,0.000407453,0.000758765,0.001370663,0.000627102,0.000400406,0.000690531,0.001242383,0.000555228,0.044899797,0.001221939,0.00986876,0.007347775,0.025056273,0.022282056,0.001765681,0.001320316,0.001569777,0.001137779,0.002036173,0.001080959,0.001183759,0.001550222,0.001614411,0.001222581,0.001094449,0.000858477,0.001069852,0.00130364,0.002386142,0.000997391,0.000885541,0.001059718,0.001253117,0.001868892,0.001130567
SNORD7,0.06287443,0.117267393,0.193914855,0.071517915,0.003007723,0.020753604,2.96504E-05,0.024035752,0.00089083,0.668364788,0.002582612,0.000272398,0.156211575,0.005941674,0.001210053,0.041506916,0.006432105,6.46053E-05,0.002063961,2.03668E-55,0.044231891,0.001435788,0.000476064,0.000340564,2.47554E-37,0.002962516,0.004937314,0.095280192,0.001367311,3.29349E-06,0.00236502,0.006622563,2.11541E-55,0.0013013,0.000178147,0.000678371,0.000325968,2.11875E-55,0.008443431,2.05026E-55,0.000842846,3.31565E-07,0.003882508,0.001492168,0.000104396,0.000299086,3.92109E-09,0.0091179,0.001072021,0.000163562,0.000410271,2.03859E-55,5.21102E-26,4.36194E-30,2.21616E-11,0.000553974,0.000388698,2.04539E-55,0.131137533,0.03151228,0.002100287,0.000929761,0.000799956,0.000624157,0.001163095,0.001520441,0.000833241,0.000597111,2.62138E-55,0.000386725,0.001543748,0.089442522,0.000395247,0.000404742,0.080193081,0.001155622,0.001017694,0.000102122,0.000539225,0.000295856,0.00027991,3.60279E-05,0.000100492,8.80159E-55,2.04778E-55,0.064727432,0.001898451,0.00133283,0.001063308,0.00775048,0.03594788,0.00195728,0.001858367,0.001023699,0.000795258,0.001964564,0.000812871,0.000662639,0.000554731,0.001872227,0.000324594,0.000271325,8.6579E-05,0.000132689,9.98332E-05,0.000105487,0.000121069,0.000107876,0.000230177,0.00032346,0.000863382,3.58753E-05
SNORD70,0.052830782,0.103630014,0.18505531,0.06833221,0.002204469,0.019823054,2.17422E-05,0.022798992,0.000667269,0.638273267,0.002032964,0.00023652,0.145732793,0.00538146,0.000911557,0.039536378,0.006113913,4.46018E-05,0.001582813,1.31024E-42,0.042261619,0.001069944,0.000328661,0.000250283,2.2747E-37,0.002826271,0.004616692,0.065778856,0.001068355,3.02627E-06,0.002233857,0.006292431,1.9432E-42,0.001195719,0.000122988,0.000629751,0.000231512,3.57477E-42,0.007920567,8.38345E-43,0.000774462,2.28904E-07,0.003576481,0.001095068,9.59258E-05,0.000206481,3.60295E-09,0.008458025,0.000740094,0.000112919,0.00034085,3.67828E-75,4.78822E-26,4.00803E-30,2.03635E-11,0.000382449,0.000271612,2.58725E-42,0.09053379,0.030105716,0.00152568,0.000641882,0.000638003,0.000430901,0.000810025,0.001133653,0.000618978,0.000541864,5.39873E-56,0.000277273,0.001418496,0.08321344,0.00027306,0.000286361,0.055363124,0.000898511,0.000717717,9.38362E-05,0.000403383,0.000232719,0.000219967,3.31048E-05,9.23388E-05,1.1845E-42,1.82604E-42,0.048628182,0.001612996,0.000953052,0.000793196,0.007405242,0.034288468,0.00152456,0.001504179,0.000759242,0.000602738,0.001477849,0.000617416,0.00062809,0.000414453,0.001720324,0.000269677,0.000215885,7.95544E-05,0.000121923,9.17333E-05,9.6928E-05,0.000111246,9.91238E-05,0.000192863,0.000257474,0.000692464,3.29646E-05
SNORD71,0.05011743,0.095889069,0.164093517,0.060036815,0.005046174,0.014531623,8.10399E-05,0.046108177,0.002390339,0.482251205,0.009649623,0.001672824,0.103836841,0.004395222,0.003461666,0.048886944,0.00996459,6.53318E-05,0.006530345,2.11045E-80,0.027977613,0.003666749,0.000481417,0.000777508,1.8419E-36,0.002670631,0.003441442,0.096351648,0.004882979,2.45048E-05,0.003841292,0.010804494,1.60412E-16,0.009820805,0.000180151,0.000455375,0.000520983,5.75802E-80,0.015705939,2.64259E-35,0.006271101,3.35294E-07,0.004154551,0.003494347,0.000794779,0.000302449,3.76004E-05,0.007586453,0.001085948,0.000165401,0.002183009,5.89463E-06,1.6333E-05,0.000307772,0.000226302,0.000803552,0.000487867,6.38224E-72,0.132612216,0.020554114,0.004287045,0.001060846,0.003236499,0.000631299,0.001375403,0.003914287,0.002090131,0.000418617,5.96586E-06,0.000716351,0.011496985,0.474254228,0.000420734,0.000616037,0.081094877,0.004017942,0.001484629,0.000771335,0.001431611,0.001135311,0.001047014,0.000268116,0.000754949,2.66297E-05,2.92897E-08,0.059823206,0.010441709,0.002540284,0.002934361,0.005498316,0.03355571,0.006877429,0.008115273,0.002541228,0.002336068,0.005433868,0.002422804,0.00136697,0.001463037,0.013964467,0.001630525,0.001094728,0.000655834,0.001005258,0.000768495,0.000843491,0.000917432,0.000815973,0.001203691,0.001308155,0.003617962,0.000287413
SNORD72,0.119626099,0.118017675,0.312873853,0.078497931,0.039035801,0.073151785,0.001793865,0.02743499,0.001597052,0.739173614,0.003535571,0.000665683,0.360655228,0.009315723,0.003228846,0.074180123,0.043142262,0.009033676,0.008703951,0.009973503,0.079021746,0.030101306,0.018565179,0.004302834,0.004931284,0.033718049,0.03480094,0.082525894,0.020661412,0.004973703,0.026434681,0.037605959,0.010367018,0.023707478,0.011326186,0.016729384,0.003973628,0.018253763,0.026807852,0.007156614,0.005445859,0.006037482,0.00444617,0.003852016,0.00180555,0.014760383,0.001327474,0.02556164,0.003633368,0.010509087,0.003275283,0.001408253,0.001324392,0.0012016,0.010874967,0.003677949,0.007093592,0.013597841,0.098436056,0.041637494,0.003530387,0.002381812,0.002378558,0.002079531,0.002683358,0.003084247,0.001735161,0.018191463,0.001246938,0.001084121,0.006224206,0.112408489,0.001409309,0.001454505,0.060742532,0.002806793,0.002994839,0.001491646,0.003178763,0.002523939,0.003009521,0.007125957,0.007854712,0.00632407,0.009406537,0.054365377,0.002509129,0.003606458,0.004748235,0.013884312,0.039850159,0.002724747,0.00372314,0.001745478,0.001378898,0.00245614,0.001554669,0.007315976,0.0112005,0.002489399,0.007573091,0.007136449,0.007303954,0.007343618,0.006964244,0.006890141,0.006977015,0.006946398,0.007483552,0.007598904,0.006670938,0.006974275
SNORD73A,0.077563187,0.117364867,0.245838235,0.086223937,0.018191983,0.041760995,0.005920269,0.033633004,0.006638946,0.716688831,0.008535718,0.006220998,0.226607205,0.012152906,0.007425926,0.058273267,0.022012097,0.007946557,0.008852904,0.007760313,0.060069328,0.015159012,0.010691373,0.006833827,0.006595564,0.017127143,0.018029572,0.069779991,0.011941605,0.006614419,0.014050064,0.021111601,0.008696797,0.013370201,0.008531614,0.010339882,0.006708156,0.011046889,0.019945598,0.007098075,0.007388447,0.006319991,0.009918207,0.007687785,0.00603183,0.00931748,0.00586554,0.018682851,0.00654279,0.008339781,0.006788062,0.005857903,0.005859569,0.005936337,0.00904483,0.006519418,0.00757901,0.009578305,0.089596502,0.040489709,0.007511073,0.006472497,0.00669895,0.006230943,0.006616192,0.007164811,0.006565359,0.011468079,0.005841579,0.006145611,0.009488295,0.132692656,0.006094988,0.006128368,0.057071444,0.00713151,0.006844025,0.006014268,0.006708762,0.006422504,0.006541829,0.007753573,0.008027604,0.007556167,0.008474622,0.053413825,0.008309508,0.007603482,0.00788549,0.015943695,0.044667584,0.007822961,0.008217347,0.006728882,0.006580396,0.007614016,0.006607236,0.008673942,0.0095754,0.008809212,0.008318797,0.008117598,0.008142101,0.008164865,0.008055111,0.008022825,0.00803227,0.008015109,0.008288308,0.008294468,0.008632887,0.008030026
SNORD74,0.069088318,0.103633016,0.191754719,0.068151563,0.013214773,0.034353586,0.002746591,0.02341089,0.001929441,0.64334775,0.003682804,0.000788929,0.163455301,0.008515751,0.002119007,0.051887154,0.020970961,0.00469356,0.007520119,0.006744253,0.055083608,0.008845293,0.007799914,0.003365246,0.004386442,0.012993966,0.017799185,0.069264299,0.009516434,0.004350109,0.013907906,0.017532527,0.00318693,0.010649241,0.005831052,0.008048737,0.00325974,0.004603206,0.014173627,0.005509268,0.006892231,0.007331777,0.00406878,0.002516373,0.002676482,0.00768513,0.002044773,0.017170937,0.005101603,0.005237077,0.002989996,0.002169204,0.002040028,0.001826411,0.002525117,0.004261896,0.004072148,0.00392716,0.091098703,0.035010503,0.004295678,0.003239689,0.003098703,0.002915125,0.003580358,0.003857175,0.002188255,0.004686318,0.001920722,0.001467924,0.002547026,0.092077805,0.001987961,0.002037674,0.056551187,0.002975345,0.002844142,0.002197207,0.002837751,0.002529912,0.002629816,0.002500945,0.002795377,0.00194996,0.002478123,0.049758954,0.002297874,0.001712546,0.00187688,0.007809836,0.034471778,0.002897702,0.003183349,0.002096184,0.001634207,0.002598805,0.001891072,0.001506581,0.002198563,0.001993002,0.002034811,0.00186525,0.001408987,0.001659369,0.001388722,0.001501823,0.00162898,0.001573989,0.001610311,0.001991298,0.001408683,0.001122987
SNORD75,0.120546364,0.118048622,0.311441107,0.078110547,0.039577453,0.07369221,0.001988227,0.027350542,0.001695703,0.736030761,0.00366947,0.000704725,0.359653899,0.009519843,0.003313282,0.074651267,0.043918017,0.00930943,0.009115688,0.01040098,0.079494965,0.03044509,0.018978469,0.004509638,0.00522398,0.034201653,0.035523986,0.084140087,0.02114143,0.005262975,0.027101446,0.038155279,0.010515706,0.024222683,0.011664752,0.017150005,0.004177125,0.018437605,0.027089064,0.007515152,0.005872585,0.006547493,0.004470538,0.003954203,0.001988693,0.015206177,0.001473075,0.026057236,0.003960258,0.01080988,0.003454272,0.001562713,0.001469654,0.001331502,0.010967689,0.0039556,0.007329019,0.013773306,0.100473283,0.041785827,0.003752675,0.00258095,0.002558101,0.002265928,0.002897688,0.003293637,0.001855585,0.018345333,0.001383705,0.001173849,0.006261947,0.112542243,0.001537422,0.001584737,0.062048334,0.002959468,0.003152624,0.001640836,0.003346823,0.002682332,0.003171817,0.007249813,0.007990266,0.006415226,0.009509471,0.055127242,0.002559099,0.003658524,0.004806724,0.013824428,0.039674209,0.002836448,0.003843461,0.001851454,0.001459534,0.002554736,0.001652587,0.007318435,0.01124296,0.002498125,0.00764215,0.007200703,0.007338401,0.00739405,0.006999465,0.006934438,0.00702931,0.006995589,0.007525297,0.007666089,0.006675762,0.006993017
SNORD76,0.193346914,0.132612434,0.345120144,0.087496532,0.089023935,0.135566575,0.02144152,0.036379891,0.015881525,0.761220872,0.018768007,0.012315374,0.44067432,0.030627705,0.017315982,0.126228098,0.105874838,0.035691219,0.039525843,0.043936251,0.13498508,0.068242297,0.055448233,0.02534688,0.030513051,0.080336668,0.092042685,0.122195989,0.060659939,0.030394771,0.078001287,0.087299627,0.031881385,0.066704972,0.041782915,0.05328107,0.024737707,0.044990005,0.058284409,0.036747157,0.036580049,0.041991381,0.015984042,0.018812941,0.020755064,0.051441742,0.018438949,0.066592099,0.029126407,0.038757404,0.022427758,0.018967961,0.018421329,0.017465965,0.029935677,0.027323654,0.030615639,0.037706957,0.133749479,0.068872872,0.023262048,0.02155713,0.020694378,0.02077846,0.022498746,0.022505238,0.017125095,0.043190504,0.017885029,0.015176071,0.019102494,0.112281899,0.017362536,0.017514823,0.089172844,0.019832698,0.020507642,0.018721455,0.021669163,0.020483576,0.021384832,0.025857284,0.027394568,0.023220396,0.028261295,0.077178903,0.013983339,0.016303134,0.01848928,0.025295224,0.049286033,0.017146776,0.019058415,0.01632138,0.014814377,0.016172829,0.015854299,0.020404347,0.027655248,0.012008404,0.023769667,0.022969095,0.02201849,0.02275912,0.021546399,0.021844431,0.022321925,0.022149768,0.022483439,0.023727587,0.019037791,0.020877084
SNORD77,0.119441314,0.118173356,0.312519768,0.078413111,0.038823714,0.072817941,0.001741517,0.02745649,0.00158065,0.738371644,0.003528957,0.000658162,0.360104664,0.009256959,0.003215456,0.073921823,0.042840199,0.008940041,0.008606405,0.009839196,0.07870339,0.029946435,0.018414784,0.004244175,0.004845073,0.033502219,0.034528519,0.083182034,0.02050131,0.004888246,0.026199455,0.037377302,0.010299401,0.023529706,0.011211859,0.016577722,0.003916521,0.01815369,0.026690822,0.007047628,0.005338091,0.00589501,0.004438753,0.003836195,0.001757051,0.014611189,0.001288,0.0253857,0.003557382,0.010406234,0.003227713,0.001366376,0.001285008,0.001166329,0.010819439,0.003606753,0.007020093,0.013513915,0.099429933,0.041502194,0.003494654,0.002338784,0.002339052,0.002036355,0.002638941,0.003045149,0.001712203,0.018100751,0.001209858,0.001064323,0.006219302,0.112978248,0.001379235,0.001423948,0.06133404,0.00277747,0.002961313,0.001452331,0.003135748,0.002481927,0.00296486,0.007074748,0.007799412,0.006282712,0.009352971,0.054707185,0.002517042,0.003601223,0.004734456,0.013863185,0.039824282,0.002717011,0.003709217,0.001728656,0.00136625,0.002452202,0.001537534,0.007295702,0.011163975,0.002507802,0.007538026,0.00710305,0.007274733,0.007311076,0.006936064,0.00686006,0.006944956,0.00691499,0.007454052,0.007564133,0.006661896,0.006949117
SNORD78,0.222206012,0.12573358,0.347997741,0.079887873,0.105534062,0.160471563,0.019483148,0.029895501,0.010185539,0.782508446,0.014171426,0.004772734,0.460881108,0.029742491,0.011336361,0.148517889,0.132995204,0.038093392,0.045762608,0.051932943,0.158109191,0.076846085,0.0644362,0.024212858,0.032678937,0.095254319,0.115302418,0.121235251,0.072235804,0.032464377,0.09777019,0.105368923,0.030164701,0.080737942,0.046795482,0.062406088,0.023398355,0.046186713,0.064417036,0.041695589,0.043546362,0.052003399,0.008350451,0.013344673,0.018488979,0.060919156,0.01476593,0.079481907,0.031539895,0.042359293,0.020227733,0.015616772,0.014733954,0.013262906,0.026453359,0.028427809,0.031050868,0.037699766,0.126264347,0.073082709,0.021546406,0.019368067,0.018201949,0.018303121,0.020756917,0.020677945,0.012234187,0.043307353,0.013910009,0.009279041,0.012799664,0.133383613,0.012855991,0.013105613,0.083282888,0.016264472,0.016979084,0.015222193,0.018907749,0.017404761,0.018551678,0.022672494,0.024773214,0.018731513,0.024837153,0.071479588,0.006890186,0.009056885,0.011972065,0.016940118,0.041732676,0.011792905,0.014436508,0.010820061,0.008519222,0.010136421,0.01018721,0.012961113,0.022188481,0.003903697,0.018658231,0.017578202,0.01571944,0.017030712,0.01520155,0.015803329,0.016578639,0.016290359,0.01642407,0.018521474,0.011272356,0.013951414
SNORD79,0.085413538,0.128060557,0.249058194,0.086930158,0.017603616,0.040989951,0.004536893,0.032538384,0.00549687,0.731686371,0.007597706,0.004889233,0.233056565,0.011239446,0.006345971,0.057710794,0.020745779,0.006571063,0.007875319,0.00638306,0.059908506,0.014177521,0.009468299,0.005551582,0.005216333,0.01580519,0.016900858,0.097303062,0.01080829,0.005242341,0.012721528,0.019855335,0.007409414,0.011943647,0.007203709,0.009003741,0.005431253,0.009761471,0.018795581,0.005722989,0.005945945,0.004935915,0.008797176,0.006710321,0.004685436,0.008067609,0.004508932,0.01781245,0.005524333,0.007042259,0.0054843,0.004500868,0.004504334,0.004611271,0.007799642,0.005367787,0.006347011,0.008230516,0.128068204,0.039968554,0.006703212,0.005426569,0.00547672,0.005088468,0.005629875,0.006167396,0.005421802,0.010257186,0.004493243,0.004910193,0.008069542,0.129056582,0.004879519,0.004905861,0.080071758,0.005996025,0.00579908,0.00467374,0.005491956,0.005135186,0.005250922,0.006420722,0.00669343,0.006215759,0.007139425,0.067598725,0.007083249,0.006627584,0.006787288,0.014809416,0.044126817,0.006815929,0.007107577,0.005626731,0.005417481,0.006694561,0.005437809,0.007457752,0.008434404,0.00736529,0.007076798,0.006888579,0.006886491,0.006896213,0.006797696,0.006759147,0.006765064,0.006748997,0.007047367,0.007070911,0.007510533,0.006788869
SNORD80,0.052874873,0.103663267,0.18497854,0.068301295,0.002209965,0.019814276,2.17986E-05,0.022793885,0.000668877,0.637994524,0.002037004,0.000236807,0.145699909,0.0053818,0.000913708,0.039522305,0.00611214,4.47424E-05,0.001586306,1.35535E-57,0.042242499,0.001072571,0.000329697,0.000250929,2.2765E-37,0.002825127,0.004615559,0.065986196,0.001070544,3.02868E-06,0.00223335,0.006290685,2.0101E-57,0.001196671,0.000123376,0.000629638,0.00023218,3.69784E-57,0.00791957,8.67207E-58,0.000775078,2.29625E-07,0.003576266,0.001097905,9.60022E-05,0.000207132,3.60582E-09,0.008456738,0.000742427,0.000113275,0.000341379,3.68121E-75,4.79204E-26,4.01122E-30,2.03797E-11,0.000383654,0.000272437,2.67632E-57,0.09081916,0.030092186,0.001529772,0.000643905,0.000639202,0.000432259,0.000812511,0.00113643,0.000620514,0.000541888,5.40303E-56,0.00027805,0.001419625,0.083246175,0.000273919,0.000287198,0.055537633,0.000900389,0.000719836,9.39109E-05,0.000404359,0.000233183,0.000220407,3.31312E-05,9.24123E-05,6.22933E-55,1.88891E-57,0.048730246,0.001615216,0.000955744,0.000795136,0.007401891,0.034274778,0.001527723,0.001506825,0.000761138,0.000604129,0.001481355,0.000618829,0.000627964,0.000415461,0.001721693,0.000270095,0.000216295,7.96177E-05,0.00012202,9.18063E-05,9.70052E-05,0.000111335,9.92027E-05,0.000193149,0.000257962,0.000693733,3.29908E-05
SNORD81,0.103329035,0.110574513,0.260845409,0.072281972,0.031061249,0.060176351,0.002465804,0.02329676,0.001791893,0.67849173,0.003346462,0.000681875,0.287503339,0.009287907,0.002859124,0.064811737,0.036382752,0.008040302,0.008737777,0.00963137,0.070441246,0.023288701,0.015621197,0.004324758,0.00526808,0.027348457,0.030140687,0.08212377,0.017463073,0.005275883,0.023131588,0.031114709,0.0081722,0.019560556,0.010050807,0.014490763,0.004083958,0.013904259,0.022117923,0.007233327,0.006320663,0.007393289,0.004190786,0.00346347,0.00238403,0.01313685,0.00183373,0.023274253,0.004735375,0.009242424,0.003384822,0.001945319,0.001829476,0.001648082,0.008179146,0.004381996,0.006477594,0.01059734,0.101293509,0.03872677,0.004062573,0.003044263,0.002781081,0.002707528,0.003374983,0.00357134,0.002027068,0.013826092,0.001722484,0.001360129,0.004327858,0.076940213,0.001841585,0.0018784,0.062698537,0.002946191,0.003207773,0.001953757,0.00330573,0.002754764,0.003118515,0.005745981,0.006317428,0.004988017,0.007216137,0.054395288,0.001930566,0.00300054,0.00376146,0.011481086,0.036018049,0.002653913,0.003323825,0.001960947,0.001510863,0.002457772,0.001740402,0.005252184,0.008133994,0.001481559,0.005709246,0.005389766,0.00530578,0.005425236,0.005070891,0.005074605,0.005182489,0.005143979,0.005478683,0.005731372,0.004689591,0.004986089
SNORD82,0.13198423,0.111212768,0.26980638,0.072767736,0.050658424,0.086174136,0.007817824,0.024756403,0.004264836,0.696267291,0.0065767,0.001767572,0.311427029,0.015410361,0.005128834,0.088172344,0.063843153,0.016764482,0.020186059,0.022497338,0.094641827,0.036927715,0.029380418,0.010304637,0.013742095,0.045729107,0.054655614,0.087246126,0.033104259,0.01366825,0.044980724,0.051704724,0.013866475,0.037049661,0.020750395,0.028306936,0.009909552,0.021905525,0.033571053,0.017810843,0.018313228,0.021707146,0.00519124,0.006128803,0.007453438,0.027163317,0.005850155,0.039778775,0.013289941,0.018824363,0.008511396,0.006206163,0.005836588,0.005234514,0.01250955,0.011944932,0.013643442,0.017558139,0.100875683,0.048471686,0.009485003,0.008136158,0.00761191,0.007579879,0.008803599,0.008909885,0.005103239,0.020956844,0.005495249,0.00369516,0.006309922,0.095068331,0.005205479,0.005314232,0.064098115,0.006994174,0.007317959,0.006085931,0.008006644,0.007214634,0.007770536,0.010220152,0.011220151,0.008473428,0.011552247,0.056210481,0.003277462,0.004339934,0.005669428,0.01201913,0.036791959,0.00534191,0.006565257,0.004579226,0.003531874,0.004646267,0.004237119,0.006575902,0.010982763,0.002028951,0.008761269,0.008233125,0.007485906,0.008024623,0.007210208,0.007436213,0.007766223,0.007642504,0.007832166,0.008716148,0.005728934,0.006703245
SNORD83A,0.052938211,0.103801787,0.185269209,0.068500495,0.002197356,0.019865222,2.15535E-05,0.022673998,0.000659235,0.639496447,0.001993077,0.000228589,0.146080672,0.005393788,0.000899772,0.039501089,0.006094424,4.4658E-05,0.001557995,3.417E-99,0.042365699,0.001057927,0.000329076,0.000248024,2.18151E-37,0.002828561,0.004627226,0.065861766,0.001048579,2.9023E-06,0.002226335,0.006269611,4.24191E-71,0.001146738,0.000123143,0.000631244,0.000230705,9.3227E-99,0.007879801,2.28409E-75,0.000742737,2.29192E-07,0.003577278,0.001085426,9.19964E-05,0.000206741,3.45536E-09,0.008470249,0.000741027,0.000113061,0.000331498,3.52761E-75,4.59208E-26,3.84385E-30,1.95294E-11,0.000382931,0.0002714,4.36262E-72,0.090647902,0.030176722,0.00151475,0.000642691,0.00062425,0.000431444,0.000809848,0.001120821,0.000612332,0.000543109,5.17758E-56,0.000275876,0.00136039,0.08097025,0.000273372,0.000285544,0.055432906,0.000882544,0.000716052,8.99924E-05,0.000398608,0.000228179,0.000215706,3.17487E-05,8.85563E-05,5.95766E-55,2.96481E-84,0.048706558,0.001563689,0.000948666,0.000784158,0.007423479,0.034309505,0.001497054,0.001468513,0.000751283,0.000594377,0.00145907,0.000608646,0.00062415,0.00040963,0.001649854,0.000262276,0.000211306,7.62956E-05,0.000116929,8.79756E-05,9.29576E-05,0.000106689,9.50634E-05,0.00018734,0.000251997,0.000676967,3.16143E-05
SNORD83B,0.053618842,0.105331434,0.194333994,0.558307055,0.015859163,0.029134016,0.000525095,0.022932842,0.001280778,0.65110073,0.002095374,0.001337286,0.148654696,0.012569991,0.00402492,0.04011741,0.006245283,4.47666E-05,0.001546722,1.4208E-152,0.043155353,0.001052992,0.000329876,0.000456962,2.13286E-37,0.002877061,0.007555329,0.066022008,0.001039263,2.83758E-06,0.005919426,0.008936967,5.29491E-15,0.005697153,0.000123443,0.000642232,0.000535566,3.8765E-152,0.007968561,8.72276E-34,0.000726174,2.2975E-07,0.010868312,0.006324837,0.000685151,0.000207244,0.001240165,0.012914095,0.000804593,0.000113336,0.005183222,0.000194572,0.000539123,0.010159016,0.007469846,0.00841639,0.000368022,4.37323E-72,0.090868448,0.0336013,0.002605902,0.004626004,0.001119039,0.000436573,0.000834218,0.001569075,0.001172852,0.000552021,0.000196923,0.00145664,0.001689867,0.080266025,0.000789438,0.000666248,0.055567774,0.001399695,0.001700467,0.000467876,0.000752628,0.001384943,0.000609806,3.28362E-05,0.000325827,0.000879,9.66803E-07,0.049055897,0.0020142,0.009751185,0.007240486,0.027233859,0.034891672,0.002202439,0.001836633,0.001691293,0.001267809,0.00233041,0.001217855,0.00101725,0.00094471,0.002747734,0.00090615,0.000753102,0.000459218,0.000708535,0.00093422,0.002026136,0.000653336,0.000532983,0.000697239,0.000900347,0.001732333,0.000707136
SNORD84,0.062683934,0.114244183,0.228737119,0.076415866,0.01172441,0.030480962,0.003265893,0.055514428,0.00449885,0.700500988,0.011985414,0.003518284,0.152398185,0.008878037,0.005412125,0.07075547,0.022093458,0.004282332,0.011419762,0.00557812,0.051068045,0.009091856,0.006130777,0.004089255,0.004191341,0.010816817,0.013927279,0.068037821,0.011177902,0.0041883,0.012878814,0.020759909,0.003246531,0.017108105,0.004986968,0.006465733,0.00376462,0.00393521,0.02316688,0.004857584,0.011851059,0.006081828,0.006749359,0.005413874,0.003924711,0.006127606,0.002787717,0.016511965,0.00496759,0.004619104,0.005244219,0.002851729,0.002774855,0.002772758,0.002904482,0.004399742,0.004116446,0.003629275,0.090781612,0.035055769,0.007005594,0.00380821,0.006229275,0.003472682,0.004237244,0.006829363,0.00438976,0.004195509,0.002691507,0.002824062,0.014014606,0.50796207,0.002841846,0.003077596,0.056621022,0.006676706,0.003967815,0.003600508,0.004312951,0.004001913,0.00398495,0.003151107,0.00378707,0.002568701,0.002809569,0.050171937,0.01253034,0.003937102,0.004704153,0.0092399,0.046595552,0.009028106,0.01060562,0.004648199,0.004332723,0.007279715,0.004575714,0.00342242,0.003674924,0.016130749,0.004047349,0.003420033,0.002803014,0.003298458,0.002901506,0.003033383,0.003205738,0.003074684,0.003395594,0.003672339,0.005344833,0.002267302
SNORD87,0.05287154,0.103627301,0.184839603,0.068256004,0.002210685,0.01980069,2.17972E-05,0.022766579,0.000668588,0.637547995,0.002034443,0.00023615,0.145618716,0.005379526,0.000913225,0.03948717,0.006105763,4.47877E-05,0.001584993,6.05789E-49,0.042214488,0.001072202,0.000330032,0.000250902,2.26834E-37,0.002822939,0.004612903,0.066053083,0.001069328,3.01783E-06,0.002231057,0.006283935,8.98439E-49,0.001192383,0.000123501,0.000629301,0.000232296,1.6528E-48,0.007910683,3.87609E-49,0.000772301,2.29858E-07,0.003573934,0.001097817,9.56582E-05,0.000207342,3.5929E-09,0.008451683,0.00074318,0.00011339,0.000340659,3.66802E-75,4.77487E-26,3.99685E-30,2.03067E-11,0.000384043,0.000272653,1.19621E-48,0.090911219,0.03007202,0.001529922,0.000644558,0.000638264,0.000432697,0.000813204,0.001136028,0.000620334,0.000541654,5.38367E-56,0.000278141,0.001414538,0.083026219,0.000274193,0.00028736,0.055593929,0.000899438,0.000720285,9.35744E-05,0.000404194,0.000232893,0.000220136,3.30124E-05,9.20812E-05,5.47652E-49,8.44269E-49,0.048755828,0.001611259,0.000956104,0.000794848,0.007396983,0.034247783,0.001526065,0.001504259,0.000760938,0.000603748,0.001480608,0.000618416,0.000627178,0.0004153,0.001715524,0.000269525,0.000215986,7.93324E-05,0.000121583,9.14773E-05,9.66576E-05,0.000110936,9.88472E-05,0.000192717,0.000257591,0.000692653,3.28726E-05
SNORD88A,0.11210774,0.127436313,0.356634934,0.077753157,0.035817986,0.067496184,6.52444E-05,0.059649648,0.002433812,0.791162975,0.010383722,0.001841876,0.360008922,0.007303399,0.004953495,0.091142054,0.041508972,0.006427265,0.010057139,0.005981067,0.07168721,0.029190368,0.014637036,0.002898873,0.002227339,0.029574323,0.027728121,0.081046431,0.020075656,0.002323548,0.02230512,0.038768011,0.008870387,0.02808697,0.008137238,0.012677678,0.002333888,0.016318217,0.03446986,0.003826942,0.00760264,0.001366007,0.005469649,0.005102574,0.000885732,0.010573525,5.34427E-08,0.021933369,0.000803742,0.007669724,0.003457725,2.14587E-08,2.01814E-08,1.70028E-05,0.009872645,0.001211771,0.005028892,0.011810338,0.098292166,0.038905501,0.004132294,0.000696914,0.003496776,0.000467852,0.001110236,0.003977543,0.002102296,0.016521619,1.90016E-08,0.000637551,0.016908793,0.550239066,0.000302787,0.000537905,0.060107526,0.004674779,0.002151696,0.000865069,0.002662287,0.001986177,0.002372917,0.006162437,0.007239181,0.005407021,0.008335552,0.053536758,0.011640183,0.004298456,0.006133544,0.013880107,0.050814636,0.007323428,0.009692872,0.00254167,0.002411168,0.005580509,0.002509478,0.008147997,0.011699242,0.015859103,0.008290775,0.007370794,0.007504189,0.007731939,0.00725834,0.007144667,0.007270645,0.007173333,0.008074528,0.007980283,0.009628978,0.006955362
SNORD88B,0.065256189,0.081323849,0.17752832,0.049686599,0.015109244,0.032519828,2.12338E-05,0.017456321,0.000648962,0.465800575,0.001958623,0.000223907,0.188868949,0.004618878,0.001494593,0.038270457,0.016243928,0.002682114,0.002845077,0.002473509,0.040489383,0.011568495,0.006230618,0.001125646,0.000921123,0.01261909,0.012687873,0.069010936,0.007170853,0.000952211,0.008871915,0.01488435,0.003668433,0.008178229,0.003431584,0.005418093,0.001001245,0.006748559,0.012029696,0.001582651,0.000917737,0.000565021,0.002723374,0.001809769,9.05298E-05,0.004484181,3.38137E-09,0.010857536,0.000731722,0.003232807,0.000822865,4.40446E-13,1.2204E-12,7.02424E-06,0.00408293,0.000707489,0.002181459,0.004884279,0.08950051,0.023587363,0.001492783,0.000634556,0.000613184,0.000425983,0.000799337,0.001103535,0.000602968,0.006992816,4.45768E-13,0.000272004,0.002914973,0.072379079,0.000269905,0.000281705,0.054731254,0.001035449,0.001069394,8.79933E-05,0.000891419,0.000556083,0.000733084,0.002453365,0.00272838,0.002236125,0.003447249,0.044358222,0.001532739,0.001840164,0.00215288,0.007640116,0.025239754,0.001471709,0.001782843,0.000739836,0.000584872,0.001436115,0.000598867,0.003135186,0.00462972,0.001613184,0.002948328,0.002772478,0.002874734,0.002847122,0.002738049,0.002676105,0.002687043,0.002681648,0.002977152,0.002970139,0.003032069,0.002781697
SNORD88C,0.100412662,0.119475984,0.300421099,0.071063881,0.03116962,0.058699535,0.001960589,0.054885246,0.003159799,0.727615137,0.010753637,0.002069522,0.28428486,0.008602557,0.00499897,0.085447224,0.039821933,0.007200786,0.01248575,0.008366908,0.067432857,0.024531821,0.014331387,0.004202737,0.00442239,0.026449315,0.027834637,0.082311987,0.019832782,0.004462273,0.023303137,0.035891282,0.007659344,0.027097771,0.009023219,0.013165074,0.003707137,0.013212591,0.031569612,0.006185579,0.01105522,0.005946783,0.005387358,0.005219911,0.002605282,0.011789112,0.001424992,0.022938311,0.003871917,0.008325054,0.004653563,0.001511678,0.001421658,0.001283205,0.007812629,0.00362198,0.005886498,0.009977682,0.102212969,0.037806957,0.005861958,0.00253226,0.004941832,0.002215825,0.003048116,0.005631088,0.003069735,0.013212675,0.001338516,0.001442731,0.015055833,0.507866023,0.001507828,0.001745634,0.06309236,0.005654083,0.003269957,0.002254326,0.003800693,0.003187825,0.003481517,0.005589057,0.00657608,0.004673934,0.006837486,0.054300938,0.011141376,0.003905412,0.0054247,0.011340671,0.046598489,0.007744233,0.009842445,0.003322504,0.002968888,0.006001534,0.003227889,0.00612806,0.00889656,0.014646234,0.00685716,0.006030895,0.005746152,0.00614731,0.005606318,0.005626114,0.005821378,0.005698491,0.006339812,0.006534108,0.007609193,0.005114648
SNORD89,0.145331301,0.149236275,0.325849248,0.107128637,0.077535071,0.110726824,0.041175883,0.095009138,0.038691015,0.823235234,0.047974389,0.035947541,0.28461961,0.048274983,0.039816001,0.145863643,0.099002669,0.048545241,0.05877145,0.05510838,0.124859844,0.065890005,0.059332585,0.043482321,0.046891757,0.07401191,0.084047434,0.090809329,0.067536542,0.046771383,0.078165312,0.087583468,0.044407219,0.07749678,0.052333294,0.059139471,0.042828016,0.050408334,0.075584385,0.050788604,0.059553268,0.056126009,0.039197627,0.040312437,0.041530738,0.058478411,0.038879067,0.072995112,0.046823491,0.050276856,0.043369581,0.039283876,0.038867953,0.038098749,0.042387748,0.04511781,0.045691769,0.047197897,0.096577326,0.082722083,0.044953433,0.041062921,0.043677521,0.040541837,0.041995664,0.044824139,0.039325619,0.049359189,0.038419365,0.036674192,0.050264588,0.632223604,0.037979859,0.038349801,0.074334547,0.04327206,0.040331192,0.039945428,0.041744335,0.041011312,0.041389597,0.041682958,0.043117418,0.03959216,0.041876878,0.075433647,0.046458114,0.036989465,0.039113157,0.042877495,0.083271098,0.043980512,0.046839495,0.039001258,0.037944206,0.041289372,0.038842681,0.03828115,0.041523233,0.04969736,0.041135999,0.040060218,0.038747968,0.039782139,0.038691208,0.039049075,0.039546937,0.039297023,0.039610284,0.040632063,0.039761958,0.037522845
SNORD90,0.093444739,0.096339653,0.216448667,0.547207976,0.039151468,0.055178583,0.000537663,0.015252512,0.001405071,0.484273666,0.001985614,0.001239554,0.257378021,0.012793164,0.005246849,0.043912555,0.024321966,0.004604949,0.003904566,0.004251735,0.049120747,0.019359998,0.01067037,0.002040907,0.001583325,0.0202261,0.022540545,0.110719551,0.011570845,0.001632608,0.017627023,0.024370846,0.006305701,0.017051499,0.0058838,0.009025539,0.001969518,0.011600156,0.015699852,0.002720433,0.000514068,0.000971191,0.010243236,0.007963584,0.000626873,0.007683086,0.001256359,0.018998311,0.001231405,0.005543331,0.006003027,0.000197113,0.000546164,0.010303765,0.014585585,0.009307585,0.003798169,0.008395629,0.142964723,0.028795741,0.003110187,0.005047366,0.001053346,0.000684582,0.001264477,0.001796958,0.001312281,0.011784651,0.000199495,0.00157889,0.003427306,0.033999137,0.000952309,0.000800502,0.087425631,0.001695937,0.00267269,0.000407255,0.001687678,0.001958509,0.001500313,0.004173471,0.004805412,0.004734173,0.005926485,0.065227391,0.001399082,0.011801092,0.009851847,0.029473566,0.025473761,0.002200951,0.002159854,0.001871413,0.00134822,0.002569299,0.001292969,0.00536397,0.00829374,0.001560178,0.005461848,0.005146851,0.005221814,0.005328501,0.005439778,0.00642741,0.005022222,0.004919183,0.005442566,0.005561803,0.005719663,0.005421276
SNORD91B,0.052975868,0.103876753,0.185398693,0.068451669,0.002213986,0.019858255,2.18449E-05,0.022853731,0.000670463,0.639417749,0.002042977,0.000237745,0.146013192,0.005393019,0.000915935,0.039616394,0.00612744,4.48044E-05,0.001590495,6.78825E-65,0.042335501,0.00107505,0.000330155,0.000251468,2.28678E-37,0.002831596,0.004625536,0.066077718,0.001073596,3.04236E-06,0.00223893,0.006306579,1.00676E-64,0.001202075,0.000123547,0.000630985,0.000232584,1.85206E-64,0.00794001,4.3434E-65,0.000778579,2.29944E-07,0.003584277,0.001100245,9.64358E-05,0.000207419,3.6221E-09,0.00847525,0.000743457,0.000113432,0.000342578,3.69783E-75,4.81368E-26,4.02934E-30,2.04718E-11,0.000384186,0.000272856,1.34043E-64,0.090945125,0.030158605,0.001532847,0.000644798,0.000641168,0.000432859,0.000813727,0.001139064,0.000621926,0.00054302,5.42743E-56,0.000278565,0.001426037,0.083560037,0.000274302,0.000287683,0.055614663,0.000902906,0.000721024,9.4335E-05,0.000405312,0.000233865,0.000221049,3.32808E-05,9.28297E-05,6.24515E-55,9.46056E-65,0.048809404,0.001621264,0.000957484,0.000796983,0.007418187,0.03435362,0.001532025,0.001511701,0.000762855,0.000605644,0.001484941,0.000620396,0.000629639,0.000416434,0.001729468,0.000271043,0.000216955,7.99773E-05,0.000122571,9.22209E-05,9.74433E-05,0.000111837,9.96507E-05,0.000193845,0.00025875,0.00069591,3.31398E-05
SNORD92,0.053000329,0.103831631,0.185084493,0.068391589,0.002211943,0.01983666,2.17491E-05,0.022720215,0.000665877,0.638638119,0.002017705,0.000232392,0.145919527,0.005391181,0.000909076,0.039498534,0.006100424,4.49329E-05,0.001575392,1.50933E-84,0.042298344,0.00106833,0.000331101,0.0002503,2.22291E-37,0.002826185,0.004622131,0.06626716,0.001061183,2.95737E-06,0.002228972,0.006277044,4.3224E-71,0.001168497,0.000123901,0.000630612,0.000232445,4.11795E-84,0.007896369,2.32743E-75,0.00075683,2.30603E-07,0.003577597,0.001095316,9.3742E-05,0.000208014,3.52092E-09,0.00846532,0.000745588,0.000113757,0.000336386,3.59454E-75,4.67922E-26,3.91678E-30,1.98999E-11,0.000385288,0.000273232,4.38947E-72,0.09120586,0.03013017,0.001527816,0.000646647,0.000632331,0.000434099,0.000815181,0.001131872,0.000618263,0.000542824,5.27582E-56,0.000278082,0.001386202,0.081953328,0.000275064,0.000287644,0.055774108,0.000892955,0.000721208,9.16999E-05,0.0004026,0.000230991,0.000218355,3.23511E-05,9.02366E-05,6.0707E-55,5.12457E-84,0.048896039,0.001588263,0.000956132,0.000791907,0.007411677,0.034283754,0.001514837,0.001488489,0.000758504,0.000600692,0.001474061,0.000615172,0.00062565,0.000413707,0.001681158,0.000266144,0.000214019,7.77433E-05,0.000119147,8.96449E-05,9.47214E-05,0.000108713,9.68671E-05,0.000190172,0.000255237,0.0006859,3.22141E-05
SNORD93,0.053384016,0.105020768,0.194071261,0.550969594,0.015649175,0.028969377,0.000517673,0.02302401,0.001273865,0.650128891,0.002115003,0.00132644,0.148308815,0.012449636,0.003982655,0.040140088,0.006258251,4.43664E-05,0.001557571,2.5252E-104,0.043073774,0.001055879,0.000326927,0.000454028,2.20219E-37,0.00287509,0.007502983,0.065431783,0.001049412,2.92981E-06,0.005870504,0.008915285,5.21682E-15,0.005666101,0.000122339,0.000640679,0.000530018,6.8895E-104,0.007996353,8.5941E-34,0.000749776,2.27696E-07,0.010758043,0.006247979,0.000679295,0.000205391,0.001221874,0.012835619,0.000797042,0.000112323,0.005117673,0.000191702,0.000531172,0.010009176,0.00735967,0.008294483,0.000364683,4.33414E-72,0.090056102,0.033503271,0.002588075,0.004561516,0.001119519,0.000432647,0.000827729,0.001565536,0.001165929,0.00055045,0.000194018,0.001438364,0.001727791,0.081932314,0.000779416,0.000659165,0.055071009,0.001399871,0.001681912,0.000465133,0.000748694,0.001370278,0.000606229,3.38186E-05,0.000325113,0.000866035,9.52544E-07,0.048719629,0.00204068,0.009618008,0.007147465,0.026929413,0.034872801,0.002205659,0.001852542,0.001678899,0.001260935,0.002323464,0.001212193,0.001014433,0.000938063,0.002783428,0.000901411,0.000747673,0.00045597,0.000703487,0.000924505,0.002000546,0.000648629,0.000529513,0.000693334,0.000893855,0.001725737,0.000698167
SNORD94,0.147261721,0.120261809,0.260741625,0.078043262,0.07303971,0.110101107,0.025364834,0.066225202,0.018309826,0.760174462,0.027767309,0.013478036,0.224872925,0.032942339,0.018571395,0.143075176,0.105913697,0.035817376,0.050328576,0.048642239,0.126036878,0.054108712,0.051644806,0.027866482,0.035026636,0.069325204,0.089483,0.080275976,0.061825316,0.034775629,0.081025943,0.085242513,0.026241536,0.07289314,0.042022173,0.052185226,0.027115541,0.033365316,0.062064733,0.0415699,0.05250194,0.053255154,0.016372348,0.019635275,0.025115101,0.052343187,0.021025051,0.069558314,0.035816088,0.038414673,0.026497651,0.021794809,0.020997416,0.019610395,0.021845989,0.032341652,0.031141827,0.030090371,0.083919475,0.06940896,0.028937518,0.02487205,0.026597542,0.023992056,0.026288704,0.028582023,0.019894055,0.03107368,0.020231688,0.01628741,0.026345942,0.559643024,0.019166461,0.019605759,0.059793237,0.024855089,0.022330212,0.022141003,0.024404223,0.023431743,0.023964439,0.022642217,0.024470025,0.01927468,0.02190467,0.057532813,0.023076561,0.014390507,0.016812124,0.017451178,0.055779621,0.023339908,0.026479899,0.01885241,0.016876822,0.020182806,0.018462671,0.014073702,0.018533513,0.024412356,0.019516734,0.01831257,0.015850803,0.017516665,0.015829858,0.016569434,0.017384184,0.017017923,0.016916086,0.018951787,0.015109903,0.014020514
SNORD96A,0.054470527,0.106256625,0.190196121,0.075829394,0.003514935,0.021416454,0.001159148,0.024874986,0.001829604,0.651524209,0.003307467,0.001401831,0.149189806,0.006663904,0.002113755,0.041761836,0.007462219,0.001176504,0.00280551,0.001130334,0.044128191,0.002248615,0.001460026,0.0013911,0.001132493,0.004025383,0.005855939,0.066629454,0.002273078,0.001134449,0.003485283,0.007677655,0.001133082,0.002557554,0.001255497,0.001771346,0.00136804,0.001134168,0.009366143,0.001132423,0.002025224,0.001132613,0.004857102,0.002313085,0.001244739,0.001336199,0.001140612,0.009790456,0.001866141,0.001240495,0.001555075,0.001129829,0.00113329,0.001231534,0.001207218,0.001591329,0.001401079,0.001127884,0.091272291,0.03179334,0.002704279,0.001807216,0.00181856,0.001554169,0.001937482,0.00231187,0.001775338,0.001679714,0.001126941,0.001420648,0.0027597,0.093275716,0.001402612,0.001418713,0.056253442,0.00208881,0.00186067,0.001238221,0.001551555,0.001388403,0.001366552,0.001165,0.001236038,0.001135206,0.001126745,0.049854446,0.002924423,0.00218806,0.002021428,0.00886852,0.03620235,0.002759567,0.002766074,0.001924762,0.001766051,0.00268253,0.001782539,0.001789582,0.001566662,0.003115423,0.001432322,0.001367087,0.001224241,0.001275148,0.001243197,0.001260624,0.001262431,0.001247351,0.001347251,0.001413057,0.001889282,0.001174017
SNORD97,0.123866565,0.12156772,0.215489778,0.077166203,0.046199432,0.077675888,0.014420468,0.028867656,0.009181485,0.718392936,0.012045727,0.005707026,0.207986251,0.021953703,0.00899505,0.092358657,0.066017137,0.02134686,0.028708776,0.029879468,0.098330185,0.032474838,0.032061958,0.015970583,0.020847232,0.043985756,0.058797074,0.103514128,0.036603069,0.020677126,0.050620246,0.051954112,0.015050406,0.040079709,0.0255362,0.032449173,0.015652059,0.019716381,0.034768722,0.025187451,0.028675628,0.032971547,0.009194129,0.010098611,0.013877417,0.032513797,0.011610137,0.046500949,0.0220518,0.023199311,0.014211704,0.01212036,0.01159327,0.010715947,0.012190508,0.019485412,0.018445278,0.017532685,0.125961202,0.055568189,0.016405566,0.014724201,0.013915673,0.01397199,0.01563878,0.015668116,0.010393993,0.018503387,0.011098869,0.00847673,0.008230424,0.105986191,0.010627348,0.010776497,0.081742371,0.012614602,0.012737689,0.011924189,0.013489706,0.012769638,0.01314758,0.012501422,0.013423863,0.010420217,0.012145181,0.069217034,0.007403038,0.007227554,0.008100374,0.012203621,0.040890431,0.010447986,0.011419855,0.009608981,0.008157274,0.009499791,0.009154949,0.006665883,0.009580444,0.005503613,0.009819952,0.009370671,0.007838561,0.008728642,0.007766907,0.008227627,0.008696778,0.008512599,0.008306023,0.009695968,0.006117419,0.006862511
SNORD98,0.073508692,0.111125564,0.238818384,0.074461527,0.013050621,0.036566007,2.44205E-05,0.026922271,0.000781208,0.699310083,0.002603193,0.000350567,0.224078534,0.006192823,0.00158097,0.051913821,0.016643318,0.002217701,0.003018235,0.002038495,0.054080214,0.009915596,0.005188548,0.001008435,0.000759126,0.011820019,0.012637837,0.067622072,0.006411137,0.000787218,0.008492381,0.015638822,0.00302327,0.007716763,0.002848171,0.004758191,0.000880006,0.005561698,0.014168936,0.001304312,0.001388872,0.000465689,0.003947557,0.001841244,0.000152986,0.003729291,6.88835E-08,0.012942547,0.000723967,0.002682708,0.000885455,9.90876E-09,2.74554E-08,6.30624E-06,0.003365251,0.000645964,0.001850774,0.004025287,0.08855303,0.034217085,0.001678487,0.000628041,0.000834877,0.000421473,0.000809653,0.001315368,0.000712989,0.00600418,1.00285E-08,0.000296565,0.003560887,0.118846727,0.000267587,0.0002972,0.054151852,0.001264765,0.001038392,0.000149178,0.000882331,0.000571167,0.000710335,0.002048933,0.002323972,0.001842905,0.002840985,0.049144475,0.00232117,0.001759156,0.002059513,0.009926634,0.038081984,0.00191737,0.002296306,0.000871787,0.000721657,0.001744472,0.000742203,0.002932914,0.003965958,0.002734596,0.002593678,0.002395251,0.002434153,0.002446012,0.002331478,0.002284725,0.002305363,0.002291011,0.002574315,0.002579654,0.002865325,0.002319441
SNORD99,0.073336757,0.111054242,0.239169751,0.074588454,0.01301374,0.03658559,2.42098E-05,0.026969767,0.000776191,0.700721969,0.002592761,0.000350314,0.224169352,0.006193127,0.001573446,0.05198761,0.016640924,0.002213698,0.003006455,0.002035227,0.054161202,0.009893424,0.005176937,0.001005157,0.000757909,0.011812285,0.012632099,0.066855076,0.006397177,0.000785968,0.008486948,0.015638624,0.003018422,0.007708956,0.002842372,0.00475239,0.000876627,0.005552779,0.01417437,0.001302221,0.001389754,0.000464939,0.003950469,0.001830723,0.000153095,0.003721244,5.73829E-09,0.01294617,0.000715393,0.002677275,0.000883625,9.33018E-13,2.58523E-12,5.77964E-06,0.003359474,0.00064069,0.001845266,0.004018832,0.08750463,0.034281544,0.001664735,0.000620405,0.000831961,0.000416483,0.000800641,0.001306622,0.000708087,0.005995659,9.44292E-13,0.000293834,0.003560853,0.118988968,0.000264409,0.000294229,0.053510736,0.001259395,0.001030345,0.000149296,0.000878615,0.000569468,0.000708481,0.00204578,0.002320604,0.001839905,0.00283643,0.048777458,0.00231833,0.001748201,0.002051275,0.009939102,0.038157053,0.001908771,0.002290023,0.000865702,0.000717461,0.001733691,0.000737972,0.002930689,0.003957197,0.00273706,0.002589357,0.002390833,0.00243055,0.002442549,0.002328064,0.002281352,0.002302085,0.002287712,0.002570146,0.002574834,0.002859181,0.00231582
TERC,0.327038292,0.2916933,0.584427566,0.269981466,0.249232162,0.295162684,0.19193693,0.213360278,0.192111628,0.927956534,0.192087479,0.191699754,0.701846574,0.199535721,0.194654042,0.273564577,0.249340629,0.203363685,0.198072947,0.202738123,0.285722843,0.239464227,0.218017879,0.196047507,0.19623774,0.241307721,0.237694501,0.209286308,0.219075767,0.196276824,0.225726953,0.242556009,0.209846382,0.223067935,0.206586886,0.214283981,0.195524994,0.22334531,0.225312043,0.199142264,0.192972073,0.194598615,0.195476081,0.19539275,0.192216888,0.211085618,0.191816995,0.220753976,0.192227834,0.205592704,0.194386272,0.19187491,0.191869209,0.191772017,0.211462731,0.193495707,0.200364097,0.213204139,0.192236647,0.234634496,0.192192231,0.192061089,0.191829666,0.191922623,0.192182952,0.192119341,0.192115516,0.223028039,0.191611577,0.191943541,0.198437503,0.221953904,0.191933193,0.191958185,0.192317232,0.192850105,0.193729393,0.192076698,0.194363933,0.193605073,0.194412077,0.202713192,0.203746189,0.20158327,0.20704328,0.209054299,0.191911945,0.195813407,0.198102004,0.210349097,0.230334671,0.192078265,0.193669409,0.192106844,0.192125697,0.192183809,0.192200397,0.206656324,0.212015792,0.191524261,0.205196478,0.204705331,0.206014053,0.205520702,0.205351314,0.204930352,0.204895611,0.204933886,0.205862228,0.205345109,0.204396941,0.206054096
