disease,SnoRNA,Score
1,15,0.9999967242753972
6,165,0.9999912939171984
4,13,0.999986149712532
16,171,0.9999836664116756
16,153,0.9999830458855692
1,113,0.997400092444905
1,139,0.9973707639163044
1,198,0.9973707639163044
1,14,0.9973707639163044
16,8,0.9973646286646338
16,22,0.9973646286646338
16,104,0.9973646286646338
4,125,0.997363497402218
0,9,0.997265563120422
1,9,0.9971164044845836
4,211,0.9969791572756832
6,211,0.9969154724187912
1,211,0.9969154724187912
6,135,0.996507886369609
1,0,0.996507886369609
4,9,0.9964009740023112
6,94,0.9962144671402988
1,94,0.9962144671402988
4,44,0.9962113103265474
4,154,0.9960288190918292
4,214,0.995898999443873
4,7,0.9956675800952778
4,94,0.9956675800952778
16,101,0.9956267271938558
6,182,0.995578778774241
4,106,0.9955760016642766
4,175,0.9955760016642766
4,174,0.9955760016642766
4,140,0.9955627575410436
1,10,0.9955520362891216
4,143,0.9954540320467634
1,7,0.9952056837825382
0,214,0.9951833348532938
1,76,0.9950890889727564
1,80,0.9950890889727564
1,78,0.9950890889727564
4,4,0.9949369452136062
1,115,0.9945473710382648
16,9,0.994519640339992
4,169,0.9942186325439044
4,138,0.9940569820675732
1,205,0.9938783351248914
4,178,0.9936474604444366
4,166,0.9935091069884044
4,161,0.9935091069884044
4,108,0.9934780032992824
4,0,0.9934344886385844
4,34,0.9931797449813324
1,219,0.9931590463021094
4,119,0.9931576736461244
4,139,0.9931224675590316
4,213,0.9930773143856292
4,27,0.9930773143856292
4,157,0.9930438253055792
16,199,0.9926178440461488
16,213,0.9923409451389263
16,2,0.9923409451389263
4,168,0.9921235957581268
6,84,0.9920939194276316
4,105,0.9919040650970744
4,73,0.9918954676046964
4,29,0.9918954676046964
4,67,0.9918954676046964
4,63,0.9918954676046964
4,74,0.9918954676046964
4,88,0.9916475235977272
1,133,0.991559379086398
0,189,0.9915019294252172
6,97,0.991499790251848
1,97,0.991499790251848
2,72,0.9914509750954608
20,130,0.9914186456335063
0,48,0.991398076511606
1,151,0.991371412400884
1,153,0.991371412400884
16,107,0.9912878033503572
1,124,0.9912379786139182
1,132,0.99123558437194
1,2,0.99123558437194
16,87,0.990638120817294
0,208,0.9905753669166336
1,70,0.9905060971958164
6,70,0.9905060971958164
0,45,0.9902664764856464
6,186,0.9901229864532806
6,37,0.9900570504334846
1,166,0.9900570504334846
6,166,0.9900570504334846
1,179,0.9900069455861298
1,180,0.9900069455861298
1,145,0.9896687003157668
4,17,0.9896643634405556
4,202,0.9895102183833994
0,121,0.9891926483064576
16,105,0.9886289200729842
16,154,0.9886289200729842
1,21,0.988580476066244
16,43,0.9884390062470256
16,202,0.9884390062470256
0,92,0.9883005746855674
16,180,0.9880820834497186
0,170,0.987909880972942
0,57,0.987909880972942
4,14,0.9879029415815568
4,15,0.9879029415815568
0,70,0.9878205122700268
2,20,0.9877435113293104
4,31,0.9876076833717822
6,113,0.987607385973026
0,44,0.987554535995022
16,102,0.9874703263742876
4,193,0.9872382303256254
4,217,0.9871895147967236
4,122,0.987173245681606
1,12,0.9869234570435343
4,50,0.9867426217160062
1,31,0.986627702114194
4,72,0.9864971248720218
4,68,0.9864971248720218
4,64,0.9864971248720218
4,66,0.9864971248720218
1,27,0.9862293703286508
1,98,0.9861992968244716
6,98,0.9861992968244716
1,29,0.9861878881269612
6,29,0.9861878881269612
1,108,0.9861017846442968
1,138,0.9860213191197476
16,156,0.9858502586767752
4,71,0.98581520224483
4,75,0.98581520224483
2,70,0.9857516064959108
0,119,0.9856720713783204
1,117,0.9856205951176842
6,176,0.9855973449699325
2,65,0.985415572388772
2,63,0.985415572388772
2,64,0.985415572388772
2,71,0.985415572388772
2,74,0.985415572388772
2,68,0.985415572388772
2,66,0.985415572388772
2,67,0.985415572388772
2,75,0.985415572388772
2,73,0.985415572388772
1,51,0.9852651457021282
16,133,0.9852651294499388
16,169,0.9852109896858418
16,151,0.984969385901491
16,189,0.984848752465359
6,139,0.9848196701503656
1,118,0.9847491280802536
16,13,0.9845439947522968
1,102,0.9844019396375668
16,100,0.984341243108482
6,187,0.9843019232321264
1,204,0.9843019232321264
6,204,0.9843019232321264
1,217,0.9840947621903824
2,216,0.9838522035574022
2,9,0.9835751019439252
6,193,0.983484264797338
1,193,0.983484264797338
1,101,0.983484264797338
4,170,0.9833547275218322
4,28,0.9833340592885036
1,17,0.9831678359315096
4,1,0.9828200271693844
22,195,0.9827083710407366
0,122,0.9825737644869004
1,53,0.9824959706009478
1,49,0.9824959706009478
4,97,0.9824720321601674
2,127,0.9820518922066064
0,33,0.9819520659127388
16,32,0.9818701922497396
16,98,0.9818701922497396
1,111,0.981814941355369
16,95,0.9815581040512208
16,27,0.9815581040512208
16,26,0.9815581040512208
16,196,0.9815581040512208
16,135,0.9815581040512208
2,45,0.9814801182971072
25,130,0.98137918332803
15,130,0.98137918332803
12,130,0.98137918332803
14,130,0.98137918332803
18,130,0.98137918332803
8,130,0.98137918332803
0,188,0.981339741485204
4,177,0.9813001802815496
0,176,0.9811310255590762
1,96,0.9808459612634712
6,96,0.9808459612634712
2,82,0.9807491906538248
6,216,0.9806139797319418
6,178,0.9806139797319418
1,216,0.9806139797319418
0,185,0.9805911930454452
0,88,0.980515105876064
0,202,0.9803400801175074
0,174,0.9795721188976688
6,55,0.9791021804068548
6,184,0.9790531645300375
1,184,0.9790531645300375
0,76,0.9790168687658864
16,117,0.9789261708184418
1,152,0.97884882355059
2,26,0.9787560203159482
2,25,0.9787560203159482
16,66,0.9787322154127392
16,65,0.9787322154127392
16,64,0.9787322154127392
16,74,0.9787322154127392
16,63,0.9787322154127392
16,72,0.9787322154127392
16,73,0.9787322154127392
16,67,0.9787322154127392
16,68,0.9787322154127392
6,81,0.9781317102813823
4,132,0.9776848175390926
0,106,0.9776456065490547
0,29,0.9776456065490547
0,52,0.977417455577844
0,59,0.977417455577844
11,130,0.9770132156219778
10,130,0.9770132156219778
22,130,0.9770132156219778
0,17,0.9769834150878935
0,94,0.9769227797879464
16,69,0.976225812098756
0,32,0.9761827719016724
16,191,0.9759985202064356
16,88,0.9759791066635192
6,43,0.9755836564047804
1,131,0.9751023772135856
4,205,0.9747697988884936
16,11,0.9742542727156904
2,121,0.9741030321654252
16,192,0.9740652231801477
16,162,0.9740652231801477
16,134,0.9740600711442402
1,189,0.9738585298568768
16,30,0.9735232864473584
0,2,0.9734852194213444
2,84,0.9728690284590388
2,129,0.9721874575787608
2,152,0.9721874575787608
4,126,0.9719357125881124
4,130,0.9718745901731533
6,175,0.971856199652124
1,175,0.971856199652124
6,13,0.9711954956080148
1,13,0.9711954956080148
16,219,0.9707987715896674
4,107,0.9707642980236304
16,158,0.970746645312261
6,115,0.97068939122125
2,87,0.9702154302205578
1,122,0.969291363840138
6,122,0.969291363840138
2,12,0.9690067480442758
2,10,0.9689344969637051
16,44,0.9688761470578814
6,82,0.9688182218303792
6,77,0.9688182218303792
6,80,0.9688182218303792
6,76,0.9688182218303792
6,78,0.9688182218303792
16,145,0.9688163706673282
0,39,0.9686252977247948
0,212,0.968421872935983
1,149,0.9683255749436076
6,149,0.9683255749436076
4,10,0.9681856518924772
0,120,0.96791331330553
1,173,0.9677126371908426
4,116,0.9676988245031296
2,163,0.9676788434413748
0,47,0.9671581789178428
0,171,0.9667880615215344
16,75,0.9660021261703264
16,71,0.9660021261703264
5,34,0.9657991439340272
0,73,0.965248308793504
0,65,0.965248308793504
0,67,0.965248308793504
0,74,0.965248308793504
1,85,0.965180575577748
0,165,0.9633679604938092
6,40,0.963147184291616
16,47,0.9631021633388468
0,143,0.9623591618294184
4,209,0.9616809298757598
5,104,0.9596507292813846
4,185,0.9595826260880176
0,11,0.959365729343587
0,114,0.9593091898283324
0,10,0.9582954329152792
20,195,0.9581864941037664
20,104,0.9581864941037664
6,44,0.9580878895873982
1,44,0.9580878895873982
0,95,0.957566987048394
6,119,0.9568880655289153
1,119,0.9568880655289153
0,200,0.9567679168591012
6,205,0.955844915218282
2,89,0.9553643634856162
6,16,0.9551707670072052
1,16,0.9551707670072052
16,93,0.9547002194458344
9,186,0.9545330516870172
1,196,0.9537966278675986
6,196,0.9537966278675986
20,184,0.9534717200636552
2,4,0.9532435144204128
6,69,0.9531809237422983
0,213,0.9526778849098348
0,157,0.9526055769839488
6,194,0.952429460824184
1,194,0.952429460824184
16,212,0.952407523488036
1,35,0.9521864583948216
6,35,0.9521864583948216
16,164,0.951719243801256
2,7,0.95143335424103
6,133,0.9510724741885852
0,103,0.9510226368286888
0,178,0.9509163196403484
9,137,0.9501568156834564
7,137,0.9501568156834564
0,190,0.9498363635406678
1,33,0.9487630618646024
6,33,0.9487630618646024
6,219,0.94834712722723
0,155,0.9482301071072904
2,91,0.9481315754802524
4,69,0.9479987785876056
2,36,0.9478756678222944
4,45,0.9477955963548438
1,107,0.947540726539682
6,107,0.947540726539682
4,165,0.9474461222960924
2,44,0.9473122212670289
2,17,0.9473122212670289
6,153,0.9469824138959608
6,151,0.9469824138959608
1,199,0.946816298404196
6,199,0.946816298404196
2,34,0.946417842878942
0,216,0.9464064701296628
0,138,0.9462136010795796
2,186,0.9460175309080728
0,163,0.9452572455924756
0,86,0.945137001327556
23,34,0.9451026716133722
18,197,0.9451026716133722
12,197,0.9451026716133722
8,197,0.9451026716133722
15,197,0.9451026716133722
25,34,0.9451026716133722
15,34,0.9451026716133722
20,34,0.9451026716133722
14,34,0.9451026716133722
8,34,0.9451026716133722
12,34,0.9451026716133722
13,34,0.9451026716133722
25,197,0.9451026716133722
23,197,0.9451026716133722
14,197,0.9451026716133722
20,197,0.9451026716133722
6,218,0.9447726881914053
1,218,0.9447726881914053
16,167,0.9447112950666928
6,42,0.9445690467962418
0,182,0.9439742115632808
24,219,0.9427556901663384
0,193,0.9426829888864344
1,157,0.9407410128324452
24,140,0.9403278628099888
4,21,0.9399715306994954
0,205,0.939858067574566
4,112,0.939746594920256
0,166,0.9396526620980092
1,22,0.9389861699310028
10,104,0.9384182534341632
11,104,0.9384182534341632
22,104,0.9384182534341632
0,51,0.9381708065311384
0,75,0.9381509885897796
0,71,0.9381509885897796
16,161,0.9381385853285178
4,123,0.9381054766200608
6,124,0.9375010764753556
0,5,0.9368684627057852
16,193,0.936087039171483
6,145,0.9357937125136916
9,92,0.9350867997105554
7,92,0.9350867997105554
16,19,0.9350317113369676
16,99,0.9342983774459498
1,1,0.9340173194130996
6,1,0.9340173194130996
1,23,0.93393676570557
6,23,0.93393676570557
6,99,0.93393676570557
1,99,0.93393676570557
0,149,0.9328757467038185
1,121,0.9299601409882764
0,56,0.9295560781856836
0,58,0.9295560781856836
4,115,0.9294277948216236
20,137,0.9290527226137806
20,43,0.9290527226137806
0,217,0.928537138000185
2,38,0.927745483017186
5,184,0.927170399111619
0,68,0.9262798676613538
0,66,0.9262798676613538
0,64,0.9262798676613538
1,88,0.925988294195237
0,168,0.9259803540980428
0,72,0.925274169646535
1,192,0.9252472663587776
6,192,0.9252472663587776
2,15,0.925125816851694
4,86,0.9247403412381024
6,154,0.9246109588019048
1,154,0.9246109588019048
6,170,0.9246109588019048
1,170,0.9246109588019048
6,57,0.9246109588019048
0,85,0.924462418298088
24,209,0.9243909090244012
16,182,0.9241120159609146
16,188,0.9241120159609146
24,137,0.9230612685952716
4,187,0.9223759477415632
6,30,0.9213882109304112
16,186,0.9211225517176987
0,87,0.9200384657411986
0,78,0.9197612842545754
0,80,0.9197612842545754
0,82,0.9197612842545754
16,178,0.9193480808257604
25,195,0.918965135953444
15,195,0.918965135953444
8,195,0.918965135953444
12,195,0.918965135953444
23,195,0.918965135953444
18,195,0.918965135953444
14,195,0.918965135953444
13,195,0.918965135953444
18,104,0.918965135953444
25,104,0.918965135953444
23,104,0.918965135953444
12,104,0.918965135953444
14,104,0.918965135953444
8,104,0.918965135953444
13,104,0.918965135953444
2,16,0.9185448137713392
4,207,0.918516413744309
22,109,0.9180340626535372
11,109,0.9180340626535372
10,109,0.9180340626535372
7,175,0.9175293260406244
9,174,0.9175293260406244
9,175,0.9175293260406244
9,163,0.9175273088500816
7,163,0.9175273088500816
1,20,0.9175201181126174
6,45,0.9175161821484475
1,45,0.9175161821484475
1,4,0.9175161821484475
1,6,0.9175139907139328
6,66,0.9175139741695276
6,68,0.9175139741695276
6,64,0.9175139741695276
1,65,0.9175139741695276
6,74,0.9175139741695276
6,63,0.9175139741695276
1,63,0.9175139741695276
6,65,0.9175139741695276
6,73,0.9175139741695276
6,67,0.9175139741695276
7,150,0.9175064313043484
6,180,0.9174956676088102
11,155,0.9174869827075648
22,155,0.9174869827075648
1,208,0.9174849539039084
6,208,0.9174849539039084
1,207,0.9174849539039084
6,207,0.9174849539039084
6,39,0.9174849539039084
1,62,0.917482503476264
1,59,0.917482503476264
1,52,0.917482503476264
7,149,0.9174809663374468
11,122,0.9174783554595825
10,122,0.9174783554595825
4,212,0.917472846348354
2,207,0.9174724687634642
19,197,0.9174719596324258
3,34,0.9174719596324258
3,197,0.9174719596324258
9,130,0.917468050986418
6,137,0.917467553974566
20,155,0.917467050322933
0,55,0.9174651211513252
0,54,0.9174651211513252
1,48,0.917448654031122
6,32,0.9174455641064077
1,8,0.91743989241709
6,148,0.9174349169047834
9,86,0.9174163945205326
0,140,0.9174147108201438
16,61,0.9174114484270808
16,37,0.9174114484270808
6,174,0.9174065720712028
7,156,0.9174037301079124
7,87,0.9174021936624682
4,12,0.9169393257553088
24,174,0.916265573114986
0,97,0.9158153957216916
0,211,0.9156646991041476
6,117,0.9152472272231924
16,17,0.9150053893933022
0,98,0.9140660721928962
1,127,0.9137332420986324
19,165,0.9131578025036152
3,165,0.9131578025036152
0,7,0.9122679878823922
1,214,0.9116162933251508
6,214,0.9116162933251508
0,84,0.909886619098003
2,190,0.9097645790915666
16,70,0.9084446698769054
4,120,0.9078031578117576
16,160,0.9061128333828222
5,165,0.9058565864983
1,38,0.9056153086274712
6,38,0.9056153086274712
3,130,0.9051872973222967
19,130,0.9051872973222967
6,195,0.9049606505589188
1,195,0.9049606505589188
7,207,0.904264548368632
9,207,0.904264548368632
4,33,0.9038776356863087
6,51,0.9038594595441304
6,126,0.9036356358582468
1,126,0.9036356358582468
4,30,0.9031390683636784
6,95,0.9023399040799228
1,95,0.9023399040799228
4,151,0.9018615899599528
16,195,0.9009211866194968
4,111,0.9007037108906617
0,83,0.8998654136009226
20,96,0.8986723822479431
6,138,0.8978176606014043
6,71,0.8978176606014043
6,75,0.8978176606014043
3,43,0.8964842704343462
19,137,0.8964842704343462
16,50,0.8961621072203534
20,17,0.8956252913801912
20,46,0.8954550924568956
0,150,0.8952520158859737
6,118,0.8944499795487806
1,105,0.8944043688936848
6,105,0.8944043688936848
0,109,0.8943440532188246
4,144,0.8933902519865697
26,103,0.893304884181237
16,170,0.8926884727427397
16,200,0.8918296650623077
0,146,0.8915884271055766
6,49,0.8901234238317628
6,53,0.8901234238317628
20,132,0.8886597260378573
20,36,0.8886597260378573
0,61,0.8871687384850058
24,156,0.8849144550362428
1,143,0.8841910184102973
1,144,0.8841910184102973
1,142,0.8841910184102973
1,141,0.8841910184102973
1,140,0.8841910184102973
0,201,0.8832661921547775
0,135,0.8818420449264941
16,92,0.8803203578713876
16,60,0.8791804038017517
16,40,0.8791804038017517
24,130,0.878207002535969
16,12,0.8763518738634034
1,167,0.8763469421428469
1,116,0.8763469421428469
6,167,0.8763469421428469
6,191,0.8754350516789714
1,191,0.8754350516789714
2,51,0.8753979476355479
0,180,0.8753742627319598
0,179,0.8753742627319598
6,181,0.8749392912858875
1,181,0.8749392912858875
0,36,0.8730523557225593
6,104,0.8707494793972085
1,104,0.8707494793972085
24,87,0.8694119358945421
3,103,0.8684204891710069
19,103,0.8684204891710069
25,184,0.8682437324457982
8,184,0.8682437324457982
15,184,0.8682437324457982
12,184,0.8682437324457982
18,184,0.8682437324457982
14,184,0.8682437324457982
23,184,0.8682437324457982
5,209,0.8672368527585131
6,111,0.8669966508249469
9,157,0.8649501526831105
7,157,0.8649501526831105
16,62,0.8636186417701934
16,53,0.8636186417701934
16,49,0.8636186417701934
16,52,0.8636186417701934
0,203,0.862665581716814
4,148,0.8618575047082998
20,35,0.8617694074037139
4,121,0.861449267157292
16,163,0.8609451673357017
6,90,0.8600107765952175
1,90,0.8600107765952175
19,45,0.8594748486430632
3,45,0.8594748486430632
0,132,0.8594573003344492
6,203,0.8588740502880416
6,152,0.8588740502880416
6,24,0.8574128602149746
0,169,0.856798099973525
4,189,0.8555201756935643
4,127,0.8555201756935643
4,57,0.8548967643488328
2,136,0.8529708659413493
0,4,0.8525054381736998
0,142,0.8520910097432847
0,141,0.8520910097432847
0,96,0.851928700400683
16,79,0.8519136549114884
1,202,0.8518000539178612
6,202,0.8518000539178612
17,197,0.8488777864120911
26,197,0.8488777864120911
0,77,0.8475863588051745
16,58,0.845634604660617
16,56,0.845634604660617
0,18,0.8455369445222402
5,155,0.8450801192911387
5,50,0.8450801192911387
7,108,0.8447923612209055
9,108,0.8447923612209055
0,172,0.8446101780654579
1,164,0.8439993246682714
17,137,0.843689492365911
26,137,0.843689492365911
17,43,0.843689492365911
26,43,0.843689492365911
4,37,0.8427510308800611
2,35,0.8426361174804675
24,203,0.8402913078602696
9,197,0.840234611173127
5,17,0.8385174585756651
5,46,0.8382602167382218
24,162,0.8358480890863527
24,118,0.8358480890863527
20,150,0.8358134942560512
20,182,0.8358134942560512
24,108,0.8353378327224247
22,103,0.8350165858809308
11,103,0.8350165858809308
10,103,0.8350165858809308
5,132,0.8343391743016761
5,36,0.8343391743016761
5,215,0.8343391743016761
6,131,0.8336676782468806
20,45,0.8326682168381855
6,123,0.8320666942340779
1,123,0.8320666942340779
16,203,0.8308298595221663
4,135,0.8300335948426438
25,165,0.8294022158348098
14,165,0.8294022158348098
13,165,0.8294022158348098
12,165,0.8294022158348098
18,165,0.8294022158348098
23,165,0.8294022158348098
15,165,0.8294022158348098
8,165,0.8294022158348098
4,188,0.8278664314498883
16,3,0.8276564287157742
7,33,0.8265188923156399
9,33,0.8265188923156399
5,103,0.8258831200769976
15,96,0.8257192781396622
12,96,0.8257192781396622
23,96,0.8257192781396622
14,96,0.8257192781396622
13,96,0.8257192781396622
18,96,0.8257192781396622
8,96,0.8257192781396622
25,96,0.8257192781396622
6,103,0.8256146539048513
1,103,0.8256146539048513
16,125,0.8256020385975914
2,19,0.8227134850563289
1,79,0.8202834566895364
6,79,0.8202834566895364
0,27,0.8198509949198266
16,183,0.8187027557382377
16,85,0.8187027557382377
0,136,0.818023139288673
4,22,0.817209787282065
4,95,0.817209787282065
20,99,0.8171635353251205
24,214,0.8171242719798751
4,2,0.8168408722867302
24,86,0.8154911077382359
0,21,0.815338545056658
0,173,0.8151566577438879
2,182,0.8148295316890452
2,42,0.8128218618457317
4,181,0.8100048755444483
16,110,0.8093172860447567
5,137,0.8085043600571044
5,43,0.8085043600571044
0,199,0.8068845139408917
24,107,0.8067010460709391
20,105,0.8066023924203988
0,1,0.8059054686466964
0,62,0.8050510467223351
24,175,0.8048126163909106
24,205,0.8048126163909106
24,163,0.8048126163909106
24,157,0.8048126163909106
4,141,0.8039894085773671
4,142,0.8039894085773671
0,124,0.8034769482927492
12,209,0.8025931944071465
8,209,0.8025931944071465
23,209,0.8025931944071465
20,209,0.8025931944071465
13,209,0.8025931944071465
25,209,0.8025931944071465
18,209,0.8025931944071465
15,209,0.8025931944071465
4,51,0.8012685539683115
5,45,0.8008268183036565
6,206,0.8008195334388505
1,206,0.8008195334388505
9,182,0.799930015611366
7,182,0.799930015611366
22,3,0.7998811904835913
11,3,0.7998811904835913
10,3,0.7998811904835913
0,153,0.7991664572133391
24,3,0.798496747027826
4,11,0.7969454731937742
4,36,0.7935078262660378
1,200,0.7934681233147599
6,200,0.7934681233147599
1,155,0.7934681233147599
6,161,0.7934681233147599
1,161,0.7934681233147599
6,155,0.7934681233147599
3,35,0.7922807175583227
19,35,0.7922807175583227
5,44,0.7894449659727919
0,215,0.787649369872779
20,56,0.7872921348423084
20,42,0.7872921348423084
20,162,0.7872921348423084
20,32,0.7872921348423084
20,191,0.7872921348423084
20,58,0.7872921348423084
9,203,0.7850963217990881
7,203,0.7850963217990881
24,207,0.7848773482295229
3,160,0.7835569174730971
19,160,0.7835569174730971
0,69,0.7824605246623888
7,118,0.7801437632777412
9,219,0.7801437632777412
7,219,0.7801437632777412
9,118,0.7801437632777412
4,98,0.7787565379164292
26,34,0.7782025526623342
17,34,0.7782025526623342
22,137,0.7759434143415245
11,137,0.7759434143415245
10,137,0.7759434143415245
7,70,0.773940211914822
9,70,0.773940211914822
1,163,0.7734519748751856
22,184,0.7729191528371807
11,184,0.7729191528371807
10,184,0.7729191528371807
4,176,0.7726734365369394
4,87,0.7726734365369394
16,144,0.7698584804109206
2,77,0.7666560181040758
24,143,0.7665905633037119
6,189,0.7657225252589781
20,44,0.7639088213408134
4,40,0.762882612050258
1,146,0.7627029103014138
16,35,0.7611749447338945
16,126,0.7606706595614494
1,11,0.7600950192665196
1,134,0.7600950192665196
6,134,0.7600950192665196
6,156,0.7600950192665196
1,156,0.7600950192665196
7,131,0.7569497715428176
9,131,0.7569497715428176
6,173,0.7562170996253541
5,38,0.7543284162696279
1,87,0.753204717592432
6,87,0.753204717592432
0,15,0.7530865768406648
6,60,0.7528784714421658
1,60,0.7528784714421658
6,85,0.7494578420767296
9,202,0.7487052708242344
7,202,0.7487052708242344
1,197,0.7478536493141612
6,197,0.7478536493141612
1,100,0.7470544068713858
6,100,0.7470544068713858
20,83,0.7448999864613637
4,167,0.7446864605929274
24,124,0.7441934972762511
16,76,0.7439011852716314
10,46,0.7414115664733605
22,46,0.7414115664733605
11,46,0.7414115664733605
11,50,0.7414115664733605
22,50,0.7414115664733605
10,50,0.7414115664733605
6,72,0.7403076750654066
4,183,0.7395214478782337
24,122,0.7383982282958687
23,50,0.7351472283209644
25,50,0.7351472283209644
8,50,0.7351472283209644
12,50,0.7351472283209644
15,50,0.7351472283209644
14,50,0.7351472283209644
13,50,0.7351472283209644
25,155,0.7351472283209644
13,155,0.7351472283209644
23,155,0.7351472283209644
14,155,0.7351472283209644
8,155,0.7351472283209644
15,155,0.7351472283209644
18,155,0.7351472283209644
18,50,0.7351472283209644
12,155,0.7351472283209644
5,92,0.7313963107834206
17,165,0.726893664709706
26,165,0.726893664709706
6,212,0.7268835263740431
1,212,0.7268835263740431
23,46,0.7264493873923636
8,46,0.7264493873923636
25,46,0.7264493873923636
14,46,0.7264493873923636
18,46,0.7264493873923636
12,46,0.7264493873923636
15,46,0.7264493873923636
13,46,0.7264493873923636
17,160,0.7246981888620289
26,160,0.7246981888620289
20,92,0.7246433463270118
23,17,0.7233899807535814
12,17,0.7233899807535814
18,17,0.7233899807535814
13,17,0.7233899807535814
14,17,0.7233899807535814
8,17,0.7233899807535814
25,17,0.7233899807535814
15,17,0.7233899807535814
9,127,0.7231068283152614
7,127,0.7231068283152614
22,96,0.719786234911951
11,96,0.719786234911951
10,96,0.719786234911951
18,132,0.7188520877133181
25,132,0.7188520877133181
14,132,0.7188520877133181
8,132,0.7188520877133181
8,215,0.7188520877133181
23,132,0.7188520877133181
13,132,0.7188520877133181
13,36,0.7188520877133181
12,215,0.7188520877133181
12,132,0.7188520877133181
14,215,0.7188520877133181
13,215,0.7188520877133181
15,215,0.7188520877133181
25,215,0.7188520877133181
23,215,0.7188520877133181
18,215,0.7188520877133181
8,36,0.7188520877133181
12,36,0.7188520877133181
25,36,0.7188520877133181
23,36,0.7188520877133181
18,36,0.7188520877133181
15,36,0.7188520877133181
14,36,0.7188520877133181
6,159,0.717617327015646
1,159,0.717617327015646
16,197,0.716698274809523
5,160,0.7159779983074651
6,88,0.7158250644332756
24,109,0.7150085847470798
4,147,0.714102827406798
3,209,0.7130344018014343
19,209,0.7130344018014343
5,105,0.7110300422351526
24,33,0.7088037017819224
9,215,0.707988490340752
7,215,0.707988490340752
9,205,0.7071905498105392
7,205,0.7071905498105392
2,187,0.706782192868889
4,153,0.7060317187444553
4,152,0.7060317187444553
14,103,0.7043389826177371
13,103,0.7043389826177371
12,103,0.7043389826177371
25,103,0.7043389826177371
8,103,0.7043389826177371
15,103,0.7043389826177371
23,103,0.7043389826177371
20,103,0.7043389826177371
18,103,0.7043389826177371
4,110,0.7025464771606014
0,111,0.7020229562605013
5,83,0.7001231797112626
20,62,0.6951898700385449
20,54,0.6951898700385449
20,118,0.6951898700385449
20,160,0.6948253652969729
0,81,0.6939415512395153
9,201,0.6929903168788628
1,188,0.6912658852482404
4,103,0.6894619844007859
0,0,0.6887283968756877
24,71,0.6880072301475867
24,75,0.6880072301475867
24,69,0.6880072301475867
22,105,0.6879425408944037
10,105,0.6879425408944037
11,105,0.6879425408944037
17,130,0.6863833504640744
26,130,0.6863833504640744
16,24,0.6855268857449422
9,18,0.6844428320214663
7,18,0.6844428320214663
24,150,0.6836497895667076
7,124,0.6805081879814356
9,124,0.6805081879814356
15,43,0.6797253195395814
12,137,0.6797253195395814
14,43,0.6797253195395814
13,137,0.6797253195395814
18,137,0.6797253195395814
13,43,0.6797253195395814
8,43,0.6797253195395814
12,43,0.6797253195395814
15,137,0.6797253195395814
8,137,0.6797253195395814
14,137,0.6797253195395814
23,137,0.6797253195395814
25,137,0.6797253195395814
23,43,0.6797253195395814
25,43,0.6797253195395814
22,209,0.6786611672353601
10,209,0.6786611672353601
11,209,0.6786611672353601
20,106,0.6786534377954583
6,209,0.6784638100112387
1,209,0.6784638100112387
16,159,0.6778374553741077
4,84,0.6776018676444296
24,61,0.6772549832551807
24,215,0.6767533070580398
24,217,0.6759270285935418
18,45,0.6756016346136993
25,45,0.6756016346136993
15,45,0.6756016346136993
8,45,0.6756016346136993
13,45,0.6756016346136993
12,45,0.6756016346136993
23,45,0.6756016346136993
1,183,0.6741926556928297
1,136,0.6723227018270046
6,136,0.6723227018270046
4,219,0.6713203463264967
1,158,0.6646280398456126
6,158,0.6646280398456126
4,190,0.6636199442693099
6,157,0.6624141604331314
19,106,0.6620072398212284
3,106,0.6620072398212284
5,35,0.6594768780065264
9,11,0.6586094649690117
7,11,0.6586094649690117
10,17,0.6540022353045261
11,17,0.6540022353045261
22,17,0.6540022353045261
16,173,0.6499791428122267
16,115,0.6499791428122267
0,102,0.6483455036648137
3,38,0.6474375160204264
19,99,0.6474375160204264
3,99,0.6474375160204264
19,38,0.6474375160204264
5,109,0.6472739582301805
24,127,0.642925754288442
0,131,0.6421514432796201
0,145,0.6421514432796201
9,123,0.641343100813606
7,123,0.641343100813606
20,109,0.6375533482128475
26,104,0.6364584386533527
17,104,0.6364584386533527
4,60,0.6344609015182228
0,210,0.6330576562101683
9,30,0.6275456714173285
7,30,0.6275456714173285
12,44,0.6255850645738896
13,44,0.6255850645738896
15,44,0.6255850645738896
23,44,0.6255850645738896
8,44,0.6255850645738896
25,44,0.6255850645738896
18,44,0.6255850645738896
6,129,0.6236102323985058
24,96,0.6217913954328089
24,120,0.618349446584376
6,147,0.6168332008375649
24,131,0.6155417460753086
1,86,0.6150977669137419
6,86,0.6150977669137419
4,155,0.6133136988055936
26,35,0.6115878564807731
17,35,0.6115878564807731
3,104,0.6106860033527054
19,104,0.6106860033527054
14,38,0.6100120108192699
12,38,0.6100120108192699
8,38,0.6100120108192699
13,38,0.6100120108192699
15,38,0.6100120108192699
23,38,0.6100120108192699
18,38,0.6100120108192699
25,38,0.6100120108192699
4,89,0.6096320350437072
10,83,0.6077064176555219
11,83,0.6077064176555219
22,83,0.6077064176555219
0,99,0.603771826651965
4,218,0.5976152868850843
6,144,0.5968033046352582
6,143,0.5968033046352582
6,142,0.5968033046352582
6,141,0.5968033046352582
19,96,0.5949167935378662
3,96,0.5949167935378662
16,96,0.5865343927339699
3,44,0.5863209417780667
19,44,0.5863209417780667
15,160,0.5862489154133963
12,160,0.5862489154133963
13,160,0.5862489154133963
8,160,0.5862489154133963
14,160,0.5862489154133963
23,160,0.5862489154133963
18,160,0.5862489154133963
25,160,0.5862489154133963
7,161,0.583086551623506
9,161,0.583086551623506
6,34,0.5830045032998579
1,34,0.5830045032998579
6,54,0.5823595908887428
6,59,0.5823595908887428
6,52,0.5823595908887428
6,62,0.5823595908887428
5,106,0.5822924347133105
4,215,0.5811395761074265
4,216,0.5811395761074265
26,106,0.580750107104499
17,106,0.580750107104499
0,112,0.5800493675192383
16,39,0.5783990607695346
7,61,0.5781706819850946
9,61,0.5781706819850946
6,120,0.5706148707392261
1,120,0.5706148707392261
1,168,0.5684635251588107
6,168,0.5684635251588107
0,133,0.5678784103606966
24,21,0.5673746478742387
0,105,0.5660392388955652
25,92,0.5589566314418462
14,92,0.5589566314418462
15,92,0.5589566314418462
18,92,0.5589566314418462
12,92,0.5589566314418462
23,92,0.5589566314418462
13,92,0.5589566314418462
8,92,0.5589566314418462
10,133,0.5582529233107406
11,133,0.5582529233107406
22,133,0.5582529233107406
26,45,0.5579133478366574
17,45,0.5579133478366574
23,105,0.5555077838212116
8,105,0.5555077838212116
18,105,0.5555077838212116
15,105,0.5555077838212116
13,105,0.5555077838212116
14,105,0.5555077838212116
25,105,0.5555077838212116
12,105,0.5555077838212116
16,216,0.5510593104617652
11,38,0.5499233087586591
22,38,0.5499233087586591
10,38,0.5499233087586591
0,13,0.5471312376617068
7,141,0.5450223535513448
9,143,0.5450223535513448
7,142,0.5450223535513448
9,142,0.5450223535513448
7,143,0.5450223535513448
7,144,0.5450223535513448
9,141,0.5450223535513448
9,144,0.5450223535513448
1,150,0.5449468607720647
6,150,0.5449468607720647
4,133,0.5446018108553133
1,190,0.5443428770828044
24,92,0.5431977680737629
17,209,0.5411367697662526
0,151,0.5368771947201889
0,31,0.5368771947201889
24,149,0.5366245353383637
24,186,0.5361766750369137
16,7,0.5361513429184112
16,106,0.5361513429184112
16,94,0.5361513429184112
4,55,0.5356705619116812
9,184,0.5339125130165502
7,184,0.5339125130165502
7,190,0.5308731745714771
9,190,0.5308731745714771
15,83,0.5295250885208465
25,83,0.5295250885208465
12,83,0.5295250885208465
18,83,0.5295250885208465
14,83,0.5295250885208465
13,83,0.5295250885208465
8,83,0.5295250885208465
23,83,0.5295250885208465
1,36,0.5281387651071807
6,36,0.5281387651071807
6,41,0.5281387651071807
4,186,0.5273762907370166
10,45,0.5266903509782959
11,45,0.5266903509782959
22,45,0.5266903509782959
4,42,0.5256857933184698
4,18,0.5242538950718173
2,69,0.5236230901449447
9,96,0.5213374369619549
7,96,0.5213374369619549
19,109,0.520854605612782
3,109,0.520854605612782
10,160,0.5195566903914931
22,160,0.5195566903914931
11,160,0.5195566903914931
4,99,0.5129052646528562
24,123,0.512566279473803
19,70,0.5117970317001687
5,91,0.5110024935371041
5,20,0.5110024935371041
4,124,0.5076202438467162
6,89,0.507222312608503
1,89,0.507222312608503
5,122,0.50690935862182
24,11,0.506647906114407
11,36,0.5
22,36,0.5
10,132,0.5
10,215,0.5
11,132,0.5
22,215,0.5
11,215,0.5
4,173,0.5
20,91,0.5
0,35,0.5
22,132,0.5
20,20,0.5
10,36,0.5
16,108,0.4949790993028595
16,1,0.4949790993028595
7,165,0.4946651039742557
9,165,0.4946651039742557
6,127,0.4937844609939655
5,99,0.4927318235560318
20,122,0.490217303303753
24,182,0.4869010495442169
14,35,0.486737157866358
18,35,0.486737157866358
12,35,0.486737157866358
8,35,0.486737157866358
15,35,0.486737157866358
13,35,0.486737157866358
25,35,0.486737157866358
23,35,0.486737157866358
7,199,0.484854595331135
9,199,0.484854595331135
24,198,0.4829037946635136
5,218,0.4819265890857053
10,143,0.4788358146847468
22,143,0.4788358146847468
11,143,0.4788358146847468
10,140,0.4788358146847468
22,140,0.4788358146847468
11,34,0.4738942380534285
22,34,0.4738942380534285
10,34,0.4738942380534285
6,185,0.4726853085414695
1,185,0.4726853085414695
1,50,0.4714678826688641
6,50,0.4714678826688641
20,70,0.4687801316620327
6,93,0.4621416589513126
1,93,0.4621416589513126
4,180,0.4610008223449805
4,179,0.4610008223449805
24,18,0.4595080583009915
9,65,0.4584775877170542
9,67,0.4584775877170542
7,74,0.4584775877170542
9,74,0.4584775877170542
7,67,0.4584775877170542
7,73,0.4584775877170542
9,73,0.4584775877170542
7,63,0.4584775877170542
7,65,0.4584775877170542
4,131,0.4567290014668481
0,79,0.4534887738710443
19,184,0.4509752913879831
3,184,0.4509752913879831
9,91,0.4494474941839415
7,91,0.4494474941839415
23,109,0.4483165583160143
25,109,0.4483165583160143
18,109,0.4483165583160143
15,109,0.4483165583160143
12,109,0.4483165583160143
13,109,0.4483165583160143
14,109,0.4483165583160143
8,109,0.4483165583160143
16,207,0.4459347371649984
20,218,0.4451337071886832
10,43,0.443430733061767
22,43,0.443430733061767
11,43,0.443430733061767
9,42,0.4417629528042534
7,42,0.4417629528042534
24,72,0.4415100445119462
26,99,0.4398672519366672
26,38,0.4398672519366672
17,99,0.4398672519366672
17,38,0.4398672519366672
24,4,0.4389331082978128
24,202,0.433175825727464
0,186,0.4329881641189678
3,195,0.4317780395268895
19,195,0.4317780395268895
9,119,0.4289888165480373
7,119,0.4289888165480373
0,204,0.4289369716208336
0,156,0.4289369716208336
24,201,0.4280883115630093
24,91,0.4280883115630093
24,195,0.4259732271533353
26,44,0.4243622696269312
17,44,0.4243622696269312
7,37,0.4224000204764413
9,37,0.4224000204764413
16,20,0.4222649092449467
16,136,0.4222649092449467
9,24,0.4199476736735118
7,24,0.4199476736735118
4,198,0.4194974023644635
0,14,0.4152315201924434
9,206,0.4149107601545877
7,206,0.4149107601545877
10,197,0.4147777913973746
22,197,0.4147777913973746
11,197,0.4147777913973746
0,23,0.4134391991231437
24,161,0.4128115150446925
1,47,0.4101853747478956
6,47,0.4101853747478956
6,164,0.4054406749931941
4,8,0.4053569904253877
7,169,0.402529526595087
9,169,0.402529526595087
24,105,0.3938723859967457
1,109,0.3923623118580996
6,109,0.3923623118580996
8,106,0.3919396498563228
12,106,0.3919396498563228
18,106,0.3919396498563228
15,106,0.3919396498563228
13,106,0.3919396498563228
25,106,0.3919396498563228
23,106,0.3919396498563228
14,106,0.3919396498563228
26,184,0.3913064590269246
17,184,0.3913064590269246
24,42,0.389451350037321
20,41,0.3894353520690277
20,123,0.3894353520690277
20,39,0.3894353520690277
1,83,0.3887161638278414
6,83,0.3887161638278414
24,184,0.3883070600511201
9,158,0.3870459446865068
7,158,0.3870459446865068
7,93,0.3807481337818988
9,93,0.3807481337818988
3,41,0.3800508475847635
19,123,0.3800508475847635
3,39,0.3800508475847635
3,123,0.3800508475847635
0,93,0.3773818400819064
9,132,0.3759380147591704
7,132,0.3759380147591704
0,6,0.372055312273248
0,24,0.3708836826258483
9,4,0.3706260011905842
7,4,0.3706260011905842
24,64,0.3690927465488148
24,67,0.3690927465488148
24,73,0.3690927465488148
24,68,0.3690927465488148
24,74,0.3690927465488148
24,65,0.3690927465488148
24,63,0.3690927465488148
24,66,0.3690927465488148
26,109,0.3678030334136471
17,109,0.3678030334136471
0,128,0.365350068093518
4,32,0.3641432039628776
16,194,0.3624619534522695
5,70,0.3598027509080505
22,35,0.3597461581547159
10,35,0.3597461581547159
11,35,0.3597461581547159
5,87,0.3587002483774727
5,214,0.3587002483774727
4,109,0.356071343943464
4,164,0.354623114554941
24,37,0.3539651453345867
11,87,0.3538911872507328
22,87,0.3538911872507328
10,87,0.3538911872507328
20,6,0.3531305475193488
24,132,0.3522443631303809
5,6,0.3518406631972315
16,205,0.3505667644014356
16,157,0.3505667644014356
16,10,0.3441503605327103
3,150,0.3435733646941847
19,182,0.3435733646941847
3,182,0.3435733646941847
19,150,0.3435733646941847
4,19,0.3419897847627144
24,101,0.3418826508481491
20,5,0.3416866317037572
4,128,0.3397757669427194
1,110,0.3393040578064135
6,110,0.3393040578064135
9,1,0.3376785184854786
7,1,0.3376785184854786
9,72,0.3376785184854786
7,72,0.3376785184854786
0,129,0.3351491504879375
9,116,0.3343944011675684
7,116,0.3343944011675684
24,185,0.3318689248440977
21,9,0.3309425397679271
21,184,0.3309425397679271
21,165,0.3309425397679271
21,44,0.3309425397679271
21,96,0.3309425397679271
21,92,0.3309425397679271
5,5,0.327810690406212
16,91,0.3224877936195828
6,213,0.3200721656221001
15,122,0.3194195189087226
13,122,0.3194195189087226
12,122,0.3194195189087226
14,122,0.3194195189087226
8,122,0.3194195189087226
25,122,0.3194195189087226
18,122,0.3194195189087226
23,122,0.3194195189087226
7,71,0.3181551781033729
9,71,0.3181551781033729
9,75,0.3181551781033729
7,75,0.3181551781033729
16,123,0.317829284023185
13,99,0.3169424771802391
25,99,0.3169424771802391
15,99,0.3169424771802391
23,99,0.3169424771802391
8,99,0.3169424771802391
12,99,0.3169424771802391
18,99,0.3169424771802391
14,99,0.3169424771802391
26,123,0.3167615143496952
17,123,0.3167615143496952
8,20,0.3166112531965124
18,20,0.3166112531965124
15,20,0.3166112531965124
14,20,0.3166112531965124
12,20,0.3166112531965124
23,91,0.3166112531965124
12,91,0.3166112531965124
8,91,0.3166112531965124
25,91,0.3166112531965124
15,91,0.3166112531965124
18,91,0.3166112531965124
13,91,0.3166112531965124
23,20,0.3166112531965124
25,20,0.3166112531965124
14,91,0.3166112531965124
13,20,0.3166112531965124
4,101,0.3163428864208431
16,148,0.3151593565020912
4,78,0.313262247777768
4,80,0.313262247777768
20,48,0.3115970508046572
9,32,0.3098030353612417
7,32,0.3098030353612417
9,216,0.3096257809750248
7,216,0.3096257809750248
24,183,0.3096060445928916
16,97,0.3091270450045624
9,50,0.3087129898292276
7,50,0.3087129898292276
25,218,0.3084999569260843
23,218,0.3084999569260843
15,218,0.3084999569260843
14,218,0.3084999569260843
13,218,0.3084999569260843
12,218,0.3084999569260843
18,218,0.3084999569260843
8,218,0.3084999569260843
0,187,0.3042636789726355
24,197,0.2957167353227293
3,16,0.2953633225887027
19,16,0.2953633225887027
17,182,0.2929405256971015
26,150,0.2929405256971015
26,158,0.2929405256971015
26,182,0.2929405256971015
17,158,0.2929405256971015
17,150,0.2929405256971015
0,16,0.2919952734054655
4,52,0.2913139944948835
4,59,0.2913139944948835
4,76,0.2906792699328335
4,85,0.2906792699328335
0,90,0.2897570734042896
7,29,0.2893578035928162
9,29,0.2893578035928162
9,28,0.2890849585607323
7,28,0.2890849585607323
19,169,0.2886716630702475
3,169,0.2886716630702475
26,70,0.2885558702380828
17,70,0.2885558702380828
4,171,0.2883167888805611
16,34,0.2878932904905927
4,79,0.2861479296924339
19,186,0.2843085850017255
19,30,0.2843085850017255
19,92,0.2843085850017255
3,24,0.2843085850017255
3,186,0.2843085850017255
19,9,0.2843085850017255
3,30,0.2843085850017255
3,9,0.2843085850017255
19,24,0.2843085850017255
24,12,0.28341926494648
24,99,0.2832917257742344
3,218,0.2816560750525271
19,218,0.2816560750525271
7,66,0.2767070658566587
7,68,0.2767070658566587
7,64,0.2767070658566587
9,66,0.2767070658566587
9,68,0.2767070658566587
9,64,0.2767070658566587
9,69,0.2767070658566587
7,69,0.2767070658566587
6,169,0.2761700626299792
1,169,0.2761700626299792
24,206,0.2751562187292665
24,172,0.2745115542523783
26,195,0.2736404024224944
17,195,0.2736404024224944
26,96,0.2734946332494143
17,96,0.2734946332494143
11,99,0.2729426754126053
22,99,0.2729426754126053
10,99,0.2729426754126053
21,30,0.2727936345809164
21,218,0.2727936345809164
21,186,0.2727936345809164
16,4,0.2717244609149092
16,23,0.2709932885271164
7,45,0.2644199763022722
9,45,0.2644199763022722
24,173,0.2640681949899067
24,6,0.2635828328076413
20,186,0.2631628571569032
20,30,0.2631628571569032
20,9,0.2631628571569032
20,24,0.2631628571569032
24,139,0.2625828998335572
22,159,0.2621642152781342
10,159,0.2621642152781342
11,159,0.2621642152781342
7,181,0.2603988148858276
9,181,0.2603988148858276
7,48,0.2538293349203152
9,48,0.2538293349203152
24,50,0.2521852785226217
7,34,0.2516598240404863
9,34,0.2516598240404863
9,218,0.2494012226127508
7,218,0.2494012226127508
9,5,0.2466033127017285
7,5,0.2466033127017285
16,198,0.2463129823483786
4,159,0.2442446155132484
22,219,0.2441068676439143
11,219,0.2441068676439143
22,39,0.2441068676439143
11,39,0.2441068676439143
10,39,0.2441068676439143
10,219,0.2441068676439143
17,30,0.2430786739951465
26,24,0.2430786739951465
26,30,0.2430786739951465
17,24,0.2430786739951465
0,152,0.2427443378602653
19,10,0.2425640997514307
3,10,0.2425640997514307
1,18,0.2416832484068251
6,18,0.2416832484068251
19,159,0.2413800288350444
3,159,0.2413800288350444
21,209,0.2411609528950121
21,70,0.2411609528950121
21,10,0.2411609528950121
5,39,0.2385139208204056
5,41,0.2385139208204056
5,123,0.2385139208204056
21,34,0.2384836850080754
21,197,0.2384836850080754
7,176,0.2375277204701392
9,176,0.2375277204701392
7,35,0.2375277204701392
9,35,0.2375277204701392
16,14,0.2354041864222119
7,109,0.2352722803417146
9,109,0.2352722803417146
6,201,0.2350828536705476
1,201,0.2350828536705476
24,93,0.2344767382083334
5,169,0.2338856993570423
4,203,0.2329573213726861
6,171,0.2325863388031784
1,171,0.2325863388031784
6,146,0.2325355111276367
6,183,0.2324022552116522
24,128,0.2319133251497886
4,199,0.2311919044800016
26,159,0.2293462118326489
17,159,0.2293462118326489
24,15,0.2290428152018236
24,70,0.2290428152018236
5,186,0.2287752825970645
5,30,0.2287752825970645
5,9,0.2287752825970645
5,24,0.2287752825970645
24,200,0.2286945661929776
20,170,0.22801434053292
20,207,0.22801434053292
20,86,0.22801434053292
20,217,0.22801434053292
20,13,0.22801434053292
20,116,0.22801434053292
20,202,0.22801434053292
20,135,0.22801434053292
20,168,0.22801434053292
20,0,0.22801434053292
20,57,0.22801434053292
20,206,0.22801434053292
20,208,0.22801434053292
20,94,0.22801434053292
20,193,0.22801434053292
20,87,0.22801434053292
20,95,0.22801434053292
20,107,0.22801434053292
20,213,0.22801434053292
20,216,0.22801434053292
20,194,0.22801434053292
7,105,0.2258450357721959
9,105,0.2258450357721959
20,181,0.2239898837823081
20,3,0.2239898837823081
3,48,0.2230861056302983
19,48,0.2230861056302983
3,17,0.2230861056302983
19,17,0.2230861056302983
11,192,0.2203844365842795
10,192,0.2203844365842795
22,192,0.2203844365842795
16,218,0.2195508266698539
24,190,0.2195262463337904
24,115,0.2190068922476777
19,219,0.2189241164725331
3,219,0.2189241164725331
6,163,0.2188697210237982
20,51,0.2181643431671038
20,219,0.2181643431671038
20,47,0.2167837804524087
0,8,0.2162536777111492
3,120,0.2158934241976853
19,215,0.2158934241976853
3,215,0.2158934241976853
19,120,0.2158934241976853
3,36,0.2158934241976853
19,132,0.2158934241976853
3,132,0.2158934241976853
13,70,0.2146300423844121
8,70,0.2146300423844121
15,70,0.2146300423844121
14,70,0.2146300423844121
23,70,0.2146300423844121
25,70,0.2146300423844121
12,70,0.2146300423844121
18,70,0.2146300423844121
5,149,0.2142162141244223
5,120,0.2142162141244223
5,144,0.2139320737531012
5,142,0.2139320737531012
5,14,0.2139320737531012
5,210,0.2139320737531012
5,143,0.2139320737531012
5,140,0.2139320737531012
5,141,0.2139320737531012
3,155,0.2137063529271581
19,155,0.2137063529271581
20,4,0.2136026419808496
19,46,0.213521851048664
3,46,0.213521851048664
9,21,0.2134559050795572
7,21,0.2134559050795572
3,135,0.2129776740588417
19,1,0.2129776740588417
19,194,0.2129776740588417
3,194,0.2129776740588417
19,22,0.2129776740588417
3,107,0.2129776740588417
3,95,0.2129776740588417
19,94,0.2129776740588417
3,108,0.2129776740588417
3,87,0.2129776740588417
19,86,0.2129776740588417
19,0,0.2129776740588417
3,206,0.2129776740588417
19,207,0.2129776740588417
3,217,0.2129776740588417
19,216,0.2129776740588417
19,95,0.2129776740588417
19,13,0.2129776740588417
19,193,0.2129776740588417
19,170,0.2129776740588417
3,94,0.2129776740588417
3,1,0.2129776740588417
3,214,0.2129776740588417
19,214,0.2129776740588417
19,87,0.2129776740588417
19,168,0.2129776740588417
3,170,0.2129776740588417
3,86,0.2129776740588417
3,213,0.2129776740588417
19,206,0.2129776740588417
19,57,0.2129776740588417
19,208,0.2129776740588417
19,202,0.2129776740588417
3,216,0.2129776740588417
3,202,0.2129776740588417
19,135,0.2129776740588417
3,57,0.2129776740588417
19,217,0.2129776740588417
3,207,0.2129776740588417
3,193,0.2129776740588417
3,22,0.2129776740588417
19,213,0.2129776740588417
3,208,0.2129776740588417
3,13,0.2129776740588417
19,107,0.2129776740588417
3,168,0.2129776740588417
3,0,0.2129776740588417
19,108,0.2129776740588417
7,6,0.2129448742454509
9,6,0.2129448742454509
24,48,0.2126010764329844
5,3,0.2125411397998529
5,181,0.2125411397998529
7,44,0.2125239052764404
9,44,0.2125239052764404
16,217,0.2114623731137986
21,188,0.2101196705363713
21,16,0.2101196705363713
21,167,0.2101196705363713
21,154,0.2101196705363713
21,195,0.2101196705363713
21,102,0.2101196705363713
21,57,0.2101196705363713
21,135,0.2101196705363713
21,101,0.2101196705363713
21,132,0.2101196705363713
21,45,0.2101196705363713
21,170,0.2101196705363713
21,43,0.2101196705363713
21,193,0.2101196705363713
21,116,0.2101196705363713
21,27,0.2101196705363713
21,4,0.2101196705363713
21,0,0.2101196705363713
21,2,0.2101196705363713
17,39,0.2094982490700715
26,39,0.2094982490700715
3,148,0.2094354054566494
19,148,0.2094354054566494
14,214,0.2090367582745297
23,214,0.2090367582745297
18,87,0.2090367582745297
14,87,0.2090367582745297
8,87,0.2090367582745297
18,214,0.2090367582745297
13,214,0.2090367582745297
15,87,0.2090367582745297
15,214,0.2090367582745297
12,214,0.2090367582745297
13,87,0.2090367582745297
23,87,0.2090367582745297
12,87,0.2090367582745297
25,87,0.2090367582745297
25,214,0.2090367582745297
20,10,0.208888094171896
6,58,0.2084549654911113
1,58,0.2084549654911113
6,56,0.2084549654911113
1,56,0.2084549654911113
24,141,0.2084544502892536
24,144,0.2084544502892536
24,142,0.2084544502892536
5,4,0.2079498011421081
9,208,0.2074461553786369
7,208,0.2074461553786369
19,47,0.2072361223928084
3,47,0.2072361223928084
9,99,0.205909939182669
7,99,0.205909939182669
4,48,0.205207002721936
3,4,0.2049606031226576
19,4,0.2049606031226576
7,114,0.2038527138776872
9,114,0.2038527138776872
24,110,0.2033625481487303
9,22,0.203112578109144
7,22,0.203112578109144
20,61,0.2028575232081239
20,60,0.2028575232081239
20,37,0.2028575232081239
20,16,0.2028320469250429
19,162,0.2025664646100483
3,162,0.2025664646100483
19,32,0.2025664646100483
19,134,0.2025664646100483
19,192,0.2025664646100483
3,192,0.2025664646100483
3,32,0.2025664646100483
19,191,0.2025664646100483
3,134,0.2025664646100483
3,191,0.2025664646100483
16,57,0.2020679166768424
19,158,0.2005247810493695
3,158,0.2005247810493695
10,4,0.2000440589690527
11,4,0.2000440589690527
22,4,0.2000440589690527
24,158,0.1980248451522611
5,150,0.1973979306494048
5,182,0.1973979306494048
5,158,0.1973979306494048
18,6,0.1973865463069509
15,6,0.1973865463069509
23,6,0.1973865463069509
12,6,0.1973865463069509
8,6,0.1973865463069509
13,6,0.1973865463069509
14,6,0.1973865463069509
25,6,0.1973865463069509
3,118,0.1968334039623948
19,118,0.1968334039623948
24,32,0.1954567543355249
22,44,0.1945639179769178
11,44,0.1945639179769178
10,44,0.1945639179769178
16,16,0.1933549302016576
24,14,0.193240927640455
24,22,0.1923226795342216
17,134,0.1921618333144113
26,134,0.1921618333144113
17,58,0.1921618333144113
26,56,0.1921618333144113
17,56,0.1921618333144113
26,58,0.1921618333144113
5,10,0.1919336017875436
5,159,0.1915554798218721
5,47,0.1911403631054299
4,160,0.1872248795955851
26,215,0.1864653267721353
26,132,0.1864653267721353
17,215,0.1864653267721353
26,120,0.1864653267721353
17,120,0.1864653267721353
17,132,0.1864653267721353
26,36,0.1864653267721353
17,36,0.1864653267721353
26,149,0.1864653267721353
17,149,0.1864653267721353
20,149,0.186398400877337
20,120,0.186398400877337
6,177,0.1852875186578443
13,5,0.1842340693984316
15,5,0.1842340693984316
12,5,0.1842340693984316
23,5,0.1842340693984316
14,5,0.1842340693984316
18,5,0.1842340693984316
8,5,0.1842340693984316
25,5,0.1842340693984316
9,0,0.1831539494481153
7,0,0.1831539494481153
24,119,0.1818350658015781
17,202,0.1814597997572976
26,95,0.1814597997572976
17,94,0.1814597997572976
26,107,0.1814597997572976
26,86,0.1814597997572976
26,168,0.1814597997572976
17,168,0.1814597997572976
17,1,0.1814597997572976
26,217,0.1814597997572976
26,202,0.1814597997572976
26,1,0.1814597997572976
17,217,0.1814597997572976
17,108,0.1814597997572976
26,108,0.1814597997572976
17,193,0.1814597997572976
26,216,0.1814597997572976
26,94,0.1814597997572976
17,216,0.1814597997572976
17,213,0.1814597997572976
26,213,0.1814597997572976
17,95,0.1814597997572976
17,107,0.1814597997572976
17,194,0.1814597997572976
17,86,0.1814597997572976
26,193,0.1814597997572976
26,194,0.1814597997572976
9,194,0.180774548965261
7,194,0.180774548965261
22,203,0.1785154657894303
11,203,0.1785154657894303
10,203,0.1785154657894303
24,216,0.1770157215512351
24,155,0.175597270580324
20,22,0.174712011609403
20,1,0.174712011609403
24,199,0.174411128934885
20,93,0.1743766243326026
20,28,0.1743766243326026
20,97,0.1743766243326026
20,212,0.1743766243326026
20,79,0.1743766243326026
20,199,0.1743766243326026
20,171,0.1743766243326026
20,187,0.1743766243326026
20,126,0.1743766243326026
20,161,0.1743766243326026
20,200,0.1743766243326026
16,215,0.1729586549447357
9,147,0.1727023393138933
7,147,0.1727023393138933
7,139,0.1721578228953564
9,139,0.1721578228953564
5,1,0.1716200515069746
5,22,0.1716200515069746
24,1,0.1711727737928315
9,57,0.1711399613414348
7,57,0.1711399613414348
7,210,0.1702197860984119
9,210,0.1702197860984119
7,43,0.1701449876414452
9,43,0.1701449876414452
7,101,0.1699972371848863
9,101,0.1699972371848863
6,92,0.1696762292784191
1,92,0.1696762292784191
21,202,0.1693273211485994
21,207,0.1693273211485994
21,176,0.1693273211485994
21,149,0.1693273211485994
21,35,0.1693273211485994
21,214,0.1693273211485994
21,208,0.1693273211485994
21,39,0.1693273211485994
21,87,0.1693273211485994
21,108,0.1693273211485994
21,119,0.1693273211485994
21,206,0.1693273211485994
24,116,0.1689299591038866
5,148,0.1671162740222291
3,90,0.1668219791624561
19,90,0.1668219791624561
7,3,0.166107405739215
9,3,0.166107405739215
17,218,0.1648354587899651
26,218,0.1648354587899651
24,102,0.1646295187140181
22,5,0.1641750758163259
10,5,0.1641750758163259
11,5,0.1641750758163259
9,172,0.1624067496236067
7,172,0.1624067496236067
16,211,0.1623763216995578
16,0,0.1623763216995578
16,150,0.1623763216995578
7,13,0.1605166143010943
9,13,0.1605166143010943
24,194,0.1585330764237093
22,123,0.1585222049415582
10,123,0.1585222049415582
11,123,0.1585222049415582
9,7,0.1572930840486421
7,7,0.1572930840486421
22,136,0.1563840680476285
10,136,0.1563840680476285
11,136,0.1563840680476285
24,16,0.156383565794062
7,88,0.154732386803397
9,88,0.154732386803397
7,15,0.1544937266465557
9,15,0.1544937266465557
7,173,0.1516847513148678
7,82,0.1516847513148678
7,80,0.1516847513148678
9,173,0.1516847513148678
9,80,0.1516847513148678
9,82,0.1516847513148678
9,110,0.151650215564528
7,110,0.151650215564528
9,185,0.1510222930780723
7,185,0.1510222930780723
4,102,0.1503931162088116
2,210,0.1476267432098409
9,95,0.1470276377659133
7,95,0.1470276377659133
24,159,0.1463992989501179
21,81,0.1459311481034741
21,12,0.1459311481034741
26,148,0.1438645674545896
17,148,0.1438645674545896
5,90,0.1416813525961714
16,5,0.1416075459331009
4,162,0.1413078467114588
20,74,0.1398176965348719
20,66,0.1398176965348719
20,69,0.1398176965348719
20,73,0.1398176965348719
20,72,0.1398176965348719
20,68,0.1398176965348719
20,128,0.1398176965348719
20,176,0.1398176965348719
20,188,0.1398176965348719
20,178,0.1398176965348719
20,175,0.1398176965348719
20,119,0.1398176965348719
20,196,0.1398176965348719
20,64,0.1398176965348719
20,65,0.1398176965348719
20,63,0.1398176965348719
20,67,0.1398176965348719
7,125,0.1392156039299145
9,125,0.1392156039299145
16,176,0.1385469063645983
24,208,0.1383083735987667
7,211,0.1378849709408144
9,211,0.1378849709408144
16,201,0.1376786934029142
10,97,0.137541868557674
10,115,0.137541868557674
11,198,0.137541868557674
11,200,0.137541868557674
10,200,0.137541868557674
11,97,0.137541868557674
22,115,0.137541868557674
10,21,0.137541868557674
11,21,0.137541868557674
22,21,0.137541868557674
22,173,0.137541868557674
10,173,0.137541868557674
22,200,0.137541868557674
11,173,0.137541868557674
22,97,0.137541868557674
10,198,0.137541868557674
22,198,0.137541868557674
11,115,0.137541868557674
16,45,0.1370324734872811
24,45,0.1367148004780679
20,148,0.1359252031847752
20,53,0.1358477995814596
20,49,0.1358477995814596
16,41,0.135391851770331
5,48,0.1352853454374044
24,57,0.1347947560416295
4,93,0.1347474547583261
9,16,0.134634860610875
7,16,0.134634860610875
26,10,0.1335376012368547
17,10,0.1335376012368547
0,118,0.1332377422731887
0,115,0.1332377422731887
10,148,0.1329657536625453
22,148,0.1329657536625453
11,148,0.1329657536625453
16,36,0.1315815532123649
16,120,0.1315815532123649
22,185,0.1315521406246837
10,185,0.1315521406246837
11,185,0.1315521406246837
26,20,0.1309115768384308
26,91,0.1309115768384308
17,20,0.1309115768384308
17,91,0.1309115768384308
5,219,0.130809169262947
5,51,0.130809169262947
9,23,0.1302095245449739
7,23,0.1302095245449739
22,75,0.1289671822173198
10,75,0.1289671822173198
11,75,0.1289671822173198
10,100,0.1289671822173198
11,100,0.1289671822173198
22,69,0.1289671822173198
11,69,0.1289671822173198
10,69,0.1289671822173198
10,71,0.1289671822173198
11,71,0.1289671822173198
22,71,0.1289671822173198
22,100,0.1289671822173198
9,122,0.1285045909657011
7,122,0.1285045909657011
16,111,0.128137333845623
21,113,0.1267622513623803
21,84,0.1267622513623803
21,78,0.1267622513623803
21,77,0.1267622513623803
21,133,0.1267622513623803
21,76,0.1267622513623803
21,49,0.1267622513623803
21,46,0.1267622513623803
21,85,0.1267622513623803
21,59,0.1267622513623803
21,52,0.1267622513623803
21,82,0.1267622513623803
21,53,0.1267622513623803
21,54,0.1267622513623803
21,62,0.1267622513623803
21,15,0.1267622513623803
21,55,0.1267622513623803
21,210,0.1267622513623803
21,80,0.1267622513623803
16,181,0.1267385032597
4,81,0.1266383615258129
5,107,0.12634754886286
5,167,0.12634754886286
5,207,0.12634754886286
5,108,0.12634754886286
5,135,0.12634754886286
5,94,0.12634754886286
5,168,0.12634754886286
5,95,0.12634754886286
5,116,0.12634754886286
5,213,0.12634754886286
5,206,0.12634754886286
5,202,0.12634754886286
5,193,0.12634754886286
5,170,0.12634754886286
5,217,0.12634754886286
5,86,0.12634754886286
5,208,0.12634754886286
5,13,0.12634754886286
5,57,0.12634754886286
5,216,0.12634754886286
5,194,0.12634754886286
5,0,0.12634754886286
13,123,0.1257688771707701
23,123,0.1257688771707701
18,39,0.1257688771707701
12,39,0.1257688771707701
8,123,0.1257688771707701
14,123,0.1257688771707701
18,123,0.1257688771707701
13,41,0.1257688771707701
14,41,0.1257688771707701
8,41,0.1257688771707701
15,123,0.1257688771707701
23,39,0.1257688771707701
15,41,0.1257688771707701
12,123,0.1257688771707701
13,39,0.1257688771707701
14,39,0.1257688771707701
15,39,0.1257688771707701
25,123,0.1257688771707701
25,41,0.1257688771707701
23,41,0.1257688771707701
25,39,0.1257688771707701
8,39,0.1257688771707701
18,41,0.1257688771707701
12,41,0.1257688771707701
3,8,0.1251529499189884
19,7,0.1251529499189884
19,19,0.1251529499189884
3,136,0.1251529499189884
3,2,0.1251529499189884
19,8,0.1251529499189884
3,19,0.1251529499189884
3,7,0.1251529499189884
19,2,0.1251529499189884
19,122,0.1251529499189884
3,154,0.1251529499189884
19,154,0.1251529499189884
19,136,0.1251529499189884
3,122,0.1251529499189884
11,91,0.124301665441782
22,91,0.124301665441782
10,91,0.124301665441782
19,27,0.1242495308428234
19,201,0.1242495308428234
3,27,0.1242495308428234
3,20,0.1242495308428234
19,20,0.1242495308428234
3,91,0.1242495308428234
3,201,0.1242495308428234
19,91,0.1242495308428234
24,35,0.1234710105189358
24,153,0.1233134318707329
24,152,0.1233134318707329
11,213,0.122948772014228
22,213,0.122948772014228
10,213,0.122948772014228
19,37,0.1223578274027706
3,37,0.1223578274027706
19,61,0.1223578274027706
3,61,0.1223578274027706
7,14,0.1216231217773778
9,14,0.1216231217773778
20,166,0.1199833165365911
9,198,0.1187357811027385
7,198,0.1187357811027385
3,149,0.1186208547780959
19,149,0.1186208547780959
0,20,0.1185509642458858
24,113,0.1174495020805766
19,50,0.1171309276322839
3,50,0.1171309276322839
17,48,0.1167471392742929
26,48,0.1167471392742929
24,114,0.1154055291357595
19,105,0.1153644054090844
3,105,0.1153644054090844
16,147,0.1150689796986123
16,146,0.1150689796986123
7,204,0.1141706276986021
9,204,0.1141706276986021
4,83,0.113228370158515
21,74,0.1132263197363186
21,107,0.1132263197363186
21,1,0.1132263197363186
21,106,0.1132263197363186
21,175,0.1132263197363186
21,213,0.1132263197363186
21,215,0.1132263197363186
21,123,0.1132263197363186
21,29,0.1132263197363186
21,120,0.1132263197363186
21,68,0.1132263197363186
21,66,0.1132263197363186
21,67,0.1132263197363186
21,69,0.1132263197363186
21,94,0.1132263197363186
21,20,0.1132263197363186
21,217,0.1132263197363186
21,8,0.1132263197363186
21,22,0.1132263197363186
21,196,0.1132263197363186
21,216,0.1132263197363186
21,122,0.1132263197363186
21,178,0.1132263197363186
21,158,0.1132263197363186
21,64,0.1132263197363186
21,73,0.1132263197363186
21,72,0.1132263197363186
21,194,0.1132263197363186
21,65,0.1132263197363186
21,91,0.1132263197363186
21,95,0.1132263197363186
21,168,0.1132263197363186
21,174,0.1132263197363186
4,77,0.1132025259455805
16,137,0.1131999596775445
16,48,0.113198718411094
16,84,0.1131957353410356
16,55,0.1131957353410356
16,46,0.1131957353410356
16,124,0.1131957353410356
18,16,0.1131930081648485
14,16,0.1131930081648485
15,16,0.1131930081648485
25,16,0.1131930081648485
8,16,0.1131930081648485
23,16,0.1131930081648485
13,16,0.1131930081648485
12,16,0.1131930081648485
21,212,0.1131911359547469
21,166,0.1131911359547469
21,126,0.1131911359547469
21,38,0.1131911359547469
21,50,0.1131911359547469
21,185,0.1131911359547469
21,190,0.1131911359547469
21,161,0.1131911359547469
21,17,0.1131911359547469
21,40,0.1131911359547469
21,97,0.1131911359547469
21,98,0.1131911359547469
21,99,0.1131911359547469
21,200,0.1131911359547469
21,23,0.1131911359547469
21,37,0.1131911359547469
21,155,0.1131911359547469
7,112,0.1131847585627191
9,112,0.1131847585627191
3,188,0.1131845236148484
3,63,0.1131845236148484
3,74,0.1131845236148484
19,74,0.1131845236148484
3,128,0.1131845236148484
19,128,0.1131845236148484
19,178,0.1131845236148484
19,188,0.1131845236148484
19,72,0.1131845236148484
3,65,0.1131845236148484
19,64,0.1131845236148484
3,73,0.1131845236148484
3,67,0.1131845236148484
19,73,0.1131845236148484
3,72,0.1131845236148484
19,65,0.1131845236148484
19,68,0.1131845236148484
3,69,0.1131845236148484
3,64,0.1131845236148484
19,63,0.1131845236148484
19,67,0.1131845236148484
3,66,0.1131845236148484
19,69,0.1131845236148484
19,196,0.1131845236148484
19,66,0.1131845236148484
19,175,0.1131845236148484
3,176,0.1131845236148484
3,68,0.1131845236148484
19,176,0.1131845236148484
3,196,0.1131845236148484
19,119,0.1131845236148484
3,119,0.1131845236148484
3,178,0.1131845236148484
3,175,0.1131845236148484
3,167,0.1131797749676521
3,116,0.1131797749676521
19,116,0.1131797749676521
19,167,0.1131797749676521
0,19,0.1131797179106014
16,187,0.1131788333020308
16,103,0.1131788333020308
4,118,0.1131777749349333
2,0,0.1131709742538648
7,60,0.1131697808855456
9,60,0.1131697808855456
3,33,0.113163737129792
19,33,0.113163737129792
3,23,0.113163737129792
19,23,0.113163737129792
22,47,0.113161988461059
10,47,0.113161988461059
11,47,0.113161988461059
8,24,0.1131576347693095
25,186,0.1131576347693095
18,9,0.1131576347693095
14,9,0.1131576347693095
14,30,0.1131576347693095
13,30,0.1131576347693095
18,30,0.1131576347693095
25,30,0.1131576347693095
15,9,0.1131576347693095
23,30,0.1131576347693095
25,9,0.1131576347693095
23,9,0.1131576347693095
18,24,0.1131576347693095
15,24,0.1131576347693095
14,24,0.1131576347693095
8,9,0.1131576347693095
12,30,0.1131576347693095
13,24,0.1131576347693095
12,24,0.1131576347693095
8,30,0.1131576347693095
12,186,0.1131576347693095
15,186,0.1131576347693095
14,186,0.1131576347693095
13,186,0.1131576347693095
25,24,0.1131576347693095
8,186,0.1131576347693095
23,24,0.1131576347693095
15,30,0.1131576347693095
12,9,0.1131576347693095
13,9,0.1131576347693095
23,186,0.1131576347693095
18,186,0.1131576347693095
25,150,0.1131559238987947
23,150,0.1131559238987947
14,158,0.1131559238987947
23,158,0.1131559238987947
13,158,0.1131559238987947
18,158,0.1131559238987947
25,158,0.1131559238987947
15,150,0.1131559238987947
12,158,0.1131559238987947
15,158,0.1131559238987947
14,150,0.1131559238987947
8,158,0.1131559238987947
13,182,0.1131559238987947
12,150,0.1131559238987947
13,150,0.1131559238987947
12,182,0.1131559238987947
15,182,0.1131559238987947
23,182,0.1131559238987947
25,182,0.1131559238987947
18,182,0.1131559238987947
14,182,0.1131559238987947
8,150,0.1131559238987947
18,150,0.1131559238987947
8,182,0.1131559238987947
0,148,0.1131550072998326
7,133,0.1131544180858264
9,133,0.1131544180858264
20,203,0.1131530146737136
20,131,0.1131530146737136
20,177,0.1131530146737136
20,84,0.1131530146737136
20,85,0.1131530146737136
20,141,0.1131530146737136
20,14,0.1131530146737136
20,112,0.1131530146737136
20,152,0.1131530146737136
20,114,0.1131530146737136
20,80,0.1131530146737136
20,115,0.1131530146737136
20,21,0.1131530146737136
20,139,0.1131530146737136
20,198,0.1131530146737136
20,144,0.1131530146737136
20,124,0.1131530146737136
20,210,0.1131530146737136
20,78,0.1131530146737136
20,77,0.1131530146737136
20,146,0.1131530146737136
20,163,0.1131530146737136
20,147,0.1131530146737136
20,133,0.1131530146737136
20,173,0.1131530146737136
20,143,0.1131530146737136
20,179,0.1131530146737136
20,205,0.1131530146737136
20,180,0.1131530146737136
20,59,0.1131530146737136
20,140,0.1131530146737136
20,31,0.1131530146737136
20,76,0.1131530146737136
20,82,0.1131530146737136
20,129,0.1131530146737136
20,138,0.1131530146737136
20,15,0.1131530146737136
20,142,0.1131530146737136
20,55,0.1131530146737136
4,39,0.1131529947358543
21,201,0.113152105465608
21,136,0.113152105465608
21,25,0.113152105465608
21,86,0.113152105465608
21,104,0.113152105465608
21,211,0.113152105465608
21,5,0.113152105465608
21,7,0.113152105465608
21,150,0.113152105465608
21,36,0.113152105465608
21,41,0.113152105465608
21,105,0.113152105465608
21,26,0.113152105465608
21,137,0.113152105465608
12,210,0.1131484937427284
13,141,0.1131484937427284
8,141,0.1131484937427284
15,14,0.1131484937427284
15,141,0.1131484937427284
15,143,0.1131484937427284
18,141,0.1131484937427284
14,210,0.1131484937427284
23,140,0.1131484937427284
13,14,0.1131484937427284
13,142,0.1131484937427284
8,140,0.1131484937427284
15,140,0.1131484937427284
23,143,0.1131484937427284
25,143,0.1131484937427284
25,144,0.1131484937427284
8,210,0.1131484937427284
18,143,0.1131484937427284
18,140,0.1131484937427284
12,140,0.1131484937427284
14,142,0.1131484937427284
8,14,0.1131484937427284
18,142,0.1131484937427284
15,142,0.1131484937427284
18,144,0.1131484937427284
14,14,0.1131484937427284
14,144,0.1131484937427284
23,144,0.1131484937427284
15,144,0.1131484937427284
12,142,0.1131484937427284
13,144,0.1131484937427284
12,144,0.1131484937427284
23,210,0.1131484937427284
8,144,0.1131484937427284
8,143,0.1131484937427284
14,141,0.1131484937427284
23,141,0.1131484937427284
8,142,0.1131484937427284
25,141,0.1131484937427284
14,143,0.1131484937427284
13,143,0.1131484937427284
12,143,0.1131484937427284
25,210,0.1131484937427284
25,142,0.1131484937427284
18,210,0.1131484937427284
15,210,0.1131484937427284
13,210,0.1131484937427284
12,14,0.1131484937427284
12,141,0.1131484937427284
18,14,0.1131484937427284
13,140,0.1131484937427284
14,140,0.1131484937427284
23,14,0.1131484937427284
25,14,0.1131484937427284
23,142,0.1131484937427284
2,8,0.1131466621026292
19,51,0.1131465107231702
3,51,0.1131465107231702
22,165,0.1131447724110009
10,165,0.1131447724110009
11,165,0.1131447724110009
6,91,0.1131443334273371
1,91,0.1131443334273371
9,126,0.1131441806091555
7,126,0.1131441806091555
1,19,0.1131420476119348
24,117,0.1131388619739661
20,33,0.1131385392855024
20,23,0.1131385392855024
0,38,0.1131324223581265
5,134,0.1131310453929011
5,162,0.1131310453929011
5,192,0.1131310453929011
5,58,0.1131310453929011
5,56,0.1131310453929011
5,32,0.1131310453929011
5,191,0.1131310453929011
5,42,0.1131310453929011
4,134,0.1131276048536841
0,162,0.1131267096866082
17,51,0.1131258682055701
26,51,0.1131258682055701
26,219,0.1131258682055701
17,219,0.1131258682055701
6,162,0.113121852481754
1,162,0.113121852481754
6,25,0.1131214621350197
1,25,0.1131214621350197
6,26,0.1131214621350197
1,26,0.1131214621350197
24,26,0.1131194502754328
24,25,0.1131194502754328
1,112,0.1131169364002984
1,114,0.1131168452730377
26,41,0.1131125064652516
17,41,0.1131125064652516
0,147,0.1131096533663442
4,149,0.1131093764606475
9,20,0.1131075167299551
7,20,0.1131075167299551
16,149,0.1131020234090983
15,181,0.1131012349596651
25,181,0.1131012349596651
14,181,0.1131012349596651
25,3,0.1131012349596651
18,181,0.1131012349596651
13,3,0.1131012349596651
8,181,0.1131012349596651
23,181,0.1131012349596651
23,3,0.1131012349596651
12,181,0.1131012349596651
8,3,0.1131012349596651
15,3,0.1131012349596651
18,3,0.1131012349596651
14,3,0.1131012349596651
12,3,0.1131012349596651
13,181,0.1131012349596651
24,28,0.1130997039778618
20,90,0.1130992311205686
0,107,0.1130969659794027
18,120,0.1130942944669316
12,149,0.1130942944669316
8,149,0.1130942944669316
13,149,0.1130942944669316
15,120,0.1130942944669316
14,120,0.1130942944669316
23,120,0.1130942944669316
25,120,0.1130942944669316
25,149,0.1130942944669316
23,149,0.1130942944669316
18,149,0.1130942944669316
14,149,0.1130942944669316
8,120,0.1130942944669316
13,120,0.1130942944669316
9,121,0.1130927576538386
7,121,0.1130927576538386
4,62,0.1130907590100194
4,54,0.1130907590100194
4,53,0.1130907590100194
4,49,0.1130907590100194
24,97,0.1130887370911639
8,169,0.1130844288197504
18,169,0.1130844288197504
23,169,0.1130844288197504
12,169,0.1130844288197504
13,169,0.1130844288197504
14,169,0.1130844288197504
15,169,0.1130844288197504
25,169,0.1130844288197504
11,53,0.1130765266627608
10,49,0.1130765266627608
22,61,0.1130765266627608
11,61,0.1130765266627608
10,61,0.1130765266627608
11,49,0.1130765266627608
10,53,0.1130765266627608
22,53,0.1130765266627608
22,49,0.1130765266627608
17,191,0.1130752661092603
26,191,0.1130752661092603
17,32,0.1130752661092603
26,162,0.1130752661092603
17,42,0.1130752661092603
26,42,0.1130752661092603
26,192,0.1130752661092603
17,192,0.1130752661092603
26,32,0.1130752661092603
17,162,0.1130752661092603
19,200,0.1130702918766674
19,199,0.1130702918766674
19,166,0.1130702918766674
3,166,0.1130702918766674
3,187,0.1130702918766674
19,187,0.1130702918766674
3,97,0.1130702918766674
3,161,0.1130702918766674
19,212,0.1130702918766674
19,79,0.1130702918766674
3,200,0.1130702918766674
3,212,0.1130702918766674
3,126,0.1130702918766674
3,79,0.1130702918766674
3,199,0.1130702918766674
19,126,0.1130702918766674
3,171,0.1130702918766674
19,161,0.1130702918766674
19,28,0.1130702918766674
3,28,0.1130702918766674
19,97,0.1130702918766674
19,171,0.1130702918766674
9,9,0.1130697406817183
7,9,0.1130697406817183
3,42,0.1130695907793983
3,58,0.1130695907793983
3,56,0.1130695907793983
19,42,0.1130695907793983
19,56,0.1130695907793983
19,58,0.1130695907793983
22,6,0.1130682936827962
10,6,0.1130682936827962
11,6,0.1130682936827962
4,20,0.1130604068256427
4,16,0.1130604068256427
20,19,0.1130570232829592
20,154,0.1130570232829592
20,8,0.1130570232829592
20,7,0.1130570232829592
20,136,0.1130570232829592
20,2,0.1130570232829592
16,141,0.1130530700593809
16,142,0.1130530700593809
5,23,0.1130467304506626
5,33,0.1130467304506626
0,117,0.11304481799242
1,5,0.1130256383875698
6,5,0.1130256383875698
15,159,0.1130241605924294
25,159,0.1130241605924294
20,159,0.1130241605924294
12,159,0.1130241605924294
14,159,0.1130241605924294
13,159,0.1130241605924294
23,159,0.1130241605924294
18,159,0.1130241605924294
8,159,0.1130241605924294
6,128,0.1130228830379828
1,130,0.1130228830379828
1,128,0.1130228830379828
6,130,0.1130228830379828
24,30,0.1129087282799368
16,6,0.1123140607410606
16,81,0.1123140607410606
24,5,0.1121354438551001
4,61,0.1120976993900134
17,170,0.1113169660882009
26,116,0.1113169660882009
26,214,0.1113169660882009
26,87,0.1113169660882009
17,87,0.1113169660882009
17,214,0.1113169660882009
26,57,0.1113169660882009
17,57,0.1113169660882009
17,0,0.1113169660882009
26,206,0.1113169660882009
17,167,0.1113169660882009
17,116,0.1113169660882009
26,167,0.1113169660882009
17,207,0.1113169660882009
17,13,0.1113169660882009
26,13,0.1113169660882009
26,207,0.1113169660882009
26,170,0.1113169660882009
26,0,0.1113169660882009
17,206,0.1113169660882009
4,56,0.1108353855260952
4,58,0.1108353855260952
0,3,0.1105375466736535
24,60,0.1103458720294988
24,49,0.110107529699269
24,213,0.110107529699269
24,53,0.110107529699269
26,28,0.1098311768215727
26,187,0.1098311768215727
17,187,0.1098311768215727
3,83,0.1096419490049069
19,83,0.1096419490049069
11,41,0.1093874596736059
22,41,0.1093874596736059
10,41,0.1093874596736059
17,7,0.1092857113246158
26,7,0.1092857113246158
3,205,0.1091466359323692
19,21,0.1091466359323692
19,177,0.1091466359323692
3,112,0.1091466359323692
19,142,0.1091466359323692
19,198,0.1091466359323692
19,144,0.1091466359323692
3,198,0.1091466359323692
3,129,0.1091466359323692
3,144,0.1091466359323692
19,143,0.1091466359323692
3,84,0.1091466359323692
3,180,0.1091466359323692
3,133,0.1091466359323692
3,177,0.1091466359323692
19,112,0.1091466359323692
3,131,0.1091466359323692
3,80,0.1091466359323692
19,152,0.1091466359323692
19,180,0.1091466359323692
3,152,0.1091466359323692
3,163,0.1091466359323692
19,129,0.1091466359323692
19,205,0.1091466359323692
19,163,0.1091466359323692
3,141,0.1091466359323692
19,139,0.1091466359323692
19,31,0.1091466359323692
19,141,0.1091466359323692
3,142,0.1091466359323692
3,31,0.1091466359323692
3,143,0.1091466359323692
3,78,0.1091466359323692
19,77,0.1091466359323692
19,85,0.1091466359323692
19,76,0.1091466359323692
19,84,0.1091466359323692
3,85,0.1091466359323692
19,80,0.1091466359323692
3,203,0.1091466359323692
19,55,0.1091466359323692
19,203,0.1091466359323692
3,14,0.1091466359323692
19,131,0.1091466359323692
19,82,0.1091466359323692
19,15,0.1091466359323692
19,138,0.1091466359323692
19,115,0.1091466359323692
3,115,0.1091466359323692
19,179,0.1091466359323692
3,139,0.1091466359323692
3,76,0.1091466359323692
3,138,0.1091466359323692
19,147,0.1091466359323692
19,133,0.1091466359323692
19,173,0.1091466359323692
3,173,0.1091466359323692
19,210,0.1091466359323692
3,147,0.1091466359323692
19,146,0.1091466359323692
3,146,0.1091466359323692
19,124,0.1091466359323692
3,124,0.1091466359323692
19,78,0.1091466359323692
3,15,0.1091466359323692
3,82,0.1091466359323692
3,21,0.1091466359323692
3,55,0.1091466359323692
3,210,0.1091466359323692
3,77,0.1091466359323692
19,140,0.1091466359323692
3,140,0.1091466359323692
3,179,0.1091466359323692
19,14,0.1091466359323692
10,25,0.1091300996575666
11,25,0.1091300996575666
22,26,0.1091300996575666
22,25,0.1091300996575666
10,26,0.1091300996575666
11,26,0.1091300996575666
26,118,0.1085847021522264
26,54,0.1085847021522264
26,62,0.1085847021522264
17,118,0.1085847021522264
17,62,0.1085847021522264
17,54,0.1085847021522264
5,118,0.1084429198222011
5,62,0.1084429198222011
5,54,0.1084429198222011
4,6,0.1080958499228873
4,47,0.1079833197490077
24,23,0.1078986271823479
16,116,0.1077541887682213
3,62,0.106777299234029
19,62,0.106777299234029
3,54,0.106777299234029
19,54,0.106777299234029
9,195,0.1067291667747009
7,167,0.1067291667747009
7,2,0.1067291667747009
7,195,0.1067291667747009
9,2,0.1067291667747009
9,167,0.1067291667747009
15,4,0.1064449877962155
8,4,0.1064449877962155
25,4,0.1064449877962155
23,4,0.1064449877962155
12,4,0.1064449877962155
13,4,0.1064449877962155
14,4,0.1064449877962155
18,4,0.1064449877962155
7,128,0.1063839979853881
9,128,0.1063839979853881
4,3,0.1059396805662264
20,40,0.1056955400961217
20,98,0.1056955400961217
20,121,0.1056955400961217
20,100,0.1056955400961217
20,156,0.1056955400961217
20,204,0.1056955400961217
20,89,0.1056955400961217
20,11,0.1056955400961217
24,112,0.1055682596496983
11,12,0.1055080900585504
10,154,0.1055080900585504
22,12,0.1055080900585504
11,154,0.1055080900585504
22,154,0.1055080900585504
10,12,0.1055080900585504
22,172,0.1055080900585504
10,172,0.1055080900585504
11,172,0.1055080900585504
16,18,0.1045047408810492
21,131,0.1043935000172653
21,88,0.1043935000172653
21,118,0.1043935000172653
21,117,0.1043935000172653
21,203,0.1043935000172653
21,31,0.1043935000172653
21,151,0.1043935000172653
21,152,0.1043935000172653
21,153,0.1043935000172653
21,219,0.1043935000172653
12,47,0.1041333091981977
13,47,0.1041333091981977
14,47,0.1041333091981977
23,47,0.1041333091981977
18,47,0.1041333091981977
25,47,0.1041333091981977
8,47,0.1041333091981977
15,47,0.1041333091981977
24,126,0.1039681772324165
4,192,0.1039375444230325
24,121,0.1038158818245585
20,27,0.1035203353287484
20,201,0.1035203353287484
22,14,0.1032128724188178
22,214,0.1032128724188178
11,214,0.1032128724188178
10,214,0.1032128724188178
11,14,0.1032128724188178
22,210,0.1032128724188178
10,210,0.1032128724188178
11,210,0.1032128724188178
10,14,0.1032128724188178
7,135,0.1031940504097928
9,135,0.1031940504097928
23,10,0.1022585824051647
8,10,0.1022585824051647
15,10,0.1022585824051647
14,10,0.1022585824051647
25,10,0.1022585824051647
12,10,0.1022585824051647
13,10,0.1022585824051647
18,10,0.1022585824051647
24,104,0.1019877343131083
16,78,0.1018164297304041
16,15,0.1018164297304041
16,77,0.1018164297304041
16,139,0.1018164297304041
16,210,0.1018164297304041
16,82,0.1018164297304041
16,80,0.1018164297304041
17,74,0.1003093568932148
17,175,0.1003093568932148
17,178,0.1003093568932148
26,64,0.1003093568932148
26,63,0.1003093568932148
17,188,0.1003093568932148
17,73,0.1003093568932148
26,72,0.1003093568932148
17,64,0.1003093568932148
17,65,0.1003093568932148
26,73,0.1003093568932148
26,188,0.1003093568932148
26,178,0.1003093568932148
17,72,0.1003093568932148
26,175,0.1003093568932148
26,68,0.1003093568932148
26,67,0.1003093568932148
17,69,0.1003093568932148
26,176,0.1003093568932148
17,68,0.1003093568932148
17,196,0.1003093568932148
26,66,0.1003093568932148
26,65,0.1003093568932148
26,196,0.1003093568932148
26,69,0.1003093568932148
17,67,0.1003093568932148
17,66,0.1003093568932148
17,63,0.1003093568932148
26,74,0.1003093568932148
17,176,0.1003093568932148
24,111,0.1002375893837434
5,136,0.0999711308717365
5,2,0.0999711308717365
5,7,0.0999711308717365
5,19,0.0999711308717365
5,8,0.0999711308717365
5,154,0.0999711308717365
5,27,0.0999644195784891
5,201,0.0999644195784891
26,169,0.0990439005960879
17,169,0.0990439005960879
21,24,0.0988471972304692
21,169,0.0988471972304692
26,16,0.0988021326109048
17,16,0.0988021326109048
9,52,0.0979006187359465
7,52,0.0979006187359465
26,146,0.0968250203643249
17,124,0.0968250203643249
26,124,0.0968250203643249
17,146,0.0968250203643249
26,133,0.0968250203643249
17,210,0.0968250203643249
26,144,0.0968250203643249
17,138,0.0968250203643249
26,173,0.0968250203643249
26,138,0.0968250203643249
26,198,0.0968250203643249
26,115,0.0968250203643249
17,139,0.0968250203643249
17,115,0.0968250203643249
17,140,0.0968250203643249
17,21,0.0968250203643249
17,173,0.0968250203643249
26,15,0.0968250203643249
26,205,0.0968250203643249
26,142,0.0968250203643249
17,142,0.0968250203643249
17,133,0.0968250203643249
26,163,0.0968250203643249
17,14,0.0968250203643249
26,14,0.0968250203643249
17,203,0.0968250203643249
17,76,0.0968250203643249
17,147,0.0968250203643249
26,147,0.0968250203643249
17,15,0.0968250203643249
26,203,0.0968250203643249
26,143,0.0968250203643249
17,205,0.0968250203643249
26,139,0.0968250203643249
17,141,0.0968250203643249
17,112,0.0968250203643249
26,21,0.0968250203643249
26,112,0.0968250203643249
17,143,0.0968250203643249
17,163,0.0968250203643249
26,76,0.0968250203643249
26,210,0.0968250203643249
17,144,0.0968250203643249
17,198,0.0968250203643249
26,140,0.0968250203643249
26,141,0.0968250203643249
7,111,0.0962045925061298
9,111,0.0962045925061298
15,148,0.0956837637296808
14,148,0.0956837637296808
18,148,0.0956837637296808
13,148,0.0956837637296808
12,148,0.0956837637296808
23,148,0.0956837637296808
25,148,0.0956837637296808
8,148,0.0956837637296808
24,147,0.0955245946856479
7,79,0.0947496306718619
9,79,0.0947496306718619
9,12,0.0944870492989174
7,12,0.0944870492989174
21,90,0.094052866786427
21,58,0.094052866786427
21,156,0.094052866786427
21,42,0.094052866786427
21,134,0.094052866786427
21,11,0.094052866786427
21,199,0.094052866786427
21,121,0.094052866786427
21,56,0.094052866786427
24,39,0.0938108049368311
16,38,0.0933634944286505
16,42,0.0931988875343365
16,109,0.0922004896688904
16,140,0.0918567669932245
16,143,0.0918567669932245
16,112,0.0918567669932245
16,21,0.0918567669932245
5,166,0.0916904220185653
24,210,0.0916850322750272
16,54,0.091471311580379
6,125,0.0896468465440627
1,125,0.0896468465440627
24,169,0.0895323066374596
26,9,0.0881569017389326
26,92,0.0881569017389326
26,186,0.0881569017389326
17,92,0.0881569017389326
17,9,0.0881569017389326
17,186,0.0881569017389326
9,189,0.0879433054000293
7,189,0.0879433054000293
7,97,0.087901400909537
9,97,0.087901400909537
22,48,0.0873092772037768
10,48,0.0873092772037768
11,48,0.0873092772037768
24,165,0.0867462028379148
24,176,0.0865535100928204
0,101,0.0864259394999989
9,89,0.0854970494230722
7,89,0.0854970494230722
7,146,0.0849706962145819
9,146,0.0849706962145819
7,39,0.0847253972604509
9,39,0.0847253972604509
22,57,0.0847053467275857
11,57,0.0847053467275857
10,57,0.0847053467275857
18,1,0.0830863193385703
23,1,0.0830863193385703
25,1,0.0830863193385703
14,1,0.0830863193385703
15,1,0.0830863193385703
8,1,0.0830863193385703
13,1,0.0830863193385703
12,1,0.0830863193385703
15,22,0.0830863193385703
18,22,0.0830863193385703
23,22,0.0830863193385703
12,22,0.0830863193385703
25,22,0.0830863193385703
13,22,0.0830863193385703
14,22,0.0830863193385703
22,54,0.0827613508950499
22,42,0.0827613508950499
10,42,0.0827613508950499
11,42,0.0827613508950499
22,62,0.0827613508950499
11,62,0.0827613508950499
10,62,0.0827613508950499
11,56,0.0827613508950499
10,56,0.0827613508950499
11,58,0.0827613508950499
10,58,0.0827613508950499
22,56,0.0827613508950499
22,58,0.0827613508950499
11,54,0.0827613508950499
10,54,0.0827613508950499
7,117,0.0818541091235592
9,117,0.0818541091235592
24,52,0.0814370126371483
4,172,0.0812985388771317
7,76,0.0806705715374058
9,76,0.0806705715374058
7,85,0.0806705715374058
9,85,0.0806705715374058
9,84,0.0806705715374058
7,84,0.0806705715374058
21,6,0.0803886731239306
21,181,0.0803886731239306
21,18,0.0803886731239306
21,148,0.0803886731239306
16,51,0.0800683049049416
16,59,0.0800683049049416
16,114,0.0800683049049416
21,3,0.08003947509708
24,89,0.0799628815082147
0,12,0.0798705217418638
24,80,0.0792902040535363
24,82,0.0792902040535363
24,181,0.0789818168945603
7,193,0.078767973508288
9,193,0.078767973508288
10,218,0.0782001899565943
22,23,0.0782001899565943
22,218,0.0782001899565943
11,218,0.0782001899565943
10,23,0.0782001899565943
11,23,0.0782001899565943
9,94,0.0781515849485034
7,94,0.0781515849485034
1,215,0.0773857523834988
6,215,0.0773857523834988
22,183,0.0762311098027031
11,183,0.0762311098027031
10,128,0.0762311098027031
22,128,0.0762311098027031
11,128,0.0762311098027031
10,183,0.0762311098027031
1,28,0.075992161374309
6,28,0.075992161374309
24,189,0.07586666322207
7,113,0.0752727985110012
9,113,0.0752727985110012
26,174,0.0747671917951865
17,174,0.0747671917951865
24,179,0.0740692874167773
24,180,0.0740692874167773
22,166,0.0736542950759642
11,166,0.0736542950759642
10,166,0.0736542950759642
4,204,0.0728003929679903
4,129,0.0726258433103475
5,60,0.07186161034433
5,37,0.07186161034433
5,61,0.07186161034433
24,134,0.0710319999330499
24,29,0.0705879703798887
9,159,0.0705306171379318
7,159,0.0705306171379318
24,218,0.0705275876805831
24,7,0.0703670520726839
20,172,0.0697438193194934
19,81,0.0694330869520635
19,12,0.0694330869520635
3,12,0.0694330869520635
19,6,0.0694330869520635
3,6,0.0694330869520635
3,81,0.0694330869520635
10,20,0.0692113828378194
22,20,0.0692113828378194
11,20,0.0692113828378194
24,193,0.0692006244370081
24,204,0.0691752075755326
24,160,0.0691752075755326
5,53,0.0691254309129195
5,49,0.0691254309129195
9,81,0.0690782981923999
7,81,0.0690782981923999
20,12,0.06843085122141
20,81,0.06843085122141
24,95,0.0683902212432227
21,112,0.0681205265638193
21,164,0.0681205265638193
19,125,0.0680474104916821
19,5,0.0680474104916821
3,5,0.0680474104916821
3,29,0.0680474104916821
19,29,0.0680474104916821
3,125,0.0680474104916821
24,20,0.0674277428765262
5,126,0.0674233643309387
5,161,0.0674233643309387
5,28,0.0674233643309387
5,171,0.0674233643309387
5,199,0.0674233643309387
5,187,0.0674233643309387
5,79,0.0674233643309387
5,97,0.0674233643309387
5,200,0.0674233643309387
5,212,0.0674233643309387
3,174,0.0671956402496478
19,174,0.0671956402496478
21,147,0.0668728402123721
21,138,0.0668728402123721
21,157,0.0668728402123721
21,114,0.0668728402123721
21,75,0.0668728402123721
21,111,0.0668728402123721
21,51,0.0668728402123721
21,179,0.0668728402123721
21,173,0.0668728402123721
21,140,0.0668728402123721
21,71,0.0668728402123721
21,144,0.0668728402123721
21,143,0.0668728402123721
21,198,0.0668728402123721
21,115,0.0668728402123721
21,180,0.0668728402123721
21,14,0.0668728402123721
21,139,0.0668728402123721
21,145,0.0668728402123721
21,21,0.0668728402123721
21,142,0.0668728402123721
21,141,0.0668728402123721
21,205,0.0668728402123721
21,183,0.0668728402123721
24,24,0.0668100019495824
20,164,0.0667801105230638
20,151,0.0667801105230638
20,127,0.0667801105230638
20,117,0.0667801105230638
20,189,0.0667801105230638
20,75,0.0667801105230638
20,183,0.0667801105230638
20,71,0.0667801105230638
20,145,0.0667801105230638
20,52,0.0667801105230638
20,88,0.0667801105230638
20,157,0.0667801105230638
20,153,0.0667801105230638
9,200,0.0658980793895815
7,200,0.0658980793895815
17,29,0.0656717439846739
26,125,0.0656717439846739
26,29,0.0656717439846739
17,125,0.0656717439846739
17,5,0.0656717439846739
26,5,0.0656717439846739
26,47,0.0655503926263593
17,47,0.0655503926263593
11,106,0.0655104213049287
10,106,0.0655104213049287
22,106,0.0655104213049287
23,48,0.0654749914928187
25,48,0.0654749914928187
8,48,0.0654749914928187
18,48,0.0654749914928187
14,48,0.0654749914928187
12,48,0.0654749914928187
15,48,0.0654749914928187
13,48,0.0654749914928187
11,208,0.065300177762912
22,208,0.065300177762912
22,206,0.065300177762912
11,206,0.065300177762912
10,208,0.065300177762912
10,206,0.065300177762912
11,207,0.065300177762912
10,207,0.065300177762912
22,207,0.065300177762912
17,4,0.0651920136953969
26,4,0.0651920136953969
5,68,0.0650705079808369
5,72,0.0650705079808369
5,64,0.0650705079808369
5,178,0.0650705079808369
5,188,0.0650705079808369
5,66,0.0650705079808369
5,67,0.0650705079808369
5,74,0.0650705079808369
5,73,0.0650705079808369
5,63,0.0650705079808369
5,65,0.0650705079808369
5,119,0.0650705079808369
5,196,0.0650705079808369
5,128,0.0650705079808369
5,176,0.0650705079808369
5,69,0.0650705079808369
5,175,0.0650705079808369
19,185,0.0649542548335737
3,185,0.0649542548335737
3,25,0.0646552913992293
19,26,0.0646552913992293
19,102,0.0646552913992293
3,102,0.0646552913992293
3,26,0.0646552913992293
3,101,0.0646552913992293
19,211,0.0646552913992293
19,101,0.0646552913992293
3,211,0.0646552913992293
19,25,0.0646552913992293
24,88,0.0643874619478424
20,26,0.0641786786704169
20,211,0.0641786786704169
20,102,0.0641786786704169
20,101,0.0641786786704169
20,25,0.0641786786704169
5,133,0.0640903639450249
5,21,0.0640903639450249
5,82,0.0640903639450249
5,15,0.0640903639450249
5,112,0.0640903639450249
5,203,0.0640903639450249
5,177,0.0640903639450249
5,180,0.0640903639450249
5,152,0.0640903639450249
5,114,0.0640903639450249
5,59,0.0640903639450249
5,129,0.0640903639450249
5,80,0.0640903639450249
5,131,0.0640903639450249
5,77,0.0640903639450249
5,115,0.0640903639450249
5,85,0.0640903639450249
5,78,0.0640903639450249
5,173,0.0640903639450249
5,84,0.0640903639450249
5,179,0.0640903639450249
5,205,0.0640903639450249
5,55,0.0640903639450249
5,124,0.0640903639450249
5,163,0.0640903639450249
5,31,0.0640903639450249
5,139,0.0640903639450249
5,198,0.0640903639450249
5,76,0.0640903639450249
5,138,0.0640903639450249
5,147,0.0640903639450249
5,146,0.0640903639450249
3,60,0.0640828752182509
19,60,0.0640828752182509
3,172,0.0637021166881254
19,172,0.0637021166881254
18,219,0.0636203009856215
23,219,0.0636203009856215
18,51,0.0636203009856215
8,51,0.0636203009856215
12,51,0.0636203009856215
15,219,0.0636203009856215
15,51,0.0636203009856215
23,51,0.0636203009856215
25,51,0.0636203009856215
13,51,0.0636203009856215
14,219,0.0636203009856215
25,219,0.0636203009856215
12,219,0.0636203009856215
8,219,0.0636203009856215
13,219,0.0636203009856215
26,37,0.0636166040936792
26,60,0.0636166040936792
17,60,0.0636166040936792
17,37,0.0636166040936792
20,125,0.0620672212321012
20,29,0.0620672212321012
17,211,0.0620242005996985
26,211,0.0620242005996985
21,159,0.0619478139372332
21,100,0.0619478139372332
21,103,0.0619478139372332
21,187,0.0619478139372332
21,83,0.0619478139372332
21,204,0.0619478139372332
21,160,0.0619478139372332
21,32,0.0619478139372332
21,28,0.0619478139372332
11,101,0.0619071859970727
10,102,0.0619071859970727
22,101,0.0619071859970727
11,102,0.0619071859970727
22,102,0.0619071859970727
10,101,0.0619071859970727
24,103,0.0616794928977725
26,128,0.061595628494013
17,128,0.061595628494013
26,161,0.0614595924087228
17,93,0.0614595924087228
26,199,0.0614595924087228
17,97,0.0614595924087228
26,97,0.0614595924087228
17,200,0.0614595924087228
17,161,0.0614595924087228
26,93,0.0614595924087228
17,212,0.0614595924087228
26,212,0.0614595924087228
26,79,0.0614595924087228
26,200,0.0614595924087228
17,199,0.0614595924087228
17,79,0.0614595924087228
17,53,0.0613588561021746
17,49,0.0613588561021746
26,49,0.0613588561021746
26,53,0.0613588561021746
17,50,0.0613156689189391
17,155,0.0613156689189391
26,155,0.0613156689189391
26,50,0.0613156689189391
3,93,0.0613030964226841
19,93,0.0613030964226841
4,46,0.0612273466125976
19,113,0.0611405871842095
3,113,0.0611405871842095
19,111,0.0611405871842095
3,111,0.0611405871842095
7,102,0.061063827803204
9,102,0.061063827803204
25,62,0.0610287608432814
14,62,0.0610287608432814
15,62,0.0610287608432814
12,62,0.0610287608432814
8,54,0.0610287608432814
12,54,0.0610287608432814
13,54,0.0610287608432814
18,54,0.0610287608432814
23,62,0.0610287608432814
8,118,0.0610287608432814
12,118,0.0610287608432814
14,118,0.0610287608432814
15,54,0.0610287608432814
23,54,0.0610287608432814
14,54,0.0610287608432814
25,54,0.0610287608432814
13,118,0.0610287608432814
18,62,0.0610287608432814
8,62,0.0610287608432814
13,62,0.0610287608432814
25,118,0.0610287608432814
15,118,0.0610287608432814
18,118,0.0610287608432814
23,118,0.0610287608432814
9,78,0.0609017133685081
9,77,0.0609017133685081
7,78,0.0609017133685081
7,77,0.0609017133685081
7,155,0.0608940847536269
9,155,0.0608940847536269
7,183,0.0608076256546395
9,183,0.0608076256546395
7,49,0.060802582213118
9,49,0.060802582213118
9,51,0.060802582213118
9,53,0.060802582213118
7,53,0.060802582213118
7,51,0.060802582213118
17,17,0.0607946261174662
26,17,0.0607946261174662
25,192,0.060758183820654
12,56,0.060758183820654
15,191,0.060758183820654
18,191,0.060758183820654
18,58,0.060758183820654
18,56,0.060758183820654
13,58,0.060758183820654
14,58,0.060758183820654
23,58,0.060758183820654
15,58,0.060758183820654
25,58,0.060758183820654
12,58,0.060758183820654
23,56,0.060758183820654
8,191,0.060758183820654
25,134,0.060758183820654
15,56,0.060758183820654
13,56,0.060758183820654
23,134,0.060758183820654
23,191,0.060758183820654
25,191,0.060758183820654
8,134,0.060758183820654
8,192,0.060758183820654
14,191,0.060758183820654
13,191,0.060758183820654
12,191,0.060758183820654
14,134,0.060758183820654
14,56,0.060758183820654
8,58,0.060758183820654
18,134,0.060758183820654
15,134,0.060758183820654
13,134,0.060758183820654
12,134,0.060758183820654
25,56,0.060758183820654
13,192,0.060758183820654
18,162,0.060758183820654
15,192,0.060758183820654
18,192,0.060758183820654
12,192,0.060758183820654
14,192,0.060758183820654
23,192,0.060758183820654
25,162,0.060758183820654
23,162,0.060758183820654
23,42,0.060758183820654
25,42,0.060758183820654
13,32,0.060758183820654
12,32,0.060758183820654
14,32,0.060758183820654
12,162,0.060758183820654
18,32,0.060758183820654
15,32,0.060758183820654
23,32,0.060758183820654
8,32,0.060758183820654
13,162,0.060758183820654
18,42,0.060758183820654
14,42,0.060758183820654
25,32,0.060758183820654
15,42,0.060758183820654
14,162,0.060758183820654
15,162,0.060758183820654
8,162,0.060758183820654
8,56,0.060758183820654
13,42,0.060758183820654
8,42,0.060758183820654
12,42,0.060758183820654
23,217,0.0607196929907518
8,207,0.0607196929907518
25,206,0.0607196929907518
23,13,0.0607196929907518
25,207,0.0607196929907518
12,207,0.0607196929907518
13,207,0.0607196929907518
14,207,0.0607196929907518
15,107,0.0607196929907518
18,13,0.0607196929907518
25,217,0.0607196929907518
18,108,0.0607196929907518
14,217,0.0607196929907518
13,217,0.0607196929907518
13,107,0.0607196929907518
14,107,0.0607196929907518
25,193,0.0607196929907518
14,167,0.0607196929907518
13,13,0.0607196929907518
18,194,0.0607196929907518
23,194,0.0607196929907518
12,194,0.0607196929907518
8,217,0.0607196929907518
18,193,0.0607196929907518
12,217,0.0607196929907518
23,193,0.0607196929907518
8,194,0.0607196929907518
25,194,0.0607196929907518
25,168,0.0607196929907518
18,216,0.0607196929907518
8,168,0.0607196929907518
12,168,0.0607196929907518
12,170,0.0607196929907518
14,216,0.0607196929907518
15,216,0.0607196929907518
12,206,0.0607196929907518
13,206,0.0607196929907518
14,206,0.0607196929907518
15,168,0.0607196929907518
25,86,0.0607196929907518
8,202,0.0607196929907518
12,202,0.0607196929907518
13,202,0.0607196929907518
12,167,0.0607196929907518
25,107,0.0607196929907518
23,167,0.0607196929907518
15,217,0.0607196929907518
18,217,0.0607196929907518
18,86,0.0607196929907518
23,206,0.0607196929907518
15,206,0.0607196929907518
8,206,0.0607196929907518
8,170,0.0607196929907518
8,216,0.0607196929907518
12,216,0.0607196929907518
13,216,0.0607196929907518
14,213,0.0607196929907518
13,170,0.0607196929907518
14,170,0.0607196929907518
15,86,0.0607196929907518
18,57,0.0607196929907518
13,213,0.0607196929907518
14,202,0.0607196929907518
23,57,0.0607196929907518
25,208,0.0607196929907518
12,94,0.0607196929907518
15,202,0.0607196929907518
18,202,0.0607196929907518
23,202,0.0607196929907518
25,57,0.0607196929907518
25,202,0.0607196929907518
15,167,0.0607196929907518
12,95,0.0607196929907518
18,167,0.0607196929907518
8,167,0.0607196929907518
12,116,0.0607196929907518
14,95,0.0607196929907518
13,95,0.0607196929907518
18,116,0.0607196929907518
23,116,0.0607196929907518
12,57,0.0607196929907518
15,116,0.0607196929907518
25,95,0.0607196929907518
12,213,0.0607196929907518
23,135,0.0607196929907518
25,135,0.0607196929907518
13,168,0.0607196929907518
12,193,0.0607196929907518
14,57,0.0607196929907518
13,57,0.0607196929907518
14,168,0.0607196929907518
8,57,0.0607196929907518
15,57,0.0607196929907518
18,208,0.0607196929907518
15,208,0.0607196929907518
18,170,0.0607196929907518
13,208,0.0607196929907518
12,208,0.0607196929907518
13,94,0.0607196929907518
23,86,0.0607196929907518
12,86,0.0607196929907518
23,168,0.0607196929907518
13,86,0.0607196929907518
14,86,0.0607196929907518
23,213,0.0607196929907518
18,168,0.0607196929907518
15,213,0.0607196929907518
18,213,0.0607196929907518
25,170,0.0607196929907518
25,213,0.0607196929907518
15,95,0.0607196929907518
8,94,0.0607196929907518
15,170,0.0607196929907518
8,208,0.0607196929907518
18,95,0.0607196929907518
23,95,0.0607196929907518
8,95,0.0607196929907518
23,208,0.0607196929907518
23,170,0.0607196929907518
8,135,0.0607196929907518
8,86,0.0607196929907518
14,193,0.0607196929907518
13,193,0.0607196929907518
14,135,0.0607196929907518
13,135,0.0607196929907518
12,135,0.0607196929907518
8,193,0.0607196929907518
15,135,0.0607196929907518
13,0,0.0607196929907518
14,0,0.0607196929907518
15,0,0.0607196929907518
12,13,0.0607196929907518
13,167,0.0607196929907518
23,0,0.0607196929907518
25,0,0.0607196929907518
8,108,0.0607196929907518
25,108,0.0607196929907518
14,94,0.0607196929907518
15,94,0.0607196929907518
18,94,0.0607196929907518
23,94,0.0607196929907518
25,94,0.0607196929907518
25,116,0.0607196929907518
8,213,0.0607196929907518
8,116,0.0607196929907518
25,167,0.0607196929907518
18,135,0.0607196929907518
13,116,0.0607196929907518
18,107,0.0607196929907518
14,116,0.0607196929907518
14,108,0.0607196929907518
15,207,0.0607196929907518
12,107,0.0607196929907518
8,107,0.0607196929907518
15,108,0.0607196929907518
23,108,0.0607196929907518
14,208,0.0607196929907518
8,13,0.0607196929907518
14,13,0.0607196929907518
18,206,0.0607196929907518
15,13,0.0607196929907518
25,13,0.0607196929907518
23,207,0.0607196929907518
13,194,0.0607196929907518
13,108,0.0607196929907518
12,108,0.0607196929907518
18,0,0.0607196929907518
18,207,0.0607196929907518
14,194,0.0607196929907518
23,107,0.0607196929907518
23,216,0.0607196929907518
25,216,0.0607196929907518
8,0,0.0607196929907518
15,194,0.0607196929907518
12,0,0.0607196929907518
17,46,0.0607157097613024
26,46,0.0607157097613024
3,53,0.060693193530323
19,53,0.060693193530323
19,49,0.060693193530323
3,49,0.060693193530323
26,208,0.0605214928767602
26,135,0.0605214928767602
17,208,0.0605214928767602
17,135,0.0605214928767602
17,22,0.0605214928767602
26,22,0.0605214928767602
20,174,0.0604874901350411
23,90,0.0603850687529777
25,90,0.0603850687529777
18,90,0.0603850687529777
8,90,0.0603850687529777
12,90,0.0603850687529777
14,90,0.0603850687529777
15,90,0.0603850687529777
13,90,0.0603850687529777
19,100,0.0603783225350528
3,11,0.0603783225350528
19,98,0.0603783225350528
3,156,0.0603783225350528
19,11,0.0603783225350528
3,100,0.0603783225350528
19,204,0.0603783225350528
19,156,0.0603783225350528
3,98,0.0603783225350528
19,121,0.0603783225350528
3,121,0.0603783225350528
3,204,0.0603783225350528
24,136,0.060276175222946
11,110,0.0602319809094893
10,110,0.0602319809094893
22,110,0.0602319809094893
7,152,0.0598521888811793
9,152,0.0598521888811793
9,153,0.0598521888811793
7,153,0.0598521888811793
17,11,0.0593775869453325
26,11,0.0593775869453325
10,51,0.0590555095379512
11,51,0.0590555095379512
22,51,0.0590555095379512
17,111,0.058705417076238
26,111,0.058705417076238
22,90,0.0587031777590347
10,90,0.0587031777590347
11,90,0.0587031777590347
5,81,0.0586831695487539
5,12,0.0586831695487539
26,31,0.0585420573960422
26,84,0.0585420573960422
26,85,0.0585420573960422
26,55,0.0585420573960422
26,129,0.0585420573960422
26,114,0.0585420573960422
17,85,0.0585420573960422
26,152,0.0585420573960422
26,77,0.0585420573960422
17,114,0.0585420573960422
17,77,0.0585420573960422
17,59,0.0585420573960422
17,152,0.0585420573960422
26,80,0.0585420573960422
26,59,0.0585420573960422
26,131,0.0585420573960422
26,78,0.0585420573960422
17,55,0.0585420573960422
17,131,0.0585420573960422
26,177,0.0585420573960422
17,129,0.0585420573960422
17,82,0.0585420573960422
17,80,0.0585420573960422
17,177,0.0585420573960422
17,31,0.0585420573960422
26,82,0.0585420573960422
17,84,0.0585420573960422
17,78,0.0585420573960422
20,185,0.0584766957591038
24,8,0.058245171069355
22,171,0.0580299434348214
22,180,0.0580299434348214
22,179,0.0580299434348214
22,212,0.0580299434348214
22,86,0.0580299434348214
11,126,0.0580299434348214
11,138,0.0580299434348214
10,126,0.0580299434348214
11,180,0.0580299434348214
22,126,0.0580299434348214
11,212,0.0580299434348214
10,86,0.0580299434348214
10,129,0.0580299434348214
22,129,0.0580299434348214
10,171,0.0580299434348214
11,179,0.0580299434348214
11,129,0.0580299434348214
10,179,0.0580299434348214
10,212,0.0580299434348214
10,138,0.0580299434348214
22,138,0.0580299434348214
11,171,0.0580299434348214
11,86,0.0580299434348214
10,180,0.0580299434348214
19,183,0.0579132472994152
3,157,0.0579132472994152
3,189,0.0579132472994152
3,71,0.0579132472994152
3,75,0.0579132472994152
3,183,0.0579132472994152
19,75,0.0579132472994152
19,145,0.0579132472994152
19,117,0.0579132472994152
3,145,0.0579132472994152
3,127,0.0579132472994152
3,117,0.0579132472994152
19,88,0.0579132472994152
19,157,0.0579132472994152
19,151,0.0579132472994152
3,153,0.0579132472994152
19,153,0.0579132472994152
3,151,0.0579132472994152
19,71,0.0579132472994152
19,189,0.0579132472994152
3,88,0.0579132472994152
19,127,0.0579132472994152
24,43,0.0577810971613114
19,59,0.0572655361410241
3,59,0.0572655361410241
3,114,0.0572655361410241
19,114,0.0572655361410241
15,23,0.0572553601224087
23,33,0.0572553601224087
18,33,0.0572553601224087
14,23,0.0572553601224087
12,23,0.0572553601224087
18,23,0.0572553601224087
23,23,0.0572553601224087
8,23,0.0572553601224087
13,23,0.0572553601224087
25,23,0.0572553601224087
8,33,0.0572553601224087
15,33,0.0572553601224087
25,33,0.0572553601224087
14,33,0.0572553601224087
13,33,0.0572553601224087
12,33,0.0572553601224087
5,174,0.0571340136412814
5,29,0.0569802154444909
5,125,0.0569802154444909
11,158,0.0568484237779561
22,191,0.0568484237779561
11,191,0.0568484237779561
11,150,0.0568484237779561
10,158,0.0568484237779561
11,182,0.0568484237779561
10,191,0.0568484237779561
22,118,0.0568484237779561
10,134,0.0568484237779561
22,182,0.0568484237779561
11,134,0.0568484237779561
10,182,0.0568484237779561
22,150,0.0568484237779561
22,134,0.0568484237779561
22,162,0.0568484237779561
11,118,0.0568484237779561
11,162,0.0568484237779561
10,32,0.0568484237779561
10,150,0.0568484237779561
10,162,0.0568484237779561
10,118,0.0568484237779561
22,158,0.0568484237779561
22,32,0.0568484237779561
11,32,0.0568484237779561
24,98,0.0566612380570849
20,111,0.0565703173805715
20,113,0.0565703173805715
17,6,0.05616555171118
26,6,0.05616555171118
24,13,0.0558250215944045
24,79,0.0558250215944045
21,128,0.0554481918941427
21,19,0.0554481918941427
21,47,0.0554481918941427
21,125,0.0554481918941427
21,130,0.0554481918941427
21,13,0.0554481918941427
26,90,0.0554260357846705
17,90,0.0554260357846705
5,185,0.0552409083658692
5,25,0.0545385876726065
5,211,0.0545385876726065
5,102,0.0545385876726065
5,101,0.0545385876726065
5,26,0.0545385876726065
9,148,0.0544110379827671
7,148,0.0544110379827671
17,71,0.0540604711828012
26,88,0.0540604711828012
17,183,0.0540604711828012
26,183,0.0540604711828012
17,88,0.0540604711828012
26,71,0.0540604711828012
17,157,0.0540604711828012
17,75,0.0540604711828012
17,117,0.0540604711828012
26,157,0.0540604711828012
26,117,0.0540604711828012
26,75,0.0540604711828012
5,172,0.0538652889166146
10,33,0.0532112488723168
22,33,0.0532112488723168
11,33,0.0532112488723168
24,146,0.05263342323192
22,174,0.0521753199012626
10,174,0.0521753199012626
11,174,0.0521753199012626
11,16,0.0520081689138487
10,16,0.0520081689138487
22,16,0.0520081689138487
24,44,0.0519685090837599
5,111,0.0514759938220422
5,113,0.0514759938220422
22,142,0.0500251005015192
22,144,0.0500251005015192
11,144,0.0500251005015192
10,144,0.0500251005015192
10,142,0.0500251005015192
11,142,0.0500251005015192
22,141,0.0500251005015192
11,141,0.0500251005015192
10,141,0.0500251005015192
7,106,0.0499175724645557
9,106,0.0499175724645557
9,25,0.0495310274844815
9,26,0.0495310274844815
7,26,0.0495310274844815
7,25,0.0495310274844815
22,60,0.0489703160606907
22,37,0.0489703160606907
11,37,0.0489703160606907
11,60,0.0489703160606907
10,60,0.0489703160606907
10,37,0.0489703160606907
9,160,0.047754189354372
7,160,0.047754189354372
24,85,0.0476115308898031
24,76,0.0476115308898031
24,84,0.0476115308898031
9,17,0.0474699269771251
7,17,0.0474699269771251
10,92,0.0470006004864772
22,92,0.0470006004864772
11,92,0.0470006004864772
14,2,0.0462782057327218
23,19,0.0462782057327218
12,19,0.0462782057327218
13,19,0.0462782057327218
15,19,0.0462782057327218
14,19,0.0462782057327218
8,19,0.0462782057327218
25,19,0.0462782057327218
18,19,0.0462782057327218
15,2,0.0462782057327218
13,154,0.0462782057327218
14,154,0.0462782057327218
14,136,0.0462782057327218
12,154,0.0462782057327218
8,2,0.0462782057327218
8,154,0.0462782057327218
18,136,0.0462782057327218
8,136,0.0462782057327218
12,136,0.0462782057327218
13,136,0.0462782057327218
13,2,0.0462782057327218
12,2,0.0462782057327218
18,2,0.0462782057327218
23,8,0.0462782057327218
25,8,0.0462782057327218
15,136,0.0462782057327218
25,136,0.0462782057327218
23,136,0.0462782057327218
25,154,0.0462782057327218
23,154,0.0462782057327218
14,8,0.0462782057327218
13,8,0.0462782057327218
15,8,0.0462782057327218
18,8,0.0462782057327218
12,8,0.0462782057327218
8,8,0.0462782057327218
23,7,0.0462782057327218
18,7,0.0462782057327218
15,7,0.0462782057327218
25,7,0.0462782057327218
12,7,0.0462782057327218
13,7,0.0462782057327218
18,154,0.0462782057327218
15,154,0.0462782057327218
25,2,0.0462782057327218
23,2,0.0462782057327218
8,7,0.0462782057327218
14,7,0.0462782057327218
11,59,0.0460036412186855
10,152,0.0460036412186855
22,152,0.0460036412186855
10,59,0.0460036412186855
11,55,0.0460036412186855
10,55,0.0460036412186855
22,55,0.0460036412186855
22,59,0.0460036412186855
10,116,0.0460036412186855
11,116,0.0460036412186855
22,116,0.0460036412186855
11,31,0.0460036412186855
11,152,0.0460036412186855
22,31,0.0460036412186855
10,31,0.0460036412186855
9,56,0.0458500823984479
7,56,0.0458500823984479
9,58,0.0458500823984479
7,58,0.0458500823984479
24,90,0.045775184686449
7,134,0.0453252217943292
9,134,0.0453252217943292
14,201,0.0448559974136384
15,201,0.0448559974136384
14,27,0.0448559974136384
18,27,0.0448559974136384
8,27,0.0448559974136384
23,27,0.0448559974136384
15,27,0.0448559974136384
8,201,0.0448559974136384
18,201,0.0448559974136384
12,201,0.0448559974136384
12,27,0.0448559974136384
23,201,0.0448559974136384
25,201,0.0448559974136384
13,201,0.0448559974136384
13,27,0.0448559974136384
25,27,0.0448559974136384
24,100,0.04465080152006
24,56,0.043238570902748
24,58,0.043238570902748
7,8,0.0430482894006853
9,8,0.0430482894006853
13,166,0.0426904314611561
25,166,0.0426904314611561
23,166,0.0426904314611561
12,166,0.0426904314611561
14,166,0.0426904314611561
15,166,0.0426904314611561
18,166,0.0426904314611561
8,166,0.0426904314611561
9,115,0.04205178981048
7,115,0.04205178981048
19,110,0.0409038982436829
19,3,0.0409038982436829
3,18,0.0409038982436829
19,18,0.0409038982436829
3,110,0.0409038982436829
3,3,0.0409038982436829
3,181,0.0409038982436829
19,181,0.0409038982436829
24,148,0.0400359759806551
24,138,0.0395907542084629
9,188,0.0392215234588769
7,213,0.0392215234588769
7,188,0.0392215234588769
9,213,0.0392215234588769
7,46,0.0391498422496788
9,46,0.0391498422496788
22,22,0.0388823218585515
10,22,0.0388823218585515
11,22,0.0388823218585515
21,110,0.0387676570590511
9,27,0.0384881169046339
7,27,0.0384881169046339
17,27,0.0383440237499609
26,201,0.0383440237499609
17,201,0.0383440237499609
26,27,0.0383440237499609
20,110,0.0380439739070462
20,18,0.0380439739070462
9,98,0.0375585279424543
7,98,0.0375585279424543
24,0,0.0370352247958419
3,190,0.0365864207247904
19,190,0.0365864207247904
26,83,0.0355448541277219
17,83,0.0355448541277219
17,3,0.035397469024246
26,3,0.035397469024246
9,104,0.0353572380164307
7,104,0.0353572380164307
24,125,0.0353441090798179
5,156,0.0352680474710699
5,121,0.0352680474710699
5,89,0.0352680474710699
5,98,0.0352680474710699
5,40,0.0352680474710699
5,204,0.0352680474710699
5,11,0.0352680474710699
5,100,0.0352680474710699
9,170,0.034933083766921
7,170,0.034933083766921
20,190,0.0348471134115906
24,46,0.0347303754466454
17,2,0.0345608098936334
26,136,0.0345608098936334
17,136,0.0345608098936334
26,122,0.0345608098936334
17,19,0.0345608098936334
17,122,0.0345608098936334
26,19,0.0345608098936334
26,8,0.0345608098936334
17,8,0.0345608098936334
26,154,0.0345608098936334
17,154,0.0345608098936334
26,2,0.0345608098936334
18,60,0.034515866760933
8,60,0.034515866760933
15,61,0.034515866760933
25,61,0.034515866760933
12,60,0.034515866760933
25,60,0.034515866760933
14,61,0.034515866760933
13,61,0.034515866760933
12,61,0.034515866760933
15,60,0.034515866760933
14,60,0.034515866760933
13,60,0.034515866760933
23,60,0.034515866760933
8,61,0.034515866760933
23,61,0.034515866760933
18,61,0.034515866760933
25,37,0.034515866760933
14,37,0.034515866760933
15,37,0.034515866760933
18,37,0.034515866760933
12,37,0.034515866760933
8,37,0.034515866760933
23,37,0.034515866760933
13,37,0.034515866760933
24,38,0.0337651736957761
24,188,0.0337651736957761
24,51,0.0337651736957761
26,105,0.0336693809216556
17,105,0.0336693809216556
26,61,0.0336189123762638
17,61,0.0336189123762638
13,53,0.0333768513405878
15,49,0.0333768513405878
25,49,0.0333768513405878
18,53,0.0333768513405878
15,53,0.0333768513405878
13,49,0.0333768513405878
18,49,0.0333768513405878
12,49,0.0333768513405878
8,53,0.0333768513405878
14,53,0.0333768513405878
25,53,0.0333768513405878
23,49,0.0333768513405878
8,49,0.0333768513405878
23,53,0.0333768513405878
14,49,0.0333768513405878
12,53,0.0333768513405878
5,75,0.0333330083261529
5,153,0.0333330083261529
5,157,0.0333330083261529
5,145,0.0333330083261529
5,127,0.0333330083261529
5,151,0.0333330083261529
5,117,0.0333330083261529
5,52,0.0333330083261529
5,183,0.0333330083261529
5,71,0.0333330083261529
5,88,0.0333330083261529
5,164,0.0333330083261529
5,189,0.0333330083261529
5,18,0.0333314743903534
5,110,0.0333314743903534
24,27,0.0332618041323465
24,211,0.0332618041323465
24,167,0.0331817712006876
24,2,0.0331817712006876
17,23,0.0330002147364118
26,33,0.0330002147364118
17,33,0.0330002147364118
26,23,0.0330002147364118
24,94,0.032666780115687
1,3,0.0325560621237269
6,3,0.0325560621237269
24,78,0.03173250550453
24,81,0.03173250550453
24,135,0.03173250550453
24,77,0.03173250550453
17,156,0.0317210749922911
26,204,0.0317210749922911
17,204,0.0317210749922911
17,100,0.0317210749922911
17,40,0.0317210749922911
26,89,0.0317210749922911
26,40,0.0317210749922911
17,89,0.0317210749922911
26,156,0.0317210749922911
17,121,0.0317210749922911
26,121,0.0317210749922911
26,98,0.0317210749922911
26,100,0.0317210749922911
17,98,0.0317210749922911
24,192,0.0317038473223892
23,212,0.0313589555630606
25,212,0.0313589555630606
14,212,0.0313589555630606
15,212,0.0313589555630606
18,212,0.0313589555630606
8,212,0.0313589555630606
25,28,0.0313589555630606
12,212,0.0313589555630606
13,212,0.0313589555630606
23,28,0.0313589555630606
8,28,0.0313589555630606
18,28,0.0313589555630606
15,28,0.0313589555630606
14,28,0.0313589555630606
13,28,0.0313589555630606
12,28,0.0313589555630606
14,171,0.0313589555630606
15,171,0.0313589555630606
8,171,0.0313589555630606
13,199,0.0313589555630606
14,200,0.0313589555630606
13,200,0.0313589555630606
18,200,0.0313589555630606
15,200,0.0313589555630606
18,93,0.0313589555630606
15,93,0.0313589555630606
23,93,0.0313589555630606
25,93,0.0313589555630606
8,93,0.0313589555630606
14,93,0.0313589555630606
13,93,0.0313589555630606
12,93,0.0313589555630606
12,79,0.0313589555630606
8,200,0.0313589555630606
12,200,0.0313589555630606
23,97,0.0313589555630606
12,97,0.0313589555630606
13,97,0.0313589555630606
14,97,0.0313589555630606
23,200,0.0313589555630606
15,187,0.0313589555630606
25,200,0.0313589555630606
23,187,0.0313589555630606
25,187,0.0313589555630606
13,187,0.0313589555630606
12,187,0.0313589555630606
14,187,0.0313589555630606
12,199,0.0313589555630606
8,79,0.0313589555630606
8,199,0.0313589555630606
25,171,0.0313589555630606
23,199,0.0313589555630606
14,199,0.0313589555630606
25,199,0.0313589555630606
15,199,0.0313589555630606
18,199,0.0313589555630606
18,171,0.0313589555630606
23,171,0.0313589555630606
23,79,0.0313589555630606
18,79,0.0313589555630606
25,79,0.0313589555630606
15,79,0.0313589555630606
14,79,0.0313589555630606
13,79,0.0313589555630606
12,161,0.0313589555630606
25,161,0.0313589555630606
8,97,0.0313589555630606
13,171,0.0313589555630606
8,187,0.0313589555630606
18,187,0.0313589555630606
15,97,0.0313589555630606
23,126,0.0313589555630606
14,126,0.0313589555630606
18,126,0.0313589555630606
13,126,0.0313589555630606
12,126,0.0313589555630606
15,126,0.0313589555630606
12,171,0.0313589555630606
25,126,0.0313589555630606
8,126,0.0313589555630606
18,97,0.0313589555630606
18,161,0.0313589555630606
8,161,0.0313589555630606
23,161,0.0313589555630606
25,97,0.0313589555630606
15,161,0.0313589555630606
14,161,0.0313589555630606
13,161,0.0313589555630606
3,40,0.0312694641578461
19,40,0.0312694641578461
19,89,0.0312694641578461
3,89,0.0312694641578461
17,119,0.0311245298862706
26,119,0.0311245298862706
17,166,0.0310952479665182
26,171,0.0310952479665182
26,126,0.0310952479665182
26,166,0.0310952479665182
17,126,0.0310952479665182
17,171,0.0310952479665182
21,129,0.0310282274207191
21,177,0.0310282274207191
21,189,0.0310282274207191
21,146,0.0310282274207191
21,127,0.0310282274207191
21,124,0.0310282274207191
21,163,0.0310282274207191
25,176,0.0309892443891356
8,178,0.0309892443891356
12,178,0.0309892443891356
13,178,0.0309892443891356
23,178,0.0309892443891356
25,178,0.0309892443891356
14,178,0.0309892443891356
15,178,0.0309892443891356
18,178,0.0309892443891356
23,176,0.0309892443891356
12,196,0.0309892443891356
8,196,0.0309892443891356
23,69,0.0309892443891356
25,119,0.0309892443891356
13,128,0.0309892443891356
18,65,0.0309892443891356
8,73,0.0309892443891356
18,73,0.0309892443891356
8,67,0.0309892443891356
23,119,0.0309892443891356
15,196,0.0309892443891356
18,67,0.0309892443891356
15,67,0.0309892443891356
18,196,0.0309892443891356
14,73,0.0309892443891356
12,72,0.0309892443891356
8,72,0.0309892443891356
18,72,0.0309892443891356
12,119,0.0309892443891356
15,72,0.0309892443891356
23,72,0.0309892443891356
8,119,0.0309892443891356
23,74,0.0309892443891356
8,65,0.0309892443891356
23,73,0.0309892443891356
25,73,0.0309892443891356
18,74,0.0309892443891356
12,64,0.0309892443891356
8,64,0.0309892443891356
25,64,0.0309892443891356
23,64,0.0309892443891356
15,73,0.0309892443891356
18,64,0.0309892443891356
15,64,0.0309892443891356
14,72,0.0309892443891356
25,72,0.0309892443891356
13,72,0.0309892443891356
14,69,0.0309892443891356
14,64,0.0309892443891356
14,128,0.0309892443891356
15,128,0.0309892443891356
13,64,0.0309892443891356
12,175,0.0309892443891356
8,175,0.0309892443891356
12,73,0.0309892443891356
13,73,0.0309892443891356
23,188,0.0309892443891356
25,188,0.0309892443891356
8,74,0.0309892443891356
15,74,0.0309892443891356
13,74,0.0309892443891356
14,74,0.0309892443891356
12,74,0.0309892443891356
25,74,0.0309892443891356
14,175,0.0309892443891356
15,175,0.0309892443891356
8,63,0.0309892443891356
23,128,0.0309892443891356
13,176,0.0309892443891356
12,176,0.0309892443891356
23,175,0.0309892443891356
13,175,0.0309892443891356
8,176,0.0309892443891356
12,188,0.0309892443891356
13,188,0.0309892443891356
15,176,0.0309892443891356
14,63,0.0309892443891356
18,176,0.0309892443891356
18,63,0.0309892443891356
15,63,0.0309892443891356
18,175,0.0309892443891356
15,69,0.0309892443891356
18,69,0.0309892443891356
18,128,0.0309892443891356
8,128,0.0309892443891356
12,128,0.0309892443891356
12,69,0.0309892443891356
13,69,0.0309892443891356
25,68,0.0309892443891356
13,68,0.0309892443891356
14,68,0.0309892443891356
8,69,0.0309892443891356
25,69,0.0309892443891356
8,68,0.0309892443891356
18,68,0.0309892443891356
15,68,0.0309892443891356
8,188,0.0309892443891356
25,63,0.0309892443891356
12,63,0.0309892443891356
25,128,0.0309892443891356
13,63,0.0309892443891356
18,66,0.0309892443891356
25,66,0.0309892443891356
15,66,0.0309892443891356
12,66,0.0309892443891356
13,66,0.0309892443891356
14,66,0.0309892443891356
18,119,0.0309892443891356
15,119,0.0309892443891356
25,65,0.0309892443891356
23,65,0.0309892443891356
8,66,0.0309892443891356
23,68,0.0309892443891356
13,119,0.0309892443891356
14,119,0.0309892443891356
14,196,0.0309892443891356
25,67,0.0309892443891356
13,196,0.0309892443891356
25,196,0.0309892443891356
23,196,0.0309892443891356
23,63,0.0309892443891356
12,68,0.0309892443891356
23,67,0.0309892443891356
18,188,0.0309892443891356
14,188,0.0309892443891356
15,188,0.0309892443891356
25,175,0.0309892443891356
14,176,0.0309892443891356
12,67,0.0309892443891356
13,67,0.0309892443891356
14,67,0.0309892443891356
23,66,0.0309892443891356
15,65,0.0309892443891356
14,65,0.0309892443891356
13,65,0.0309892443891356
12,65,0.0309892443891356
9,103,0.0304879678425692
7,103,0.0304879678425692
22,73,0.0302209169137357
22,66,0.0302209169137357
10,66,0.0302209169137357
10,68,0.0302209169137357
11,63,0.0302209169137357
22,63,0.0302209169137357
11,73,0.0302209169137357
10,65,0.0302209169137357
22,64,0.0302209169137357
10,73,0.0302209169137357
22,65,0.0302209169137357
22,67,0.0302209169137357
11,72,0.0302209169137357
22,72,0.0302209169137357
10,64,0.0302209169137357
10,74,0.0302209169137357
11,64,0.0302209169137357
10,72,0.0302209169137357
22,74,0.0302209169137357
10,63,0.0302209169137357
11,74,0.0302209169137357
22,68,0.0302209169137357
10,67,0.0302209169137357
11,67,0.0302209169137357
11,66,0.0302209169137357
11,65,0.0302209169137357
11,68,0.0302209169137357
17,127,0.03009988052593
17,52,0.03009988052593
26,127,0.03009988052593
17,164,0.03009988052593
17,189,0.03009988052593
26,164,0.03009988052593
26,189,0.03009988052593
26,52,0.03009988052593
26,151,0.03009988052593
17,153,0.03009988052593
26,153,0.03009988052593
17,151,0.03009988052593
15,205,0.0299511827181291
13,124,0.0299511827181291
12,124,0.0299511827181291
25,198,0.0299511827181291
8,31,0.0299511827181291
18,31,0.0299511827181291
15,31,0.0299511827181291
14,31,0.0299511827181291
18,205,0.0299511827181291
12,163,0.0299511827181291
25,205,0.0299511827181291
25,112,0.0299511827181291
8,82,0.0299511827181291
18,82,0.0299511827181291
18,85,0.0299511827181291
13,21,0.0299511827181291
12,21,0.0299511827181291
8,21,0.0299511827181291
15,112,0.0299511827181291
12,82,0.0299511827181291
8,146,0.0299511827181291
23,146,0.0299511827181291
18,146,0.0299511827181291
25,146,0.0299511827181291
23,112,0.0299511827181291
8,112,0.0299511827181291
18,112,0.0299511827181291
25,85,0.0299511827181291
12,112,0.0299511827181291
18,139,0.0299511827181291
15,139,0.0299511827181291
14,139,0.0299511827181291
25,139,0.0299511827181291
23,139,0.0299511827181291
13,163,0.0299511827181291
25,114,0.0299511827181291
13,139,0.0299511827181291
12,139,0.0299511827181291
8,85,0.0299511827181291
23,82,0.0299511827181291
13,78,0.0299511827181291
12,78,0.0299511827181291
25,78,0.0299511827181291
23,205,0.0299511827181291
23,163,0.0299511827181291
23,114,0.0299511827181291
8,115,0.0299511827181291
18,55,0.0299511827181291
13,76,0.0299511827181291
12,76,0.0299511827181291
14,115,0.0299511827181291
13,115,0.0299511827181291
14,198,0.0299511827181291
23,85,0.0299511827181291
14,85,0.0299511827181291
13,85,0.0299511827181291
12,85,0.0299511827181291
23,198,0.0299511827181291
18,198,0.0299511827181291
8,129,0.0299511827181291
15,198,0.0299511827181291
13,82,0.0299511827181291
13,198,0.0299511827181291
12,198,0.0299511827181291
8,198,0.0299511827181291
8,139,0.0299511827181291
15,163,0.0299511827181291
14,163,0.0299511827181291
8,163,0.0299511827181291
23,55,0.0299511827181291
18,177,0.0299511827181291
25,180,0.0299511827181291
13,179,0.0299511827181291
25,179,0.0299511827181291
23,179,0.0299511827181291
8,180,0.0299511827181291
13,177,0.0299511827181291
12,138,0.0299511827181291
8,177,0.0299511827181291
14,152,0.0299511827181291
14,78,0.0299511827181291
14,147,0.0299511827181291
13,147,0.0299511827181291
12,147,0.0299511827181291
8,147,0.0299511827181291
15,133,0.0299511827181291
23,152,0.0299511827181291
15,147,0.0299511827181291
15,55,0.0299511827181291
14,55,0.0299511827181291
13,55,0.0299511827181291
12,55,0.0299511827181291
25,55,0.0299511827181291
13,152,0.0299511827181291
8,203,0.0299511827181291
18,147,0.0299511827181291
13,133,0.0299511827181291
25,147,0.0299511827181291
14,133,0.0299511827181291
15,76,0.0299511827181291
18,163,0.0299511827181291
18,138,0.0299511827181291
15,131,0.0299511827181291
14,179,0.0299511827181291
8,77,0.0299511827181291
25,59,0.0299511827181291
23,59,0.0299511827181291
8,138,0.0299511827181291
8,152,0.0299511827181291
14,76,0.0299511827181291
25,76,0.0299511827181291
8,80,0.0299511827181291
18,80,0.0299511827181291
25,163,0.0299511827181291
18,77,0.0299511827181291
15,77,0.0299511827181291
14,77,0.0299511827181291
15,146,0.0299511827181291
14,146,0.0299511827181291
15,82,0.0299511827181291
14,82,0.0299511827181291
14,205,0.0299511827181291
12,133,0.0299511827181291
8,133,0.0299511827181291
8,59,0.0299511827181291
18,59,0.0299511827181291
15,59,0.0299511827181291
14,59,0.0299511827181291
13,59,0.0299511827181291
12,59,0.0299511827181291
15,115,0.0299511827181291
13,205,0.0299511827181291
12,205,0.0299511827181291
12,129,0.0299511827181291
12,203,0.0299511827181291
25,203,0.0299511827181291
23,203,0.0299511827181291
18,203,0.0299511827181291
13,138,0.0299511827181291
13,15,0.0299511827181291
14,15,0.0299511827181291
25,15,0.0299511827181291
18,15,0.0299511827181291
23,15,0.0299511827181291
12,179,0.0299511827181291
25,152,0.0299511827181291
8,179,0.0299511827181291
12,152,0.0299511827181291
15,173,0.0299511827181291
18,173,0.0299511827181291
23,31,0.0299511827181291
25,31,0.0299511827181291
15,152,0.0299511827181291
23,173,0.0299511827181291
12,177,0.0299511827181291
23,138,0.0299511827181291
25,138,0.0299511827181291
14,138,0.0299511827181291
15,138,0.0299511827181291
23,76,0.0299511827181291
15,78,0.0299511827181291
8,78,0.0299511827181291
23,77,0.0299511827181291
12,115,0.0299511827181291
12,77,0.0299511827181291
13,77,0.0299511827181291
8,76,0.0299511827181291
12,146,0.0299511827181291
13,146,0.0299511827181291
8,173,0.0299511827181291
18,133,0.0299511827181291
18,76,0.0299511827181291
23,80,0.0299511827181291
25,80,0.0299511827181291
14,80,0.0299511827181291
15,80,0.0299511827181291
18,78,0.0299511827181291
12,80,0.0299511827181291
15,15,0.0299511827181291
8,15,0.0299511827181291
23,180,0.0299511827181291
25,131,0.0299511827181291
18,131,0.0299511827181291
23,131,0.0299511827181291
8,131,0.0299511827181291
25,133,0.0299511827181291
25,77,0.0299511827181291
23,133,0.0299511827181291
14,131,0.0299511827181291
18,152,0.0299511827181291
18,179,0.0299511827181291
12,15,0.0299511827181291
14,177,0.0299511827181291
15,177,0.0299511827181291
23,147,0.0299511827181291
8,55,0.0299511827181291
15,179,0.0299511827181291
12,180,0.0299511827181291
13,180,0.0299511827181291
14,180,0.0299511827181291
15,180,0.0299511827181291
18,180,0.0299511827181291
13,112,0.0299511827181291
12,114,0.0299511827181291
13,129,0.0299511827181291
14,129,0.0299511827181291
15,129,0.0299511827181291
13,80,0.0299511827181291
18,129,0.0299511827181291
12,131,0.0299511827181291
13,131,0.0299511827181291
13,203,0.0299511827181291
15,85,0.0299511827181291
14,203,0.0299511827181291
15,203,0.0299511827181291
14,112,0.0299511827181291
25,129,0.0299511827181291
8,84,0.0299511827181291
15,84,0.0299511827181291
8,205,0.0299511827181291
14,84,0.0299511827181291
23,21,0.0299511827181291
25,82,0.0299511827181291
25,21,0.0299511827181291
14,21,0.0299511827181291
15,21,0.0299511827181291
18,21,0.0299511827181291
23,84,0.0299511827181291
13,84,0.0299511827181291
12,84,0.0299511827181291
23,78,0.0299511827181291
12,173,0.0299511827181291
23,115,0.0299511827181291
13,173,0.0299511827181291
12,31,0.0299511827181291
13,31,0.0299511827181291
18,115,0.0299511827181291
18,114,0.0299511827181291
8,114,0.0299511827181291
14,173,0.0299511827181291
23,177,0.0299511827181291
25,177,0.0299511827181291
25,115,0.0299511827181291
25,173,0.0299511827181291
25,84,0.0299511827181291
18,84,0.0299511827181291
15,114,0.0299511827181291
23,124,0.0299511827181291
25,124,0.0299511827181291
14,124,0.0299511827181291
14,114,0.0299511827181291
15,124,0.0299511827181291
18,124,0.0299511827181291
8,124,0.0299511827181291
23,129,0.0299511827181291
13,114,0.0299511827181291
5,190,0.0299023831266286
17,179,0.029681025230862
26,180,0.029681025230862
26,179,0.029681025230862
17,180,0.029681025230862
3,164,0.0290874173177019
19,52,0.0290874173177019
3,52,0.0290874173177019
19,164,0.0290874173177019
22,181,0.0288916907088045
11,181,0.0288916907088045
10,181,0.0288916907088045
24,17,0.0287565783101729
21,171,0.0285543352282888
21,191,0.0285543352282888
21,192,0.0285543352282888
21,89,0.0285543352282888
21,33,0.0285543352282888
21,79,0.0285543352282888
21,172,0.0285543352282888
21,60,0.0285543352282888
21,109,0.0285543352282888
21,48,0.0285543352282888
21,93,0.0285543352282888
21,162,0.0285543352282888
21,61,0.0285543352282888
9,90,0.0285456240599758
7,90,0.0285456240599758
22,177,0.0283264294672339
11,202,0.0283264294672339
22,202,0.0283264294672339
10,177,0.0283264294672339
22,13,0.0283264294672339
22,108,0.0283264294672339
11,205,0.0283264294672339
10,205,0.0283264294672339
10,79,0.0283264294672339
22,78,0.0283264294672339
11,79,0.0283264294672339
22,79,0.0283264294672339
11,193,0.0283264294672339
10,193,0.0283264294672339
11,80,0.0283264294672339
10,80,0.0283264294672339
10,77,0.0283264294672339
11,187,0.0283264294672339
11,77,0.0283264294672339
22,76,0.0283264294672339
22,80,0.0283264294672339
11,168,0.0283264294672339
22,168,0.0283264294672339
10,168,0.0283264294672339
22,205,0.0283264294672339
22,85,0.0283264294672339
10,82,0.0283264294672339
11,124,0.0283264294672339
11,139,0.0283264294672339
10,170,0.0283264294672339
22,139,0.0283264294672339
22,146,0.0283264294672339
10,78,0.0283264294672339
22,82,0.0283264294672339
22,163,0.0283264294672339
11,170,0.0283264294672339
11,163,0.0283264294672339
10,163,0.0283264294672339
10,139,0.0283264294672339
10,187,0.0283264294672339
22,114,0.0283264294672339
11,78,0.0283264294672339
22,170,0.0283264294672339
11,82,0.0283264294672339
11,167,0.0283264294672339
10,167,0.0283264294672339
11,85,0.0283264294672339
10,85,0.0283264294672339
22,124,0.0283264294672339
10,194,0.0283264294672339
10,124,0.0283264294672339
22,93,0.0283264294672339
11,93,0.0283264294672339
11,94,0.0283264294672339
10,94,0.0283264294672339
22,94,0.0283264294672339
10,93,0.0283264294672339
11,84,0.0283264294672339
10,84,0.0283264294672339
22,84,0.0283264294672339
22,187,0.0283264294672339
10,114,0.0283264294672339
11,114,0.0283264294672339
11,76,0.0283264294672339
11,15,0.0283264294672339
22,15,0.0283264294672339
10,15,0.0283264294672339
22,161,0.0283264294672339
11,161,0.0283264294672339
10,161,0.0283264294672339
11,108,0.0283264294672339
10,108,0.0283264294672339
11,107,0.0283264294672339
11,70,0.0283264294672339
10,70,0.0283264294672339
10,107,0.0283264294672339
22,70,0.0283264294672339
22,147,0.0283264294672339
22,77,0.0283264294672339
10,76,0.0283264294672339
22,194,0.0283264294672339
11,146,0.0283264294672339
22,193,0.0283264294672339
11,194,0.0283264294672339
10,146,0.0283264294672339
10,202,0.0283264294672339
22,167,0.0283264294672339
22,107,0.0283264294672339
11,135,0.0283264294672339
10,135,0.0283264294672339
11,147,0.0283264294672339
22,135,0.0283264294672339
10,147,0.0283264294672339
11,177,0.0283264294672339
10,13,0.0283264294672339
11,13,0.0283264294672339
24,145,0.0282135644857652
6,172,0.0278704620833355
1,172,0.0278704620833355
9,10,0.0277437501792613
7,10,0.0277437501792613
24,151,0.0269068573010695
24,171,0.0263898119036402
4,156,0.0260636986673604
9,177,0.0259030030558486
7,177,0.0259030030558486
4,90,0.0257717873284418
24,154,0.0255745576797202
9,41,0.0255330090776427
7,41,0.0255330090776427
6,114,0.0254862545926876
7,179,0.0252944748612094
7,180,0.0252944748612094
9,145,0.0252944748612094
9,179,0.0252944748612094
9,180,0.0252944748612094
7,145,0.0252944748612094
8,125,0.0251265578554762
15,29,0.0251265578554762
18,29,0.0251265578554762
14,29,0.0251265578554762
23,125,0.0251265578554762
12,125,0.0251265578554762
8,29,0.0251265578554762
23,29,0.0251265578554762
25,29,0.0251265578554762
12,29,0.0251265578554762
13,29,0.0251265578554762
15,125,0.0251265578554762
13,125,0.0251265578554762
14,125,0.0251265578554762
25,125,0.0251265578554762
18,125,0.0251265578554762
25,12,0.0250991126548751
23,12,0.0250991126548751
12,81,0.0250991126548751
8,81,0.0250991126548751
23,81,0.0250991126548751
18,81,0.0250991126548751
15,81,0.0250991126548751
25,81,0.0250991126548751
13,81,0.0250991126548751
14,81,0.0250991126548751
14,12,0.0250991126548751
15,12,0.0250991126548751
13,12,0.0250991126548751
12,12,0.0250991126548751
8,12,0.0250991126548751
18,12,0.0250991126548751
24,34,0.0246413477514779
11,52,0.023791019355724
10,52,0.023791019355724
11,127,0.023791019355724
22,40,0.023791019355724
11,189,0.023791019355724
22,127,0.023791019355724
10,127,0.023791019355724
10,189,0.023791019355724
11,40,0.023791019355724
22,121,0.023791019355724
11,156,0.023791019355724
10,40,0.023791019355724
11,178,0.023791019355724
22,178,0.023791019355724
22,156,0.023791019355724
10,153,0.023791019355724
11,153,0.023791019355724
22,153,0.023791019355724
10,151,0.023791019355724
11,89,0.023791019355724
22,52,0.023791019355724
11,151,0.023791019355724
22,151,0.023791019355724
22,89,0.023791019355724
10,89,0.023791019355724
10,178,0.023791019355724
22,189,0.023791019355724
10,121,0.023791019355724
11,121,0.023791019355724
10,156,0.023791019355724
24,47,0.0236690645413085
8,174,0.0236468081917401
25,174,0.0236468081917401
23,174,0.0236468081917401
14,174,0.0236468081917401
12,174,0.0236468081917401
18,174,0.0236468081917401
15,174,0.0236468081917401
13,174,0.0236468081917401
9,171,0.0235242095289557
7,171,0.0235242095289557
9,19,0.0233105732408747
7,19,0.0233105732408747
23,25,0.0232447136057734
18,26,0.0232447136057734
15,26,0.0232447136057734
25,25,0.0232447136057734
8,25,0.0232447136057734
12,211,0.0232447136057734
15,101,0.0232447136057734
23,101,0.0232447136057734
12,25,0.0232447136057734
15,211,0.0232447136057734
13,211,0.0232447136057734
14,211,0.0232447136057734
14,102,0.0232447136057734
18,101,0.0232447136057734
13,102,0.0232447136057734
25,102,0.0232447136057734
12,102,0.0232447136057734
12,26,0.0232447136057734
8,211,0.0232447136057734
23,211,0.0232447136057734
14,25,0.0232447136057734
13,25,0.0232447136057734
25,211,0.0232447136057734
13,101,0.0232447136057734
18,211,0.0232447136057734
18,25,0.0232447136057734
8,26,0.0232447136057734
23,26,0.0232447136057734
12,101,0.0232447136057734
15,102,0.0232447136057734
18,102,0.0232447136057734
23,102,0.0232447136057734
8,102,0.0232447136057734
14,101,0.0232447136057734
8,101,0.0232447136057734
25,101,0.0232447136057734
15,25,0.0232447136057734
25,26,0.0232447136057734
13,26,0.0232447136057734
14,26,0.0232447136057734
13,172,0.0223545285504338
8,172,0.0223545285504338
15,172,0.0223545285504338
14,172,0.0223545285504338
12,172,0.0223545285504338
25,172,0.0223545285504338
18,172,0.0223545285504338
23,172,0.0223545285504338
0,183,0.0223281704502527
8,185,0.0222730006800736
13,185,0.0222730006800736
15,185,0.0222730006800736
14,185,0.0222730006800736
18,185,0.0222730006800736
23,185,0.0222730006800736
25,185,0.0222730006800736
12,185,0.0222730006800736
6,112,0.022198597436102
11,201,0.0219170658511201
10,201,0.0219170658511201
22,201,0.0219170658511201
15,113,0.0215074029163229
25,113,0.0215074029163229
12,113,0.0215074029163229
13,113,0.0215074029163229
18,113,0.0215074029163229
14,113,0.0215074029163229
12,111,0.0215074029163229
18,111,0.0215074029163229
8,113,0.0215074029163229
23,113,0.0215074029163229
23,111,0.0215074029163229
25,111,0.0215074029163229
8,111,0.0215074029163229
13,111,0.0215074029163229
15,111,0.0215074029163229
14,111,0.0215074029163229
11,27,0.0214541102418911
10,27,0.0214541102418911
22,27,0.0214541102418911
22,169,0.0214541102418911
10,169,0.0214541102418911
11,169,0.0214541102418911
11,113,0.0210892841296906
10,7,0.0210892841296906
10,113,0.0210892841296906
22,113,0.0210892841296906
22,24,0.0210892841296906
10,81,0.0210892841296906
10,24,0.0210892841296906
11,24,0.0210892841296906
22,81,0.0210892841296906
11,81,0.0210892841296906
22,7,0.0210892841296906
22,2,0.0210892841296906
11,2,0.0210892841296906
11,7,0.0210892841296906
10,2,0.0210892841296906
7,38,0.0210533424426252
9,38,0.0210533424426252
6,61,0.0208873204131588
1,61,0.0208873204131588
11,8,0.0202275248322304
10,8,0.0202275248322304
22,111,0.0202275248322304
10,111,0.0202275248322304
11,111,0.0202275248322304
22,8,0.0202275248322304
26,185,0.0202257711956385
17,185,0.0202257711956385
26,81,0.0198448658059467
17,81,0.0198448658059467
17,12,0.0198448658059467
26,12,0.0198448658059467
24,83,0.0191360127445175
24,41,0.0191360127445175
24,212,0.0191360127445175
7,83,0.0187523052302079
9,83,0.0187523052302079
9,40,0.0187523052302079
7,40,0.0187523052302079
9,212,0.0187523052302079
7,212,0.0187523052302079
7,47,0.0185814113319708
9,47,0.0185814113319708
1,160,0.0184702324891849
6,160,0.0184702324891849
9,59,0.0183938639821834
9,55,0.0183938639821834
7,54,0.0183938639821834
7,62,0.0183938639821834
9,62,0.0183938639821834
9,54,0.0183938639821834
7,59,0.0183938639821834
7,55,0.0183938639821834
17,101,0.018030732515863
26,101,0.018030732515863
17,26,0.018030732515863
26,102,0.018030732515863
17,102,0.018030732515863
17,25,0.018030732515863
26,26,0.018030732515863
26,25,0.018030732515863
26,172,0.0177653791335544
17,172,0.0177653791335544
22,120,0.0170725196660386
10,120,0.0170725196660386
11,120,0.0170725196660386
11,149,0.0170725196660386
10,149,0.0170725196660386
22,149,0.0170725196660386
24,62,0.0169247068232442
24,59,0.0169247068232442
24,54,0.0169247068232442
24,55,0.0169247068232442
24,40,0.0169247068232442
26,113,0.0168921931903756
17,113,0.0168921931903756
24,178,0.0168573598537582
8,11,0.0154581632007087
13,11,0.0154581632007087
12,11,0.0154581632007087
25,204,0.0154581632007087
18,204,0.0154581632007087
14,204,0.0154581632007087
13,204,0.0154581632007087
15,121,0.0154581632007087
23,204,0.0154581632007087
8,204,0.0154581632007087
25,11,0.0154581632007087
8,100,0.0154581632007087
8,98,0.0154581632007087
18,98,0.0154581632007087
15,98,0.0154581632007087
12,204,0.0154581632007087
12,98,0.0154581632007087
13,98,0.0154581632007087
23,100,0.0154581632007087
14,121,0.0154581632007087
15,204,0.0154581632007087
14,98,0.0154581632007087
18,89,0.0154581632007087
12,89,0.0154581632007087
8,89,0.0154581632007087
15,89,0.0154581632007087
8,121,0.0154581632007087
18,121,0.0154581632007087
13,121,0.0154581632007087
25,121,0.0154581632007087
23,121,0.0154581632007087
12,121,0.0154581632007087
14,40,0.0154581632007087
13,40,0.0154581632007087
13,89,0.0154581632007087
14,89,0.0154581632007087
25,89,0.0154581632007087
23,89,0.0154581632007087
25,98,0.0154581632007087
8,40,0.0154581632007087
15,40,0.0154581632007087
18,40,0.0154581632007087
12,100,0.0154581632007087
23,98,0.0154581632007087
25,40,0.0154581632007087
12,40,0.0154581632007087
23,40,0.0154581632007087
18,100,0.0154581632007087
18,156,0.0154581632007087
8,156,0.0154581632007087
12,156,0.0154581632007087
13,156,0.0154581632007087
25,100,0.0154581632007087
13,100,0.0154581632007087
14,100,0.0154581632007087
15,100,0.0154581632007087
14,11,0.0154581632007087
15,11,0.0154581632007087
23,156,0.0154581632007087
25,156,0.0154581632007087
23,11,0.0154581632007087
18,11,0.0154581632007087
15,156,0.0154581632007087
14,156,0.0154581632007087
26,145,0.0153721340997704
17,145,0.0153721340997704
9,154,0.0153488431849664
7,154,0.0153488431849664
12,117,0.0147156585195143
13,117,0.0147156585195143
18,183,0.0147156585195143
8,183,0.0147156585195143
14,151,0.0147156585195143
13,151,0.0147156585195143
12,127,0.0147156585195143
13,127,0.0147156585195143
8,71,0.0147156585195143
12,71,0.0147156585195143
8,52,0.0147156585195143
8,127,0.0147156585195143
14,164,0.0147156585195143
13,164,0.0147156585195143
25,164,0.0147156585195143
15,164,0.0147156585195143
13,52,0.0147156585195143
14,52,0.0147156585195143
8,164,0.0147156585195143
12,52,0.0147156585195143
18,52,0.0147156585195143
15,52,0.0147156585195143
15,151,0.0147156585195143
23,151,0.0147156585195143
8,151,0.0147156585195143
18,151,0.0147156585195143
25,183,0.0147156585195143
15,183,0.0147156585195143
12,75,0.0147156585195143
13,75,0.0147156585195143
15,117,0.0147156585195143
14,117,0.0147156585195143
18,75,0.0147156585195143
23,75,0.0147156585195143
14,71,0.0147156585195143
23,71,0.0147156585195143
25,71,0.0147156585195143
18,71,0.0147156585195143
25,117,0.0147156585195143
18,117,0.0147156585195143
23,127,0.0147156585195143
12,151,0.0147156585195143
25,151,0.0147156585195143
23,153,0.0147156585195143
18,127,0.0147156585195143
15,127,0.0147156585195143
25,127,0.0147156585195143
14,127,0.0147156585195143
23,52,0.0147156585195143
25,52,0.0147156585195143
12,153,0.0147156585195143
13,153,0.0147156585195143
15,153,0.0147156585195143
14,153,0.0147156585195143
13,157,0.0147156585195143
12,157,0.0147156585195143
14,157,0.0147156585195143
8,157,0.0147156585195143
8,153,0.0147156585195143
18,153,0.0147156585195143
25,157,0.0147156585195143
12,189,0.0147156585195143
14,183,0.0147156585195143
13,183,0.0147156585195143
25,145,0.0147156585195143
23,189,0.0147156585195143
25,189,0.0147156585195143
13,189,0.0147156585195143
25,75,0.0147156585195143
8,75,0.0147156585195143
18,145,0.0147156585195143
8,145,0.0147156585195143
14,75,0.0147156585195143
15,75,0.0147156585195143
15,145,0.0147156585195143
14,145,0.0147156585195143
15,71,0.0147156585195143
13,71,0.0147156585195143
8,117,0.0147156585195143
23,117,0.0147156585195143
23,183,0.0147156585195143
8,88,0.0147156585195143
18,88,0.0147156585195143
23,145,0.0147156585195143
25,88,0.0147156585195143
12,145,0.0147156585195143
13,145,0.0147156585195143
14,189,0.0147156585195143
15,189,0.0147156585195143
18,189,0.0147156585195143
8,189,0.0147156585195143
23,88,0.0147156585195143
25,153,0.0147156585195143
18,164,0.0147156585195143
23,164,0.0147156585195143
12,164,0.0147156585195143
15,88,0.0147156585195143
23,157,0.0147156585195143
15,157,0.0147156585195143
18,157,0.0147156585195143
12,183,0.0147156585195143
12,88,0.0147156585195143
13,88,0.0147156585195143
14,88,0.0147156585195143
12,18,0.0146554919948611
13,18,0.0146554919948611
15,18,0.0146554919948611
14,18,0.0146554919948611
25,110,0.0146554919948611
23,110,0.0146554919948611
25,18,0.0146554919948611
23,18,0.0146554919948611
8,110,0.0146554919948611
18,110,0.0146554919948611
8,18,0.0146554919948611
18,18,0.0146554919948611
13,110,0.0146554919948611
12,110,0.0146554919948611
15,110,0.0146554919948611
14,110,0.0146554919948611
22,176,0.0143229929157393
10,157,0.0143229929157393
22,11,0.0143229929157393
11,157,0.0143229929157393
11,164,0.0143229929157393
22,157,0.0143229929157393
10,164,0.0143229929157393
22,164,0.0143229929157393
11,176,0.0143229929157393
10,176,0.0143229929157393
11,88,0.0143229929157393
10,88,0.0143229929157393
22,88,0.0143229929157393
22,175,0.0143229929157393
10,98,0.0143229929157393
11,98,0.0143229929157393
22,119,0.0143229929157393
11,196,0.0143229929157393
10,204,0.0143229929157393
11,204,0.0143229929157393
10,196,0.0143229929157393
10,119,0.0143229929157393
22,196,0.0143229929157393
11,119,0.0143229929157393
10,117,0.0143229929157393
11,117,0.0143229929157393
22,117,0.0143229929157393
22,188,0.0143229929157393
10,175,0.0143229929157393
11,175,0.0143229929157393
11,188,0.0143229929157393
10,188,0.0143229929157393
11,11,0.0143229929157393
10,11,0.0143229929157393
22,204,0.0143229929157393
22,98,0.0143229929157393
24,177,0.0137350898765911
7,138,0.0130578553735284
9,138,0.0130578553735284
10,1,0.0130564192642013
11,1,0.0130564192642013
22,1,0.0130564192642013
17,181,0.0129773841212564
26,18,0.0129773841212564
17,110,0.0129773841212564
17,18,0.0129773841212564
26,110,0.0129773841212564
26,181,0.0129773841212564
10,217,0.0129751403267726
11,217,0.0129751403267726
22,217,0.0129751403267726
22,18,0.0129635032986359
11,18,0.0129635032986359
10,18,0.0129635032986359
15,190,0.0127870487488108
14,190,0.0127870487488108
23,190,0.0127870487488108
13,190,0.0127870487488108
18,190,0.0127870487488108
8,190,0.0127870487488108
25,190,0.0127870487488108
12,190,0.0127870487488108
24,19,0.0122509018327207
10,125,0.012037003930391
22,125,0.012037003930391
11,125,0.012037003930391
7,191,0.0119942932142475
9,191,0.0119942932142475
24,9,0.0118045665225489
26,190,0.0114148508321325
17,190,0.0114148508321325
24,168,0.011333229426921
7,36,0.0112663373650238
9,36,0.0112663373650238
24,129,0.0111723322420046
7,168,0.0110193546984425
9,168,0.0110193546984425
22,211,0.011011226619331
11,211,0.011011226619331
10,211,0.011011226619331
24,106,0.0109816889852122
9,151,0.0108045030111812
7,151,0.0108045030111812
7,136,0.0107186136884361
9,136,0.0107186136884361
9,178,0.0107104046782738
9,196,0.0107104046782738
7,178,0.0107104046782738
7,196,0.0107104046782738
24,196,0.010277164952654
24,36,0.0101759935552137
24,170,0.0101759935552137
9,164,0.0096782860871441
7,164,0.0096782860871441
22,95,0.0096677971624541
11,95,0.0096677971624541
22,199,0.0096677971624541
10,131,0.0096677971624541
10,199,0.0096677971624541
11,112,0.0096677971624541
11,199,0.0096677971624541
11,28,0.0096677971624541
10,28,0.0096677971624541
11,216,0.0096677971624541
22,216,0.0096677971624541
10,216,0.0096677971624541
22,28,0.0096677971624541
11,131,0.0096677971624541
22,131,0.0096677971624541
10,0,0.0096677971624541
22,0,0.0096677971624541
11,0,0.0096677971624541
10,112,0.0096677971624541
22,112,0.0096677971624541
10,95,0.0096677971624541
22,9,0.0096112512985701
10,9,0.0096112512985701
11,9,0.0096112512985701
24,31,0.0096022800185439
9,100,0.0089804590007207
7,100,0.0089804590007207
24,191,0.0082404588387028
10,19,0.0072702037178648
11,19,0.0072702037178648
10,186,0.0072702037178648
22,19,0.0072702037178648
22,30,0.0072702037178648
11,186,0.0072702037178648
11,30,0.0072702037178648
10,30,0.0072702037178648
22,186,0.0072702037178648
10,145,0.0070843242288743
22,145,0.0070843242288743
11,145,0.0070843242288743
24,187,0.0063451446364302
24,166,0.0061379306525289
24,164,0.0057884521565035
9,166,0.005449534079559
7,166,0.005449534079559
11,190,0.0048179584532067
10,10,0.0048179584532067
11,10,0.0048179584532067
10,190,0.0048179584532067
11,29,0.0048179584532067
10,29,0.0048179584532067
22,10,0.0048179584532067
22,190,0.0048179584532067
22,29,0.0048179584532067
9,192,0.0044944784690222
7,192,0.0044944784690222
24,10,0.0041946804133702
7,187,0.0038353193958374
9,187,0.0038353193958374
7,31,0.003450212455177
9,31,0.003450212455177
9,129,0.003450212455177
7,129,0.003450212455177
