disease	SnoRNA	Score
24	143	0.9950976995194085
24	112	0.9949707399730241
98	41	0.9941790974920556
98	42	0.9941790974920556
42	112	0.993939635343819
11	205	0.9938170405423086
11	40	0.9938170405423086
11	217	0.9938170405423086
11	242	0.9938170405423086
110	228	0.9936171152060652
21	228	0.9936171152060652
11	308	0.9934289856711566
11	71	0.9934289856711566
42	244	0.9933482715220586
42	140	0.9933482715220586
42	208	0.9933482715220586
24	224	0.9931464100289278
24	177	0.9929786405121449
24	56	0.9929786405121449
24	147	0.9929786405121449
24	84	0.9929786405121449
24	35	0.9929786405121449
21	242	0.9929589393884991
21	205	0.9929589393884991
21	217	0.9929589393884991
24	133	0.9928600559587283
24	235	0.9928600559587283
24	53	0.9928600559587283
24	1	0.9928600559587283
24	73	0.9928600559587283
24	160	0.9928600559587283
42	233	0.9928334460814499
110	233	0.9928334460814499
24	60	0.9927716859818477
98	27	0.9927597986176614
98	45	0.9927597986176614
42	169	0.9927543214623268
42	163	0.9927543214623268
42	167	0.9927543214623268
42	156	0.9927543214623268
42	279	0.9927543214623268
42	300	0.992746496588996
42	281	0.992746496588996
42	271	0.992746496588996
42	146	0.992746496588996
42	328	0.992746496588996
42	243	0.992746496588996
42	24	0.992746496588996
110	310	0.9925697164700465
110	274	0.9925697164700465
21	274	0.9925697164700465
42	274	0.9925697164700465
110	312	0.9925697164700465
110	299	0.9925697164700465
21	299	0.9925697164700465
110	112	0.992561733323254
21	308	0.9924729517314493
21	71	0.9924729517314493
11	112	0.9924535380495609
21	333	0.9922597444263934
21	238	0.9922597444263934
11	294	0.9921835327104565
42	141	0.9920846158078223
21	141	0.9920846158078223
110	141	0.9920846158078223
42	263	0.9920581222292972
42	250	0.9920581222292972
11	197	0.991970325650445
21	331	0.991815652275827
42	331	0.991815652275827
54	331	0.991815652275827
21	143	0.9917676045947177
110	321	0.9917676045947177
21	321	0.9917676045947177
110	292	0.9917676045947177
110	143	0.9917676045947177
42	292	0.9917676045947177
21	292	0.9917676045947177
110	164	0.9917676045947177
21	138	0.9917676045947177
21	164	0.9917676045947177
42	164	0.9917676045947177
110	307	0.9917676045947177
21	21	0.9917676045947177
110	290	0.9917676045947177
21	290	0.9917676045947177
21	307	0.9917676045947177
42	290	0.9917676045947177
110	306	0.9917676045947177
42	307	0.9917676045947177
21	306	0.9917676045947177
110	21	0.9917676045947177
110	138	0.9917676045947177
42	143	0.9917676045947177
110	244	0.9916232129330089
110	208	0.9916232129330089
21	25	0.9912705240710761
11	233	0.9912677496036333
42	313	0.9911825472518495
42	249	0.9911825472518495
21	241	0.9911825472518495
42	241	0.9911825472518495
110	249	0.9911825472518495
110	241	0.9911825472518495
21	249	0.9911825472518495
21	313	0.9911825472518495
11	24	0.9909796424472599
11	146	0.9909796424472599
11	281	0.9909796424472599
11	243	0.9909796424472599
11	300	0.9909796424472599
11	271	0.9909796424472599
110	318	0.9909619593325035
42	318	0.9909619593325035
110	300	0.9909140698512173
110	328	0.9909140698512173
110	281	0.9909140698512173
110	243	0.9909140698512173
110	146	0.9909140698512173
110	271	0.9909140698512173
110	24	0.9909140698512173
29	255	0.9908706280976832
29	329	0.9908706280976832
110	156	0.9908667536774651
110	315	0.9908667536774651
12	41	0.9908627941088952
84	42	0.9908627941088952
42	60	0.9908520023686554
98	30	0.9907907488561315
7	39	0.990722217902505
29	310	0.9907216026627943
21	107	0.9906731043002565
6	41	0.990659685370732
65	42	0.990659685370732
83	41	0.990659685370732
6	42	0.990659685370732
81	42	0.990659685370732
83	42	0.990659685370732
81	41	0.990659685370732
65	41	0.990659685370732
54	37	0.9905345620901138
21	37	0.9905345620901138
54	31	0.9905345620901138
110	31	0.9905345620901138
110	37	0.9905345620901138
110	47	0.9905345620901138
9	92	0.9905176409622606
9	51	0.9905176409622606
53	79	0.9905176409622606
9	104	0.9905176409622606
9	95	0.9905176409622606
53	92	0.9905176409622606
9	126	0.9905176409622606
53	109	0.9905176409622606
9	131	0.9905176409622606
53	129	0.9905176409622606
53	81	0.9903960384017882
9	117	0.9903960384017882
9	98	0.9903960384017882
9	124	0.9903960384017882
53	66	0.9903960384017882
53	82	0.9903960384017882
9	80	0.9903960384017882
53	80	0.9903960384017882
53	50	0.9903960384017882
9	50	0.9903960384017882
53	73	0.9903960384017882
9	93	0.9903960384017882
9	94	0.9903960384017882
34	244	0.9903538969259803
74	39	0.9902918314561039
76	39	0.9902918314561039
34	242	0.9902608076129001
34	40	0.9902608076129001
53	87	0.9898861377407459
54	233	0.9898262841895477
57	41	0.9898160505008715
57	30	0.9898160505008715
57	42	0.9898160505008715
24	57	0.989759309757082
24	6	0.989759309757082
11	287	0.989748214159546
34	139	0.989703187383305
11	270	0.989579745447396
34	156	0.98954428721486
34	305	0.9895024950779748
11	20	0.9894574445079878
42	224	0.9892735341724808
21	224	0.9892735341724808
54	224	0.9892735341724808
110	224	0.9892735341724808
21	135	0.989116199046148
21	122	0.989116199046148
54	122	0.989116199046148
54	84	0.989116199046148
54	56	0.989116199046148
21	223	0.989116199046148
21	56	0.989116199046148
54	35	0.989116199046148
42	135	0.989116199046148
42	223	0.989116199046148
21	84	0.989116199046148
110	35	0.989116199046148
54	112	0.989078467086605
110	20	0.9890719665976405
11	60	0.9890414636518977
54	318	0.9889921331950695
29	46	0.9888867747615967
29	37	0.9888867747615967
110	29	0.988867632548214
21	100	0.9888408238486438
108	265	0.9886056737199744
110	60	0.9886013833411963
68	42	0.9885966737198278
68	41	0.9885966737198278
83	45	0.9885705855473033
6	27	0.9885705855473033
30	45	0.9885705855473033
83	27	0.9885705855473033
65	45	0.9885705855473033
61	27	0.9885705855473033
84	45	0.9883989955709351
84	27	0.9883989955709351
21	332	0.9882598222823306
42	332	0.9882598222823306
42	259	0.9882598222823306
21	259	0.9882598222823306
110	332	0.9882598222823306
110	259	0.9882598222823306
91	264	0.9881912918416037
74	264	0.9881912918416037
74	249	0.9881677459010435
91	249	0.9881677459010435
21	287	0.9881282523244921
47	33	0.9880725948720264
110	27	0.9879969117149445
110	329	0.9879969117149445
42	235	0.9879969117149445
54	277	0.9879969117149445
110	235	0.9879969117149445
21	334	0.9879969117149445
21	247	0.9879969117149445
54	247	0.9879969117149445
110	44	0.9879969117149445
54	63	0.9879969117149445
42	264	0.9879969117149445
21	329	0.9879969117149445
54	78	0.9879969117149445
110	264	0.9879969117149445
54	264	0.9879969117149445
110	277	0.9879969117149445
54	26	0.9879969117149445
42	329	0.9879969117149445
54	255	0.9879969117149445
54	44	0.9879969117149445
54	133	0.9879969117149445
42	255	0.9879969117149445
21	324	0.9879969117149445
21	133	0.9879969117149445
110	324	0.9879969117149445
42	247	0.9879969117149445
21	264	0.9879969117149445
42	277	0.9879969117149445
54	134	0.9879969117149445
42	134	0.9879969117149445
42	73	0.9879969117149445
42	324	0.9879969117149445
21	73	0.9879969117149445
54	329	0.9879969117149445
21	277	0.9879969117149445
42	26	0.9879969117149445
110	63	0.9879969117149445
21	235	0.9879969117149445
54	73	0.9879969117149445
54	235	0.9879969117149445
110	45	0.9879969117149445
21	255	0.9879969117149445
110	232	0.9879860934862159
21	232	0.9879860934862159
54	232	0.9879860934862159
42	218	0.9879848359804598
110	218	0.9879848359804598
42	216	0.9879848359804598
21	157	0.9879750618550035
110	157	0.9879750618550035
21	273	0.9879750618550035
42	147	0.9879750618550035
110	147	0.9879750618550035
21	265	0.9879750618550035
110	155	0.9879750618550035
110	311	0.9879750618550035
110	265	0.9879750618550035
110	177	0.9879750618550035
21	177	0.9879750618550035
42	177	0.9879750618550035
21	155	0.9879750618550035
110	273	0.9879750618550035
21	147	0.9879750618550035
54	265	0.9879750618550035
21	311	0.9879750618550035
82	76	0.9879706060985359
82	72	0.9879706060985359
82	68	0.9879706060985359
34	138	0.9879488083014871
42	220	0.9879411319043513
42	142	0.9879411319043513
42	303	0.9879411319043513
42	248	0.9879411319043513
42	253	0.9879411319043513
42	298	0.9879411319043513
42	275	0.9879411319043513
42	193	0.9879411319043513
42	283	0.9879411319043513
42	266	0.9879411319043513
53	28	0.9878281529363603
47	42	0.9876695037746067
47	41	0.9876695037746067
99	23	0.9875868512634206
97	41	0.9875490585753873
53	99	0.9875352100350372
9	99	0.9875352100350372
11	224	0.9874294831713164
82	110	0.9874104142331201
82	114	0.9874104142331201
24	123	0.9873671484687055
24	207	0.9873671484687055
24	19	0.9873671484687055
108	154	0.9873524980149249
21	28	0.9873332811105296
85	42	0.987329620990062
82	121	0.9873244360832744
34	107	0.987319672496577
7	310	0.9872891107066374
110	136	0.9872033646687544
42	197	0.9871762724788761
110	197	0.9871762724788761
110	198	0.9871762724788761
42	198	0.9871762724788761
110	219	0.9871254219184175
21	219	0.9871254219184175
24	86	0.9870827636388183
85	45	0.9870468574562775
42	225	0.9870323644050158
110	225	0.9870323644050158
42	174	0.9869948869623115
42	171	0.9869948869623115
42	176	0.9869948869623115
42	254	0.9869948869623115
42	170	0.9869948869623115
42	296	0.9869948869623115
42	172	0.9869948869623115
42	166	0.9869948869623115
42	173	0.9869948869623115
42	276	0.9869948869623115
42	286	0.9869948869623115
42	293	0.9869948869623115
42	240	0.9869948869623115
42	161	0.9869948869623115
42	262	0.9869948869623115
42	181	0.9869948869623115
42	188	0.9869948869623115
42	189	0.9869948869623115
21	289	0.9869271188624789
110	289	0.9869271188624789
42	294	0.9869271188624789
42	289	0.9869271188624789
21	294	0.9869271188624789
54	294	0.9869271188624789
54	289	0.9869271188624789
78	41	0.986904999553401
78	42	0.986904999553401
34	20	0.9868954269050227
74	255	0.9868822902901795
74	329	0.9868822902901795
82	107	0.9868696026126301
42	22	0.9868158046915101
42	284	0.9868158046915101
110	284	0.9868158046915101
42	305	0.9867803402417148
42	246	0.9867803402417148
42	234	0.9867803402417148
42	16	0.9867236027187929
108	290	0.9866983608221425
29	219	0.9866923709542613
21	153	0.9866741025817689
21	160	0.9866741025817689
42	160	0.9866741025817689
21	316	0.9866741025817689
54	221	0.9866741025817689
42	153	0.9866741025817689
42	252	0.9866741025817689
21	221	0.9866741025817689
54	316	0.9866741025817689
110	252	0.9866741025817689
42	221	0.9866741025817689
110	316	0.9866741025817689
110	153	0.9866741025817689
54	153	0.9866741025817689
21	252	0.9866741025817689
11	218	0.9866121573108219
24	156	0.9865002250043179
24	271	0.9865002250043179
77	35	0.9864570803162395
68	45	0.9863164683030922
74	310	0.986290190136011
91	310	0.986290190136011
29	324	0.9862476171067884
50	45	0.9861751841974558
26	41	0.9861692592911376
26	30	0.9861692592911376
26	42	0.9861692592911376
24	36	0.9861209837068384
24	75	0.9861209837068384
21	145	0.9860222651466991
57	45	0.98600509702263
57	44	0.98600509702263
91	164	0.9859733838705679
74	164	0.9859733838705679
34	47	0.9859425691630168
74	245	0.9858717284099835
53	76	0.9858683782940221
53	68	0.9858683782940221
9	114	0.9858683782940221
9	68	0.9858683782940221
110	107	0.9857691961886341
7	249	0.98576427394376
11	253	0.9856942097480659
11	248	0.9856942097480659
11	142	0.9856942097480659
11	283	0.9856942097480659
11	225	0.9856799640860093
42	162	0.9856733755137065
42	269	0.9856615808277762
24	325	0.9855832332838077
110	41	0.9855400186477373
42	18	0.9855326247592533
21	38	0.9854250368325526
21	69	0.9854250368325526
11	284	0.9853743138207728
108	21	0.9853401955613806
29	312	0.9853000073325516
91	265	0.9852669259011729
74	265	0.9852669259011729
78	45	0.9852553034198679
24	129	0.9852359864075607
24	126	0.9852359864075607
24	131	0.9852359864075607
24	109	0.9852359864075607
24	95	0.9852359864075607
24	79	0.9852359864075607
24	104	0.9852359864075607
42	327	0.985214323358575
42	203	0.985214323358575
42	194	0.985214323358575
42	209	0.985214323358575
29	265	0.9851304991748472
110	309	0.9850960342670412
21	215	0.9850960342670412
21	309	0.9850960342670412
110	215	0.9850960342670412
54	260	0.9850960342670412
21	260	0.9850960342670412
110	260	0.9850960342670412
110	220	0.9850670177861378
110	298	0.9850670177861378
110	248	0.9850670177861378
110	193	0.9850670177861378
110	266	0.9850670177861378
110	253	0.9850670177861378
110	283	0.9850670177861378
110	275	0.9850670177861378
110	142	0.9850670177861378
81	30	0.985064850505007
65	30	0.985064850505007
7	6	0.9849845404465194
24	96	0.9849411514967428
21	13	0.9849226974093718
42	214	0.9848123406523877
97	45	0.9847576555139119
11	76	0.9847164603112902
11	72	0.9847164603112902
11	174	0.9847027734795464
7	46	0.9846725002341455
7	47	0.9846725002341455
24	113	0.9845031453985635
24	61	0.9845031453985635
24	118	0.9845031453985635
24	94	0.9845031453985635
24	115	0.9845031453985635
111	128	0.9844134833462189
11	246	0.9843785080097511
11	234	0.9843785080097511
11	305	0.9843785080097511
31	45	0.984373227477619
22	45	0.984373227477619
98	44	0.9843086892519111
77	235	0.9842585870306673
108	235	0.9842585870306673
23	131	0.984251932954642
23	95	0.984251932954642
23	51	0.984251932954642
23	129	0.984251932954642
54	20	0.9841749604082999
108	23	0.9841163002357373
75	23	0.9841163002357373
74	23	0.9841163002357373
24	331	0.9841043518371382
42	231	0.9839367814415055
21	231	0.9839367814415055
34	35	0.9839265983615592
34	122	0.9839265983615592
110	323	0.9839104254229334
54	323	0.9839104254229334
21	323	0.9839104254229334
11	110	0.9839049206683125
11	70	0.9839049206683125
11	114	0.9839049206683125
7	2	0.9838639637343725
53	69	0.9838057231221939
110	16	0.9837843652983396
39	141	0.9837834506015288
42	75	0.983766161579628
11	107	0.9837649404300626
110	40	0.9837576567449065
110	234	0.9837161707552708
110	246	0.9837161707552708
54	244	0.9836334558179421
36	247	0.9836168742507974
72	247	0.9836168742507974
91	47	0.983601696183425
74	47	0.983601696183425
74	32	0.983601696183425
91	43	0.983601696183425
74	43	0.983601696183425
91	46	0.983601696183425
74	46	0.983601696183425
91	31	0.983601696183425
74	31	0.983601696183425
42	204	0.9835937174144245
42	0	0.9835764687335731
34	0	0.9835764687335731
54	218	0.9835441201584545
42	150	0.9835284508200344
21	150	0.9835284508200344
110	150	0.9835284508200344
42	245	0.9834857836173206
110	245	0.9834857836173206
23	126	0.9834809946240066
82	104	0.9834809946240066
82	115	0.983308331743297
82	73	0.983308331743297
23	113	0.983308331743297
82	118	0.983308331743297
82	53	0.983308331743297
82	134	0.983308331743297
82	62	0.983308331743297
23	63	0.983308331743297
24	312	0.9831145542443471
24	313	0.9831145542443471
24	310	0.9831145542443471
74	21	0.9830628550987022
91	21	0.9830628550987022
11	274	0.9830425638880362
77	247	0.9830222674103122
54	169	0.9829953268532762
54	315	0.9829953268532762
21	11	0.98297944035369
77	329	0.9829333339043581
77	255	0.9829333339043581
53	112	0.9828648558675337
24	2	0.9828378444842631
23	119	0.9827306368329718
91	2	0.9826944873214928
74	2	0.9826944873214928
57	33	0.9826941030598598
54	60	0.982661296496864
7	164	0.9826557452087924
42	272	0.982647340132792
18	41	0.9826297954937154
18	42	0.9826297954937154
96	27	0.9824822354398384
7	219	0.9824554054988871
21	261	0.982452318531732
110	261	0.982452318531732
54	261	0.982452318531732
91	207	0.9824033569523305
74	207	0.9824033569523305
34	177	0.9823403876536496
34	147	0.9823403876536496
11	141	0.9823117895865084
24	37	0.9822894537400053
24	34	0.9822894537400053
24	32	0.9822894537400053
24	43	0.9822894537400053
24	31	0.9822894537400053
34	78	0.982270270410543
34	26	0.982270270410543
9	143	0.9821740991606549
53	138	0.9821740991606549
9	138	0.9821740991606549
53	143	0.9821740991606549
11	6	0.9821549962456901
11	57	0.9821549962456901
83	46	0.9821495152738591
108	15	0.982064946786591
54	197	0.9820459881457917
54	198	0.9820459881457917
54	136	0.9819915140961906
34	198	0.9819593650802692
110	57	0.9819507422815589
54	57	0.9819507422815589
42	57	0.9819507422815589
42	6	0.9819507422815589
110	6	0.9819507422815589
54	6	0.9819507422815589
21	6	0.9819507422815589
54	284	0.9818901825049385
108	319	0.9818495483909574
77	310	0.9818400580063099
75	7	0.9817655932933143
108	7	0.9817655932933143
74	7	0.9817655932933143
54	146	0.9817128565567821
54	300	0.9817128565567821
54	243	0.9817128565567821
54	281	0.9817128565567821
54	24	0.9817128565567821
54	271	0.9817128565567821
54	328	0.9817128565567821
7	10	0.9816355538006707
74	6	0.9815743042433474
91	6	0.9815743042433474
111	75	0.9814627986628031
111	83	0.9814627986628031
53	75	0.9814588276771323
53	83	0.9814588276771323
7	23	0.9813991581671448
98	32	0.9813748284073406
91	219	0.9813652039184679
77	245	0.9812716932845393
11	290	0.981269797179969
11	321	0.981269797179969
7	26	0.9811628578069456
7	30	0.9811628578069456
84	33	0.9811380874863916
75	21	0.9810279269636408
42	270	0.9810270940261
21	270	0.9810270940261
54	280	0.9810270940261
54	270	0.9810270940261
42	280	0.9810270940261
110	280	0.9810270940261
110	270	0.9810270940261
21	280	0.9810270940261
76	247	0.981017734985835
16	247	0.981017734985835
42	183	0.9809807889510168
42	258	0.9809807889510168
42	7	0.9809807889510168
34	7	0.9809807889510168
34	69	0.9809807889510168
34	251	0.9809807889510168
42	69	0.9809807889510168
42	257	0.9809807889510168
42	178	0.9809807889510168
42	159	0.9809807889510168
34	178	0.9809807889510168
34	159	0.9809807889510168
34	183	0.9809807889510168
87	45	0.9809772062527277
87	27	0.9809772062527277
54	263	0.9809064768759795
54	250	0.9809064768759795
30	33	0.98086593930148
61	33	0.98086593930148
37	45	0.9808535330966027
29	245	0.9808296341519681
9	55	0.9806585457654704
21	2	0.9806530698840258
54	2	0.9806530698840258
110	2	0.9806530698840258
42	2	0.9806530698840258
71	334	0.9806478060328054
53	36	0.9806277627368252
29	299	0.9805970902968864
29	141	0.9805970902968864
74	141	0.9805677702197456
91	141	0.9805677702197456
108	316	0.9805315224855327
7	312	0.9804074686682255
11	313	0.9803797160106262
11	241	0.9803797160106262
91	19	0.9803053949181496
74	19	0.9803053949181496
108	241	0.9802718940842599
71	324	0.9800162709656264
4	27	0.9799952503991183
4	45	0.9799952503991183
54	111	0.9799737127993138
21	111	0.9799737127993138
42	111	0.9799737127993138
29	6	0.979952111558646
91	26	0.9799061485474206
74	324	0.9799061485474206
74	44	0.9799061485474206
74	26	0.9799061485474206
74	334	0.9799061485474206
74	45	0.9799061485474206
91	334	0.9799061485474206
74	27	0.9799061485474206
74	30	0.9799061485474206
91	33	0.9799061485474206
42	322	0.9798770846491176
34	322	0.9798770846491176
54	110	0.9798369745936238
54	114	0.9798369745936238
82	40	0.9797876984900958
42	97	0.9797746364861055
34	97	0.9797746364861055
85	30	0.9797522413151007
4	32	0.97974384183667
42	268	0.9797328154334629
42	256	0.9797328154334629
35	45	0.9797255472894282
35	44	0.9797255472894282
35	27	0.9797255472894282
11	75	0.9797168784357677
53	38	0.9797100523923575
53	97	0.979671080754923
29	147	0.9796684355480029
36	29	0.9796305801594504
77	29	0.9796305801594504
72	29	0.9796305801594504
76	29	0.9796305801594504
78	37	0.9795387265571923
85	33	0.9795352468398575
21	72	0.9794974172912067
21	76	0.9794974172912067
108	168	0.9793316571687959
47	45	0.9792999747227571
47	44	0.9792999747227571
78	30	0.9792540211683505
39	219	0.9792150669305291
39	39	0.9792150669305291
54	107	0.9791870487721056
36	255	0.9791351175409965
36	329	0.9791351175409965
72	329	0.9791351175409965
72	255	0.9791351175409965
42	14	0.9790633585665681
24	40	0.979050165822733
87	32	0.9790459553959024
66	32	0.9790459553959024
7	7	0.9789574115855051
39	329	0.9788792007243452
74	277	0.9788530272221678
91	277	0.9788530272221678
110	204	0.978759242492448
54	129	0.9787149834309339
110	129	0.9787149834309339
21	131	0.9787149834309339
42	131	0.9787149834309339
21	129	0.9787149834309339
54	131	0.9787149834309339
42	129	0.9787149834309339
110	131	0.9787149834309339
11	100	0.9786331523935423
11	251	0.9786331523935423
11	108	0.9786331523935423
11	69	0.9786331523935423
11	159	0.9786331523935423
11	97	0.9786331523935423
9	96	0.9786277798086057
53	96	0.9786277798086057
51	141	0.9785872978474356
1	141	0.9785872978474356
105	329	0.9785872978474356
88	39	0.9785872978474356
105	39	0.9785872978474356
25	329	0.9785872978474356
25	141	0.9785872978474356
51	39	0.9785872978474356
1	329	0.9785872978474356
25	39	0.9785872978474356
1	39	0.9785872978474356
88	141	0.9785872978474356
88	329	0.9785872978474356
51	329	0.9785872978474356
21	70	0.9784818763461957
110	69	0.9784009787778023
110	159	0.9784009787778023
110	108	0.9784009787778023
110	184	0.9783261159550928
21	105	0.9783205375392252
67	27	0.978315581290253
67	45	0.978315581290253
7	307	0.9782788885845839
42	100	0.9782756861947051
34	100	0.9782756861947051
24	27	0.9782649679236568
24	134	0.9782649679236568
24	30	0.9782649679236568
24	33	0.9782649679236568
24	45	0.9782649679236568
24	334	0.9782649679236568
24	63	0.9782649679236568
24	44	0.9782649679236568
24	26	0.9782649679236568
24	62	0.9782649679236568
24	103	0.9782649679236568
24	277	0.9782649679236568
24	78	0.9782649679236568
24	85	0.9782649679236568
24	255	0.9782649679236568
66	27	0.9782587460299357
66	45	0.9782587460299357
71	41	0.9780210998369294
16	329	0.9779965481048563
16	255	0.9779965481048563
76	255	0.9779965481048563
11	223	0.9779600077954632
61	42	0.9779578611563859
61	41	0.9779578611563859
30	41	0.9779578611563859
30	42	0.9779578611563859
42	154	0.9779395370295726
42	282	0.9779395370295726
110	15	0.9779395370295726
110	154	0.9779395370295726
21	154	0.9779395370295726
54	137	0.9779395370295726
21	137	0.9779395370295726
110	282	0.9779395370295726
21	282	0.9779395370295726
54	15	0.9779395370295726
21	15	0.9779395370295726
110	137	0.9779395370295726
71	43	0.9779322455270842
24	101	0.977855972960726
74	299	0.9778393085960336
91	299	0.9778393085960336
70	33	0.9777816871621869
91	10	0.9776814893341251
74	10	0.9776814893341251
71	44	0.9776778468844886
110	126	0.9776341569616488
21	126	0.9776341569616488
54	126	0.9776341569616488
108	40	0.9776145507697063
75	40	0.9776145507697063
11	264	0.9775335366765077
53	48	0.9775097372534709
42	10	0.9774934298296799
54	10	0.9774934298296799
21	207	0.9774934298296799
42	207	0.9774934298296799
21	10	0.9774934298296799
110	207	0.9774934298296799
110	10	0.9774934298296799
54	207	0.9774934298296799
24	223	0.977409511678111
24	135	0.977409511678111
108	237	0.9774085394778541
21	97	0.9773501222453166
54	34	0.9772877933152448
42	34	0.9772877933152448
42	46	0.9772877933152448
110	46	0.9772877933152448
110	43	0.9772877933152448
54	46	0.9772877933152448
110	32	0.9772877933152448
54	43	0.9772877933152448
110	34	0.9772877933152448
34	75	0.9771783250981201
34	184	0.9771658471138325
9	116	0.9771238069553386
34	204	0.9770700129055461
98	37	0.9770556158941774
24	252	0.9770089640179964
78	33	0.9770030815376586
82	97	0.9769528657929759
34	108	0.9769524584311804
42	108	0.9769524584311804
74	273	0.976922880801687
91	273	0.976922880801687
11	179	0.9765940181200778
54	40	0.9765914307627751
21	325	0.9764085112832884
54	325	0.9764085112832884
108	207	0.9763909881543894
24	241	0.9763829786687482
24	274	0.9763829786687482
53	39	0.976355878367175
22	33	0.9763203360537382
11	204	0.9763137247445911
16	21	0.9762765110101025
76	21	0.9762765110101025
97	33	0.976271092993597
108	10	0.9762187836738496
108	6	0.9762187836738496
74	290	0.9761559838529407
91	290	0.9761559838529407
6	44	0.9760780155127644
61	44	0.9760780155127644
81	44	0.9760780155127644
83	44	0.9760780155127644
42	239	0.9759991297095315
7	141	0.9759976327601952
42	295	0.9759913045229752
84	44	0.9759374295217046
12	44	0.9759374295217046
102	37	0.975896562776864
7	21	0.9758022854357559
34	206	0.9757852200402969
11	147	0.9756927598245437
11	177	0.9756927598245437
110	97	0.9756749195721627
110	100	0.9756749195721627
99	38	0.9756454353162638
70	45	0.9754651336595764
70	27	0.9754651336595764
70	44	0.9754651336595764
9	60	0.9753984064013682
53	60	0.9753984064013682
7	207	0.9753972485833694
9	177	0.9753910388765322
53	177	0.9753910388765322
9	35	0.9753910388765322
53	35	0.9753910388765322
53	84	0.9753910388765322
9	56	0.9753910388765322
53	147	0.9753910388765322
53	56	0.9753910388765322
53	91	0.9753910388765322
9	147	0.9753910388765322
9	84	0.9753910388765322
21	24	0.9753414664147749
9	160	0.9753261346159743
9	1	0.9753261346159743
53	235	0.9753261346159743
53	133	0.9753261346159743
53	1	0.9753261346159743
53	247	0.9753261346159743
53	160	0.9753261346159743
9	247	0.9753261346159743
9	235	0.9753261346159743
9	133	0.9753261346159743
11	316	0.9751044424077984
26	33	0.9750563511903945
11	184	0.9750238619410876
53	70	0.9749959878948438
53	202	0.9749866547941435
91	307	0.9749213996791274
74	307	0.9749213996791274
91	154	0.9748416575057801
74	154	0.9748416575057801
110	85	0.9748297081182707
21	62	0.9748297081182707
54	62	0.9748297081182707
21	53	0.9748297081182707
42	103	0.9748297081182707
54	53	0.9748297081182707
21	103	0.9748297081182707
42	53	0.9748297081182707
110	53	0.9748297081182707
54	103	0.9748297081182707
42	85	0.9748297081182707
54	85	0.9748297081182707
57	32	0.974819597865954
96	33	0.9747577248239443
82	116	0.9747030217165831
7	245	0.9745381002850544
24	114	0.9745107529731155
24	76	0.9745107529731155
24	110	0.9745107529731155
24	70	0.9745107529731155
24	72	0.9745107529731155
7	299	0.9744918994585364
74	143	0.9744455099350865
91	143	0.9744455099350865
54	168	0.9741737734679448
110	168	0.9741737734679448
42	168	0.9741737734679448
21	168	0.9741737734679448
108	177	0.9740736266066823
24	120	0.974036702241367
110	148	0.9739841981908173
42	12	0.9739797527853223
74	289	0.9739564600509562
97	43	0.9739040553015768
34	8	0.9739013374515547
98	43	0.9737793346489044
18	30	0.9736339859373472
91	153	0.9736235968269155
74	153	0.9736235968269155
42	317	0.9735405898407741
42	288	0.9735405898407741
42	175	0.9735405898407741
42	285	0.9735405898407741
42	190	0.9735405898407741
42	17	0.9735404283529072
77	289	0.9734708349630415
6	32	0.9734516830613559
65	32	0.9734516830613559
83	32	0.9734516830613559
77	47	0.9734044658321865
77	26	0.9734044658321865
77	334	0.9734044658321865
77	44	0.9734044658321865
77	46	0.9734044658321865
77	45	0.9734044658321865
77	27	0.9734044658321865
4	33	0.9733901826639302
24	91	0.9733048352011412
24	50	0.9732321732694493
24	80	0.9732321732694493
82	75	0.9731786850544797
12	32	0.9731184576190135
7	147	0.9729990831502674
7	35	0.972945541730886
42	40	0.9728939458466725
7	290	0.9728488224047361
34	112	0.9726216239796087
7	28	0.9725395456309808
108	28	0.9725392927165344
75	28	0.9725392927165344
74	28	0.9725392927165344
82	28	0.9724969744035761
11	144	0.9724390923772774
7	15	0.972414066309264
34	2	0.9724106591884134
82	112	0.9723646859334807
23	112	0.9723646859334807
54	248	0.9722991377852389
54	220	0.9722991377852389
54	142	0.9722991377852389
54	253	0.9722991377852389
54	283	0.9722991377852389
23	67	0.9721660155291044
7	56	0.9720642026977756
42	212	0.9720005030527096
34	179	0.9719619553408434
26	45	0.9717946792038664
26	27	0.9717946792038664
26	44	0.9717946792038664
7	19	0.971660891107788
42	320	0.9716505279182603
42	227	0.9716505279182603
78	44	0.9716457038300642
4	41	0.9715197427915067
9	134	0.9714874642658138
53	78	0.9714874642658138
9	78	0.9714874642658138
53	106	0.9714874642658138
50	44	0.9714866753507669
54	262	0.9714420627973182
54	188	0.9714420627973182
54	189	0.9714420627973182
54	293	0.9714420627973182
54	181	0.9714420627973182
54	171	0.9714420627973182
34	191	0.9714210597180927
34	111	0.97130018637758
97	42	0.9712612963630781
29	264	0.9712597952908552
91	147	0.9712344745144232
74	147	0.9712344745144232
68	44	0.9711949376547377
42	144	0.9711877226923296
54	144	0.9711877226923296
21	144	0.9711877226923296
29	29	0.9710506934169238
91	35	0.9710032226768052
74	35	0.9710032226768052
110	33	0.9709891626978733
54	33	0.9709891626978733
110	30	0.9709891626978733
21	42	0.9709891626978733
42	1	0.9709891626978733
110	42	0.9709891626978733
54	30	0.9709891626978733
110	1	0.9709891626978733
21	1	0.9709891626978733
47	37	0.9709055175038777
105	155	0.970823886571328
1	155	0.970823886571328
25	219	0.970823886571328
1	219	0.970823886571328
25	155	0.970823886571328
105	219	0.970823886571328
0	37	0.9708042469174302
16	334	0.970788588400294
76	334	0.970788588400294
76	324	0.970788588400294
16	45	0.970788588400294
16	26	0.970788588400294
16	44	0.970788588400294
16	310	0.970788588400294
76	245	0.970788588400294
76	46	0.970788588400294
76	310	0.970788588400294
16	245	0.970788588400294
16	46	0.970788588400294
16	43	0.970788588400294
16	33	0.970788588400294
16	32	0.970788588400294
16	31	0.970788588400294
76	31	0.970788588400294
16	324	0.970788588400294
72	43	0.9707074129578185
72	310	0.9707074129578185
72	30	0.9707074129578185
72	46	0.9707074129578185
72	334	0.9707074129578185
36	334	0.9707074129578185
72	26	0.9707074129578185
72	324	0.9707074129578185
36	46	0.9707074129578185
36	245	0.9707074129578185
36	26	0.9707074129578185
36	33	0.9707074129578185
72	32	0.9707074129578185
36	44	0.9707074129578185
36	31	0.9707074129578185
36	324	0.9707074129578185
11	29	0.9706699457266739
16	135	0.9705604269317836
91	177	0.9705240462183106
74	177	0.9705240462183106
77	299	0.9704316120335454
110	28	0.970412017850433
23	312	0.9703146347872423
82	312	0.9703146347872423
23	310	0.9703146347872423
82	274	0.9703146347872423
23	274	0.9703146347872423
82	310	0.9703146347872423
108	231	0.9703066142354837
40	44	0.9702333537880085
40	27	0.9702333537880085
40	45	0.9702333537880085
11	88	0.9702070161690657
37	324	0.9701386396594915
34	65	0.9700653377532933
111	112	0.9700080861075252
21	75	0.9699247470001582
74	15	0.9699133648538961
91	15	0.9699133648538961
91	56	0.9699112631454511
42	226	0.9698838522035689
97	44	0.9698473269143351
21	65	0.969676825761131
7	154	0.9696415550299052
76	143	0.9696348142684714
16	143	0.9696348142684714
34	131	0.9696035773792189
23	141	0.9696030623547808
82	141	0.9696030623547808
108	201	0.9695241765234328
108	294	0.9695241765234328
78	31	0.9695186952006467
82	331	0.9694786501990597
23	331	0.9694786501990597
96	43	0.9691126365411545
91	270	0.969060940469153
74	270	0.969060940469153
42	120	0.9690477278638747
110	120	0.9690477278638747
54	305	0.968952572384412
54	234	0.968952572384412
54	246	0.968952572384412
7	273	0.968893882616521
74	29	0.9688049799785701
91	29	0.9688049799785701
42	48	0.9687854267814084
108	147	0.9687828999288141
24	232	0.9687704725144284
74	235	0.9687197649334716
53	57	0.9687180881170114
34	181	0.9687092702190182
34	189	0.9687092702190182
34	188	0.9687092702190182
82	202	0.9686860136434267
39	47	0.968650422011526
21	8	0.9686304748314409
24	28	0.9681592926413142
82	55	0.9681296534901618
7	153	0.9678462432056818
99	247	0.9678264387160492
75	247	0.9678264387160492
23	69	0.9677070283920329
23	159	0.9677070283920329
37	245	0.9676784991141028
37	46	0.9676784991141028
16	277	0.9675935571649363
39	26	0.9675877617364956
47	324	0.967564304084561
37	334	0.96756346439086
45	334	0.9674471820462534
23	321	0.9673193252197584
82	292	0.9673193252197584
82	321	0.9673193252197584
82	138	0.9673193252197584
23	292	0.9673193252197584
23	143	0.9673193252197584
23	138	0.9673193252197584
82	143	0.9673193252197584
23	290	0.9673193252197584
82	290	0.9673193252197584
108	143	0.9673072356340036
0	141	0.9672885222439505
0	157	0.9672885222439505
7	143	0.967193768377629
61	30	0.9670936079074917
12	37	0.9670351958140028
84	37	0.9670351958140028
108	35	0.9669804357817366
24	202	0.9669405591794533
9	100	0.9668912392472631
34	325	0.966715350878285
51	155	0.9665553224957817
88	155	0.9665553224957817
88	219	0.9665553224957817
51	219	0.9665553224957817
23	241	0.9663600788320356
23	313	0.9663600788320356
82	241	0.9663600788320356
82	313	0.9663600788320356
11	320	0.966331645915978
50	32	0.9663054018232864
82	111	0.966300791243165
61	37	0.9661518665651022
50	37	0.9661518665651022
65	37	0.9661518665651022
81	37	0.9661518665651022
83	37	0.9661518665651022
30	37	0.9661518665651022
54	100	0.9661504532376718
54	97	0.9661504532376718
54	251	0.9661504532376718
54	178	0.9661504532376718
54	183	0.9661504532376718
54	108	0.9661504532376718
54	159	0.9661504532376718
54	69	0.9661504532376718
82	65	0.9661376468801313
75	273	0.9660953718122673
42	191	0.9660915308034996
99	255	0.9660766068315261
99	329	0.9660766068315261
75	329	0.9660766068315261
75	255	0.9660766068315261
42	319	0.965974358801622
110	319	0.965974358801622
21	319	0.965974358801622
54	319	0.965974358801622
91	319	0.9659660174269374
83	43	0.9659582411441989
30	43	0.9659582411441989
81	43	0.9659582411441989
65	43	0.9659582411441989
87	44	0.9657703574236363
24	111	0.9657125781024525
108	215	0.9656096342190127
68	32	0.9655849810835725
24	265	0.9654958424385852
24	155	0.9654958424385852
24	157	0.9654958424385852
24	122	0.9654958424385852
42	186	0.9654892345868801
34	186	0.9654892345868801
110	227	0.9653212564725941
110	320	0.9653212564725941
21	39	0.9652839103713462
85	37	0.9652699574999787
24	20	0.9651442490925755
96	41	0.9648330575879097
111	96	0.9644671157481831
74	311	0.9644205901331528
91	311	0.9644205901331528
34	62	0.964328908232987
4	44	0.9642716237123053
7	311	0.9642631660606306
109	27	0.9641517361297185
109	44	0.9641517361297185
82	152	0.9639468093342765
24	153	0.9638870475282193
24	221	0.9638870475282193
24	264	0.9638870475282193
24	316	0.9638870475282193
53	132	0.9638399923729558
11	10	0.9638373205584083
11	207	0.9638373205584083
11	123	0.9638373205584083
35	32	0.9632345973149561
34	114	0.9631655152112157
34	110	0.9631655152112157
34	130	0.9630966994325245
42	130	0.9630966994325245
23	64	0.9630750333400381
9	107	0.9629760566367412
7	29	0.9629611657467342
34	29	0.9629229680034752
110	25	0.9628352210534211
108	309	0.9628243384146836
21	297	0.9626352230335303
110	297	0.9626352230335303
54	297	0.9626352230335303
85	32	0.9625522920788426
12	43	0.9625413256106374
84	43	0.9625413256106374
108	39	0.9624173381388537
75	39	0.9624173381388537
22	41	0.9624024057576074
31	41	0.9624024057576074
22	42	0.9624024057576074
31	42	0.9624024057576074
47	32	0.962392468416423
108	313	0.962374591271387
58	27	0.9622895009284526
58	44	0.9622895009284526
58	45	0.9622895009284526
29	2	0.962285322005719
98	324	0.9621904549710066
78	324	0.9621904549710066
21	58	0.9619706127093035
53	105	0.9619643794741165
22	44	0.9619390524912881
67	33	0.9619309603083107
9	151	0.9618710779758304
24	328	0.9618289548182805
0	329	0.9617616424508028
34	60	0.9616671714992202
11	282	0.9616127353340701
11	15	0.9616127353340701
54	179	0.9615728181814434
77	41	0.961562706497325
36	41	0.961562706497325
51	147	0.9615468961656979
88	147	0.9615468961656979
48	44	0.961497538085104
48	27	0.961497538085104
48	45	0.961497538085104
23	107	0.961311630326588
54	75	0.9611853953633919
23	233	0.9611657011699526
110	48	0.9611354285362652
21	52	0.9609660161487384
7	241	0.9608485315667138
34	28	0.9608461907567509
108	270	0.960832298456671
108	2	0.9606950334223341
91	157	0.9605329970085746
74	157	0.9605329970085746
66	44	0.9604434607377933
11	127	0.9603632806368001
11	48	0.9602549706378851
75	135	0.9601917846274868
21	244	0.9601619330358047
9	40	0.9598533842511334
53	40	0.9598533842511334
54	91	0.9597850824937111
42	91	0.9597850824937111
21	91	0.9597850824937111
0	47	0.9597547855155972
36	23	0.9597071263300014
76	23	0.9597071263300014
34	5	0.9595410882136199
42	3	0.9595410882136199
42	9	0.9595410882136199
34	4	0.9595410882136199
34	3	0.9595410882136199
34	9	0.9595410882136199
42	4	0.9595410882136199
42	5	0.9595410882136199
57	31	0.9593405338769905
42	201	0.9592630160163235
34	120	0.9591336827863326
96	44	0.9590059344351157
110	187	0.9588595221783263
110	237	0.9588515087072726
42	237	0.9588515087072726
54	237	0.9588515087072726
21	237	0.9588515087072726
91	160	0.9588431297345802
11	54	0.958721288787456
102	41	0.9586952981586475
111	60	0.9586706112983155
14	44	0.958651537158619
79	27	0.958651537158619
14	27	0.958651537158619
79	45	0.958651537158619
14	45	0.958651537158619
9	120	0.958645091344793
25	147	0.9586414860906272
105	147	0.9586414860906272
110	109	0.9586413480003884
54	79	0.9586413480003884
54	95	0.9586413480003884
54	109	0.9586413480003884
21	79	0.9586413480003884
21	109	0.9586413480003884
110	79	0.9586413480003884
42	95	0.9586413480003884
21	95	0.9586413480003884
110	95	0.9586413480003884
90	45	0.9586383275973038
90	27	0.9586383275973038
44	44	0.9586305929054526
44	27	0.9586305929054526
111	99	0.9586284153757656
34	1	0.9586273710659146
34	42	0.9586273710659146
74	36	0.958625400345788
108	36	0.958625400345788
24	217	0.9586246733520927
24	308	0.9586246733520927
77	23	0.9586131908369332
110	196	0.9586125618316099
53	77	0.9586093099338163
9	77	0.9586093099338163
53	74	0.9586093099338163
9	90	0.9586093099338163
9	74	0.9586093099338163
53	90	0.9586093099338163
53	72	0.9586093099338163
91	168	0.9586086894593349
42	210	0.9586082568563026
42	304	0.9586082568563026
34	127	0.9586078598219114
10	27	0.9586058521369584
10	44	0.9586058521369584
54	50	0.9585991185139927
110	80	0.9585991185139927
54	80	0.9585991185139927
42	50	0.9585991185139927
21	50	0.9585991185139927
51	157	0.9585987106936357
25	157	0.9585987106936357
105	252	0.9585987106936357
88	252	0.9585987106936357
88	157	0.9585987106936357
105	157	0.9585987106936357
1	252	0.9585987106936357
91	241	0.9585971354644978
17	27	0.9585968622638765
17	45	0.9585968622638765
9	111	0.9585950691302892
46	30	0.9585924727153445
34	52	0.9585900771768963
53	19	0.9585881391664772
9	207	0.9585881391664772
53	207	0.9585881391664772
9	123	0.9585881391664772
9	19	0.9585881391664772
104	45	0.9585871893836595
104	44	0.9585871893836595
104	27	0.9585871893836595
46	44	0.9585871893836595
46	45	0.9585871893836595
82	135	0.9585869491002929
82	35	0.9585869491002929
82	223	0.9585869491002929
23	56	0.9585869491002929
23	223	0.9585869491002929
82	56	0.9585869491002929
82	84	0.9585869491002929
82	91	0.9585869491002929
23	122	0.9585869491002929
23	35	0.9585869491002929
23	91	0.9585869491002929
23	135	0.9585869491002929
82	122	0.9585869491002929
69	37	0.95858589610798
22	37	0.95858589610798
91	39	0.9585844024987701
32	44	0.9585832301116065
32	27	0.9585832301116065
32	45	0.9585832301116065
50	46	0.9585787951178121
81	46	0.9585787951178121
6	46	0.9585787951178121
98	46	0.9585787951178121
61	46	0.9585787951178121
82	60	0.9585763862833494
54	205	0.9585762160418752
54	217	0.9585762160418752
76	28	0.958574604554305
42	192	0.9585745264173827
108	151	0.9585732691178371
75	151	0.9585732691178371
91	151	0.9585732691178371
77	151	0.9585732691178371
51	177	0.9585730121304623
84	31	0.9585724968688888
13	45	0.9585699059539541
13	44	0.9585699059539541
88	207	0.9585665253807861
74	42	0.9585649931430557
110	59	0.9585640601125424
0	45	0.9585635467340672
35	42	0.9585576468446392
35	41	0.9585576468446392
108	8	0.9585543838337927
75	8	0.9585543838337927
99	26	0.9585542319205743
99	31	0.9585542319205743
99	45	0.9585542319205743
75	46	0.9585542319205743
75	33	0.9585542319205743
99	33	0.9585542319205743
99	37	0.9585542319205743
75	32	0.9585542319205743
75	37	0.9585542319205743
75	44	0.9585542319205743
99	44	0.9585542319205743
75	31	0.9585542319205743
99	46	0.9585542319205743
75	245	0.9585542319205743
75	310	0.9585542319205743
99	30	0.9585542319205743
99	43	0.9585542319205743
75	43	0.9585542319205743
99	334	0.9585542319205743
75	45	0.9585542319205743
99	310	0.9585542319205743
99	27	0.9585542319205743
75	324	0.9585542319205743
75	334	0.9585542319205743
75	30	0.9585542319205743
99	32	0.9585542319205743
41	44	0.958551753186561
41	27	0.958551753186561
74	38	0.958551351739269
108	38	0.958551351739269
23	70	0.9585465704781728
23	110	0.9585465704781728
74	222	0.958543730370727
102	30	0.9585339588620655
102	334	0.9585339588620655
75	152	0.9585312229167923
75	143	0.9585304511485935
29	23	0.9583795228870406
67	44	0.9583433245303737
21	102	0.9581664131062363
54	120	0.9580147758325321
42	330	0.9579382437183543
34	182	0.9578715977599206
42	182	0.9578715977599206
42	180	0.9578715977599206
34	180	0.9578715977599206
7	138	0.9577829769680498
23	255	0.9574548908090977
23	264	0.9574548908090977
82	247	0.9574548908090977
23	235	0.9574548908090977
23	247	0.9574548908090977
82	329	0.9574548908090977
23	329	0.9574548908090977
23	133	0.9574548908090977
82	277	0.9574548908090977
82	44	0.9574548908090977
23	26	0.9574548908090977
23	44	0.9574548908090977
82	45	0.9574548908090977
23	277	0.9574548908090977
23	334	0.9574548908090977
82	264	0.9574548908090977
23	45	0.9574548908090977
23	27	0.9574548908090977
82	334	0.9574548908090977
23	324	0.9574548908090977
82	324	0.9574548908090977
82	26	0.9574548908090977
82	255	0.9574548908090977
47	43	0.9574067469465859
79	43	0.9573705195820077
110	114	0.9573429186878892
7	42	0.9571295542661942
37	299	0.9571015081702638
54	76	0.9570685081442226
21	156	0.9570597903274441
42	104	0.9568726114553358
21	104	0.9568726114553358
54	104	0.9568726114553358
110	104	0.9568726114553358
78	32	0.9567921856456535
108	135	0.9567904798660034
42	222	0.9567702309552274
34	102	0.9567640678594744
42	102	0.9567640678594744
108	264	0.9567578355326878
108	247	0.9567506757471899
4	43	0.9565073166850458
18	44	0.9565051403401927
82	297	0.956443623634928
23	297	0.956443623634928
42	49	0.956367077284758
34	49	0.956367077284758
21	123	0.956344339665165
54	123	0.956344339665165
110	123	0.956344339665165
42	123	0.956344339665165
53	331	0.956259785792898
9	331	0.956259785792898
102	329	0.9561035348788198
7	237	0.9560881075675259
24	150	0.9560542645010625
108	289	0.95598288280518
3	37	0.9557860545250605
3	42	0.9557860545250605
3	41	0.9557860545250605
3	45	0.9557860545250605
74	237	0.9556215793746478
91	237	0.9556215793746478
21	130	0.955522303185784
11	330	0.9553525364377937
24	24	0.9553254858141463
54	308	0.9551916085775191
54	71	0.9551916085775191
53	64	0.9551715734495664
7	309	0.9550447425085179
82	86	0.955000767122851
29	21	0.9549905429312259
108	321	0.9549762676894775
6	31	0.9547694745081716
50	31	0.9547694745081716
83	31	0.9547694745081716
81	31	0.9547694745081716
65	31	0.9547694745081716
108	228	0.9546064745151177
53	236	0.954563467227244
82	265	0.954546169925849
23	177	0.954546169925849
82	177	0.954546169925849
23	155	0.954546169925849
82	155	0.954546169925849
23	147	0.954546169925849
82	147	0.954546169925849
82	157	0.954546169925849
23	157	0.954546169925849
23	265	0.954546169925849
102	44	0.9544144374941947
87	30	0.9542947326417726
66	30	0.9542947326417726
102	324	0.9542932671692884
108	311	0.954227373831068
21	54	0.9541235396382058
110	68	0.9539832606316841
26	324	0.953949128135067
34	148	0.953843945753805
23	101	0.9538389649434448
53	325	0.9538274091318002
9	325	0.9538274091318002
68	31	0.9537986920290287
57	324	0.9537197117298076
36	299	0.9536039074132339
110	110	0.9535336170414526
54	184	0.9534371003797317
7	201	0.9533759933728468
34	89	0.9532860318044024
42	89	0.9532860318044024
37	26	0.9532782831529285
23	244	0.9532592961764803
34	84	0.9532164109927445
88	1	0.9531165775952866
51	1	0.9531165775952866
11	8	0.9530970375777834
7	36	0.9530629788374341
23	160	0.9530585982792844
82	252	0.9530585982792844
23	221	0.9530585982792844
82	160	0.9530585982792844
82	221	0.9530585982792844
82	153	0.9530585982792844
82	316	0.9530585982792844
23	316	0.9530585982792844
23	153	0.9530585982792844
23	252	0.9530585982792844
7	38	0.9530182830221807
9	24	0.952908352406333
53	24	0.952908352406333
3	334	0.9526911746595051
31	30	0.9526852931153061
22	30	0.9526852931153061
111	57	0.952584947900372
78	43	0.9525750920656536
76	7	0.9525474485304414
21	330	0.9524380432518881
16	299	0.952433330468932
76	299	0.952433330468932
110	330	0.9524127017095072
37	310	0.9523685431667747
108	325	0.9523553308198642
34	187	0.9523488696985113
42	187	0.9523488696985113
42	185	0.9523488696985113
34	185	0.9523488696985113
7	1	0.9519000873792812
23	243	0.951874814513757
23	271	0.951874814513757
34	297	0.9517233286274963
82	48	0.9515905967467203
7	157	0.9515383742853963
29	143	0.9513820353284136
111	271	0.9513397671695931
111	244	0.9513397671695931
111	156	0.9513397671695931
54	118	0.9512681607921301
110	115	0.9512681607921301
110	94	0.9512681607921301
42	115	0.9512681607921301
21	113	0.9512681607921301
42	113	0.9512681607921301
54	113	0.9512681607921301
110	113	0.9512681607921301
21	115	0.9512681607921301
42	118	0.9512681607921301
21	61	0.9512681607921301
54	94	0.9512681607921301
110	61	0.9512681607921301
54	61	0.9512681607921301
42	61	0.9512681607921301
42	94	0.9512681607921301
54	115	0.9512681607921301
21	118	0.9512681607921301
110	118	0.9512681607921301
74	316	0.9512334099443306
29	153	0.9511087997745894
54	28	0.9510168891009044
39	299	0.9509788204222419
24	107	0.9509357486726376
0	26	0.950616853072674
7	270	0.9505552606999735
51	47	0.9504256541543603
91	40	0.9502902188082258
74	40	0.9502902188082258
21	36	0.950226212004485
23	156	0.9502247227403078
42	67	0.9500819424832272
0	155	0.9498349323905395
29	235	0.9497876020623724
110	199	0.9495808790204445
42	199	0.9495808790204445
7	160	0.9495547042377603
53	86	0.9495156753570616
54	96	0.9495107166371282
42	96	0.9495107166371282
21	96	0.9495107166371282
110	96	0.9495107166371282
11	96	0.9494379126699561
84	324	0.9493629981218296
12	324	0.9493629981218296
21	229	0.949262584913175
108	19	0.9492526092809079
74	309	0.9491927908340957
91	309	0.9491927908340957
11	65	0.9489375836402092
21	202	0.9489256954005038
91	247	0.9487434011641116
74	247	0.9487434011641116
42	195	0.9485354208418545
34	73	0.948510474121792
34	133	0.948510474121792
34	301	0.948464255358508
110	19	0.9484394148352396
42	19	0.9484394148352396
21	19	0.9484394148352396
54	19	0.9484394148352396
108	56	0.948397566834701
24	97	0.9482527533978602
111	97	0.9482527533978602
21	291	0.9481858203915502
21	132	0.9479726348170084
0	30	0.947878602325917
7	274	0.9477280593708415
7	292	0.9477280593708415
35	31	0.9477183638213545
31	43	0.9475772721873417
22	43	0.9475772721873417
74	152	0.9475288753434811
7	231	0.9473737251918193
110	302	0.9469907660099927
42	302	0.9469907660099927
51	297	0.9469583284349449
7	223	0.9469203878355602
34	59	0.9467571474081348
105	47	0.9465190333421339
88	47	0.9465190333421339
61	32	0.9465106584946474
30	32	0.9465106584946474
34	196	0.9463492985573432
111	36	0.9462614067901002
65	324	0.9462418888750221
50	324	0.9462418888750221
83	324	0.9462418888750221
81	324	0.9462418888750221
6	324	0.9462418888750221
54	65	0.9461304019436184
82	242	0.9460884818724972
82	217	0.9460884818724972
82	205	0.9460884818724972
4	42	0.9460791702698265
21	152	0.9460144415381391
21	151	0.94600203328499
23	57	0.9458926147623024
82	57	0.9458926147623024
54	41	0.9458231201328172
18	37	0.9457050946784161
43	45	0.9455697333563943
43	27	0.9455697333563943
43	44	0.9455697333563943
7	137	0.945467741731357
7	282	0.9453815200576848
91	150	0.9452745808587758
74	150	0.9452745808587758
111	90	0.9452500377403217
111	110	0.9452500377403217
111	72	0.9452500377403217
111	74	0.9452500377403217
111	116	0.9452500377403217
111	70	0.9452500377403217
111	114	0.9452500377403217
111	68	0.9452500377403217
111	76	0.9452500377403217
111	77	0.9452500377403217
91	274	0.945176500503489
57	43	0.9451337852596918
110	89	0.9450467189417624
110	102	0.9450467189417624
91	135	0.9449790631285591
74	135	0.9449790631285591
99	143	0.9449668383162529
9	208	0.9449146809264921
53	208	0.9449146809264921
97	334	0.9448980524442414
29	309	0.9448256479463469
18	43	0.9448144201413713
85	31	0.9447874257049311
70	37	0.9447018738168069
7	289	0.9446677867496018
9	97	0.9446391612101911
29	211	0.944629061190004
16	42	0.9445224608546314
85	46	0.9442810805774905
82	105	0.944271321639965
9	38	0.9442273287248312
0	46	0.9442181038016826
82	308	0.9441466825168334
82	71	0.9441466825168334
82	245	0.9439608083728259
23	245	0.9439608083728259
11	102	0.9438180696396703
24	69	0.943629743066712
111	69	0.943629743066712
7	151	0.9436277898744749
102	157	0.9436139651581923
98	334	0.9434176456644066
45	44	0.9432191147751273
45	45	0.9432191147751273
45	27	0.9432191147751273
99	28	0.9432023984836947
91	7	0.9431869075990519
34	95	0.9431806587574743
54	25	0.9431626080255744
91	282	0.9429604270565806
74	282	0.9429604270565806
24	64	0.9428836621627065
110	13	0.9427722790226573
7	152	0.9427053433473239
91	155	0.9426548716702682
74	155	0.9426548716702682
83	245	0.9426039004031098
11	67	0.9425934407334231
53	44	0.9425713717582848
53	33	0.9425713717582848
9	44	0.9425713717582848
53	30	0.9425713717582848
9	30	0.9425713717582848
9	45	0.9425713717582848
9	329	0.9425713717582848
53	26	0.9425713717582848
9	334	0.9425713717582848
53	334	0.9425713717582848
53	45	0.9425713717582848
9	27	0.9425713717582848
9	277	0.9425713717582848
9	42	0.9425713717582848
9	324	0.9425713717582848
53	329	0.9425713717582848
9	33	0.9425713717582848
9	255	0.9425713717582848
53	277	0.9425713717582848
9	26	0.9425713717582848
53	27	0.9425713717582848
53	42	0.9425713717582848
53	324	0.9425713717582848
53	255	0.9425713717582848
24	55	0.9425296633636895
111	40	0.9423832940144552
11	68	0.9422924846237849
34	80	0.9422213718577401
34	158	0.9422153354531752
42	158	0.9422153354531752
42	151	0.9422153354531752
34	151	0.9422153354531752
7	319	0.94212402152523
9	310	0.9420783073184791
53	321	0.9420783073184791
53	310	0.9420783073184791
9	313	0.9420783073184791
53	313	0.9420783073184791
9	312	0.9420783073184791
53	312	0.9420783073184791
9	321	0.9420783073184791
9	141	0.9420783073184791
9	292	0.9420783073184791
9	290	0.9420783073184791
53	290	0.9420783073184791
53	141	0.9420783073184791
53	292	0.9420783073184791
34	267	0.9419764984697923
42	267	0.9419764984697923
9	69	0.941974495680241
111	67	0.9419497689577746
102	29	0.9418347746572971
110	67	0.941716868205734
53	2	0.9416671890532298
9	2	0.9416671890532298
24	137	0.9416434799662112
24	15	0.9416434799662112
24	154	0.9416434799662112
24	282	0.9416434799662112
15	27	0.9416357484171405
89	45	0.9416357484171405
89	27	0.9416357484171405
15	45	0.9416357484171405
7	34	0.9415860194705986
34	104	0.941522211297779
110	130	0.9414010250655045
54	148	0.9411924672974021
7	40	0.9411328509296935
82	120	0.941121967480365
67	42	0.9410825885823537
67	41	0.9410825885823537
108	255	0.9410386035019329
7	313	0.9409791523683977
82	130	0.9409472676727149
82	150	0.9408277682372517
23	150	0.9408277682372517
11	130	0.9407666935760878
29	247	0.9406698689738499
111	64	0.940210049978997
53	224	0.940205788242891
9	224	0.940205788242891
11	41	0.9401602720439378
111	143	0.9400271017774283
110	139	0.9395485981194843
74	201	0.9393406299485205
91	294	0.9393406299485205
74	294	0.9393406299485205
34	105	0.9389828457591817
42	105	0.9389828457591817
24	10	0.9388450055297942
101	44	0.938840756085201
101	45	0.938840756085201
101	27	0.938840756085201
7	325	0.9384230451316631
71	245	0.9378307946067629
108	310	0.9378080123636312
47	31	0.937755530522477
11	105	0.9376339348281433
23	197	0.937576903011918
82	39	0.9373313776698184
83	34	0.9372787200551504
54	320	0.9370852773107228
54	127	0.937013201684772
108	138	0.9369015301949487
110	163	0.936830814591098
110	279	0.936830814591098
110	169	0.936830814591098
110	167	0.936830814591098
42	149	0.9368115419154304
24	119	0.9367900238504285
42	128	0.9367801444007517
82	128	0.9364831918215114
54	186	0.936462117729963
54	185	0.936462117729963
54	187	0.936462117729963
110	105	0.9364545194485604
108	141	0.9363568968798361
7	306	0.9361365792187928
111	289	0.9359836892932233
108	245	0.9359418730550572
24	121	0.9359038047751618
0	31	0.9354468957625441
0	32	0.9354468957625441
0	334	0.9354468957625441
75	202	0.9352796612462554
108	202	0.9352796612462554
54	182	0.9351400336727536
54	180	0.9351400336727536
29	157	0.9349390784556539
85	324	0.934879853430143
24	168	0.9347365366312126
69	33	0.9346755251909414
34	48	0.9346717847468928
54	196	0.9344539137189677
24	8	0.9341593091520606
29	160	0.9335540065693616
74	215	0.9335516729301725
91	215	0.9335516729301725
102	47	0.9334217932167559
34	94	0.9332929059727831
77	249	0.9332652197941961
1	26	0.9331687986742601
25	26	0.9331687986742601
26	31	0.9327627953992252
74	24	0.9327302946167538
108	24	0.9327302946167538
91	24	0.9327302946167538
53	101	0.9327299972976847
54	68	0.9326509590028168
29	7	0.9326103498071133
110	49	0.9325093697756066
24	92	0.9324667576511686
24	51	0.9324667576511686
82	102	0.9322666205429125
82	100	0.9322666205429125
82	38	0.9322666205429125
21	149	0.9321092684321645
9	289	0.9318384852932005
53	289	0.9318384852932005
23	108	0.931833584673885
53	156	0.9317661515552585
9	156	0.9317661515552585
9	244	0.9317661515552585
53	244	0.9317661515552585
104	33	0.9316997045956416
46	33	0.9316997045956416
82	2	0.9316833384196871
23	2	0.9316833384196871
83	47	0.9316490516790028
16	273	0.9314602945164042
0	299	0.9311891869103431
110	250	0.931162826568177
110	263	0.931162826568177
29	28	0.9309129877509537
111	305	0.9308365841435648
3	30	0.930679669830108
3	31	0.930679669830108
101	33	0.9305394862692501
67	37	0.9303807858462939
15	33	0.9302684362063363
89	33	0.9302684362063363
24	66	0.9300528843925914
24	98	0.9300528843925914
24	81	0.9300528843925914
24	82	0.9300528843925914
24	93	0.9300528843925914
24	124	0.9300528843925914
24	117	0.9300528843925914
0	44	0.929845339454589
54	287	0.9297966236169994
75	299	0.9296677185712924
99	299	0.9296677185712924
91	231	0.929398085841818
74	231	0.929398085841818
108	299	0.92914616179777
18	31	0.9291332778930521
47	277	0.9286119447673634
0	245	0.9285032958827875
9	28	0.9284319142127785
23	207	0.9282799277524997
82	10	0.9282799277524997
82	207	0.9282799277524997
23	10	0.9282799277524997
82	123	0.9282799277524997
110	18	0.9282714167963526
75	277	0.9279422229375935
57	334	0.9279234510072316
51	26	0.9278023549380011
105	26	0.9278023549380011
88	26	0.9278023549380011
7	294	0.9277696196425478
111	160	0.9276888665504898
111	1	0.9276888665504898
82	96	0.9271965941187179
21	127	0.9270254922421907
54	48	0.9268843433216252
11	228	0.9267937137041643
108	274	0.9267258594359379
12	334	0.9267037372674494
84	334	0.9267037372674494
11	49	0.926456882294682
34	76	0.926381747937705
34	72	0.926381747937705
54	302	0.9263786056948662
7	247	0.9263625659725321
39	177	0.9262857239603707
54	191	0.9262281109858268
7	316	0.9261782657860522
67	32	0.9261316037691679
110	128	0.9260806406987041
99	151	0.9260293904645266
54	59	0.9258384050661699
23	40	0.9258193794082578
53	152	0.9256965597310658
53	151	0.9254530976874029
21	271	0.9252335302436161
31	32	0.9251744701872702
37	247	0.9251362122168879
34	278	0.9250855325327088
53	135	0.9250485720779016
9	135	0.9250485720779016
53	223	0.9250485720779016
9	223	0.9250485720779016
7	155	0.9250282181443016
35	37	0.9249929216837116
82	137	0.9248946413199219
23	282	0.9248946413199219
23	154	0.9248946413199219
82	15	0.9248946413199219
23	137	0.9248946413199219
82	154	0.9248946413199219
82	282	0.9248946413199219
23	15	0.9248946413199219
111	177	0.9248410947975951
111	147	0.9248410947975951
25	47	0.9247532863992228
9	245	0.9247065062269629
53	245	0.9247065062269629
11	238	0.9246427930224035
11	333	0.9246427930224035
82	36	0.9245759712042944
1	29	0.9245505942056254
105	29	0.9245505942056254
25	29	0.9245505942056254
53	252	0.9244606987016968
9	252	0.9244606987016968
29	270	0.9241891057075421
77	265	0.9241514866540802
53	65	0.9239226537051087
6	334	0.9239025534829641
65	334	0.9239025534829641
50	334	0.9239025534829641
83	334	0.9239025534829641
11	140	0.9237890976850813
11	208	0.9237890976850813
37	35	0.9235985238399219
52	334	0.9234904709376036
82	287	0.9234004571325767
29	289	0.9233435441775765
42	86	0.9232175953851225
110	86	0.9232175953851225
34	70	0.922948677455949
7	221	0.9225665526901259
102	46	0.9224362348361272
42	308	0.9222371236239594
99	39	0.9221943142179
24	208	0.9219377538772808
29	15	0.9218509581860274
110	101	0.9217891292225396
42	238	0.9216745291200547
0	160	0.921492813482165
1	47	0.9214487816256843
68	334	0.9212771221010713
110	149	0.9211050501558903
34	58	0.9210628892075782
7	252	0.9207492948380912
54	145	0.920538933396668
110	58	0.9204973731649734
39	29	0.9201131075153216
66	41	0.9199620811770596
87	41	0.9199620811770596
13	32	0.9198985453948683
74	297	0.9198432262191639
91	297	0.9198432262191639
7	135	0.9197202629244966
110	119	0.9196840097261594
42	119	0.9196840097261594
91	228	0.9196213925676465
74	228	0.9196213925676465
110	205	0.9196065698137178
23	325	0.9195470374069257
82	325	0.9195470374069257
32	32	0.9194947402869583
0	177	0.9194328527447497
39	1	0.9193935777998847
77	56	0.9190321333644508
42	132	0.9186277302672048
11	37	0.9184781991214721
11	47	0.9184781991214721
23	283	0.9184383760042788
71	310	0.9180812568777228
99	149	0.9179179968155757
98	277	0.9179035916513625
78	277	0.9179035916513625
7	168	0.9178686410523867
4	334	0.9176651211699983
82	168	0.9174292836122137
23	168	0.9174292836122137
108	153	0.9172466702605703
42	38	0.9170180075865091
34	38	0.9170180075865091
108	26	0.9168961243676002
108	31	0.9168961243676002
108	32	0.9168961243676002
108	334	0.9168961243676002
108	30	0.9168961243676002
108	43	0.9168961243676002
108	324	0.9168961243676002
108	37	0.9168961243676002
108	33	0.9168961243676002
108	46	0.9168961243676002
108	45	0.9168961243676002
108	44	0.9168961243676002
108	27	0.9168961243676002
108	47	0.9168961243676002
65	47	0.9168482001808153
99	135	0.9167316863850105
9	6	0.9161348227484558
53	6	0.9161348227484558
23	246	0.9157735177149618
23	234	0.9157735177149618
70	41	0.9157596139507583
70	42	0.9157596139507583
24	128	0.9156898083832846
86	27	0.9156466982733857
86	44	0.9156466982733857
86	45	0.9156466982733857
0	324	0.915615075618573
40	32	0.9155622758137525
42	121	0.9155475556967462
110	121	0.9155475556967462
0	39	0.915527214283914
24	159	0.9153943352448595
111	159	0.9153943352448595
66	334	0.9150904128286779
87	334	0.9150904128286779
39	207	0.9150755664526109
39	252	0.9150516898168982
91	28	0.9149315733968515
77	28	0.9149315733968515
104	41	0.9149299317574617
104	42	0.9149299317574617
11	128	0.9147933009496365
53	108	0.9146540584969509
23	65	0.9146490831894091
75	265	0.9144987299398559
99	265	0.9144987299398559
103	334	0.9144705694032496
11	149	0.9144581000515661
54	102	0.9143280640256118
24	152	0.9138747117490136
31	46	0.9137351486723498
99	273	0.9134927585390274
108	306	0.9133853957930607
24	99	0.9133698841886103
7	215	0.9128244114702155
109	33	0.9126356161487561
26	43	0.9124241515010966
18	324	0.9124231927966944
76	152	0.9122316043351006
36	152	0.9122316043351006
69	44	0.9121738029421057
54	70	0.912114198085663
23	144	0.9115647178840474
82	144	0.9115647178840474
16	24	0.9114351022449119
75	165	0.9111953696532239
77	157	0.9111788943735911
42	23	0.9109226418081985
34	23	0.9109226418081985
7	321	0.910720924398594
35	334	0.9105865483669958
9	128	0.9104081294840082
53	128	0.9104081294840082
108	144	0.910404236491167
24	71	0.9103766652333057
23	305	0.9103185568659586
53	31	0.9101928040696013
53	34	0.9101928040696013
53	46	0.9101928040696013
9	43	0.9101928040696013
53	47	0.9101928040696013
9	31	0.9101928040696013
53	32	0.9101928040696013
9	32	0.9101928040696013
9	37	0.9101928040696013
9	34	0.9101928040696013
9	47	0.9101928040696013
53	37	0.9101928040696013
9	46	0.9101928040696013
21	163	0.9101528469836702
91	313	0.9100513143084903
74	313	0.9100513143084903
7	24	0.9100384844491374
102	141	0.9097960184741767
54	130	0.9096587660791202
23	28	0.909598898938597
76	8	0.9095930004240975
16	8	0.9095930004240975
53	241	0.9093521067664493
9	241	0.9093521067664493
9	274	0.9093521067664493
53	274	0.9093521067664493
21	121	0.909221964108889
37	29	0.9091315417959543
77	160	0.9089025821070565
99	29	0.9084892522334579
108	29	0.9084892522334579
75	29	0.9084892522334579
76	38	0.9084862085027428
36	38	0.9084862085027428
16	265	0.9083301829484941
76	265	0.9083301829484941
111	224	0.9080379002776853
110	151	0.9079622850172852
53	280	0.9075723280479772
9	280	0.9075723280479772
3	44	0.9075498030920123
108	219	0.907231920635934
36	157	0.9071188167157671
72	157	0.9071188167157671
29	277	0.9071144894469423
91	321	0.9071031808087975
74	321	0.9071031808087975
16	157	0.9067946236896479
76	157	0.9067946236896479
23	31	0.9067902709340236
23	37	0.9067902709340236
82	37	0.9067902709340236
23	47	0.9067902709340236
82	47	0.9067902709340236
82	31	0.9067902709340236
42	110	0.9067659774537727
111	197	0.9063873149195232
111	233	0.9063873149195232
23	100	0.9063450791398342
21	140	0.9061623781337181
85	334	0.9055526950271958
99	15	0.9053077087914763
29	138	0.9052248274630873
82	8	0.9051599757876254
27	334	0.9051048500668752
111	243	0.9048586200229799
36	39	0.9047218403273659
105	207	0.9045430286269053
111	107	0.9044922599005649
15	44	0.9044771370899773
89	44	0.9044771370899773
54	105	0.9042716875592496
42	92	0.9039899186551599
54	92	0.9039899186551599
110	92	0.9039899186551599
21	92	0.9039899186551599
26	277	0.9039873747542568
23	30	0.9037224501400768
82	1	0.9037224501400768
82	42	0.9037224501400768
23	42	0.9037224501400768
82	33	0.9037224501400768
23	1	0.9037224501400768
82	30	0.9037224501400768
111	208	0.9034654121533114
108	84	0.903067263712855
11	232	0.9027678932573853
0	33	0.902540960532413
11	52	0.9025284654132346
0	277	0.902192117192359
54	13	0.902091596184598
24	83	0.9019832365351805
110	38	0.9019184079328163
0	29	0.9019129303531971
82	224	0.9017906839034535
23	224	0.9017906839034535
105	299	0.9016926964778853
108	137	0.9014051518069621
54	211	0.9010879720783888
24	68	0.9010803162814652
47	334	0.9010226208971429
75	157	0.9008143082636747
110	269	0.9005546509537594
0	147	0.9005543799438299
91	221	0.9004655948237625
74	221	0.9004655948237625
34	53	0.9003710794705799
34	85	0.9003710794705799
110	183	0.9001697195649848
110	251	0.9001697195649848
110	178	0.9001697195649848
11	216	0.8999973079599134
82	244	0.8999294129581932
82	236	0.8998307450580031
65	277	0.8997748970801834
81	277	0.8997748970801834
0	153	0.8996685465788172
61	31	0.899663313679293
30	31	0.899663313679293
34	129	0.8995646502473191
34	302	0.8995408998206882
37	329	0.8994930416282771
34	101	0.8989810545200376
102	299	0.8989097866248226
34	126	0.8989097715426618
11	158	0.8988921213908935
11	38	0.8988921213908935
11	151	0.8988921213908935
108	297	0.898714573554229
110	179	0.8985652590482335
57	277	0.8984944141006215
108	222	0.8983231353863784
34	132	0.8981802540911233
23	208	0.8981501811614887
16	23	0.8979549802284534
72	23	0.8979549802284534
1	299	0.8978757868408166
39	35	0.8965037134829886
111	294	0.8963532762950394
108	277	0.8963109447309343
82	232	0.8958831504991013
23	232	0.8958831504991013
111	207	0.8957499530727969
111	123	0.8957499530727969
21	119	0.895496084927867
110	211	0.8951372564744144
13	31	0.8951366359343511
54	86	0.8950601985968667
15	41	0.8949024937566294
89	41	0.8949024937566294
34	67	0.8948259548450267
29	38	0.8947845094339211
54	11	0.8946334158763407
26	334	0.8944400629303462
110	173	0.8942857543215833
110	161	0.8942857543215833
110	262	0.8942857543215833
110	174	0.8942857543215833
110	293	0.8942857543215833
110	254	0.8942857543215833
110	176	0.8942857543215833
110	296	0.8942857543215833
110	189	0.8942857543215833
110	188	0.8942857543215833
110	171	0.8942857543215833
110	172	0.8942857543215833
110	240	0.8942857543215833
110	276	0.8942857543215833
110	170	0.8942857543215833
110	166	0.8942857543215833
110	181	0.8942857543215833
110	286	0.8942857543215833
11	22	0.8942088155635766
82	156	0.8942075167004595
1	177	0.8942035053788902
70	43	0.8941923673784147
34	121	0.893977038481085
88	299	0.8933879468091164
51	299	0.8933879468091164
11	58	0.8933469144770181
54	8	0.8933057363027981
77	6	0.8931765957058577
77	10	0.8931765957058577
111	120	0.8929156146993524
111	86	0.8929156146993524
18	334	0.8929104073635261
11	139	0.892532835410052
54	67	0.8921834348849196
0	310	0.8917811600275564
39	297	0.8912945866271509
4	37	0.8909402011629747
42	301	0.8908643256528992
51	20	0.8907306696560449
88	20	0.8907306696560449
51	35	0.8907306696560449
88	35	0.8907306696560449
11	279	0.8907220229607884
11	167	0.8907220229607884
11	315	0.8907220229607884
11	163	0.8907220229607884
7	280	0.8904602203277967
7	301	0.890369166516071
0	1	0.8900287189716395
12	277	0.8900024235374229
84	277	0.8900024235374229
99	40	0.8898695169152958
91	8	0.8897001128080149
74	8	0.8897001128080149
42	205	0.889574949161115
53	294	0.8895598573342065
9	294	0.8895598573342065
108	20	0.889541322084358
97	37	0.8894822653025094
82	294	0.8894252341382227
23	294	0.8894252341382227
23	289	0.8894252341382227
82	289	0.8894252341382227
16	10	0.8893960174253625
76	6	0.8893960174253625
16	6	0.8893960174253625
76	10	0.8893960174253625
68	33	0.889095823950198
104	37	0.8890037968576414
29	306	0.8887265800774159
0	135	0.8886884764964822
42	71	0.888557408649608
75	158	0.8885017831742121
61	324	0.8884918441169083
30	324	0.8884918441169083
29	307	0.8884822000456866
77	273	0.8880183378802344
23	59	0.8880070208595912
0	6	0.8879357875929602
54	49	0.8877763691051628
37	289	0.8877395962626329
7	228	0.8877055762237516
24	67	0.8876812721396322
104	31	0.8874862571481483
46	31	0.8874862571481483
71	255	0.8866424557951229
0	265	0.8862009075408456
11	332	0.8860969564765765
11	259	0.8860969564765765
34	68	0.8860464632476416
7	150	0.8858157362221815
39	160	0.8851257170572135
35	147	0.8850761895735767
110	308	0.8847421337914454
24	65	0.8846586317720259
82	64	0.8845155631816889
104	324	0.8844835150316244
111	6	0.884401547567421
72	151	0.8843331690782159
76	151	0.8843331690782159
16	151	0.8843331690782159
36	151	0.8843331690782159
102	245	0.8843084370758038
39	46	0.8840529180418
34	149	0.8838711149309042
76	15	0.8833316618341025
16	15	0.8833316618341025
67	43	0.8828033917464193
51	29	0.8825920168827929
88	29	0.8825920168827929
77	156	0.882419628399568
75	156	0.882419628399568
51	138	0.8821313036912359
88	138	0.8821313036912359
54	208	0.8817845716618081
54	140	0.8817845716618081
82	20	0.8817799792015908
23	20	0.8817799792015908
29	249	0.8817692984613711
74	211	0.8816077304227138
91	211	0.8816077304227138
6	277	0.8811989805805441
83	277	0.8811989805805441
50	277	0.8811989805805441
11	298	0.8811741236294687
11	303	0.8811741236294687
11	266	0.8811741236294687
11	16	0.8811741236294687
77	147	0.881079336842654
12	245	0.8809558849857202
50	245	0.8809558849857202
81	245	0.8809558849857202
65	245	0.8809558849857202
6	245	0.8809558849857202
21	305	0.8809533949287973
0	255	0.8804488393007323
29	137	0.8797907739617736
11	299	0.8796655069462072
24	307	0.8796536611122492
24	318	0.8795257659595362
105	297	0.8792439042832961
25	297	0.8792439042832961
70	32	0.8789424199349226
1	207	0.8787250237884766
21	139	0.8786842616232473
99	235	0.8786778563754796
75	235	0.8786778563754796
9	159	0.8786742630374607
97	31	0.8786202740004739
108	260	0.87844494621762
108	157	0.8780857852494063
53	144	0.8780749217626987
9	144	0.8780749217626987
102	147	0.8778708672551341
53	271	0.8778133438955004
9	271	0.8778133438955004
3	324	0.8776903296012051
7	297	0.8776622796285215
0	35	0.8776449638485201
108	221	0.8775748974009342
110	206	0.8772921366034547
23	202	0.8772385428966293
77	164	0.8772195522317984
76	277	0.8771267045385123
72	28	0.8771230793611765
16	28	0.8771230793611765
24	132	0.8769386235272499
23	36	0.8768514877268139
77	177	0.8768326294296425
21	87	0.8764271045291134
11	319	0.8764015719569128
76	40	0.8760218858059736
11	136	0.8758857813220984
11	286	0.8758299859522899
11	166	0.8758299859522899
11	172	0.8758299859522899
1	297	0.8756594564222231
42	68	0.8751652815231848
71	299	0.874751428563994
53	265	0.8746627977101783
9	265	0.8746627977101783
53	157	0.8746627977101783
9	157	0.8746627977101783
9	155	0.8746627977101783
53	122	0.8746627977101783
53	155	0.8746627977101783
111	204	0.8743518758485367
87	43	0.8738492418044406
54	101	0.8737760762958733
52	39	0.8736556184591923
82	271	0.8735319810586822
54	121	0.8733778378686449
29	126	0.873070883226578
108	160	0.8727663670844034
3	32	0.8718378172219174
102	153	0.8717574841963778
46	32	0.871629615507945
104	32	0.871629615507945
23	152	0.8716145681836958
16	7	0.8715503142972677
74	325	0.8714695809594791
91	325	0.8714695809594791
11	307	0.8714588411317208
11	21	0.8714588411317208
11	306	0.8714588411317208
11	164	0.8714588411317208
7	323	0.8712307889984681
7	8	0.8711130931440779
9	264	0.8707880939872571
53	221	0.8707880939872571
53	316	0.8707880939872571
9	221	0.8707880939872571
53	264	0.8707880939872571
53	153	0.8707880939872571
9	153	0.8707880939872571
9	316	0.8707880939872571
29	56	0.8707172449069923
7	144	0.8704296065828041
77	290	0.8703120104240912
21	158	0.8701217919869728
21	108	0.8701217919869728
23	24	0.8695661451780956
7	84	0.8695307665605523
105	177	0.8694486804025461
25	177	0.8694486804025461
109	43	0.8694060463422392
41	32	0.8693570087770561
11	25	0.868658876554841
91	144	0.868528845106927
74	144	0.868528845106927
11	162	0.8685259352951716
39	245	0.8682822870073731
54	216	0.8682720555255581
102	219	0.8678181647935175
54	119	0.8676195684780923
39	277	0.8675061362132344
91	138	0.8674803026030482
74	138	0.8674803026030482
71	47	0.866979913679298
85	277	0.8669766537225545
69	43	0.8668851601043519
21	303	0.8668825297642365
0	15	0.8665951819029083
11	249	0.8665062594226082
99	157	0.8664842735930772
21	159	0.8663671953909516
42	114	0.8662270250335046
3	277	0.8661997626031408
24	48	0.8658527035444926
75	270	0.8658411562202768
21	120	0.8656361543016191
97	324	0.8649346165941847
35	39	0.864857830906976
24	216	0.8647595123469686
76	273	0.8647164554975046
96	42	0.8645279578393543
75	228	0.8644891226049848
11	331	0.8638474213885216
11	245	0.8638474213885216
111	141	0.8637723591708362
111	313	0.8637723591708362
111	290	0.8637723591708362
111	292	0.8637723591708362
111	321	0.8637723591708362
11	90	0.8636338795386979
11	77	0.8636338795386979
71	26	0.8632019097290267
111	281	0.8632011422886992
111	328	0.8632011422886992
82	159	0.8628678964221367
82	87	0.8628211959053292
74	312	0.8627689994660044
42	165	0.8624912008685581
102	143	0.862230996901452
29	311	0.8620326640199003
91	137	0.8614145755114075
74	137	0.8614145755114075
24	196	0.8611704571994621
25	1	0.8608866948747442
105	1	0.8608866948747442
108	150	0.8608445734349298
4	31	0.8604701096126092
54	149	0.8604603359596421
54	22	0.8602741432211805
1	1	0.8600799044067396
111	108	0.8600605353391381
24	108	0.8600605353391381
29	321	0.8597041278453849
11	312	0.859502270955035
11	310	0.859502270955035
11	74	0.8592751875504544
77	149	0.8585828997957594
75	149	0.8585828997957594
91	149	0.8585828997957594
74	149	0.8585828997957594
108	149	0.8585828997957594
24	297	0.8582417768881413
53	297	0.8582417768881413
111	24	0.8581242051396241
110	127	0.8577789195008586
48	43	0.8576702177573513
82	6	0.857608348168303
23	6	0.857608348168303
24	259	0.8575968192506883
0	143	0.8575418064646929
21	101	0.857308485855012
54	52	0.8570440011317085
39	143	0.8566719810404861
75	6	0.8565616431547411
75	10	0.8565616431547411
99	10	0.8565616431547411
99	6	0.8565616431547411
29	134	0.856557564636635
88	301	0.8562384468477675
51	301	0.8562384468477675
24	106	0.8558459619989149
58	32	0.8558163654028554
34	91	0.8543404508595326
79	33	0.8539092870402293
42	64	0.8532125456568499
34	64	0.8532125456568499
54	72	0.8528706266508878
111	146	0.8526450716496792
23	151	0.8516852374138224
9	150	0.8516246462661262
53	150	0.8516246462661262
18	277	0.851526052914675
71	42	0.8512638457444727
66	31	0.8509465653441656
87	31	0.8509465653441656
88	34	0.8507389244622221
105	34	0.8507389244622221
51	34	0.8507389244622221
110	64	0.8505354431167391
82	270	0.8501709299872343
23	280	0.8501709299872343
82	280	0.8501709299872343
23	270	0.8501709299872343
11	138	0.849929174974685
30	334	0.8498519853340346
77	21	0.8496110396374159
9	36	0.8494548843683151
54	151	0.8492140381299053
54	38	0.8492140381299053
54	158	0.8492140381299053
77	319	0.8488474983767893
75	164	0.848514245820606
34	50	0.8482033682610611
23	48	0.8480734643875688
82	19	0.8479608710727241
23	19	0.8479608710727241
39	334	0.8478931305929482
23	204	0.8476788020319992
11	261	0.8474103710283967
40	334	0.8472543728933029
29	325	0.8470651607730573
34	125	0.8469770494065235
11	125	0.8468641038912206
11	43	0.8467192393086328
11	46	0.8467192393086328
11	32	0.8467192393086328
11	34	0.8467192393086328
82	41	0.8466020488358723
42	36	0.8465902802013392
23	236	0.8465533557609751
1	138	0.8460195936376261
21	64	0.8460013643717321
110	180	0.8455561075683237
110	182	0.8455561075683237
68	324	0.8452536726338385
24	198	0.844253114147251
16	211	0.8442312610115529
76	211	0.8442312610115529
21	236	0.8440978846230973
29	316	0.8437969642492429
6	34	0.8434545776993969
9	39	0.8434534999576175
75	249	0.8434494168850319
54	128	0.843313136072569
66	42	0.8430892724352504
87	42	0.8430892724352504
39	215	0.8430175548941627
76	147	0.8429457768731952
16	147	0.8429457768731952
25	138	0.8429249804357507
105	138	0.8429249804357507
91	223	0.8427424414077435
74	223	0.8427424414077435
73	44	0.8425408673144776
73	27	0.8425408673144776
73	45	0.8425408673144776
15	37	0.8424816813760656
89	37	0.8424816813760656
11	64	0.8424442857384606
111	252	0.8419854478784743
40	43	0.8414230950845678
16	177	0.8410900453678161
1	34	0.8408637335069539
24	219	0.840454715582799
111	242	0.8400427931344496
108	259	0.8400361738264415
23	105	0.8396001811689894
45	32	0.839591776866316
17	32	0.8395845241847454
111	48	0.8391204082636322
96	37	0.8390231637920351
93	46	0.8389058641379016
99	52	0.8386841759125285
111	65	0.8382233533317789
111	223	0.8380273869610229
39	19	0.8378799483936424
23	281	0.8375002025596814
23	328	0.8375002025596814
109	32	0.8369144364554223
74	306	0.8368525130017715
91	306	0.8368525130017715
42	202	0.836750653973556
110	202	0.836750653973556
40	30	0.8366956047472075
13	334	0.8363978211100412
102	310	0.8363698158257031
24	39	0.8356302878629993
46	334	0.8354664939624525
104	334	0.8354664939624525
21	165	0.8347970335227137
96	30	0.834723484801469
11	275	0.8347232091462533
11	220	0.8347232091462533
91	224	0.8344427814551748
11	311	0.8340235056301684
11	120	0.8340084777187587
21	204	0.8336573277893407
24	54	0.8332253099359093
7	211	0.8330325739236809
0	289	0.8329016474179826
29	177	0.8327554544206174
30	245	0.8326456903297327
24	248	0.8324897400976503
77	40	0.8323421627990398
14	33	0.832328198911317
23	146	0.8319052948999622
23	300	0.8319052948999622
111	144	0.8318805982340501
110	185	0.8318074840905257
110	186	0.8318074840905257
32	245	0.8312238925755684
48	32	0.8308094728539496
39	247	0.8305633746548964
77	15	0.830393106249404
34	165	0.8299253438714391
68	43	0.8297961753848856
110	165	0.8296298926264177
99	152	0.829442726544814
77	312	0.8292137872103176
70	31	0.8288908915736815
111	100	0.8288698263572294
24	100	0.8288698263572294
11	276	0.8288428195977252
11	296	0.8288428195977252
11	254	0.8288428195977252
11	240	0.8288428195977252
11	269	0.8288428195977252
15	32	0.8286082426553926
89	32	0.8286082426553926
108	323	0.8283657922106987
77	38	0.827908094682484
91	38	0.827908094682484
75	177	0.8277670740132674
39	137	0.8276666598160658
16	228	0.8275592975689248
88	215	0.8274653084305168
51	282	0.8274653084305168
88	282	0.8274653084305168
51	215	0.8274653084305168
54	132	0.8273012326486535
111	246	0.8268754899325202
111	283	0.8268754899325202
111	234	0.8268754899325202
21	55	0.8267943740462298
42	55	0.8267943740462298
54	55	0.8267943740462298
110	55	0.8267943740462298
75	137	0.8267311713457508
77	241	0.8266774830960629
77	309	0.8265052664386893
54	64	0.8262295019019882
54	88	0.826085447900929
72	21	0.8260659014192833
36	21	0.8260659014192833
13	30	0.8260567928418207
111	49	0.8260482052243185
24	49	0.8260482052243185
102	255	0.8259989916545459
110	152	0.8254542387624992
11	134	0.8250819496149983
11	334	0.8250819496149983
11	45	0.8250819496149983
11	255	0.8250819496149983
11	44	0.8250819496149983
11	133	0.8250819496149983
11	85	0.8250819496149983
11	247	0.8250819496149983
11	78	0.8250819496149983
11	53	0.8250819496149983
11	277	0.8250819496149983
11	329	0.8250819496149983
11	63	0.8250819496149983
11	62	0.8250819496149983
11	103	0.8250819496149983
11	235	0.8250819496149983
11	73	0.8250819496149983
11	27	0.8250819496149983
11	324	0.8250819496149983
75	309	0.8249334863981717
99	309	0.8249334863981717
110	36	0.8248932187290062
7	126	0.8248825120105912
7	134	0.8248653278414555
58	334	0.8243354734125866
72	35	0.8242428793399703
36	35	0.8242428793399703
6	47	0.8238780057233999
12	47	0.8238780057233999
29	207	0.8236347150986972
7	149	0.8230672254134929
0	252	0.8224688479864226
69	42	0.8223993660178636
69	41	0.8223993660178636
11	111	0.821954987345363
54	16	0.8217495233878748
54	266	0.8217495233878748
54	303	0.8217495233878748
54	298	0.8217495233878748
54	193	0.8217495233878748
34	152	0.8216127634092729
61	245	0.8212779538844415
35	141	0.8210121811826999
24	284	0.8209812281651991
24	218	0.8209812281651991
37	157	0.8201712113667922
24	29	0.819887576896975
34	79	0.8194372332690021
34	109	0.8194372332690021
11	84	0.8193804643159702
11	122	0.8193804643159702
11	56	0.8193804643159702
11	35	0.8193804643159702
11	135	0.8193804643159702
82	108	0.8191829595170828
29	323	0.8190441972668491
54	286	0.8188848285900543
54	161	0.8188848285900543
54	166	0.8188848285900543
54	170	0.8188848285900543
54	176	0.8188848285900543
54	173	0.8188848285900543
54	172	0.8188848285900543
108	155	0.8188307422951359
51	245	0.8181285587297282
34	86	0.8178805553830419
0	137	0.8178223474493437
9	297	0.8177383969689641
30	34	0.8172727102864195
110	191	0.8169189443450222
39	255	0.8162606322700429
76	35	0.8154367228693267
16	35	0.8154367228693267
82	233	0.8149081837864587
39	310	0.8142046862686928
29	154	0.8141614383140163
105	245	0.8140463078913269
88	245	0.8140463078913269
74	331	0.8139806802990335
11	309	0.8138282274658509
11	260	0.8138282274658509
11	215	0.8138282274658509
25	143	0.8135314526101453
1	143	0.8135314526101453
105	143	0.8135314526101453
11	13	0.8134198033476376
39	15	0.8129365789883796
9	165	0.8126167383737921
53	165	0.8126167383737921
34	36	0.8115995188904663
21	77	0.8112520141737131
21	90	0.8112520141737131
35	33	0.8109946016554304
99	147	0.810676152830454
75	147	0.810676152830454
29	273	0.8103128126407242
82	52	0.809947771851435
74	84	0.8096786196473489
77	24	0.8094020050327627
23	32	0.8092278914464205
82	34	0.8092278914464205
23	34	0.8092278914464205
23	46	0.8092278914464205
82	46	0.8092278914464205
23	43	0.8092278914464205
82	43	0.8092278914464205
91	126	0.8086503532697565
74	126	0.8086503532697565
53	102	0.8083403553686673
110	8	0.8082851151938754
77	8	0.8079957604022795
11	265	0.807885930878705
111	55	0.8078807492374229
51	6	0.8077206943147931
105	6	0.8077206943147931
88	6	0.8077206943147931
46	42	0.8074991396247625
46	41	0.8074991396247625
23	218	0.8073289316030964
99	277	0.8070698582570999
14	32	0.8066768390254315
79	32	0.8066768390254315
23	198	0.8065113002221828
11	231	0.8064501269611393
53	242	0.806249038902876
9	242	0.806249038902876
21	74	0.8061412808099917
75	154	0.8059767678612535
24	140	0.8057248727252917
9	282	0.8051697003977688
53	282	0.8051697003977688
9	154	0.8051697003977688
53	154	0.8051697003977688
53	15	0.8051697003977688
53	137	0.8051697003977688
9	137	0.8051697003977688
9	15	0.8051697003977688
54	162	0.8050651746919557
91	152	0.8037714673837774
77	152	0.8037714673837774
16	309	0.802832607032381
76	309	0.802832607032381
9	49	0.8025578126778928
35	329	0.8023957219675439
0	40	0.8022024702758734
9	319	0.8019739684271452
53	319	0.8019739684271452
11	36	0.8018537401369261
23	130	0.8018329259061224
3	33	0.8018274437159256
99	35	0.801247433679758
75	35	0.801247433679758
53	58	0.8011705260050613
99	158	0.8010031884848622
54	58	0.8004897497394129
34	202	0.8004587170143659
9	48	0.7998151330117231
54	51	0.7995632974391604
42	51	0.7995632974391604
21	51	0.7995632974391604
110	51	0.7995632974391604
53	10	0.7992482967391283
9	10	0.7992482967391283
23	284	0.7991853895841141
93	160	0.7991295661662837
1	160	0.7991295661662837
102	265	0.7987944088091454
75	2	0.7976746235723963
25	160	0.7976731381136893
105	160	0.7976731381136893
44	32	0.7975404126700658
10	32	0.7975404126700658
60	141	0.7971558976946251
110	226	0.7969794243785675
9	168	0.7966547318970155
53	168	0.7966547318970155
77	313	0.7962608668551078
53	8	0.7961932996110512
9	8	0.7961932996110512
111	119	0.7958375166616863
77	154	0.7957203867321101
23	38	0.7953597741191522
37	235	0.7953552471699119
77	307	0.7937451941309039
82	208	0.7932512848756292
67	31	0.7931070414996428
39	324	0.7926618533411638
31	245	0.7925712385322038
111	101	0.792037898864286
23	242	0.7917851661343901
23	217	0.7917851661343901
23	205	0.7917851661343901
34	115	0.7914338099975404
34	61	0.7914338099975404
34	113	0.7914338099975404
34	118	0.7914338099975404
108	224	0.7912150852027046
77	282	0.7911212607019659
74	301	0.7908521420276168
11	206	0.790316958567392
23	71	0.7901536273079472
23	308	0.7901536273079472
75	319	0.7899413060027612
36	235	0.7898070142647676
72	235	0.7898070142647676
16	235	0.7898070142647676
76	235	0.7898070142647676
111	287	0.7889709811886609
93	47	0.7887257703782738
25	299	0.7884530894746231
36	7	0.7883030887138651
75	237	0.7880543823468427
34	128	0.7878459300092066
30	277	0.7877931437633602
61	277	0.7877931437633602
40	31	0.7875773402163192
53	159	0.7871450497337198
104	277	0.787069349997057
0	21	0.7869724313753481
82	319	0.7854890998577414
23	319	0.7854890998577414
82	151	0.7854602288035466
111	93	0.7852825692428884
111	124	0.7852825692428884
111	113	0.7852825692428884
111	73	0.7852825692428884
111	94	0.7852825692428884
111	98	0.7852825692428884
111	118	0.7852825692428884
111	80	0.7852825692428884
111	61	0.7852825692428884
111	66	0.7852825692428884
111	117	0.7852825692428884
111	50	0.7852825692428884
111	53	0.7852825692428884
111	82	0.7852825692428884
111	81	0.7852825692428884
111	115	0.7852825692428884
39	45	0.7848952383553929
39	27	0.7848952383553929
24	263	0.7846293617779156
29	20	0.7845537702976564
86	43	0.7833391554715134
16	270	0.7831239346303108
76	270	0.7831239346303108
24	165	0.7828942670818956
39	264	0.782635647496424
91	84	0.7824013746393538
11	165	0.7823889165976651
42	236	0.7820843661788883
11	237	0.7819331789179359
24	77	0.7817761283227957
24	116	0.7817761283227957
24	90	0.7817761283227957
24	74	0.7817761283227957
82	243	0.7816105796045728
9	202	0.7814080503259639
25	282	0.7808188171261666
105	282	0.7808188171261666
23	253	0.7806622958719617
54	93	0.7801679324793916
110	98	0.7801679324793916
42	66	0.7801679324793916
21	124	0.7801679324793916
54	98	0.7801679324793916
54	106	0.7801679324793916
42	106	0.7801679324793916
42	98	0.7801679324793916
42	124	0.7801679324793916
54	124	0.7801679324793916
21	81	0.7801679324793916
110	106	0.7801679324793916
21	66	0.7801679324793916
54	66	0.7801679324793916
54	82	0.7801679324793916
110	93	0.7801679324793916
42	93	0.7801679324793916
54	117	0.7801679324793916
110	124	0.7801679324793916
42	117	0.7801679324793916
110	117	0.7801679324793916
54	81	0.7801679324793916
42	81	0.7801679324793916
110	81	0.7801679324793916
21	117	0.7801679324793916
21	93	0.7801679324793916
21	82	0.7801679324793916
21	106	0.7801679324793916
42	82	0.7801679324793916
110	82	0.7801679324793916
21	98	0.7801679324793916
110	66	0.7801679324793916
35	29	0.7800818872622768
34	119	0.7798334998646627
11	116	0.7794473067535861
88	160	0.7786332544182167
51	160	0.7786332544182167
21	196	0.778523043805498
21	191	0.7784794172061179
111	104	0.7773053613798505
111	109	0.7773053613798505
111	51	0.7773053613798505
111	95	0.7773053613798505
111	92	0.7773053613798505
111	126	0.7773053613798505
111	131	0.7773053613798505
111	129	0.7773053613798505
111	79	0.7773053613798505
11	148	0.7772313892881333
7	260	0.7770351801485865
66	43	0.7769316398799271
111	253	0.7765858441632767
51	242	0.7759815251499417
88	242	0.7759815251499417
76	36	0.7758794544803025
24	249	0.7754990059312569
24	306	0.7754990059312569
24	21	0.7754990059312569
24	164	0.7754990059312569
0	282	0.7746206616987762
111	150	0.7743574653340612
111	274	0.7743574653340612
111	241	0.7743574653340612
39	282	0.7743552288090367
77	7	0.7742629932152515
11	2	0.7738871939896458
75	311	0.7734081239077986
23	142	0.7733752821944144
11	99	0.7733128643813251
77	143	0.7726060823898045
80	329	0.7722833258694817
80	39	0.7722833258694817
0	215	0.7717824283339672
77	270	0.7716048595774512
43	32	0.7714473652518338
37	42	0.7710576044932334
110	65	0.7707902475780053
82	11	0.7704737991437411
75	289	0.7704420939380303
53	232	0.7704286449306291
9	232	0.7704286449306291
42	99	0.7704090775201645
39	37	0.7703454594185701
111	152	0.7696474441772475
111	236	0.7694845161691681
77	135	0.7693389389607507
69	30	0.7687681845102726
70	334	0.7683279665594193
82	305	0.7680821086054348
42	83	0.7678025302479904
108	331	0.7674693947240181
75	290	0.7673841087214989
24	162	0.7672646283754739
16	249	0.7671988903303776
11	211	0.7670243278354668
75	168	0.7667663331621651
58	43	0.7664510258760839
51	310	0.7659110916236184
9	121	0.765654081999928
54	54	0.7655938390418295
51	143	0.7654258896183592
88	143	0.7654258896183592
64	39	0.7647557593182501
108	156	0.7643845342986283
74	156	0.7643845342986283
91	156	0.7643845342986283
99	270	0.7641346930616701
88	19	0.7636081616519885
51	19	0.7636081616519885
111	196	0.763291134865327
53	41	0.7629022768821644
9	41	0.7629022768821644
60	39	0.7622808622909801
60	329	0.7622808622909801
75	264	0.7616585905241201
1	282	0.761555694516567
99	36	0.7615043817896712
75	321	0.7608334381098858
29	297	0.7606966894078834
54	125	0.7606420117976004
77	19	0.7603395347115108
41	33	0.7601819696552238
105	310	0.7593629609545484
88	310	0.7593629609545484
35	324	0.7589775215056777
102	277	0.7588881884234919
11	152	0.7586096140265002
98	245	0.7584454479773636
21	227	0.7577101364571518
77	277	0.7576978839876649
16	156	0.7571688432159003
101	32	0.7569482479632961
77	168	0.755797674781775
9	152	0.755617129468489
46	324	0.7553012506778172
91	36	0.7547312404442272
97	277	0.7545878782560368
21	318	0.7540669062260812
40	41	0.7539264980928211
72	39	0.7534343232359175
77	39	0.7534343232359175
111	297	0.7527461034874583
77	237	0.7526573507599574
37	265	0.7522297524388135
54	330	0.7517703573272106
89	42	0.7517404943248511
15	42	0.7517404943248511
75	316	0.7517103370343763
29	149	0.7506402324986442
39	138	0.7503137464779044
111	121	0.749883717328812
54	202	0.7497854564391421
54	229	0.7494281507045978
29	301	0.7489894843528995
77	144	0.7485810412698939
24	184	0.74826175036718
96	334	0.747547845457577
39	20	0.7473511894243485
72	135	0.74727166475355
36	135	0.74727166475355
53	305	0.7468259791471881
9	305	0.7468259791471881
58	31	0.7464409034499823
21	7	0.7456200714446075
110	52	0.7453117726378554
75	5	0.7451347810416291
74	9	0.7451347810416291
74	5	0.7451347810416291
74	3	0.7451347810416291
108	5	0.7451347810416291
108	3	0.7451347810416291
75	3	0.7451347810416291
108	4	0.7451347810416291
74	4	0.7451347810416291
75	4	0.7451347810416291
108	9	0.7451347810416291
75	9	0.7451347810416291
23	299	0.7442701991311252
82	299	0.7442701991311252
90	32	0.7441042649308561
77	2	0.7441008364730992
84	46	0.744100422504765
108	1	0.7438852927031866
9	187	0.7436061442425786
36	143	0.7430222283128504
72	143	0.7430222283128504
4	324	0.7428126975006881
29	40	0.7426355725725422
69	31	0.7422436529262958
22	31	0.7422436529262958
31	31	0.7422436529262958
101	37	0.7420953055499334
54	291	0.7417255984094411
37	312	0.7417125704595429
82	197	0.7416709736889366
110	76	0.7416707451509839
110	83	0.7415127490762686
82	25	0.741285693380981
0	235	0.7410223377597175
34	236	0.7408721419135356
24	58	0.7401397729310594
74	134	0.7401204409464817
1	245	0.7399879736782536
1	310	0.7399879736782536
108	212	0.7399568687535113
99	42	0.7396320980572082
75	42	0.7396320980572082
110	99	0.739051544535863
0	270	0.737804545201494
41	334	0.7376424118991632
29	84	0.737523710614583
111	87	0.737342767333418
24	87	0.737342767333418
29	52	0.7366090324666825
10	334	0.7363673898832145
44	334	0.7363673898832145
9	75	0.7362101008434351
9	83	0.7362101008434351
102	20	0.7358944298276123
91	292	0.7354815184596348
74	292	0.7354815184596348
91	1	0.735164015891176
74	1	0.735164015891176
21	86	0.7350375624262698
77	316	0.734204051573398
52	34	0.7341606187655526
9	287	0.7340898875142831
53	287	0.7340898875142831
99	211	0.7327032914296004
108	211	0.7327032914296004
75	211	0.7327032914296004
111	217	0.7323358945009117
111	205	0.7323358945009117
111	308	0.7323358945009117
111	8	0.732206874143143
74	165	0.7315914963833773
108	165	0.7315914963833773
91	165	0.7315914963833773
110	158	0.7314565791630202
74	236	0.730882151136164
108	236	0.730882151136164
75	236	0.730882151136164
23	164	0.7307556816976716
23	21	0.7307556816976716
82	21	0.7307556816976716
82	164	0.7307556816976716
82	307	0.7307556816976716
23	306	0.7307556816976716
82	306	0.7307556816976716
23	307	0.7307556816976716
21	146	0.7307256981982283
21	281	0.7307256981982283
21	328	0.7307256981982283
82	237	0.7305593002816247
23	237	0.7305593002816247
21	83	0.7301695204230129
74	20	0.7292081131932904
91	20	0.7292081131932904
74	260	0.72914830589569
102	177	0.728637972172329
19	45	0.7281754644176708
49	44	0.7281754644176708
63	45	0.7281754644176708
49	45	0.7281754644176708
59	44	0.7281754644176708
49	27	0.7281754644176708
62	27	0.7281754644176708
33	27	0.7281754644176708
19	27	0.7281754644176708
63	27	0.7281754644176708
106	27	0.7281754644176708
106	44	0.7281754644176708
62	44	0.7281754644176708
63	44	0.7281754644176708
100	44	0.7281754644176708
107	44	0.7281754644176708
62	45	0.7281754644176708
59	45	0.7281754644176708
8	45	0.7281754644176708
56	44	0.7281754644176708
56	45	0.7281754644176708
19	44	0.7281754644176708
8	44	0.7281754644176708
107	45	0.7281754644176708
33	44	0.7281754644176708
59	27	0.7281754644176708
100	45	0.7281754644176708
106	45	0.7281754644176708
56	27	0.7281754644176708
95	45	0.7281754644176708
8	27	0.7281754644176708
95	27	0.7281754644176708
100	27	0.7281754644176708
95	44	0.7281754644176708
33	45	0.7281754644176708
107	27	0.7281754644176708
99	330	0.7281650573958335
75	330	0.7281650573958335
21	59	0.7279458776005187
22	46	0.7279087414858191
69	46	0.7279087414858191
24	22	0.7274986852862315
111	221	0.7264641697875145
111	264	0.7264641697875145
111	153	0.7264641697875145
111	168	0.7264641697875145
111	316	0.7264641697875145
23	54	0.7264441057703627
23	287	0.7264441057703627
24	332	0.7263777872415421
16	165	0.7263723291651908
111	111	0.72635644277811
39	42	0.7261848168715687
39	41	0.7261848168715687
82	249	0.7250562621007198
23	249	0.7250562621007198
23	132	0.7249686996670343
108	312	0.7248560069696477
53	20	0.724843470751632
9	20	0.724843470751632
23	8	0.7244708963819931
99	137	0.7243664435706876
7	3	0.7230301559862315
7	9	0.7230301559862315
7	5	0.7230301559862315
7	4	0.7230301559862315
21	148	0.7228796438326929
111	157	0.7226900998970679
111	155	0.7226900998970679
55	39	0.7218828427655907
111	270	0.7214825594822899
101	41	0.7213581819606785
52	27	0.7212013402510752
52	44	0.7212013402510752
52	45	0.7212013402510752
77	219	0.7207435663881891
75	241	0.7204760446704447
75	282	0.7204760446704447
75	159	0.7201544599553155
9	29	0.7197470396569661
53	29	0.7197470396569661
51	40	0.7193227668619918
88	40	0.7193227668619918
88	36	0.7193227668619918
51	36	0.7193227668619918
82	59	0.7192916804545869
46	37	0.7191182209516732
67	334	0.7189642300710142
29	290	0.7187889742659664
39	32	0.7187054708242454
39	31	0.7187054708242454
68	277	0.7183728004916011
16	149	0.7177708579619991
36	149	0.7177708579619991
72	149	0.7177708579619991
76	149	0.7177708579619991
85	245	0.7166501596866023
21	263	0.7165469803627513
7	224	0.714721854248108
77	212	0.7142696639897862
11	33	0.7139083164888795
11	42	0.7139083164888795
11	30	0.7139083164888795
99	24	0.7128253062628929
22	324	0.7125072437678592
31	324	0.7125072437678592
69	324	0.7125072437678592
11	89	0.7117374873917418
17	334	0.7113883254903175
37	160	0.7111495189190394
35	219	0.7105679383631267
35	155	0.7105679383631267
90	334	0.7098498152768732
23	183	0.7095293989055423
23	178	0.7095293989055423
7	20	0.7090008872705356
21	243	0.7086774316984533
99	202	0.7085454496577659
7	259	0.7084300040567443
21	198	0.7082778373201154
72	152	0.7079057133438772
16	152	0.7079057133438772
54	236	0.7078802313747542
77	325	0.707850116820186
72	42	0.7076639964974716
36	42	0.7076639964974716
21	279	0.707594533446145
87	37	0.7074244026531418
82	24	0.7073688635347718
111	318	0.7072884207013285
82	88	0.7071358578895135
71	329	0.7071262522019506
7	156	0.7065351293455991
21	233	0.7061281109901586
60	160	0.7059960204479284
80	160	0.7059960204479284
32	324	0.7058107087781411
82	29	0.705608740760974
35	47	0.7029695661634415
11	229	0.7027393898400174
82	204	0.7023284895104654
21	116	0.7011758774949503
7	100	0.7011571666671633
29	4	0.701092080066122
29	5	0.701092080066122
29	3	0.701092080066122
29	9	0.701092080066122
7	332	0.7007232662461322
0	150	0.7006407208163392
39	44	0.7006233514010565
23	187	0.7005949186822228
77	231	0.7005865762865767
75	56	0.7005011243866944
9	299	0.7003580210263365
53	299	0.7003580210263365
53	307	0.7003580210263365
9	307	0.7003580210263365
0	207	0.6994726074966802
110	125	0.6994655524869317
16	158	0.6983163259497598
29	223	0.6982344198280366
111	198	0.6981764196511855
111	216	0.6979657697909373
82	145	0.6973637522083961
27	34	0.6964899462035431
76	228	0.6964377028573847
77	201	0.6962974271466786
77	294	0.6962974271466786
9	236	0.6951942790835501
0	138	0.6946826406339978
54	36	0.6946167660952781
29	100	0.6946112284156103
0	19	0.6942856790301423
71	247	0.6941674122543133
102	247	0.6941674122543133
29	152	0.6940426832165892
42	230	0.6937664870836342
0	154	0.6933731654595133
43	334	0.6932744804446911
93	247	0.693068255683651
1	247	0.693068255683651
70	324	0.6930130032206935
39	301	0.692922428122489
16	38	0.6928992285227984
72	38	0.6928992285227984
24	88	0.692128199445496
42	242	0.6918541818854047
42	217	0.6918541818854047
58	30	0.6916281485633787
99	154	0.6915843177201891
71	312	0.6912555047500042
24	311	0.6909861443466198
24	273	0.6909861443466198
42	88	0.690586520195224
0	319	0.6900871251336653
91	158	0.6899506103049063
108	158	0.6899506103049063
74	158	0.6899506103049063
21	128	0.6896503547522699
27	27	0.6890676379508766
27	45	0.6890676379508766
27	44	0.6890676379508766
35	277	0.6890435733808528
16	307	0.6890297804696969
77	215	0.6889709316724609
108	301	0.6885482267106788
75	301	0.6885482267106788
32	277	0.687968301000629
9	237	0.6877888722640166
53	237	0.6877888722640166
77	264	0.6875487261867056
77	42	0.6873445057830391
50	34	0.6872199116337495
81	34	0.6872199116337495
12	34	0.6872199116337495
65	34	0.6872199116337495
60	34	0.686935970109082
24	151	0.6868868291100483
24	105	0.6868868291100483
111	105	0.6868868291100483
111	151	0.6868868291100483
93	245	0.6868194102452289
93	310	0.6868194102452289
77	141	0.6858679350220145
54	227	0.6858358058521754
7	64	0.685611322376276
30	310	0.6852874275521253
9	270	0.6847237595360013
53	270	0.6847237595360013
74	323	0.6846779281331166
91	323	0.6846779281331166
88	280	0.684659133287868
51	280	0.684659133287868
99	156	0.6842047103844576
75	153	0.6841911163857707
54	226	0.6840847913700644
42	8	0.68400767077791
32	46	0.6839419549605595
111	54	0.6838034562498931
42	333	0.6837206471589219
82	196	0.6835967288486082
16	308	0.683402561470609
76	137	0.6833298861849564
16	137	0.6833298861849564
23	58	0.6832727197497505
103	45	0.6830898269870161
103	44	0.6830898269870161
103	27	0.6830898269870161
103	32	0.6830898269870161
104	43	0.6816918169374178
7	87	0.6813579635575108
51	312	0.6812826690561135
11	83	0.6795427962456392
72	8	0.6794151818460828
36	8	0.6794151818460828
52	47	0.6790470946621033
25	215	0.678808627240139
105	215	0.678808627240139
21	302	0.6784735727660595
34	92	0.6783160409515564
23	216	0.6782768195839817
111	187	0.6781483953123445
24	187	0.6781483953123445
102	264	0.6781391589294721
9	158	0.678106162594114
99	100	0.6781014669688493
11	104	0.6776451193590337
11	126	0.6776451193590337
25	34	0.6775690973427585
105	312	0.6774443447353323
75	306	0.6769259655843246
16	19	0.6768485555416048
76	19	0.6768485555416048
110	242	0.6766250783155996
30	39	0.675923722078919
11	28	0.6758029119171216
52	31	0.6753672621402782
99	228	0.674630805490079
86	32	0.6744487323548468
3	43	0.672643626915374
108	292	0.6725307353834529
28	334	0.6723944542343513
0	312	0.6723513667292446
39	30	0.6722958132221214
24	231	0.6720699597763836
24	309	0.6720699597763836
24	215	0.6720699597763836
24	260	0.6720699597763836
54	199	0.6711750451262134
91	280	0.6711550489129291
74	280	0.6711550489129291
16	2	0.6710845967548302
76	2	0.6710845967548302
99	69	0.669604562780616
11	131	0.6689776522500765
11	95	0.6689776522500765
11	79	0.6689776522500765
11	109	0.6689776522500765
11	129	0.6689776522500765
109	334	0.6689609293326237
74	259	0.668639048592807
29	331	0.6682361039775704
36	289	0.6678459620359426
72	289	0.6678459620359426
31	47	0.6677270390882238
62	31	0.6660730898132412
33	31	0.6660730898132412
100	31	0.6660730898132412
107	31	0.6660730898132412
49	31	0.6660730898132412
59	31	0.6660730898132412
8	31	0.6660730898132412
63	31	0.6660730898132412
56	31	0.6660730898132412
19	31	0.6660730898132412
106	31	0.6660730898132412
95	31	0.6660730898132412
75	222	0.6657914115429697
88	292	0.6657220070967639
51	292	0.6657220070967639
88	312	0.6654587761254144
23	87	0.6645237332594874
60	219	0.6644150366491081
60	155	0.6644150366491081
23	318	0.664026724750256
94	334	0.6639078682783488
2	334	0.6639078682783488
5	334	0.6639078682783488
92	334	0.6639078682783488
38	334	0.6639078682783488
55	334	0.6639078682783488
77	126	0.663784299736643
11	61	0.6636821704667835
11	94	0.6636821704667835
11	115	0.6636821704667835
11	113	0.6636821704667835
11	118	0.6636821704667835
93	39	0.663593896600329
93	141	0.663593896600329
93	329	0.663593896600329
99	289	0.6631409238875979
51	46	0.6630716922369169
22	334	0.662775452200534
31	334	0.662775452200534
75	64	0.662615225704653
77	64	0.662615225704653
24	41	0.6625865090254346
11	18	0.6618492502772074
75	307	0.6617295286165994
53	49	0.6613477196414052
67	324	0.6611697292495256
16	289	0.6610697799752885
76	289	0.6610697799752885
23	196	0.6605543163024574
99	165	0.6604480432330592
23	184	0.6593264261230868
91	134	0.6586742340742137
111	134	0.6585407073113477
111	103	0.6585407073113477
111	63	0.6585407073113477
111	62	0.6585407073113477
111	85	0.6585407073113477
111	106	0.6585407073113477
111	78	0.6585407073113477
16	319	0.6584927926566136
27	31	0.6570559627000827
48	334	0.6570451912588937
29	151	0.6568586355432405
18	46	0.6566768905570116
29	8	0.6563199419675662
0	249	0.6559486473695212
75	215	0.6556352137168847
111	138	0.6556216998707902
82	13	0.6553009307841231
54	165	0.6549043266479836
91	202	0.6548939069781193
80	157	0.6539508996058565
77	138	0.653925660673531
32	34	0.6535967000019955
16	321	0.6535963735824453
76	321	0.6535963735824453
99	19	0.6534462141931906
75	19	0.6534462141931906
37	308	0.6533504832467356
25	247	0.6526428109113264
105	247	0.6526428109113264
0	237	0.6525792285775476
102	137	0.6523423044445493
79	37	0.6515595202090104
77	321	0.6514029729935145
29	241	0.6513023042847944
74	332	0.6502291221990011
108	100	0.6502191437955533
74	100	0.6502191437955533
35	252	0.6501102833116541
23	273	0.6495854686417221
82	273	0.6495854686417221
82	311	0.6495854686417221
23	311	0.6495854686417221
77	84	0.6494276673063895
1	312	0.6491943308297123
54	89	0.6486940154009468
51	137	0.6486756020026438
88	137	0.6486756020026438
51	153	0.6486756020026438
88	153	0.6486756020026438
7	69	0.6484136114979481
51	277	0.6480866829679665
0	321	0.6480599115431986
111	10	0.6471356248142551
23	219	0.6469494789377509
82	219	0.6469494789377509
60	252	0.6465364501096111
16	290	0.6465334010520515
64	47	0.6464787003767652
82	330	0.646417301705041
78	46	0.6458162711093445
0	34	0.6452362757833929
77	331	0.6450837816378137
77	244	0.644757410086422
75	244	0.644757410086422
99	321	0.6446674820356355
1	215	0.6446386957060821
9	196	0.6446264750888604
53	196	0.6446264750888604
42	65	0.6446226794430766
80	141	0.6434890868553821
30	47	0.6434763814737787
111	137	0.6431522991875533
111	282	0.6431522991875533
111	154	0.6431522991875533
111	15	0.6431522991875533
25	35	0.642804436934596
105	35	0.642804436934596
0	164	0.6424774023201671
0	290	0.6424774023201671
0	168	0.6424774023201671
29	222	0.6413282608907015
53	140	0.6412443814806028
9	140	0.6412443814806028
16	64	0.6409418366135489
35	297	0.640767745194891
74	87	0.6405634655412508
108	87	0.6405634655412508
72	40	0.6399811278727509
36	40	0.6399811278727509
69	32	0.6399432626140433
82	127	0.6399148040076207
24	59	0.6395877145209238
9	204	0.6393917398788608
53	204	0.6393917398788608
21	248	0.6389422814527956
24	38	0.638267410498026
111	38	0.638267410498026
82	283	0.6382551551994999
31	34	0.6381399353525137
79	334	0.6379608991099276
14	334	0.6379608991099276
9	101	0.6375092368371699
21	89	0.6374375719290537
76	24	0.6369015370157577
39	40	0.636112551522124
39	36	0.636112551522124
21	284	0.6358162273822892
54	152	0.6357460728711533
10	31	0.6353973757253885
44	31	0.6353973757253885
53	219	0.6352174580270495
9	219	0.6352174580270495
9	132	0.6351783525951467
29	313	0.6351388248132175
41	43	0.6348589013166567
1	35	0.6348535363575756
31	277	0.6348200506452015
35	301	0.6344165080410066
82	234	0.6339077724165189
82	246	0.6339077724165189
29	164	0.6336327132519702
11	19	0.6332995755766396
108	42	0.6331112505189002
99	311	0.6329128468587182
102	297	0.6326001969305618
21	187	0.6325751560594386
29	282	0.6325203605633534
111	280	0.63209890913338
35	157	0.6320502521357138
85	47	0.6316013537951386
39	235	0.631470271725776
89	30	0.6312751431509039
15	30	0.6312751431509039
76	219	0.630215445501264
16	219	0.630215445501264
24	261	0.6301560628252394
77	223	0.6296012030644378
102	15	0.6291999380862031
71	35	0.6286697669424525
82	49	0.6283789739573764
74	252	0.6283202734967691
91	252	0.6283202734967691
35	207	0.6281566122270142
37	309	0.6266073876251362
105	46	0.6257911251997329
88	46	0.6257911251997329
111	28	0.6250915883992489
99	177	0.6249908411042656
80	47	0.624873252180718
35	137	0.6246230838933665
35	40	0.6246230838933665
35	36	0.6246230838933665
35	242	0.6246230838933665
35	153	0.6246230838933665
21	262	0.6244708813413521
51	334	0.6242549154801669
79	41	0.6236838379950557
23	309	0.6232488990060492
23	215	0.6232488990060492
82	260	0.6232488990060492
82	215	0.6232488990060492
82	309	0.6232488990060492
23	260	0.6232488990060492
37	6	0.6225377737602623
16	282	0.6224521750331107
76	264	0.6223112932390548
16	264	0.6223112932390548
75	87	0.621740765396301
80	34	0.6216992683770249
72	7	0.6215618075641711
75	207	0.6212184897771722
91	260	0.6211040665418075
77	228	0.6208934848049741
60	6	0.6206430445629472
54	18	0.6202154857712804
102	155	0.6188234144714729
111	20	0.6179794217408099
7	212	0.6177314433097422
15	334	0.617492996517588
89	334	0.617492996517588
30	312	0.6171332405119344
86	334	0.6170692375047488
1	137	0.6166546515531648
1	153	0.6166546515531648
1	242	0.6166546515531648
16	47	0.6160357522004478
76	47	0.6160357522004478
21	49	0.6160149369685841
21	184	0.6157686549554743
11	201	0.6155866162021683
7	165	0.6154344979866241
39	43	0.6151799173611878
29	155	0.615144758924133
1	46	0.6148317226884494
23	231	0.6147105564064933
82	231	0.6147105564064933
29	135	0.6144256228011584
0	297	0.6141773938490782
36	156	0.6140818139073854
76	156	0.6140818139073854
72	156	0.6140818139073854
40	37	0.6140388570566462
58	37	0.6140388570566462
35	35	0.6136741529585015
99	249	0.613594303269653
64	35	0.613554265943721
23	162	0.6133791498017541
93	34	0.6133774044367425
29	69	0.6129786183026293
91	34	0.6127756298162088
74	34	0.6127756298162088
4	277	0.6127266983863188
39	23	0.6119231435803818
77	137	0.6118249182797048
21	197	0.610459984948068
29	144	0.6104313168181583
75	308	0.6096590774801253
77	308	0.6096590774801253
0	228	0.6091491711286466
0	273	0.6091491711286466
82	228	0.6091248240603581
23	228	0.6091248240603581
29	252	0.6079722857285167
29	228	0.6076879390680171
46	277	0.6076351304527965
60	157	0.6073143728672759
42	314	0.6070234016103947
42	213	0.6070234016103947
90	31	0.6066496591867826
71	157	0.6065544113528859
72	47	0.6063106076260313
36	47	0.6063106076260313
83	312	0.6060330863855071
69	277	0.6060328937289085
22	277	0.6060328937289085
21	186	0.6057958380866765
111	235	0.605423432592725
111	247	0.605423432592725
111	133	0.605423432592725
21	253	0.6054010309180506
21	298	0.6054010309180506
21	193	0.6054010309180506
76	177	0.604958890116279
54	99	0.6049183869887041
37	149	0.6047712645152139
60	47	0.6039762324340754
16	164	0.6036547251125662
80	26	0.603530319554126
75	325	0.6014199333159452
99	325	0.6014199333159452
39	34	0.601269477708861
25	334	0.6007285128794851
72	273	0.6005754863009857
36	273	0.6005754863009857
39	158	0.6005390715663941
21	216	0.6003230729998952
66	37	0.6000714039110516
58	41	0.5999041614356058
75	100	0.5985647922287068
100	32	0.5980851343305817
56	32	0.5980851343305817
33	32	0.5980851343305817
106	32	0.5980851343305817
19	32	0.5980851343305817
62	32	0.5980851343305817
59	32	0.5980851343305817
107	32	0.5980851343305817
95	32	0.5980851343305817
49	32	0.5980851343305817
8	32	0.5980851343305817
63	32	0.5980851343305817
7	330	0.5970159690850604
99	316	0.5965760793558792
75	141	0.5955319371623999
77	311	0.5948281314218795
77	207	0.5943674640992699
39	312	0.5943521118827974
53	217	0.5938949460212541
53	308	0.5938949460212541
9	308	0.5938949460212541
9	217	0.5938949460212541
9	205	0.5938949460212541
53	205	0.5938949460212541
60	280	0.5937931310382947
80	280	0.5937931310382947
108	69	0.5936420407429617
74	69	0.5936420407429617
108	50	0.5930084438726605
105	242	0.5924280258129437
105	137	0.5924280258129437
25	242	0.5924280258129437
25	153	0.5924280258129437
25	137	0.5924280258129437
105	153	0.5924280258129437
35	1	0.5921463949806942
111	299	0.591585815316204
111	307	0.591585815316204
111	91	0.5915681493376526
111	56	0.5915681493376526
111	35	0.5915681493376526
111	325	0.5915681493376526
111	84	0.5915681493376526
39	6	0.5913293796121114
103	31	0.5913015744943524
76	141	0.5899831974213602
16	141	0.5899831974213602
41	31	0.5897293947686987
3	6	0.5895638297956672
43	31	0.5892868316274092
74	330	0.5870872065433627
0	316	0.5870722327103931
7	58	0.586548747978151
42	287	0.5862926675331455
99	264	0.5861463889299315
11	50	0.5859341087558715
11	80	0.5859341087558715
0	309	0.5852605373866224
77	301	0.5852465702456212
99	301	0.5852465702456212
86	37	0.5846082357301584
48	37	0.5846082357301584
21	22	0.583635394374926
110	238	0.5835045786316282
67	46	0.5828457915595471
23	136	0.5823872582092293
0	144	0.5823307475515722
60	44	0.581878080836396
60	31	0.581878080836396
60	27	0.581878080836396
60	45	0.581878080836396
76	330	0.5806165547165824
16	330	0.5806165547165824
101	334	0.5803982020933938
71	29	0.58030092454562
21	300	0.5800136813140337
53	187	0.5797689346445726
35	138	0.5797534516437245
21	169	0.5791139108897053
21	315	0.5791139108897053
21	206	0.5791139108897053
21	167	0.5791139108897053
75	47	0.5787918956032315
99	47	0.5787918956032315
23	186	0.5786560806237908
35	43	0.578203495334518
108	126	0.5779251413521753
80	299	0.5777583794311186
76	316	0.5769082090562564
16	316	0.5769082090562564
29	292	0.5757704552352226
93	26	0.5754209793281947
7	236	0.5750653230587333
42	145	0.5748166408680841
42	291	0.5748166408680841
111	202	0.5748042318180558
60	245	0.5742585204702697
110	70	0.5726281229213428
1	280	0.5724678388374155
93	280	0.5724678388374155
102	235	0.572456126378317
71	235	0.572456126378317
77	306	0.5724286273644468
3	46	0.5723791195272393
76	100	0.5722089322954965
36	100	0.5722089322954965
29	215	0.5721990649946671
111	248	0.5718823369272289
11	91	0.571861591073597
17	31	0.5705533806634812
77	133	0.569713476378177
23	225	0.5695142263322466
16	215	0.5682927911199784
111	284	0.5681304259401742
111	218	0.5681304259401742
111	140	0.5680778879040003
77	211	0.5673745869132425
72	211	0.5673745869132425
36	211	0.5673745869132425
80	155	0.5672678218823055
80	219	0.5672678218823055
11	121	0.5670043392035018
11	59	0.5670043392035018
50	47	0.566744187134921
52	245	0.5667332849728584
0	10	0.5656615473509392
25	6	0.5654326235100489
93	6	0.5654326235100489
1	6	0.5654326235100489
55	34	0.5652780796844423
14	41	0.5650576572249258
29	260	0.5649792565320255
21	250	0.5642335618274608
36	15	0.5636054446793619
72	15	0.5636054446793619
42	326	0.563420810247511
27	245	0.5632431172816679
111	300	0.5632151912118534
70	277	0.562766453409986
27	277	0.561845336104026
16	144	0.5614420289783154
82	165	0.5614052682431105
37	270	0.5605964111528655
37	10	0.5601619719819073
16	241	0.5595001520920319
48	41	0.5593710746703187
97	46	0.5591341067020974
80	310	0.5581742373526598
80	245	0.5581742373526598
35	177	0.5570321473878053
24	136	0.556567545468312
24	225	0.556567545468312
111	31	0.5561960121121385
111	37	0.5561960121121385
111	46	0.5561960121121385
111	34	0.5561960121121385
111	43	0.5561960121121385
111	47	0.5561960121121385
111	32	0.5561960121121385
80	35	0.5559765112044817
30	141	0.5559501040701915
77	153	0.5553871007436445
99	306	0.5553754015877003
76	249	0.5551135146288115
53	233	0.554903204707944
9	233	0.554903204707944
76	154	0.5537997877519564
16	154	0.5537997877519564
91	64	0.5535093857171934
74	64	0.5535093857171934
108	64	0.5535093857171934
74	58	0.5532046855806309
108	58	0.5532046855806309
77	222	0.5520397279259719
108	308	0.5513138991394749
99	56	0.5504416989474056
48	30	0.550421542522581
111	245	0.5503942117509348
111	331	0.5503942117509348
73	31	0.5502501237353697
73	334	0.5502501237353697
75	219	0.5488172316540963
99	219	0.5488172316540963
110	287	0.548513562989071
60	26	0.548380035075565
25	20	0.548256654850351
105	20	0.548256654850351
21	23	0.5479852028220775
24	320	0.5473791110020935
111	2	0.5471815388881631
14	37	0.5471414463801738
37	147	0.5469957692232574
76	306	0.5467901346722377
16	306	0.5467901346722377
11	86	0.5466714706084093
23	39	0.5463205566349669
21	136	0.5461040420157837
75	160	0.5460220638128852
34	90	0.5448447243932051
34	77	0.5448447243932051
111	201	0.5445079340863967
91	330	0.5436130913564737
37	277	0.5435989142419886
111	71	0.5435506145768245
76	20	0.5434163143872511
16	20	0.5434163143872511
40	42	0.5430802646060102
108	133	0.5430223641851647
29	13	0.5429956433402592
39	267	0.5429430339064938
74	52	0.5427643012190779
75	52	0.5427643012190779
108	52	0.5427643012190779
9	102	0.5425756469928055
75	144	0.5421838513976918
35	34	0.5412930739676438
67	277	0.5412092917502571
53	149	0.5411803495519588
9	149	0.5411803495519588
102	207	0.5407966141074282
39	52	0.5407176845900853
102	309	0.5402724325712434
102	28	0.540200579499422
71	28	0.540200579499422
65	39	0.5397584070988088
81	39	0.5397584070988088
54	83	0.5382618001893367
111	130	0.5379822197210146
24	130	0.5379822197210146
111	310	0.5371974478946736
111	312	0.5371974478946736
21	220	0.5371476629778726
53	23	0.5368773163870202
53	7	0.5368773163870202
93	312	0.5350053332026304
7	97	0.535003724148583
34	74	0.5343380604507558
21	218	0.5343087245104511
77	20	0.5336877965776906
1	20	0.5333829860749627
55	47	0.533313442597169
27	47	0.533313442597169
34	83	0.5321387150951693
1	301	0.5319459182039109
108	271	0.5318978156243678
91	271	0.5318978156243678
75	271	0.5318978156243678
74	271	0.5318978156243678
77	271	0.5318978156243678
16	36	0.5314815813648927
111	263	0.5294836173417986
11	55	0.5288996167586125
99	153	0.528739737790635
72	265	0.5266472637703205
36	265	0.5266472637703205
42	11	0.5260894633302964
105	280	0.5259352872256725
25	280	0.5259352872256725
99	138	0.5255576414629981
75	138	0.5255576414629981
72	277	0.5254657207742826
36	277	0.5254657207742826
80	252	0.5252943981890237
111	19	0.5250799131060223
23	248	0.5247410934923972
53	301	0.5245788259016532
9	54	0.5243783318487308
53	54	0.5243783318487308
82	198	0.524348752809823
34	55	0.5239094689467179
23	52	0.5238436874836606
96	46	0.5237491363439624
105	301	0.5237232376414792
25	301	0.5237232376414792
16	153	0.5222649829845463
76	153	0.5222649829845463
21	225	0.5220385886584711
1	40	0.5211933934420427
1	36	0.5211933934420427
53	158	0.5210771625606234
35	26	0.5205445967715813
74	212	0.5203869190087611
29	156	0.5201082551881805
36	87	0.5192930700036972
76	87	0.5192930700036972
76	308	0.5190338159278641
36	308	0.5190338159278641
72	308	0.5190338159278641
99	84	0.5187580865620288
75	84	0.5187580865620288
16	237	0.5185709473653228
26	46	0.5185578857310223
30	329	0.5184454379149194
75	97	0.5183021873207071
51	255	0.5176522045212494
105	255	0.5176522045212494
88	255	0.5176522045212494
16	168	0.5176385373082523
11	323	0.5175292239897928
75	69	0.517462664623895
111	22	0.5167367413464726
76	5	0.5161589128797597
76	4	0.5161589128797597
76	3	0.5161589128797597
76	9	0.5161589128797597
43	43	0.5158278671683436
90	43	0.5158278671683436
75	223	0.5154565442693091
25	40	0.5153987406637218
25	36	0.5153987406637218
105	40	0.5153987406637218
105	36	0.5153987406637218
29	24	0.5153765465998212
60	32	0.5152951936558724
102	312	0.5142563262095368
25	245	0.513741729447749
25	310	0.513741729447749
7	123	0.5129072330665011
91	259	0.5126716228856822
35	20	0.5123873566370405
111	165	0.5123705733576157
98	34	0.5123428699673416
85	34	0.5123428699673416
21	179	0.5118411786071295
37	15	0.5115181896257207
36	64	0.5114877283944961
76	64	0.5114877283944961
72	64	0.5114877283944961
2	277	0.511188663145522
38	277	0.511188663145522
55	277	0.511188663145522
94	277	0.511188663145522
24	145	0.5105757965004448
52	32	0.5104100286071529
34	200	0.5104017170811158
42	200	0.5104017170811158
82	284	0.5091826226439575
93	219	0.50889345979196
93	155	0.50889345979196
9	243	0.5082194443122487
53	243	0.5082194443122487
6	39	0.508065817472608
93	27	0.5079450724082999
93	31	0.5079450724082999
93	44	0.5079450724082999
93	45	0.5079450724082999
75	292	0.5074819285972336
75	201	0.5073613272992885
75	231	0.5073613272992885
75	294	0.5073613272992885
83	35	0.5065858766086773
24	169	0.5060929778704651
82	332	0.5
108	200	0.5
23	259	0.5
110	201	0.5
36	36	0.5
111	142	0.5
54	201	0.5
75	267	0.5
53	201	0.5
108	267	0.5
109	31	0.5
99	319	0.5
75	200	0.5
21	185	0.5
110	229	0.5
60	264	0.5
29	50	0.5
88	277	0.5
99	290	0.5
105	277	0.5
32	47	0.5
9	59	0.5
51	247	0.5
60	247	0.5
37	143	0.5
0	313	0.5
74	200	0.5
29	319	0.5
77	200	0.5
16	244	0.5
80	247	0.5
21	178	0.5
91	267	0.5
37	21	0.5
74	267	0.5
80	264	0.5
21	183	0.5
21	251	0.5
77	267	0.5
21	201	0.5
23	332	0.5
102	2	0.5
91	332	0.5
82	259	0.5
66	324	0.49470387408443234
87	324	0.49470387408443234
3	280	0.4937549583701763
102	160	0.49332106832441897
71	160	0.49332106832441897
80	177	0.49301969385003175
93	157	0.4922318116359247
93	252	0.4922318116359247
29	123	0.4921262334096442
9	249	0.4920801832534039
53	249	0.4920801832534039
53	306	0.4920801832534039
9	306	0.4920801832534039
9	21	0.4920801832534039
53	21	0.4920801832534039
9	164	0.4920801832534039
53	164	0.4920801832534039
53	259	0.4909531221512825
9	259	0.4909531221512825
99	58	0.49090562836462126
111	324	0.4902530039052537
111	27	0.4902530039052537
111	26	0.4902530039052537
111	30	0.4902530039052537
111	45	0.4902530039052537
111	277	0.4902530039052537
111	329	0.4902530039052537
111	42	0.4902530039052537
111	33	0.4902530039052537
111	334	0.4902530039052537
111	255	0.4902530039052537
110	301	0.4896358753523408
16	222	0.48941798370584677
1	264	0.4890532488104805
9	119	0.4885761241958723
105	264	0.4864350298957506
25	264	0.4864350298957506
93	324	0.4855053967252287
23	169	0.48544725158307567
75	155	0.48543618737131344
75	150	0.48543618737131344
9	146	0.48514502707152657
53	146	0.48514502707152657
23	140	0.4849427091678798
39	33	0.4831840472381872
23	11	0.4831396850023988
77	150	0.4831388109477376
102	270	0.48292701313893516
32	37	0.48288335889351375
32	30	0.48288335889351375
32	41	0.48288335889351375
32	33	0.48288335889351375
32	42	0.48288335889351375
111	259	0.4828270890801298
53	197	0.48269222468167705
9	197	0.48269222468167705
23	179	0.4826251005435169
83	1	0.48231770118288364
111	319	0.48230623530045746
51	319	0.4819662861064272
88	319	0.4819662861064272
23	127	0.48194042478661925
23	251	0.48194042478661925
102	138	0.48193697267569463
88	247	0.4817914610482684
1	277	0.48070906805897645
11	119	0.48000152591630557
111	135	0.4798167565802693
110	39	0.47922116647774077
42	39	0.47922116647774077
37	28	0.4789585993277176
29	58	0.478829921516932
34	51	0.47801040424824975
0	306	0.4777667109733707
29	150	0.4776804333361491
0	149	0.47737035440060693
48	31	0.47736284636354887
77	261	0.47598401990125017
51	264	0.4748596711124049
46	43	0.47478148307836165
36	301	0.474725983514081
72	301	0.474725983514081
76	301	0.474725983514081
16	301	0.474725983514081
99	48	0.47452974431377537
39	319	0.47451596905847704
23	263	0.4744120611960761
11	101	0.4742693103148775
76	69	0.474223682678389
36	69	0.474223682678389
75	58	0.47369121415672855
111	162	0.473635947552617
42	70	0.47337099227505136
14	31	0.47306748666494425
79	31	0.47306748666494425
64	277	0.4723389318659075
42	72	0.47178529458818363
42	76	0.47178529458818363
74	97	0.4701017592064321
108	97	0.4701017592064321
108	261	0.4700605157710818
77	297	0.46964234434445024
7	13	0.4691860683370389
53	71	0.46917234079810394
9	71	0.46917234079810394
21	301	0.4687633260824078
53	52	0.4685348603311153
88	264	0.46795948185432806
77	1	0.46749964607979594
21	266	0.46655016382413206
21	16	0.46655016382413206
21	275	0.46655016382413206
21	142	0.46655016382413206
21	283	0.46655016382413206
39	28	0.466353439133683
32	255	0.4662842761346108
60	177	0.4661278018203633
93	264	0.4660880040924199
108	134	0.46535256535637515
9	301	0.4647616347818417
36	202	0.4643811691961723
76	202	0.4643811691961723
77	330	0.4642728100367885
7	50	0.46263287076600773
24	11	0.46217573813524715
76	311	0.46198689145342864
16	311	0.46198689145342864
29	201	0.4617819673059313
37	34	0.4617367053224096
64	34	0.4610487328461825
99	20	0.46096528263971676
75	20	0.46096528263971676
20	334	0.45990261233595187
64	46	0.4594042317566395
101	42	0.4593575518362494
75	274	0.4593288786815616
51	15	0.45926003619863315
88	15	0.45926003619863315
0	50	0.4584330485448171
77	274	0.45810805455301484
108	41	0.4580811680889876
99	41	0.4580811680889876
75	41	0.4580811680889876
27	32	0.4578151628955561
43	37	0.4577777107193706
90	37	0.4577777107193706
21	125	0.45777612109605037
0	158	0.45747979548510176
11	193	0.4570142564977618
1	334	0.4568311473159728
24	330	0.4568014873399622
99	159	0.4557419772092501
39	289	0.45565802739742056
99	164	0.45551918129790164
91	236	0.45420212000333904
21	176	0.45414288986068513
21	240	0.45414288986068513
21	170	0.45414288986068513
21	293	0.45414288986068513
21	296	0.45414288986068513
21	286	0.45414288986068513
21	171	0.45414288986068513
21	174	0.45414288986068513
21	172	0.45414288986068513
21	269	0.45414288986068513
21	173	0.45414288986068513
21	189	0.45414288986068513
21	188	0.45414288986068513
21	161	0.45414288986068513
21	181	0.45414288986068513
21	276	0.45414288986068513
21	166	0.45414288986068513
21	254	0.45414288986068513
75	1	0.45293910910328755
71	277	0.4521803713900787
93	32	0.45198022090218504
0	20	0.451944231591808
21	234	0.45152121412415125
21	246	0.45152121412415125
37	152	0.4513490041686779
29	158	0.4508202862209213
11	161	0.4506007629176706
11	176	0.4506007629176706
11	170	0.4506007629176706
11	173	0.4506007629176706
24	333	0.4501711894599246
36	158	0.44949084205494194
72	158	0.44949084205494194
76	158	0.44949084205494194
104	46	0.4490857163303762
29	133	0.4490820978709447
21	180	0.4478372396008546
21	182	0.4478372396008546
7	71	0.4474630610109241
82	184	0.4474582119899014
86	31	0.4464130915937487
102	23	0.44553133927447963
29	274	0.44548439901295955
39	321	0.44531537018164785
93	299	0.44483944456852703
61	310	0.44476342222900206
34	106	0.44395106168949083
34	117	0.44395106168949083
34	93	0.44395106168949083
34	82	0.44395106168949083
34	66	0.44395106168949083
34	124	0.44395106168949083
34	98	0.44395106168949083
34	81	0.44395106168949083
82	301	0.443590666539335
60	312	0.44345286380249727
105	292	0.4432129016621467
25	292	0.4432129016621467
11	273	0.44291177299120993
13	41	0.4424443336829371
13	42	0.4424443336829371
27	46	0.4423456190738313
5	255	0.44225549148145354
27	255	0.44225549148145354
38	255	0.44225549148145354
92	255	0.44225549148145354
2	255	0.44225549148145354
11	219	0.4414306206131513
18	47	0.4411856899911364
47	46	0.4410688781898065
82	281	0.440487975597296
82	328	0.440487975597296
83	310	0.44048343986800165
73	32	0.43978707447941634
75	313	0.4396708454330055
110	7	0.43953847326619655
110	322	0.43953847326619655
9	318	0.43915706256700876
53	318	0.43915706256700876
29	280	0.43909480363612235
37	133	0.43855727706476394
35	245	0.4384802270561907
21	162	0.4380176665367011
34	99	0.4374864206170896
29	259	0.43739776564620314
77	323	0.4372415926543339
24	188	0.4371076081850385
24	171	0.4371076081850385
24	189	0.4371076081850385
60	299	0.4371052901861938
82	146	0.43701639296263073
82	300	0.43701639296263073
30	147	0.43601128515290816
7	267	0.43567093947468916
16	159	0.43504934643661236
76	267	0.43464175033415686
16	267	0.43464175033415686
36	267	0.43464175033415686
72	267	0.43464175033415686
7	52	0.43457898274749257
75	260	0.4344694806765659
54	301	0.43429105313234795
23	25	0.4341569819334897
24	25	0.433133346277833
37	137	0.4331070715886332
15	324	0.4329837168867708
89	324	0.4329837168867708
39	150	0.4317216298319335
34	39	0.4313200699491661
16	138	0.4305691959801022
76	138	0.4305691959801022
25	312	0.4294629798327374
68	46	0.42940607839424144
35	282	0.42920202038857125
0	8	0.42859098923705097
9	201	0.4281507102279904
76	52	0.426504709330573
11	322	0.42587809579487784
11	7	0.42587809579487784
36	6	0.425649857352678
72	6	0.425649857352678
36	10	0.425649857352678
72	10	0.425649857352678
35	46	0.42561248753823094
45	30	0.42521742570494336
99	207	0.42502540886910073
64	245	0.4247700915734467
37	1	0.4245807853511361
23	41	0.4239467236841929
74	244	0.4238021153478523
108	244	0.4238021153478523
91	244	0.4238021153478523
111	58	0.4236851037249695
111	184	0.42319737822216213
108	332	0.42314718546405444
36	58	0.42264400106794336
76	58	0.42264400106794336
34	116	0.42213869029475787
99	282	0.42019599855963363
99	241	0.42019599855963363
99	271	0.4201878706995545
71	152	0.4198205613579172
102	152	0.4198205613579172
91	159	0.4197111724862292
108	159	0.4197111724862292
74	159	0.4197111724862292
45	277	0.4194489308354366
76	325	0.4189311250208362
16	325	0.4189311250208362
1	255	0.4186902607652499
80	255	0.4186902607652499
93	255	0.4186902607652499
37	264	0.4186828389551868
21	3	0.4186276811081445
21	5	0.4186276811081445
21	9	0.4186276811081445
21	4	0.4186276811081445
29	64	0.41845792407708987
99	308	0.41779695372280107
74	123	0.4177556675981849
21	320	0.41727496883218357
108	48	0.41702736324898415
75	48	0.41702736324898415
74	48	0.41702736324898415
1	292	0.416787683895474
35	292	0.4165740491268949
102	6	0.4151753127517663
7	68	0.41511202961401755
23	182	0.41500487759601595
23	180	0.41500487759601595
23	22	0.41476830282875693
37	23	0.4143088941809387
7	284	0.4128524376935968
23	323	0.4128278235951214
82	323	0.4128278235951214
36	165	0.41227882814201317
72	165	0.41227882814201317
76	165	0.41227882814201317
102	252	0.41221905281292087
39	292	0.41100697795339264
77	260	0.4109663330181702
89	31	0.4107003846452367
15	31	0.4107003846452367
101	31	0.4106071029293728
91	243	0.4103746436647979
74	243	0.4103746436647979
75	243	0.4103746436647979
108	243	0.4103746436647979
24	262	0.41031522373140694
64	329	0.41003623714699655
0	222	0.40978148763171535
108	88	0.4094693317615825
77	155	0.40929070739017714
29	202	0.40919260641900584
102	289	0.40893398794834984
71	289	0.40893398794834984
99	97	0.408630744066052
98	47	0.4074284423091727
7	48	0.4066728979730072
74	50	0.4060897597742605
41	30	0.4055801031405352
99	160	0.4054515898837873
96	324	0.40516092325347713
28	45	0.40463813314403263
28	31	0.40463813314403263
28	44	0.40463813314403263
28	27	0.40463813314403263
74	133	0.40426913664237857
29	272	0.4031002801216676
88	52	0.40297897886140094
51	52	0.40297897886140094
110	87	0.4025864382805085
29	294	0.40243553512114916
76	1	0.4022842198517628
16	1	0.4022842198517628
102	154	0.4022630975362947
37	177	0.4022026091910716
23	261	0.4018212665416927
82	261	0.4018212665416927
37	151	0.4016874480371758
35	299	0.4016636790298185
91	212	0.4012838208713151
75	139	0.4009710323861177
82	140	0.4009129066322025
96	31	0.40065261097517235
74	284	0.4006025731558352
91	284	0.4006025731558352
75	284	0.4006025731558352
0	23	0.40047797916687927
29	237	0.3999174647813806
36	147	0.3993474581114992
72	147	0.3993474581114992
61	47	0.39908370166002677
102	215	0.3987074162389152
82	218	0.39868406252870087
60	147	0.3985826151713741
30	299	0.3985213506624029
54	7	0.39824096571323203
83	329	0.3965818662190713
21	18	0.3965152277051635
79	42	0.3964534160196138
88	184	0.3960948550495466
88	148	0.3960948550495466
88	126	0.3960948550495466
88	202	0.3960948550495466
88	80	0.3960948550495466
99	191	0.3937791457938651
102	21	0.3937430836537474
13	33	0.3934857431674832
53	311	0.39295248570446084
9	311	0.39295248570446084
9	273	0.39295248570446084
53	273	0.39295248570446084
29	224	0.3925702059211869
29	139	0.3922912912001409
35	15	0.39163935713532616
7	133	0.39130353260723777
39	242	0.3912764690674007
39	308	0.39119523502484926
0	241	0.3891179752902407
9	228	0.3890039154630097
53	228	0.3890039154630097
88	289	0.3886379898842882
51	289	0.3886379898842882
54	116	0.3885411153406827
23	188	0.38848198951929835
23	189	0.38848198951929835
23	171	0.38848198951929835
11	199	0.38783969008743285
108	80	0.38772392595326866
29	231	0.3874408473026113
72	228	0.38732726221433394
36	228	0.38732726221433394
3	20	0.3871084159966485
3	35	0.3871084159966485
91	100	0.3864754422163836
77	100	0.3864754422163836
29	308	0.38647281115800414
58	324	0.3862838218656383
40	324	0.3862838218656383
16	160	0.3852480764168908
76	160	0.3852480764168908
99	50	0.38510449160222565
75	50	0.38510449160222565
9	130	0.3846577842393044
9	22	0.3838867138821235
53	22	0.3838867138821235
53	216	0.3838867138821235
9	216	0.3838867138821235
110	72	0.383243522182495
0	80	0.38287523477164354
101	30	0.3828729594626314
39	280	0.382793514069115
39	265	0.38228375774613593
29	267	0.38215230586809856
7	57	0.3815338355417969
3	255	0.3811906810598239
23	89	0.38080437623820024
0	301	0.38021114059742
65	312	0.3799250159061359
50	312	0.3799250159061359
12	312	0.3799250159061359
81	312	0.3799250159061359
6	312	0.3799250159061359
29	191	0.3796239049966717
9	58	0.3795451865265501
21	67	0.37906751368409336
75	191	0.3790406948022205
108	191	0.3790406948022205
74	191	0.3790406948022205
91	191	0.3790406948022205
77	191	0.3790406948022205
37	321	0.37896956659698805
23	293	0.37856919096857344
74	68	0.3781200529044009
75	323	0.3779712677870758
99	323	0.3779712677870758
80	1	0.37742160467416846
76	282	0.37701183255829224
11	236	0.3768994177948774
110	195	0.37591142727045335
37	249	0.3756381401629308
111	164	0.3751311743794964
111	306	0.3751311743794964
111	21	0.3751311743794964
111	249	0.3751311743794964
111	228	0.37510290993777096
35	310	0.3747303767251105
0	280	0.37401720821285944
7	159	0.37296403994142996
77	202	0.3726897988253963
36	160	0.37255279431269356
72	160	0.37255279431269356
16	56	0.3721273888144009
76	56	0.3721273888144009
23	13	0.3718711882635333
53	215	0.3718444337834786
9	260	0.3718444337834786
53	260	0.3718444337834786
9	309	0.3718444337834786
9	215	0.3718444337834786
9	231	0.3718444337834786
53	231	0.3718444337834786
53	309	0.3718444337834786
91	9	0.37168540820606316
91	3	0.37168540820606316
91	4	0.37168540820606316
91	5	0.37168540820606316
24	148	0.3714486088929717
99	139	0.3713870742843122
37	154	0.3712850060897438
29	221	0.3708392626810231
110	3	0.37069166243168405
110	4	0.37069166243168405
110	5	0.37069166243168405
110	9	0.37069166243168405
0	311	0.37067191349871553
64	26	0.3704455820773202
16	84	0.37011525569364656
76	84	0.37011525569364656
16	50	0.36946267134107985
76	50	0.36946267134107985
58	42	0.36936447781711934
72	309	0.3687496314361589
36	309	0.3687496314361589
91	308	0.36828784252603664
74	308	0.36828784252603664
99	297	0.3678931552040442
75	297	0.3678931552040442
102	40	0.36757205420858996
102	36	0.36757205420858996
23	145	0.36742086083556236
76	290	0.36691746873648917
16	323	0.3665836910130989
76	323	0.3665836910130989
7	244	0.3662057914445178
61	312	0.36593946711371134
82	253	0.36561000473967153
80	312	0.3656044360379687
64	1	0.36548587851801123
11	87	0.36515243254118535
24	293	0.36472815709997725
99	64	0.3645921638188227
16	100	0.36320344124773407
72	100	0.36320344124773407
16	155	0.36312473534361067
83	20	0.3627583147521897
99	267	0.36256422419529105
80	29	0.36233556182650095
72	56	0.3615627199996103
36	56	0.3615627199996103
16	150	0.36134902577922196
71	265	0.36090848060008385
77	221	0.3606515512345036
16	292	0.3603174416857282
102	301	0.3601906782560088
29	96	0.3601327357874913
99	168	0.3597294077068579
7	200	0.35956491036933397
24	149	0.359109794589703
35	158	0.3589166575635714
35	23	0.3589166575635714
35	52	0.3589166575635714
77	87	0.3584930250059977
71	149	0.35839084438421837
102	149	0.35839084438421837
103	39	0.35808260500722794
2	39	0.35808260500722794
38	39	0.35808260500722794
9	23	0.3575149830919218
9	7	0.3575149830919218
1	158	0.35750875746385813
52	297	0.356984805641852
111	132	0.35619929176001147
24	301	0.3561849765017593
105	158	0.355746759503892
25	158	0.355746759503892
82	142	0.35538394043655436
77	36	0.35467283244151365
35	19	0.35456648188632633
76	319	0.3545130982591274
66	277	0.3535077347313392
87	277	0.3535077347313392
52	207	0.3533301829936834
29	107	0.3530785935208286
27	312	0.35266078474831347
23	201	0.3524765612020141
82	201	0.3524765612020141
32	312	0.3523997467604104
37	39	0.3520892593575732
97	245	0.352020176061772
84	245	0.352020176061772
23	185	0.3511213492286671
99	237	0.3504605402096826
99	307	0.3502639821735193
30	143	0.34962003236387845
102	10	0.34918687031988105
102	311	0.34725026199629644
84	34	0.346623670157386
29	330	0.34654193254467686
0	152	0.3464860827976023
92	31	0.34635737888386714
38	31	0.34635737888386714
2	27	0.34635737888386714
2	45	0.34635737888386714
92	45	0.34635737888386714
38	27	0.34635737888386714
38	45	0.34635737888386714
94	45	0.34635737888386714
94	31	0.34635737888386714
94	44	0.34635737888386714
94	27	0.34635737888386714
5	45	0.34635737888386714
5	44	0.34635737888386714
55	31	0.34635737888386714
2	31	0.34635737888386714
5	31	0.34635737888386714
55	27	0.34635737888386714
92	44	0.34635737888386714
38	44	0.34635737888386714
2	44	0.34635737888386714
55	44	0.34635737888386714
5	27	0.34635737888386714
55	45	0.34635737888386714
92	27	0.34635737888386714
36	48	0.34625924977960076
76	48	0.34625924977960076
99	1	0.3457014197033148
36	24	0.3456722116025831
72	24	0.3456722116025831
31	312	0.34466326432701466
16	87	0.3438583037903849
102	249	0.34379001993497754
9	253	0.34371200802415736
53	253	0.34371200802415736
23	320	0.3432605163526449
83	301	0.34273305367015006
24	279	0.34262196380631077
24	163	0.34262196380631077
99	223	0.34253471246583317
39	200	0.3424307945932898
39	202	0.3424307945932898
39	249	0.34239193108808097
82	187	0.34197021156278223
37	141	0.3416195444098863
101	324	0.3407785069887867
24	13	0.3406759867131355
82	7	0.3402218688521901
82	322	0.3402218688521901
29	168	0.34007547793195564
11	3	0.33906155354970374
11	5	0.33906155354970374
11	4	0.33906155354970374
11	9	0.33906155354970374
105	15	0.338830719632132
25	15	0.338830719632132
52	301	0.3380990404439925
21	322	0.33808668122036895
11	51	0.3377484309623885
11	92	0.3377484309623885
72	330	0.3376698876166874
36	330	0.3376698876166874
74	57	0.337566661325045
15	277	0.3374980552601016
89	277	0.3374980552601016
76	215	0.3373952853377796
102	273	0.33731762124844833
85	39	0.3371188259018145
52	35	0.336603521500816
91	133	0.3364953907114739
11	98	0.3358195196529612
11	82	0.3358195196529612
11	81	0.3358195196529612
11	117	0.3358195196529612
11	66	0.3358195196529612
11	93	0.3358195196529612
11	106	0.3358195196529612
11	124	0.3358195196529612
108	99	0.3352619143206461
12	39	0.33499392445974857
23	125	0.3339243140357179
16	207	0.3338211299972458
76	207	0.3338211299972458
37	273	0.333472210789732
91	71	0.33341362238598815
74	71	0.33341362238598815
83	137	0.3334075522298729
83	40	0.3334075522298729
83	297	0.3334075522298729
83	153	0.3334075522298729
83	242	0.3334075522298729
83	36	0.3334075522298729
111	41	0.3325207954157574
3	206	0.33249609024150434
3	28	0.33249609024150434
3	196	0.33249609024150434
79	30	0.3324952729763106
54	195	0.3321046535310008
16	271	0.3319274344939654
36	271	0.3319274344939654
72	271	0.3319274344939654
76	271	0.3319274344939654
14	42	0.33189249666293147
37	153	0.33187438490534904
37	135	0.3306909509740779
77	50	0.33045305149485993
88	28	0.3303990957105411
29	212	0.33039717407754304
102	211	0.33034545139804317
9	212	0.33011342622221806
20	280	0.3299215889952482
41	41	0.32973173828102
82	333	0.3294024136254944
82	238	0.3294024136254944
102	282	0.3291374645684262
54	90	0.32874220355622624
54	77	0.32874220355622624
30	155	0.3282903068605402
30	219	0.3282903068605402
52	137	0.3279988006104323
52	242	0.3279988006104323
52	40	0.3279988006104323
52	153	0.3279988006104323
52	36	0.3279988006104323
3	1	0.3274158360907283
109	30	0.32352852762907247
82	291	0.3231822702034764
36	2	0.32308800497579127
72	2	0.32308800497579127
0	201	0.32206437234192486
0	231	0.32206437234192486
0	294	0.32206437234192486
7	191	0.3216816583302077
76	307	0.3212101865362492
0	36	0.3209500218560303
76	244	0.3209417561831961
72	244	0.3209417561831961
36	244	0.3209417561831961
37	20	0.32054373255628693
23	302	0.3205312479511955
39	135	0.3198398237058942
91	13	0.3193989671145477
74	13	0.3193989671145477
9	267	0.3192073356262583
23	158	0.31904913821625647
76	164	0.31900672279600406
88	334	0.3178965343879423
105	334	0.3178965343879423
80	277	0.3176972564484428
54	74	0.31767103321341555
72	137	0.31757120352420065
36	137	0.31757120352420065
90	33	0.3174139396962932
43	33	0.3174139396962932
51	45	0.31736296728503316
51	41	0.31736296728503316
51	27	0.31736296728503316
51	42	0.31736296728503316
51	37	0.31736296728503316
96	277	0.31726590648721226
7	158	0.31711205527738284
29	261	0.31662879797327914
91	123	0.3164460062407994
39	237	0.314244949796928
54	39	0.31400925491465514
7	66	0.3139619709459082
99	144	0.3137956288802096
52	147	0.3137540955713781
36	321	0.31318808195879894
72	321	0.31318808195879894
52	1	0.3125169320901962
71	264	0.31242917677768445
82	216	0.31232745670202855
37	316	0.3120326645815293
37	2	0.31153995562559866
39	270	0.31069505492453126
29	57	0.31066602193263954
18	245	0.3096517886361316
64	177	0.3096480987939351
77	34	0.309479716730449
0	156	0.3089058573533194
37	8	0.30885054971025744
102	321	0.30875204664115813
88	235	0.30844595193470564
86	41	0.308224550322112
36	126	0.3079393844489097
76	126	0.3079393844489097
16	126	0.3079393844489097
72	126	0.3079393844489097
11	132	0.3075646840165202
75	88	0.30750915874853185
109	41	0.3065640006587008
37	56	0.30654243693171307
84	312	0.3058185348167574
97	312	0.3058185348167574
91	50	0.3055425977780704
37	19	0.3053765852882493
111	311	0.30507629091123295
60	46	0.3044861674841098
11	227	0.3043089718458909
3	289	0.3037068014734108
111	225	0.3036039368425687
54	3	0.3034189190751171
54	4	0.3034189190751171
54	5	0.3034189190751171
54	9	0.3034189190751171
57	46	0.3031106904619036
83	147	0.3027775059424294
11	230	0.3024486525242417
21	230	0.3024486525242417
76	144	0.3021573456225551
0	307	0.30207462023636245
75	126	0.30174225667667504
99	126	0.30174225667667504
82	158	0.3016120535396473
13	37	0.3015676297430536
3	34	0.30151856078174705
11	226	0.3011689587187678
52	143	0.30107391202760314
111	29	0.30050286313574676
75	198	0.3002505565594564
88	237	0.3001397082385429
51	237	0.3001397082385429
83	138	0.2999613540579259
10	33	0.2995980297456851
51	244	0.2994603870742644
88	244	0.2994603870742644
99	244	0.29943313560598805
102	34	0.29904635468072494
29	68	0.29881943062969213
39	152	0.29791289137547655
29	271	0.29767660497996073
3	21	0.2965528688640623
52	138	0.2964234042737038
53	328	0.29611056977097294
9	328	0.29611056977097294
53	281	0.29611056977097294
9	281	0.29611056977097294
91	87	0.29575082047178325
111	332	0.29570633403015295
111	301	0.2956027184809381
24	275	0.29536634446552607
45	324	0.2953429770906503
27	324	0.2953429770906503
11	202	0.2952901454364848
16	139	0.295226300034958
76	297	0.29476565581257824
16	297	0.29476565581257824
54	87	0.2947296282353995
74	261	0.2944088847415456
0	84	0.29431515126902635
3	245	0.2940964594321819
37	40	0.29395324220699426
0	139	0.29367375514931665
36	200	0.2934540435604172
76	200	0.2934540435604172
16	200	0.2934540435604172
72	200	0.2934540435604172
79	324	0.2931529624391565
111	260	0.2927965763706377
111	231	0.2927965763706377
111	309	0.2927965763706377
111	215	0.2927965763706377
72	270	0.29275102897353167
99	260	0.2927160837858341
37	156	0.29256931902398325
110	116	0.29226520845230997
102	316	0.2922006853669067
16	88	0.2919974324210506
1	15	0.2915506175285163
48	42	0.2913658681591789
91	68	0.2910201290627842
53	332	0.2910060532955381
9	332	0.2910060532955381
79	277	0.2908050126220188
82	178	0.28895671321396127
82	183	0.28895671321396127
23	148	0.2889478890351667
21	226	0.28866721737065
99	284	0.288084445560671
0	211	0.28797884119952033
16	260	0.2877957317672424
76	260	0.2877957317672424
16	313	0.28776517476767616
64	157	0.28758594695858347
17	43	0.28732434236360943
80	20	0.28712583466755687
52	329	0.28703123149073917
110	54	0.2869648996964138
77	259	0.2864733594973753
30	252	0.28634767549890205
7	107	0.2861777070182928
52	141	0.28578704285814205
99	200	0.2852528159514532
108	252	0.285238898111884
7	272	0.2851653088223487
7	96	0.2847950497312877
39	154	0.2847152581129186
25	23	0.2847057159086868
105	52	0.2847057159086868
25	52	0.2847057159086868
105	23	0.2847057159086868
105	19	0.2847057159086868
25	19	0.2847057159086868
35	312	0.28453667581808456
46	46	0.28394716043616275
39	8	0.28388746275352145
70	46	0.28377712413777356
37	290	0.28293010108785777
74	272	0.282471773511215
37	126	0.2824205179894886
35	215	0.28191560081336375
53	127	0.2815910345868251
0	2	0.2814997561546016
37	306	0.2810474579002749
29	25	0.2809610761291129
31	255	0.280785716676724
7	60	0.28004329841167663
55	255	0.27989844972175143
102	158	0.27913693338788315
21	199	0.2763708848757165
97	255	0.2761787833048384
65	255	0.2761787833048384
12	255	0.2761787833048384
81	255	0.2761787833048384
6	255	0.2761787833048384
83	255	0.2761787833048384
50	255	0.2761787833048384
84	255	0.2761787833048384
111	232	0.27565069168498396
9	272	0.2750434067641357
76	241	0.27491828154343734
55	312	0.2729122859930823
111	186	0.27278314314839225
111	183	0.27278314314839225
24	178	0.27278314314839225
24	183	0.27278314314839225
111	178	0.27278314314839225
24	186	0.27278314314839225
99	215	0.2725323450270335
91	52	0.2724569588053699
88	158	0.2722511978974129
51	158	0.2722511978974129
4	46	0.27203970587855814
58	277	0.27194933514615094
40	277	0.27194933514615094
111	59	0.2719371586065865
78	245	0.2716998634588541
22	34	0.27102567073624717
1	23	0.2704870562565715
1	19	0.2704870562565715
1	52	0.2704870562565715
28	255	0.2704600913355831
0	88	0.2703325521205766
71	38	0.27011200519534506
102	38	0.27011200519534506
80	334	0.2700538159837562
64	334	0.2700538159837562
74	107	0.2699583258714138
23	18	0.26982771670824124
42	54	0.2695627888184624
72	87	0.26947420698835983
37	219	0.26945876313069966
35	6	0.2693283810589375
29	48	0.2689197137142286
108	68	0.2684714849757091
15	46	0.2681237135250051
89	46	0.2681237135250051
111	39	0.2678700213925243
74	60	0.2677925350480439
108	34	0.2675568134176403
98	312	0.26745913396490784
9	18	0.2671622982506236
37	158	0.2669171232593008
23	301	0.26678548933537727
3	297	0.26673061533337905
30	157	0.2661795409142945
7	92	0.26557639098897934
110	333	0.2652492895667723
77	68	0.2649916528454874
75	68	0.2649916528454874
3	207	0.2649612060102322
102	290	0.26450489647459874
86	30	0.26442027551978625
30	264	0.2643370504855536
35	264	0.2643370504855536
18	312	0.26417625093323466
24	302	0.26414147599458326
77	123	0.2640094806616327
29	315	0.26399697112660264
0	56	0.26397368880961547
91	58	0.2639624441263152
77	58	0.2639624441263152
78	255	0.2638796442649016
37	215	0.2637012214047887
110	74	0.26360239543371117
85	312	0.26329507010297865
7	105	0.2632705434573877
90	41	0.26321095027828095
43	41	0.26321095027828095
16	13	0.2626543421420102
72	13	0.2626543421420102
76	13	0.2626543421420102
36	13	0.2626543421420102
37	144	0.26212970203627384
39	228	0.2618552182293773
39	273	0.2618552182293773
7	216	0.26181569832316204
110	77	0.2617580264032126
16	312	0.26159259625368914
76	312	0.26159259625368914
75	80	0.26144479657304565
99	80	0.26144479657304565
72	191	0.26107588711383245
36	191	0.26107588711383245
76	191	0.26107588711383245
16	191	0.26107588711383245
14	30	0.2604907397986645
45	41	0.2604566975586416
82	162	0.2600549276122387
23	275	0.2599802543340811
64	297	0.2590311626093594
28	32	0.25881422287094025
32	43	0.2586299545205912
45	255	0.2585497841704559
102	7	0.25834732929005655
102	8	0.25834732929005655
29	122	0.25831863568519114
31	39	0.25799509584441227
99	292	0.2579386469070324
55	46	0.2577616785034407
109	37	0.257617865897648
30	255	0.25754342723355966
7	55	0.2574420125788587
7	308	0.257221600583165
14	277	0.25715814962035116
101	277	0.25715814962035116
83	141	0.2564985042902632
52	177	0.255520783885718
99	322	0.2554041943855649
7	261	0.25480816064682194
74	105	0.25420351358850035
108	105	0.25420351358850035
16	80	0.25388739025385265
76	80	0.25388739025385265
52	312	0.25335921273460144
36	249	0.2531691386105853
72	249	0.2531691386105853
51	80	0.25311582013131456
51	126	0.25311582013131456
51	202	0.25311582013131456
51	200	0.25311582013131456
51	148	0.25311582013131456
37	138	0.25286690720017246
39	21	0.2528023782184549
99	87	0.25251649001844784
77	97	0.25233319597680093
83	29	0.2517833357705811
52	255	0.2515469258796905
37	58	0.25146597373978513
77	99	0.25146002647305593
39	168	0.25124869896981084
39	290	0.25124869896981084
39	164	0.25124869896981084
34	87	0.2512018574134855
42	87	0.2512018574134855
0	223	0.25068692817057153
74	66	0.25052849795857857
22	245	0.24852907147715844
51	30	0.24846750430831463
51	32	0.24846750430831463
51	31	0.24846750430831463
23	165	0.24843270096145334
39	211	0.2483378269644971
76	168	0.24824676492943218
75	331	0.24817710801594722
37	165	0.24815068322489872
75	221	0.24779451140251874
22	312	0.2476377076744988
76	284	0.24713572380014723
16	284	0.24713572380014723
102	52	0.24486844732415133
30	26	0.2446258319063043
72	36	0.24387079680022256
52	20	0.24385612372837015
45	42	0.24381674076575152
45	37	0.24381674076575152
29	284	0.243039619419363
21	272	0.24298536903946233
29	87	0.2426160710153487
18	255	0.24250570667196333
7	243	0.24249426261647464
12	310	0.2421296084413484
50	310	0.2421296084413484
6	310	0.2421296084413484
65	310	0.2421296084413484
81	310	0.2421296084413484
36	312	0.24212160267502728
99	88	0.24206200843058082
36	306	0.24191358923848516
72	306	0.24191358923848516
76	88	0.2417769365528193
23	191	0.2413936753446736
97	47	0.2413542286741046
84	47	0.2413542286741046
99	198	0.2409928122215271
37	228	0.24049560347758747
37	211	0.24038769146134703
108	139	0.24036027858450237
74	139	0.24036027858450237
91	139	0.24036027858450237
82	230	0.2402555186942637
27	301	0.2400595109829877
55	301	0.2400595109829877
14	324	0.23988804444249212
74	96	0.23946884514530895
7	73	0.23865390660752064
76	292	0.23846807984476415
39	174	0.2378748442459972
82	318	0.23782590155245226
39	311	0.23782379103528742
55	35	0.23766374933525639
27	35	0.23766374933525639
71	23	0.23765320910317064
45	245	0.23764999127906283
55	40	0.23758950548021304
27	36	0.23758950548021304
27	297	0.23758950548021304
55	137	0.23758950548021304
55	297	0.23758950548021304
27	137	0.23758950548021304
55	36	0.23758950548021304
27	40	0.23758950548021304
55	242	0.23758950548021304
27	242	0.23758950548021304
55	153	0.23758950548021304
27	153	0.23758950548021304
0	267	0.23687347222008417
37	282	0.23673373714622326
102	307	0.2363023955223743
96	245	0.2359079956578593
69	245	0.2359079956578593
51	324	0.23574131540176535
71	126	0.23560721160389117
102	126	0.23560721160389117
27	26	0.2351450355265356
55	26	0.2351450355265356
77	128	0.23478603057778258
75	128	0.23478603057778258
99	236	0.23475243435454263
39	307	0.23439835201373055
3	177	0.23377068767479942
54	272	0.23347617836746326
37	84	0.23310597168573152
110	239	0.23310319366577772
72	20	0.23262464533817892
36	20	0.23262464533817892
102	135	0.23252598125341298
0	260	0.23205860432582787
52	26	0.23199500241078602
3	270	0.231769605402841
31	310	0.23174531352616157
11	272	0.23166011919309357
64	29	0.23144789910283736
111	261	0.23119735828662913
23	88	0.23118141635466535
96	312	0.2308714454347873
69	312	0.2308714454347873
32	310	0.2305901878739132
24	102	0.2303340483957309
111	102	0.2303340483957309
30	29	0.23016644884661153
99	102	0.23005297685679796
75	13	0.22996377737248036
108	13	0.22996377737248036
37	301	0.2298305958147728
45	46	0.22964694975712746
7	122	0.22959242118539558
37	38	0.22936998657596103
53	163	0.22933519232212884
9	163	0.22933519232212884
92	6	0.229280692096804
56	6	0.229280692096804
19	6	0.229280692096804
33	6	0.229280692096804
28	6	0.229280692096804
8	6	0.229280692096804
100	6	0.229280692096804
95	6	0.229280692096804
106	6	0.229280692096804
63	6	0.229280692096804
99	130	0.22926626551980878
29	244	0.22882135265288894
76	237	0.2287534866654394
0	28	0.22830682800753338
16	58	0.2280947472816463
72	58	0.2280947472816463
110	272	0.22770889174908296
0	330	0.22736074461557654
0	134	0.22713248411064427
71	2	0.22678445139246425
25	255	0.22676094255225257
77	292	0.22667862295036434
9	52	0.22593972260783451
23	29	0.22585183168070183
3	312	0.22580640393555973
51	44	0.22516634648080175
88	23	0.22515908033524698
51	23	0.22515908033524698
99	75	0.22474402938036206
3	311	0.22472151523476577
25	45	0.22445171389430849
25	27	0.22445171389430849
25	44	0.22445171389430849
25	31	0.22445171389430849
25	32	0.22445171389430849
77	80	0.22430831800963374
110	267	0.22423350857146648
39	222	0.22416810384359587
45	33	0.2241377263890311
86	324	0.22401790749568043
48	324	0.22401790749568043
74	92	0.22383289027008635
110	17	0.22376498036632533
111	320	0.22342949086204492
0	200	0.2228597548296074
11	314	0.22274087909517196
21	213	0.22274087909517196
21	314	0.22274087909517196
11	213	0.22274087909517196
9	284	0.22238587168754237
53	284	0.22238587168754237
16	133	0.22227940089691603
76	133	0.22227940089691603
72	133	0.22227940089691603
36	133	0.22227940089691603
23	250	0.22205269558370153
25	135	0.22199541135207537
105	135	0.22199541135207537
27	1	0.22117531262580592
55	1	0.22117531262580592
111	169	0.2208610630412146
74	55	0.22076857341254216
110	278	0.2205892006714651
111	219	0.22053444860535965
111	122	0.22029429892914812
111	265	0.22029429892914812
75	133	0.22025884002475318
99	133	0.22025884002475318
103	245	0.2200849481425909
53	248	0.2200227964440224
9	248	0.2200227964440224
3	301	0.21980640241301921
29	59	0.21935771466326495
29	80	0.21821855189902356
60	255	0.2177693288453968
64	247	0.21757172726851282
20	247	0.21757172726851282
111	237	0.21746805402549785
39	2	0.2170942338594389
93	147	0.21674861361919906
73	33	0.21673142054578784
99	312	0.21652434946547305
75	312	0.21652434946547305
42	74	0.21650074690459187
17	41	0.21649271912576995
9	67	0.21615673914575256
53	67	0.21615673914575256
36	316	0.21609829764761118
72	316	0.21609829764761118
2	34	0.21607363020968737
38	34	0.21607363020968737
64	310	0.2159240915162699
24	52	0.21589458407009796
111	52	0.21589458407009796
77	69	0.2157832431359971
91	69	0.2157832431359971
17	37	0.2157204604152761
82	89	0.2152394873334403
42	77	0.21514036247222978
36	4	0.21477826493640195
36	5	0.21477826493640195
36	9	0.21477826493640195
36	3	0.21477826493640195
61	255	0.2145934233169592
36	52	0.21452149200316192
55	138	0.21406168225742656
27	138	0.21406168225742656
51	235	0.21386116743824152
75	259	0.21357567026820462
29	159	0.2130020341978911
20	177	0.21289569202309672
39	126	0.212734484728054
9	323	0.21263135052758758
53	261	0.21263135052758758
9	261	0.21263135052758758
53	323	0.21263135052758758
23	7	0.212577548783235
23	322	0.212577548783235
76	97	0.2121195052248961
36	97	0.2121195052248961
76	223	0.21117561664438733
16	223	0.21117561664438733
51	28	0.2111708754109362
74	122	0.21098249199583755
0	292	0.21097955576350355
111	195	0.21004234806756047
91	261	0.20933496565095763
37	319	0.20921240107778366
0	325	0.20916497239090232
13	324	0.20913902424855088
102	56	0.20910665554450555
71	56	0.20910665554450555
75	197	0.20863205206876587
77	197	0.20863205206876587
74	88	0.20818400869776887
80	147	0.20817691391056634
3	237	0.20807488495787899
20	39	0.2076363169529229
64	141	0.20746612992475563
66	46	0.2069465798285383
25	277	0.20677587802844172
88	321	0.2066202409551407
80	242	0.2065055233624784
80	137	0.2065055233624784
80	36	0.2065055233624784
80	40	0.2065055233624784
80	153	0.2065055233624784
80	297	0.2065055233624784
3	282	0.2059427863301533
77	139	0.20584911924363616
29	332	0.205501722313451
3	40	0.2052158274370779
3	138	0.2052158274370779
3	36	0.2052158274370779
3	242	0.2052158274370779
110	194	0.20512709459620368
0	133	0.20504604599503637
75	212	0.20484248807884617
11	212	0.2046281496494313
74	73	0.20461397985822696
5	47	0.2044285913909233
94	47	0.2044285913909233
38	47	0.2044285913909233
103	47	0.2044285913909233
2	47	0.2044285913909233
28	47	0.2044285913909233
92	47	0.2044285913909233
39	309	0.20412111797114232
76	243	0.20405391808328704
16	243	0.20405391808328704
3	10	0.2037018302862701
62	255	0.20366174431355172
49	255	0.20366174431355172
33	255	0.20366174431355172
106	255	0.20366174431355172
100	255	0.20366174431355172
107	255	0.20366174431355172
19	255	0.20366174431355172
95	255	0.20366174431355172
59	255	0.20366174431355172
56	255	0.20366174431355172
63	255	0.20366174431355172
8	255	0.20366174431355172
74	63	0.20332049464332205
74	78	0.20332049464332205
91	57	0.20226289180954707
110	23	0.20225877922168645
36	177	0.2022432841339476
72	177	0.2022432841339476
7	128	0.20212857063526646
83	207	0.20201361961915457
98	310	0.2017034194342876
71	308	0.2016847899299503
102	308	0.2016847899299503
96	255	0.2015757212485552
69	255	0.2015757212485552
20	297	0.20146691010508247
3	244	0.20139856092990174
3	319	0.20139856092990174
83	26	0.2013074495209568
3	249	0.20089825759569233
3	292	0.20088292992630993
82	3	0.20054801404678685
82	9	0.20054801404678685
82	4	0.20054801404678685
82	5	0.20054801404678685
52	282	0.20038029931112816
88	10	0.19989724793182068
51	10	0.19989724793182068
24	303	0.19986607593379563
24	298	0.19986607593379563
24	266	0.19986607593379563
24	16	0.19986607593379563
39	156	0.1996572587337021
99	313	0.1993112898562744
39	316	0.19905700171956464
71	309	0.19840294285732468
91	107	0.1978132450577205
16	52	0.19754086302924354
85	310	0.19742364579074487
0	7	0.19657452397552744
53	89	0.19642105019212855
88	311	0.195798653899926
88	270	0.195798653899926
99	68	0.19562580762864418
16	294	0.1953349163283872
16	201	0.1953349163283872
16	231	0.1953349163283872
52	6	0.19511053737025622
32	6	0.19511053737025622
99	222	0.19504029614271595
82	23	0.19501664343465763
74	163	0.19458775272843892
108	163	0.19458775272843892
108	123	0.19444173073991902
24	158	0.1943655400204745
111	158	0.1943655400204745
102	306	0.1943507648791112
39	139	0.19399496615586242
64	36	0.19398491678839888
64	137	0.19398491678839888
64	242	0.19398491678839888
64	40	0.19398491678839888
64	153	0.19398491678839888
77	208	0.19377435933005055
75	208	0.19377435933005055
53	267	0.1936497913563115
16	5	0.19341743328587388
16	9	0.19341743328587388
16	4	0.19341743328587388
16	3	0.19341743328587388
39	134	0.19337283207590206
102	228	0.193305559134505
37	168	0.1931760654255724
37	164	0.1931760654255724
10	43	0.1930232295617192
16	63	0.192567035077579
76	63	0.192567035077579
37	191	0.19229483285193202
82	186	0.19228318431101885
51	2	0.19227086512811745
88	2	0.19227086512811745
108	107	0.19117083916445105
3	160	0.1911295570813078
77	134	0.19090805201205502
88	21	0.19049273034604022
51	21	0.19049273034604022
39	136	0.1902414814894185
39	315	0.1902414814894185
20	35	0.1902181468224121
0	323	0.19016852645062335
108	71	0.19002422067520847
75	71	0.19002422067520847
68	245	0.18952621163086125
54	214	0.18925372084600517
54	209	0.18925372084600517
54	14	0.18925372084600517
7	25	0.1891683790730583
16	236	0.18906368846375737
39	331	0.189042643597851
82	136	0.1888957314746197
23	330	0.18871790855738255
102	139	0.18863198323201744
11	214	0.1886028174779201
11	209	0.1886028174779201
11	14	0.1886028174779201
52	292	0.18859105838129422
102	292	0.1880695139460093
98	255	0.18780603539798868
85	255	0.18780603539798868
67	34	0.187548631430212
75	280	0.18740105750905467
16	69	0.18733894081310423
72	69	0.18733894081310423
77	13	0.18713575785130776
99	13	0.18713575785130776
80	301	0.18704297699531672
93	41	0.18676298313900372
93	37	0.18676298313900372
93	30	0.18676298313900372
93	42	0.18676298313900372
52	29	0.18657032715998315
108	128	0.1861865250849883
74	128	0.1861865250849883
1	135	0.18611299896705533
111	262	0.1860630075390323
29	136	0.1858622520386128
111	88	0.18567641829896414
23	195	0.1852959579403285
75	163	0.18510954274219352
76	139	0.1850021318804021
23	149	0.1848908740204065
29	97	0.1848873364334352
0	151	0.18483082957938513
74	80	0.18463841391410027
91	80	0.18463841391410027
64	299	0.18428267131484344
51	321	0.18395662143578256
3	215	0.18380132176965602
20	160	0.18376286040794795
64	280	0.18312086731352983
77	305	0.1826588683579549
75	305	0.1826588683579549
0	159	0.18230526730563246
0	165	0.18230526730563246
3	222	0.18215989257074008
29	278	0.18180385216843206
7	80	0.18161494742500361
7	102	0.18088192307006296
93	177	0.1805404949603333
60	143	0.18044457406556186
78	312	0.18031070238405877
110	12	0.1802701817680762
72	84	0.17995136633633593
36	84	0.17995136633633593
32	39	0.17940360448342904
9	213	0.1793272795710819
29	71	0.17925819307636187
68	312	0.179215248016656
52	46	0.17916413894637165
39	38	0.17888580773175353
75	322	0.17880817755223946
0	63	0.1787918998528502
20	255	0.17863412859280656
52	310	0.17850993566010467
90	42	0.17838213389397645
71	6	0.1781910876983261
83	143	0.17793153948325047
16	274	0.17763473827325574
74	25	0.17757805497828344
111	189	0.17749518672433412
111	188	0.17749518672433412
111	171	0.17749518672433412
7	205	0.17685586680733392
36	154	0.1767781697198346
72	154	0.1767781697198346
83	299	0.17651396059577407
80	138	0.1762770346796861
37	330	0.17604549997991664
82	225	0.17599779101079413
64	301	0.17585287472825997
0	196	0.17566702453000282
91	97	0.1755462638173583
75	105	0.1755364291541527
22	255	0.17530136227125395
103	255	0.1752607206620267
111	163	0.1751254169004274
111	279	0.1751254169004274
39	151	0.17503542195650795
54	278	0.1749852471312511
37	311	0.17484022532188526
99	243	0.17474591984376275
0	174	0.17459221770063282
76	159	0.1745444545672555
36	159	0.1745444545672555
72	159	0.1745444545672555
20	277	0.1742704696376855
67	312	0.17371594636115748
72	19	0.17365603600132326
36	19	0.17365603600132326
55	177	0.17337064514054432
27	177	0.17337064514054432
77	48	0.17312583603377943
91	48	0.17312583603377943
83	177	0.1728162812123065
24	191	0.17262335862142825
75	224	0.17258866493751598
23	16	0.17243091636768032
23	266	0.17243091636768032
23	298	0.17243091636768032
23	303	0.17243091636768032
75	108	0.17226669835667044
77	108	0.17226669835667044
75	261	0.1721915257053019
37	159	0.17212126114935078
29	91	0.1720636579000572
77	280	0.17198195916738676
108	102	0.17193590844723097
74	102	0.17193590844723097
52	15	0.17162958043788046
108	57	0.1715935872695777
102	9	0.17098278068349823
102	4	0.17098278068349823
102	5	0.17098278068349823
102	3	0.17098278068349823
99	63	0.1707534799370736
75	63	0.1707534799370736
16	197	0.17035076108809533
7	139	0.1701633100652533
110	145	0.169857757126324
110	291	0.169857757126324
77	49	0.1697475748796236
75	49	0.1697475748796236
111	11	0.1696655838065902
24	250	0.16951065688090441
16	107	0.1693703478196636
45	34	0.16924780578456136
53	303	0.16921978022793302
9	303	0.16921978022793302
36	138	0.16890043466286864
72	138	0.16890043466286864
76	222	0.16871024580359267
60	29	0.16800458687342731
54	230	0.16797775457919623
64	155	0.1675404508329006
64	219	0.1675404508329006
64	138	0.167323114208194
36	50	0.16704285075020187
72	50	0.16704285075020187
16	163	0.1669613209252873
91	272	0.16671140759311667
22	310	0.16670100144598737
17	33	0.1665684719235121
88	165	0.166476334448877
88	139	0.166476334448877
88	156	0.166476334448877
88	198	0.166476334448877
88	152	0.166476334448877
88	196	0.166476334448877
88	265	0.166476334448877
88	204	0.166476334448877
101	46	0.16639917625996098
16	208	0.1662878094727464
77	107	0.1660702233056478
75	107	0.1660702233056478
102	284	0.1655945493376689
93	33	0.165541813021397
29	333	0.16518425334273631
29	165	0.16513535703721072
64	6	0.16490661021763917
111	302	0.16485620766406503
111	145	0.16485373051592814
7	75	0.16472987527783833
73	43	0.1640520560590245
9	302	0.16393612898174628
53	302	0.16393612898174628
39	333	0.163829885982033
39	10	0.1638060696373159
23	181	0.16359077745696887
23	174	0.16359077745696887
23	262	0.16359077745696887
71	153	0.16357195949547512
99	132	0.16350776773644268
29	66	0.16306368955271497
29	106	0.16306368955271497
37	241	0.16230460479818007
48	277	0.1621436994167834
86	277	0.1621436994167834
37	50	0.16208686607113645
29	62	0.1618135918759696
29	78	0.1618135918759696
29	63	0.1618135918759696
30	177	0.16180808955110704
75	140	0.161368544028908
39	56	0.1612266535526549
39	244	0.16117686518247099
77	252	0.16102312087069273
71	39	0.16086189499781306
2	32	0.16081724710797918
92	32	0.16081724710797918
94	32	0.16081724710797918
55	32	0.16081724710797918
5	32	0.16081724710797918
38	32	0.16081724710797918
75	75	0.16070659785739877
35	10	0.1606314376523248
102	84	0.16056792673164563
75	102	0.16036445479273684
74	75	0.16031056959605952
108	75	0.16031056959605952
0	52	0.16028044828109794
0	24	0.16024609980090362
44	33	0.16013358070525668
0	126	0.16001456260360297
37	323	0.15986059876761324
37	325	0.15986059876761324
0	261	0.15949680223054355
16	261	0.15946996987581247
45	312	0.1593131774916297
39	278	0.1592263707579301
108	216	0.15909167419708475
74	216	0.15909167419708475
75	216	0.15909167419708475
91	216	0.15909167419708475
102	136	0.1590315905869162
91	66	0.15865968217195617
74	205	0.15855877828693005
9	11	0.15849238795781254
53	11	0.15849238795781254
29	205	0.15843943967298474
37	331	0.1583097311838029
37	139	0.1579278549369974
111	333	0.15787011882900737
55	20	0.15778737419739164
27	20	0.15778737419739164
83	157	0.1577655069337009
71	58	0.15767184986422267
102	58	0.15767184986422267
88	290	0.15731758288181683
7	315	0.1571940966044731
36	311	0.156799072264817
72	311	0.156799072264817
110	0	0.15631360693980204
39	306	0.15597664992261862
29	328	0.15592709147432451
11	267	0.15571124423586505
23	279	0.1556297424210172
23	163	0.1556297424210172
77	5	0.15532250109570936
77	4	0.15532250109570936
77	9	0.15532250109570936
77	3	0.15532250109570936
82	272	0.15520631045895136
23	272	0.15520631045895136
7	53	0.15511193740756046
102	144	0.15505133072766683
39	24	0.1548210259005869
3	247	0.15466797636268287
53	322	0.1541361482727416
7	305	0.15411172834118075
7	233	0.15393544717060315
37	7	0.1536959216305406
9	230	0.153024384241631
67	245	0.15291461484184707
74	99	0.15271650696191044
29	130	0.15263682964393557
29	251	0.15260740839653988
91	60	0.15245025084737981
82	248	0.15224173778408434
71	141	0.15223504807307012
7	91	0.15173900901870055
0	202	0.15157511516001526
41	42	0.1514363268547841
77	302	0.15109776593445978
75	302	0.15109776593445978
67	255	0.15105766691233968
89	255	0.15105766691233968
87	255	0.15105766691233968
66	255	0.15105766691233968
4	255	0.15105766691233968
15	255	0.15105766691233968
16	108	0.15098853618056088
51	311	0.15081002186242576
51	270	0.15081002186242576
64	252	0.15067729949483863
82	185	0.15058450074144253
20	26	0.15048614049733314
52	219	0.1503370996166028
52	155	0.1503370996166028
99	196	0.15033565669465826
23	315	0.15026998181666879
29	114	0.15011829430536858
97	34	0.15009023376607927
24	238	0.1498565287767418
36	325	0.1497101212639376
72	325	0.1497101212639376
76	236	0.14965324711846525
29	102	0.14929801646889312
77	284	0.14908557133532932
68	255	0.14858581242257116
111	25	0.1483716471241805
105	10	0.14832597242331602
11	23	0.148277902794099
54	267	0.1479495831967665
26	255	0.14794678694768068
57	255	0.14794678694768068
60	277	0.14776266531138624
108	66	0.14765820416736203
16	68	0.14751080538541395
88	325	0.14732566099955796
88	122	0.14732566099955796
83	19	0.14727707660427858
3	235	0.14685204202735075
64	255	0.14672199824160098
3	184	0.14655507907183798
3	126	0.14655507907183798
3	228	0.14655507907183798
3	152	0.14655507907183798
3	105	0.14655507907183798
3	200	0.14655507907183798
3	59	0.14655507907183798
3	80	0.14655507907183798
3	156	0.14655507907183798
3	191	0.14655507907183798
3	165	0.14655507907183798
3	198	0.14655507907183798
3	38	0.14655507907183798
3	127	0.14655507907183798
3	148	0.14655507907183798
3	13	0.14655507907183798
3	204	0.14655507907183798
3	251	0.14655507907183798
3	202	0.14655507907183798
3	265	0.14655507907183798
3	273	0.14655507907183798
3	139	0.14655507907183798
83	52	0.14655030272353287
83	158	0.14655030272353287
83	15	0.14655030272353287
83	23	0.14655030272353287
24	212	0.1464303316074263
37	297	0.14627905750957076
3	47	0.14620524668975232
29	200	0.14605798744976642
99	298	0.14605050922856552
91	197	0.1460296474941631
108	197	0.1460296474941631
74	197	0.1460296474941631
72	282	0.14595430118115468
36	282	0.14595430118115468
29	55	0.14564839115896608
24	291	0.14547506025004453
83	282	0.14541753079241349
102	134	0.14528691577488861
99	105	0.14516679471213764
83	292	0.14496463627937514
37	307	0.14480830807958603
64	312	0.14468919515027076
99	302	0.14438170877883366
3	310	0.14425632241262126
52	19	0.144254708629067
39	196	0.1439149323050122
102	243	0.1436623059704178
71	19	0.14354740664975058
52	158	0.1433376929718738
52	52	0.1433376929718738
52	23	0.1433376929718738
74	108	0.14318985939093878
108	108	0.14318985939093878
9	222	0.14307176327643326
99	155	0.14272631039244243
99	150	0.14272631039244243
52	157	0.1425386123280267
108	278	0.14239760472257934
91	278	0.14239760472257934
74	278	0.14239760472257934
75	278	0.14239760472257934
74	114	0.14224091147045184
111	212	0.14216064630280284
1	321	0.14188029975689465
37	237	0.14185132400454917
7	328	0.1417602613593196
9	88	0.1415915003678204
53	88	0.1415915003678204
35	160	0.14125812797007106
82	149	0.14118520917656494
36	264	0.14117883103924828
72	264	0.14117883103924828
72	144	0.1411708675794358
36	144	0.1411708675794358
74	91	0.1410587450389358
60	324	0.14105326549337358
93	321	0.14100901955032846
82	169	0.14089878637909303
77	224	0.1408263713703517
82	125	0.14079788434406867
82	179	0.14079788434406867
22	299	0.1407881968929022
7	124	0.1406019235720699
7	108	0.14038409052847683
91	78	0.1403693339169748
91	63	0.1403693339169748
37	200	0.14027526359220177
108	272	0.14024613240080822
88	273	0.1402293545841635
88	251	0.1402293545841635
88	105	0.1402293545841635
88	38	0.1402293545841635
88	59	0.1402293545841635
88	206	0.1402293545841635
88	13	0.1402293545841635
88	228	0.1402293545841635
88	127	0.1402293545841635
88	191	0.1402293545841635
82	302	0.14009946794679795
78	34	0.14007641553150316
25	321	0.13977278774613808
105	321	0.13977278774613808
74	305	0.13974743718224944
108	305	0.13974743718224944
108	63	0.13964550761458527
108	78	0.13964550761458527
102	315	0.13961989236093494
99	278	0.13961207870917905
16	331	0.13950824071981638
9	218	0.13922644600153009
53	218	0.13922644600153009
61	299	0.13914865534661966
37	207	0.1391111949538432
24	315	0.13895620996226918
29	105	0.1386008959188243
3	290	0.13859156325532784
51	43	0.13853394677622785
82	22	0.1385302007314745
42	116	0.138479666116304
111	200	0.13832119729017195
24	200	0.13832119729017195
7	132	0.13823127261439389
111	148	0.13820932780913608
7	106	0.1380819564371992
99	127	0.1380627962111045
52	252	0.1380543720784401
82	263	0.13755302982311546
77	88	0.1374354548247304
1	45	0.13741199265045695
1	44	0.13741199265045695
1	31	0.13741199265045695
1	32	0.13741199265045695
1	27	0.13741199265045695
102	168	0.1373143661490331
102	164	0.1373143661490331
102	174	0.1371817484980994
71	174	0.1371817484980994
37	260	0.13716136257916858
110	212	0.13704650631856793
21	212	0.13704650631856793
54	212	0.13704650631856793
20	242	0.13693234352129385
20	137	0.13693234352129385
20	36	0.13693234352129385
20	153	0.13693234352129385
20	40	0.13693234352129385
29	65	0.13680764255610298
43	30	0.1367284248021044
90	30	0.1367284248021044
111	293	0.13664841709286318
7	78	0.13657837663058017
7	62	0.13657837663058017
7	63	0.13657837663058017
7	114	0.13633246859506498
110	11	0.1362871680612461
71	137	0.13614296078797364
91	96	0.13607590646103146
16	134	0.13598237095697033
76	134	0.13598237095697033
110	285	0.13594052128602105
110	192	0.13594052128602105
55	207	0.1355268485889389
27	207	0.1355268485889389
109	42	0.13552378681298974
82	251	0.13524816793630035
71	249	0.13515902515926873
71	147	0.13504305021248342
30	160	0.13489316850281713
71	270	0.13471471286360354
75	86	0.1346795940040484
9	25	0.13450279637795354
53	25	0.13450279637795354
99	261	0.13440046851528362
16	48	0.13437270971136855
72	48	0.13437270971136855
99	128	0.13437200692106172
18	34	0.13397164668904968
71	151	0.1336527574379335
102	151	0.1336527574379335
37	196	0.13356255871725445
99	107	0.133486256712935
7	302	0.1332912874630301
16	97	0.13325475028553557
82	148	0.13307220829334537
53	9	0.13280955128376812
53	5	0.13280955128376812
53	3	0.13280955128376812
53	4	0.13280955128376812
37	223	0.1327719281823793
102	133	0.13275109949225228
71	133	0.13275109949225228
74	101	0.13248134178468954
108	101	0.13248134178468954
38	245	0.13238610109761714
94	245	0.13238610109761714
2	245	0.13238610109761714
5	245	0.13238610109761714
92	245	0.13238610109761714
72	219	0.13195385389760844
36	219	0.13195385389760844
29	232	0.13184434938612333
39	298	0.1317365794304334
39	7	0.1317365794304334
13	277	0.13165542740050237
75	298	0.13164979096544485
77	298	0.13164979096544485
82	180	0.13162752252318624
82	182	0.13162752252318624
102	156	0.13151349659931771
71	156	0.13151349659931771
54	23	0.13143849045355493
73	277	0.13133316919705204
72	107	0.131022323570869
36	107	0.131022323570869
76	107	0.131022323570869
71	15	0.13090008224861668
3	19	0.13052663601511147
17	42	0.13052089303691433
37	313	0.13017709113681145
24	181	0.13013099014439244
24	174	0.13013099014439244
111	149	0.13009615037368952
74	233	0.1300161217313922
108	233	0.1300161217313922
23	230	0.12990009998900162
102	150	0.12983321069432535
36	284	0.12970613004482381
72	284	0.12970613004482381
7	49	0.12927619732431186
77	236	0.1292671466806514
74	62	0.12895688992463308
50	39	0.12890185906854792
20	301	0.12858160221999768
75	252	0.128531859296905
0	38	0.12815275431917583
36	215	0.12808751159388923
72	215	0.12808751159388923
91	55	0.12806545010084044
0	244	0.1273976212724319
0	212	0.12737929337697423
104	34	0.12736047082714297
74	124	0.12709875834794362
9	145	0.12703650284396725
53	145	0.12703650284396725
91	198	0.12696638338289
108	198	0.12696638338289
74	198	0.12696638338289
99	134	0.12663635996856806
75	134	0.12663635996856806
39	184	0.1263458456701682
74	65	0.12605579649920665
102	331	0.12605492704169613
71	331	0.12605492704169613
72	319	0.12599852205299403
36	319	0.12599852205299403
74	106	0.12576461296699784
88	249	0.12561323084573545
51	249	0.12561323084573545
72	260	0.12559591491021874
36	260	0.12559591491021874
109	277	0.1255751888550396
0	284	0.12550937098749645
9	186	0.12549296789195033
77	198	0.12548400106527915
77	52	0.12545207989437585
99	231	0.12544981433062258
99	201	0.12544981433062258
99	294	0.12544981433062258
7	77	0.1253747760340998
75	233	0.1253682898451753
86	42	0.12530433814434047
103	312	0.1251961242871789
26	312	0.1251738833221473
76	278	0.12512882891812624
16	278	0.12512882891812624
88	222	0.12504328798392697
51	222	0.12504328798392697
108	122	0.12501177505714414
91	163	0.12480095223707625
61	39	0.12467507902088021
37	244	0.12462592503548266
29	111	0.12449400543346575
77	71	0.12436408500824297
37	80	0.1242755552982904
91	279	0.12426742009693123
75	279	0.12426742009693123
108	279	0.12426742009693123
74	279	0.12426742009693123
74	140	0.1241516338880124
108	140	0.1241516338880124
88	135	0.12414693306737255
27	41	0.1241248310227431
29	127	0.12399170415344035
72	292	0.12386625823220368
36	292	0.12386625823220368
110	214	0.12385019687342767
110	14	0.12385019687342767
16	202	0.12378489734275301
72	202	0.12378489734275301
99	259	0.12346420918164887
20	138	0.12338243086063182
37	261	0.12314654655888349
29	196	0.12292158601273964
21	267	0.1228914897262542
74	109	0.1227932181239851
91	92	0.12276873920582963
108	60	0.12276714712374061
108	92	0.12276714712374061
93	207	0.12276624162917475
76	155	0.12265803020170059
20	47	0.12256668262603608
88	309	0.12246538948281879
88	307	0.12246538948281879
7	76	0.12235436222986021
76	150	0.1223499599558993
16	212	0.12218795500377784
99	315	0.12217887552142678
54	314	0.12208063355186438
54	213	0.12208063355186438
108	49	0.12185938399852599
74	49	0.12185938399852599
91	88	0.12178980257202997
73	324	0.12176546538207814
39	63	0.12168577356537508
102	242	0.12162296443641596
7	119	0.12159404121829626
3	264	0.12138386906115678
102	251	0.12118766375238246
71	251	0.12118766375238246
88	211	0.12102322492823257
91	128	0.12086885930842843
38	6	0.12074875891491835
94	6	0.12074875891491835
62	6	0.12074875891491835
107	6	0.12074875891491835
59	6	0.12074875891491835
5	6	0.12074875891491835
49	6	0.12074875891491835
27	6	0.12074875891491835
2	6	0.12074875891491835
55	299	0.12074777658281131
27	299	0.12074777658281131
74	196	0.12066259091383984
108	196	0.12066259091383984
75	196	0.12066259091383984
77	196	0.12066259091383984
91	196	0.12066259091383984
7	65	0.12054796089833104
23	139	0.12034411817150152
29	132	0.12020934786533809
53	198	0.12015470315400788
9	198	0.12015470315400788
76	261	0.1201532417385916
72	261	0.1201532417385916
36	261	0.1201532417385916
71	321	0.12011057537229458
104	312	0.12001005431521325
43	324	0.11991658209353223
90	324	0.11991658209353223
20	219	0.11979444132655262
20	155	0.11979444132655262
72	88	0.11968152338795117
36	88	0.11968152338795117
0	274	0.11949570216279892
7	140	0.1194185350794569
90	277	0.11934591720126467
43	277	0.11934591720126467
30	207	0.11919875170077944
29	238	0.11915529344682059
24	272	0.11901477933670895
74	76	0.11893185758173716
77	66	0.1188566834292088
27	310	0.1181693905053956
16	252	0.11813564461337489
16	280	0.11797318323300218
74	77	0.11788711728398377
21	326	0.11786791075209055
11	326	0.11786791075209055
37	155	0.11771286564395018
76	313	0.11740684678396313
16	198	0.11739121513159152
76	259	0.11737587337974274
16	259	0.11737587337974274
71	211	0.11736802418301605
20	10	0.11732912575816287
71	301	0.11724813238917987
91	122	0.11710073499963015
83	155	0.11679598274547912
83	219	0.11679598274547912
51	135	0.11666533586006059
39	50	0.11661763669121164
3	29	0.1166118177360826
74	83	0.1165151871293138
108	83	0.1165151871293138
74	119	0.1165151871293138
108	119	0.1165151871293138
36	323	0.1162297336078591
72	323	0.1162297336078591
91	25	0.11615819174217985
27	15	0.11614868767344949
55	52	0.11614868767344949
27	158	0.11614868767344949
55	15	0.11614868767344949
27	52	0.11614868767344949
55	23	0.11614868767344949
27	23	0.11614868767344949
55	158	0.11614868767344949
74	132	0.11612859118454005
108	132	0.11612859118454005
71	21	0.116110688265013
87	46	0.11601193823309641
103	6	0.11579326327491882
45	6	0.11579326327491882
29	60	0.1157289655672271
108	73	0.11530023376693675
29	109	0.11524790311340814
36	290	0.11487717863789697
72	290	0.11487717863789697
64	264	0.11474271379949703
20	264	0.11474271379949703
102	191	0.11437595973034932
71	191	0.11437595973034932
29	79	0.11426128194756612
29	104	0.11426128194756612
29	92	0.11426128194756612
64	207	0.11395958368953353
84	39	0.11385126714654695
72	164	0.11373053676658006
36	164	0.11373053676658006
0	221	0.11362247707121827
60	41	0.11349910305699967
60	42	0.11349910305699967
60	30	0.11349910305699967
60	37	0.11349910305699967
47	255	0.1134805523712091
52	299	0.11331808627433751
30	297	0.1132295088529648
37	267	0.11308282887512355
29	112	0.11307625961981387
64	160	0.11292199964480516
55	19	0.11283555878459234
27	19	0.11283555878459234
71	143	0.1127210885157389
74	322	0.11239888093079117
108	322	0.11239888093079117
39	325	0.1122748251340943
0	242	0.1122089756295737
27	292	0.1121992256683495
55	292	0.1121992256683495
30	6	0.11209671330365532
39	313	0.11170577025598263
39	13	0.11160625642491843
7	278	0.11154930415002057
23	238	0.11150755228984306
23	333	0.11150755228984306
20	20	0.11140122461270636
37	64	0.11115156916513784
75	99	0.11103970092551796
99	99	0.11103970092551796
53	212	0.11097241732939293
72	197	0.1109594590327222
76	197	0.1109594590327222
36	197	0.1109594590327222
85	122	0.11095102950748545
64	122	0.11095102950748545
17	30	0.11093801346108047
108	25	0.1108704009509534
80	143	0.11066404760638632
96	34	0.11042206099638682
69	34	0.11042206099638682
20	207	0.11016107181485715
71	311	0.11010029203743915
28	245	0.1100911511600083
74	111	0.11002330831353715
7	109	0.1099844110505894
51	290	0.10986684498888008
37	174	0.10976207258390996
30	35	0.10971483303152164
111	13	0.10948726926834157
9	191	0.10947789485260043
53	191	0.10947789485260043
39	204	0.1092366334867865
3	26	0.10922564702078527
108	55	0.10916574473810468
11	17	0.10914665965447977
11	239	0.10914665965447977
11	12	0.10914665965447977
55	282	0.10914101940370267
27	282	0.10914101940370267
71	1	0.10896947311224736
7	111	0.10886433236991219
108	96	0.10884670229137791
51	198	0.10875176199305661
51	204	0.10875176199305661
51	165	0.10875176199305661
51	196	0.10875176199305661
51	156	0.10875176199305661
51	139	0.10875176199305661
51	265	0.10875176199305661
51	152	0.10875176199305661
16	123	0.10864131394777697
7	104	0.10862709553579757
7	79	0.10862709553579757
74	79	0.10856886036057667
74	104	0.10856886036057667
7	83	0.10853201549653071
109	324	0.10852088893516507
68	47	0.10851630790395599
27	42	0.10850966473762393
27	37	0.10850966473762393
52	215	0.10849079583553398
41	277	0.10831671133449348
76	34	0.1078082642631527
16	34	0.1078082642631527
53	18	0.1076562006666751
108	208	0.107408528896709
74	208	0.107408528896709
91	208	0.107408528896709
24	139	0.1073561815560958
29	305	0.10710775808087034
42	90	0.10708251239426446
71	177	0.10697091505709375
29	73	0.10673664068801195
29	98	0.10673664068801195
2	46	0.10670981174193744
38	46	0.10670981174193744
92	46	0.10670981174193744
94	46	0.10670981174193744
5	46	0.10670981174193744
24	213	0.10658408276786736
82	211	0.10635816866003113
7	232	0.10635637847986197
99	328	0.10628047610292965
102	280	0.10625170477739054
3	122	0.10621017799633575
76	196	0.10620446553640236
16	196	0.10620446553640236
72	196	0.10620446553640236
36	196	0.10620446553640236
16	128	0.10608156302073277
37	202	0.10583978476658029
29	110	0.10580784505740636
91	73	0.10579601951833391
24	220	0.10577616591653606
91	205	0.10571416814868516
24	195	0.10570751110739687
75	132	0.1055276078943427
76	163	0.10536369550136447
9	333	0.10536344563213489
53	333	0.10536344563213489
16	136	0.1052636105350567
36	63	0.1050382240480063
72	63	0.1050382240480063
7	322	0.10499285674350407
20	1	0.10473322595754216
72	80	0.10464977238209112
36	80	0.10464977238209112
88	63	0.10460788308020787
71	273	0.10459586331728005
75	25	0.10447469361151346
77	25	0.10447469361151346
23	220	0.10443081036716514
36	1	0.10442016258110068
72	1	0.10442016258110068
72	52	0.10425911667250377
79	46	0.10401210642298458
39	88	0.10391636117774225
0	331	0.10391249627019924
39	191	0.103863928702918
39	251	0.103863928702918
20	34	0.10377460330743361
111	275	0.10377312763203873
18	39	0.10376126394282903
23	9	0.10366851838033014
23	3	0.10366851838033014
23	5	0.10366851838033014
23	4	0.10366851838033014
7	86	0.10357909350153502
55	143	0.10348789817475555
27	143	0.10348789817475555
36	139	0.1033337801503665
72	139	0.1033337801503665
93	43	0.1031763756735354
7	98	0.10281140355310132
51	33	0.10278905725907933
74	112	0.10277891040882932
82	171	0.102618039885871
82	189	0.102618039885871
82	188	0.102618039885871
99	274	0.10252925977899637
51	307	0.10249745272461788
51	309	0.10249745272461788
74	98	0.10233219317907642
71	10	0.10230448496316732
36	68	0.102233843343715
72	68	0.102233843343715
76	68	0.102233843343715
37	328	0.1020463273759656
71	158	0.10184862942293448
0	13	0.10182433681566644
16	315	0.10132806729052485
76	315	0.10132806729052485
82	293	0.10115673637385354
82	191	0.10115673637385354
83	252	0.10102698145172608
92	312	0.10096921117159048
94	312	0.10096921117159048
5	312	0.10096921117159048
2	312	0.10096921117159048
38	312	0.10096921117159048
16	25	0.10089157904149897
71	154	0.10048511721572209
77	272	0.10045100326562918
0	259	0.1004459667063773
74	110	0.1004381468100307
75	119	0.1003838907530812
75	83	0.1003838907530812
64	324	0.10027472852192984
27	29	0.10021961194191158
55	29	0.10021961194191158
16	174	0.100108354521757
29	93	0.10005100386268391
29	94	0.10005100386268391
17	324	0.10004696014154489
5	280	0.0997775501590638
38	280	0.0997775501590638
92	280	0.0997775501590638
2	280	0.0997775501590638
27	280	0.0997775501590638
94	280	0.0997775501590638
28	280	0.0997775501590638
30	1	0.09961719113656506
99	305	0.09950299618846876
36	307	0.09940453369927905
72	307	0.09940453369927905
74	328	0.09940246769351391
75	328	0.09940246769351391
91	328	0.09940246769351391
108	328	0.09940246769351391
60	1	0.09938438778269361
60	301	0.09935773632125063
102	319	0.09922172807552894
27	33	0.09900707624137185
20	31	0.09882411747630979
20	27	0.09882411747630979
20	44	0.09882411747630979
20	32	0.09882411747630979
20	45	0.09882411747630979
37	280	0.09868383956081565
77	55	0.09866753957054404
82	212	0.09859937580730989
23	212	0.09859937580730989
14	46	0.09853855065089114
29	227	0.09852195993768582
29	303	0.09852195993768582
30	301	0.09841242020093649
20	157	0.09840743143692433
20	329	0.09840743143692433
75	123	0.09827623272293869
4	34	0.09818498343519594
77	92	0.09817829137069722
77	60	0.09817829137069722
105	63	0.09786913053339173
25	63	0.09786913053339173
29	116	0.09777854517427402
2	1	0.09775948275665872
38	1	0.09775948275665872
103	1	0.09775948275665872
29	302	0.09775176086736381
28	39	0.09753735206958206
5	39	0.09753735206958206
92	39	0.09753735206958206
94	39	0.09753735206958206
71	219	0.09748836419166017
74	315	0.09748586509863702
108	315	0.09748586509863702
75	315	0.09748586509863702
91	315	0.09748586509863702
53	330	0.09740024018969762
9	330	0.09740024018969762
7	287	0.09718239184884475
29	322	0.0970970186005899
62	280	0.09687266857199658
59	280	0.09687266857199658
19	280	0.09687266857199658
8	280	0.09687266857199658
100	280	0.09687266857199658
95	280	0.09687266857199658
107	280	0.09687266857199658
106	280	0.09687266857199658
33	280	0.09687266857199658
49	280	0.09687266857199658
56	280	0.09687266857199658
63	280	0.09687266857199658
20	252	0.09672189291504535
20	141	0.09672189291504535
53	263	0.09655994608950105
9	263	0.09655994608950105
91	11	0.09653966755066136
74	11	0.09653966755066136
66	312	0.09643331191229898
110	90	0.0961255293294907
29	163	0.09592867594570932
36	207	0.09585172427217369
72	207	0.09585172427217369
92	324	0.09584484008676852
94	324	0.09584484008676852
38	324	0.09584484008676852
2	324	0.09584484008676852
5	324	0.09584484008676852
55	324	0.09584484008676852
99	212	0.09575299843653765
74	86	0.09569731958319602
108	86	0.09569731958319602
82	200	0.09562541103374597
72	223	0.09562118827860346
36	223	0.09562118827860346
35	280	0.09535619318379114
60	242	0.09533952826177299
60	137	0.09533952826177299
60	36	0.09533952826177299
60	297	0.09533952826177299
60	40	0.09533952826177299
60	153	0.09533952826177299
17	277	0.0949634009834925
51	228	0.09487701331292943
51	127	0.09487701331292943
51	59	0.09487701331292943
51	38	0.09487701331292943
51	206	0.09487701331292943
51	191	0.09487701331292943
51	13	0.09487701331292943
51	251	0.09487701331292943
51	273	0.09487701331292943
51	105	0.09487701331292943
82	18	0.09478724110307833
26	245	0.09474734503438557
15	312	0.0944557569901159
89	312	0.0944557569901159
4	312	0.0944557569901159
29	121	0.0944293836655173
93	29	0.09417118065345817
30	40	0.09410039779153942
30	153	0.09410039779153942
30	36	0.09410039779153942
30	242	0.09410039779153942
30	137	0.09410039779153942
23	200	0.09405338662581181
7	198	0.09381757664301886
39	84	0.09375724040780452
85	35	0.09364052675103919
58	46	0.09353370419114775
48	46	0.09353370419114775
86	46	0.09353370419114775
40	46	0.09353370419114775
99	101	0.09342576817523354
41	37	0.09338260793675678
93	134	0.09333424065774644
93	313	0.09333424065774644
94	34	0.0930742189104901
92	34	0.0930742189104901
5	34	0.0930742189104901
93	282	0.09300945701314275
91	99	0.09291014480011492
74	287	0.09289168286912808
21	278	0.0928708757366268
61	26	0.09257765928736914
37	251	0.09256150534592616
20	299	0.09247106850330247
71	328	0.09187762927076319
102	328	0.09187762927076319
27	30	0.09183592923477528
105	324	0.09172396806629962
88	324	0.09172396806629962
29	75	0.09160811527462333
75	101	0.09136326063453293
103	277	0.09132701045513589
29	128	0.09130404125041243
102	267	0.09126909780051057
71	267	0.09126909780051057
105	237	0.09126322765420326
25	237	0.09126322765420326
39	302	0.0911991684817819
39	294	0.09096464651590074
39	221	0.09096464651590074
111	7	0.0909511145609806
111	322	0.0909511145609806
24	322	0.0909511145609806
24	7	0.0909511145609806
88	149	0.09089090852056428
88	151	0.09089090852056428
46	255	0.09087630333961189
48	255	0.09087630333961189
104	255	0.09087630333961189
79	255	0.09087630333961189
86	255	0.09087630333961189
40	255	0.09087630333961189
70	255	0.09087630333961189
58	255	0.09087630333961189
110	209	0.09080019822704782
110	203	0.09080019822704782
110	256	0.09080019822704782
110	257	0.09080019822704782
110	258	0.09080019822704782
110	295	0.09080019822704782
110	327	0.09080019822704782
110	268	0.09080019822704782
3	299	0.09068611378020386
7	81	0.09065592983362979
99	224	0.09064031475917314
53	272	0.09063946440832597
22	177	0.09062053835348519
77	243	0.0904919378326296
51	325	0.0904520371594061
51	122	0.0904520371594061
82	229	0.09044998955728889
74	94	0.09034994015806015
74	93	0.09034994015806015
45	47	0.09027473911350664
93	99	0.09027356428376426
44	43	0.09023104990409954
74	81	0.09019966757710532
104	245	0.09016330071377504
3	143	0.09001626876485545
0	191	0.09001613078342491
60	35	0.09001264230190818
60	138	0.09000059147868798
9	279	0.08993546267861025
53	279	0.08993546267861025
69	310	0.08990283909916279
96	310	0.08990283909916279
31	99	0.08971230573535681
98	99	0.08971230573535681
81	99	0.08971230573535681
83	99	0.08971230573535681
80	99	0.08971230573535681
61	99	0.08971230573535681
32	99	0.08971230573535681
65	99	0.08971230573535681
6	99	0.08971230573535681
12	99	0.08971230573535681
60	99	0.08971230573535681
1	313	0.08970227149954753
1	134	0.08970227149954753
91	114	0.08968836082073178
105	313	0.08967521297085382
25	313	0.08967521297085382
25	134	0.08967521297085382
105	134	0.08967521297085382
30	138	0.08958935676572152
71	307	0.08936331703454269
102	202	0.0893248106898976
71	202	0.0893248106898976
9	185	0.08912461780100066
7	112	0.08907207601339165
41	324	0.0890154368973715
0	99	0.08899970790562077
9	13	0.08893526077890294
53	13	0.08893526077890294
14	255	0.08876076254013178
41	255	0.08876076254013178
101	255	0.08876076254013178
109	255	0.08876076254013178
76	105	0.08874781993765035
36	105	0.08874781993765035
82	314	0.08863994356760188
82	213	0.08863994356760188
7	94	0.08852578093098873
7	93	0.08852578093098873
7	208	0.08850027674310426
99	140	0.08848913737787031
36	297	0.08822484643592161
72	297	0.08822484643592161
7	110	0.08822101790576996
39	9	0.088078049217754
39	4	0.088078049217754
39	3	0.088078049217754
39	5	0.088078049217754
29	263	0.08801384172625011
0	236	0.08794713317735811
24	230	0.08794113596716581
24	18	0.08773345445337029
111	18	0.08773345445337029
37	201	0.08742877831576278
37	294	0.08742877831576278
37	231	0.08742877831576278
103	30	0.08741807881352795
103	301	0.08722276723957342
38	301	0.08722276723957342
2	301	0.08722276723957342
37	88	0.08720042531526043
110	304	0.08699440425497325
91	305	0.08694424318779996
76	101	0.08679225842059135
36	101	0.08679225842059135
36	241	0.08678772550173774
72	241	0.08678772550173774
88	134	0.08673955965394294
36	153	0.08657483351060478
72	153	0.08657483351060478
111	330	0.08648753218766737
99	197	0.08647886651104508
111	136	0.086372820030344
91	108	0.08633042512777063
55	310	0.08623438874100088
72	97	0.08619346757994578
64	282	0.08609586791168765
93	135	0.08600622081019735
93	63	0.08600622081019735
76	331	0.08589865576877326
27	155	0.08569189759059542
55	219	0.08569189759059542
27	219	0.08569189759059542
55	155	0.08569189759059542
20	143	0.0853249519978843
52	99	0.08531790461471984
64	99	0.08531790461471984
85	99	0.08531790461471984
30	99	0.08531790461471984
35	99	0.08531790461471984
50	99	0.08531790461471984
77	96	0.08523573726217347
74	302	0.08514148478528533
91	302	0.08514148478528533
108	302	0.08514148478528533
36	208	0.08500625850197338
76	208	0.08500625850197338
72	208	0.08500625850197338
1	63	0.0846306241492442
38	35	0.08445659751531763
2	35	0.08445659751531763
103	35	0.08445659751531763
7	130	0.08435288619697927
77	216	0.08432303550409215
55	147	0.08429968733936322
27	147	0.08429968733936322
39	144	0.08429386415411098
1	99	0.08424553584853023
74	53	0.08420697826367048
91	53	0.08420697826367048
111	213	0.08410090307807261
105	150	0.08384826304220595
25	319	0.08384826304220595
25	150	0.08384826304220595
105	319	0.08384826304220595
52	280	0.08382054327968529
32	280	0.08382054327968529
0	333	0.08381256056603048
3	39	0.08377006038989598
99	71	0.08372926291015878
77	163	0.0837138298517728
74	130	0.08366050382685951
108	130	0.08366050382685951
71	197	0.08354569656225767
102	197	0.08354569656225767
2	297	0.08333667652708925
2	40	0.08333667652708925
38	40	0.08333667652708925
38	242	0.08333667652708925
38	297	0.08333667652708925
103	242	0.08333667652708925
38	153	0.08333667652708925
2	137	0.08333667652708925
103	153	0.08333667652708925
103	40	0.08333667652708925
103	36	0.08333667652708925
38	36	0.08333667652708925
38	137	0.08333667652708925
2	153	0.08333667652708925
103	297	0.08333667652708925
103	137	0.08333667652708925
2	36	0.08333667652708925
2	242	0.08333667652708925
88	99	0.08327763783601612
16	333	0.08309954326096726
47	34	0.08303995264471103
28	277	0.08302115021647861
108	65	0.08297023197388495
102	241	0.08296892351419861
68	34	0.08272571664058184
24	251	0.08270727556715719
24	127	0.08270727556715719
111	185	0.08270727556715719
111	127	0.08270727556715719
111	179	0.08270727556715719
24	179	0.08270727556715719
24	180	0.08270727556715719
111	180	0.08270727556715719
24	182	0.08270727556715719
111	251	0.08270727556715719
111	182	0.08270727556715719
24	185	0.08270727556715719
72	237	0.08248360283707044
36	237	0.08248360283707044
108	205	0.08244409900854374
83	215	0.08234484355941973
102	196	0.08221742946115343
71	196	0.08221742946115343
0	136	0.08212988356957751
74	115	0.08207542276382716
37	150	0.08206848939059531
9	300	0.08203658323256026
53	300	0.08203658323256026
1	150	0.08203066144866894
1	319	0.08203066144866894
71	20	0.08202037573697986
98	39	0.08199048560507374
7	163	0.08178536297143998
11	0	0.08170690626514282
99	49	0.08161499746221829
61	247	0.08157779658811821
82	320	0.08139234429365556
2	138	0.08129469203426597
38	138	0.08129469203426597
103	138	0.08129469203426597
16	224	0.08109653468589115
76	224	0.08109653468589115
102	224	0.08097828452127259
39	80	0.08096603374453751
22	40	0.08090338522473765
22	297	0.08090338522473765
22	36	0.08090338522473765
22	242	0.08090338522473765
22	153	0.08090338522473765
22	137	0.08090338522473765
102	313	0.08071771863075793
47	312	0.08067355699989107
28	34	0.08066068034884193
16	305	0.08065593759439108
1	324	0.08059585303919417
108	91	0.08057044509113928
71	8	0.08026344338261783
71	7	0.08026344338261783
71	139	0.08019383198823947
7	101	0.08013372079008785
67	39	0.08004103641185087
104	39	0.08004103641185087
72	9	0.07983856061790133
72	5	0.07983856061790133
72	3	0.07983856061790133
72	4	0.07983856061790133
77	140	0.07976594879016295
72	141	0.07970888310916477
36	141	0.07970888310916477
71	333	0.07963764769392144
102	333	0.07963764769392144
37	13	0.07950669971642492
102	298	0.07944199472174261
71	298	0.07944199472174261
91	233	0.07928587507100367
37	36	0.07924977163834385
29	140	0.07922789459629548
99	331	0.07922385724033791
7	115	0.07919088696003207
64	143	0.07916298271206054
108	124	0.07903528949596221
39	274	0.0790236618371629
39	241	0.0790236618371629
7	99	0.07899151292086953
55	329	0.07898264225140196
27	329	0.07898264225140196
55	157	0.07898264225140196
27	157	0.07898264225140196
51	63	0.0786855485216966
64	292	0.07861255500394565
20	282	0.07852699250074034
29	174	0.07819471608770527
38	26	0.07812519286442435
2	26	0.07812519286442435
103	26	0.07812519286442435
37	271	0.07809683953863374
10	30	0.07797445460053375
44	30	0.07797445460053375
53	222	0.07794681352361045
24	222	0.07794681352361045
72	168	0.0778768748118727
36	168	0.0778768748118727
78	47	0.07786508184101472
102	325	0.07762809327996192
102	323	0.07762809327996192
93	319	0.07757572878319059
93	150	0.07757572878319059
84	35	0.07755475332795324
22	247	0.07755148810444709
73	30	0.07752862124135863
1	237	0.07752112447854072
29	288	0.07749482098738053
22	301	0.07746508072661748
53	213	0.07745517084126162
64	15	0.07738825138365008
11	278	0.07735648483893413
29	198	0.07713939056107917
37	52	0.07701883219074625
0	9	0.07691505343906521
0	5	0.07691505343906521
0	3	0.07691505343906521
0	4	0.07691505343906521
21	222	0.07690741740854014
110	222	0.07690741740854014
54	222	0.07690741740854014
29	120	0.07672767623390074
23	267	0.07658885447139709
39	300	0.07647172834830163
91	49	0.07638492114827145
88	110	0.07637154284457137
72	331	0.07626962050765883
36	331	0.07626962050765883
75	205	0.07601994770689124
77	205	0.07601994770689124
22	264	0.07585471655640597
61	264	0.07585471655640597
51	211	0.07584500017589874
71	207	0.07576006700630322
102	24	0.07546074813435619
102	206	0.0754574066111696
71	206	0.0754574066111696
91	65	0.07541604627714352
0	328	0.07540291508983446
111	272	0.07540201910597395
30	309	0.07530486687386898
35	309	0.07530486687386898
30	307	0.07530486687386898
35	307	0.07530486687386898
6	329	0.07527174736934053
108	76	0.07522522907354291
105	99	0.07517859870861333
25	99	0.07517859870861333
93	1	0.07502821646760159
72	123	0.07493723933640094
36	123	0.07493723933640094
76	123	0.07493723933640094
91	105	0.07484556393683084
77	105	0.07484556393683084
23	23	0.0747988427158175
0	64	0.0746813129689118
96	47	0.0746715027457277
69	47	0.0746715027457277
80	2	0.07467033123152987
57	2	0.07467033123152987
16	302	0.07459651487801275
22	26	0.07453746754926543
20	245	0.0744664503509353
22	47	0.07437625167272774
80	324	0.07436738044846147
93	297	0.07435966013010356
20	29	0.0743489869235929
0	197	0.07434311243796704
29	54	0.07433764577586784
97	310	0.0742344146198851
84	310	0.0742344146198851
73	255	0.07416355870716193
43	255	0.07416355870716193
22	35	0.07409921952195572
71	290	0.07396185814419931
22	39	0.0739484838673465
93	138	0.07389092598847527
20	292	0.07368353376362086
77	86	0.07364200503771375
22	138	0.07353666023925483
28	312	0.07338765081934587
88	267	0.07336160996123794
88	8	0.07336160996123794
88	302	0.07336160996123794
88	331	0.07336160996123794
88	186	0.07336160996123794
88	278	0.07336160996123794
71	297	0.07298096734281875
16	140	0.0726402151346027
91	76	0.07240444330602397
18	310	0.07223973623038986
99	121	0.07223856342739399
108	109	0.0722307047821582
91	140	0.07206867556738415
29	287	0.07200217690916048
93	237	0.07199522065157153
82	275	0.07194207046979184
75	332	0.07185894039650963
30	247	0.07182995444202184
108	77	0.07182896935404853
76	294	0.07172415370375983
76	231	0.07172415370375983
76	201	0.07172415370375983
102	165	0.0716502637219543
71	165	0.0716502637219543
91	62	0.07153459655161001
71	316	0.07140637310763355
108	110	0.07130607758311498
4	47	0.07128109810838293
71	215	0.07122044949964491
29	51	0.07117531383383895
29	131	0.07117531383383895
29	129	0.07117531383383895
23	222	0.07113403212582782
82	222	0.07113403212582782
91	124	0.07100887370565687
20	15	0.07099536195673144
53	225	0.0709484015193467
9	136	0.0709484015193467
53	136	0.0709484015193467
9	225	0.0709484015193467
66	245	0.07091713440980897
108	106	0.07082863797746508
29	146	0.07072084986354855
67	47	0.07065586138616509
66	34	0.07062700770545542
111	266	0.07062019479468866
111	298	0.07062019479468866
111	16	0.07062019479468866
111	303	0.07062019479468866
91	77	0.07058236563039266
4	39	0.07047478144042338
47	39	0.07047478144042338
0	298	0.07019817984103534
29	298	0.07003282223184494
75	127	0.07000385030993479
91	91	0.06978403396519685
89	245	0.0697700269093982
4	245	0.0697700269093982
15	245	0.0697700269093982
22	155	0.06969406075057857
22	219	0.06969406075057857
16	65	0.0696921020038696
6	35	0.06966364168132565
61	280	0.06934856294618053
76	108	0.06928425531048377
72	108	0.06928425531048377
36	108	0.06928425531048377
0	243	0.06922273751133502
6	26	0.0691807732974149
39	236	0.06912960677379723
102	198	0.06912107420576974
99	25	0.06910401292573595
41	46	0.06897062002977612
37	284	0.06886720106953055
75	130	0.06879791252311007
108	293	0.06879093855656807
74	293	0.06879093855656807
75	76	0.06869058789832001
77	76	0.06869058789832001
111	230	0.06867299149824402
76	136	0.06856586101705156
36	243	0.06851729458295248
72	243	0.06851729458295248
7	197	0.06840890882538643
61	141	0.06823849361649455
71	135	0.06775415848271718
71	306	0.06774647258668855
99	123	0.06770414668326456
55	6	0.06767793159096248
55	215	0.06761331584775584
27	215	0.06761331584775584
102	222	0.06755511726501454
88	150	0.06737545414426648
51	150	0.06737545414426648
77	63	0.06733942332887623
77	78	0.06733942332887623
75	65	0.06729591723344802
9	262	0.06729560539463174
53	262	0.06729560539463174
99	136	0.06724375468034226
111	273	0.06720971953300943
16	49	0.06717281351782253
82	267	0.06709989632539354
39	284	0.06705367543838718
74	146	0.06701600466428405
108	146	0.06701600466428405
0	198	0.06692930513755038
11	39	0.06690486141663145
7	146	0.06690302574026293
75	230	0.06684415117371438
77	230	0.06684415117371438
7	196	0.06670911152005647
39	165	0.06669243506348367
39	198	0.06669243506348367
39	159	0.06669243506348367
29	108	0.06666947934572219
74	129	0.06666436648612081
71	280	0.06658650337424782
30	280	0.0665355736075744
75	146	0.06636015478681412
77	146	0.06636015478681412
29	187	0.06616043382707885
77	77	0.06610963757228183
75	77	0.06610963757228183
37	100	0.06604794408199859
29	61	0.06595863378968367
29	124	0.06595863378968367
29	85	0.06595863378968367
29	113	0.06595863378968367
30	20	0.06587294390933805
74	298	0.0658049708605263
91	298	0.0658049708605263
108	298	0.0658049708605263
37	333	0.0657196687683449
37	252	0.06556544306755016
61	6	0.06537152656540639
39	197	0.06532990230641104
84	1	0.0652397899928947
37	212	0.06504736076384737
39	243	0.06501798919797401
85	207	0.06495823326548593
72	313	0.06491457318117694
36	313	0.06491457318117694
108	114	0.06490272913271668
7	11	0.06487897004262366
74	238	0.06484088739590803
54	326	0.0648055030499898
71	271	0.0646383368712067
102	271	0.0646383368712067
23	291	0.06452009897184034
91	106	0.0645143547409047
37	222	0.06443944586470932
0	58	0.06423740359242036
36	99	0.06418744229680444
16	99	0.06418744229680444
76	99	0.06418744229680444
72	99	0.06418744229680444
74	116	0.06418691316670541
16	71	0.06416355114219754
37	99	0.06409010750539729
7	136	0.06403588075927175
25	42	0.06403383385313954
25	41	0.06403383385313954
25	30	0.06403383385313954
25	37	0.06403383385313954
35	247	0.06399015766932523
108	230	0.06392165023294726
22	1	0.06387419021857962
55	252	0.06385060720977614
27	141	0.06385060720977614
55	141	0.06385060720977614
27	252	0.06385060720977614
101	312	0.06374844490567887
9	314	0.06374287980606064
9	326	0.06374287980606064
53	186	0.06373107676595226
37	5	0.06369649681161373
37	9	0.06369649681161373
37	3	0.06369649681161373
37	4	0.06369649681161373
103	41	0.0636335857800773
72	25	0.0632188610646163
76	25	0.0632188610646163
36	25	0.0632188610646163
108	121	0.06313028734863074
74	121	0.06313028734863074
71	144	0.0629866924772206
102	200	0.06293527991458323
71	200	0.06293527991458323
111	191	0.06275223249488185
88	154	0.06271082499946516
52	277	0.06264332030060732
47	245	0.06256519803920248
54	256	0.0625646802475229
54	257	0.0625646802475229
54	295	0.0625646802475229
54	268	0.0625646802475229
54	194	0.0625646802475229
54	258	0.0625646802475229
54	203	0.0625646802475229
54	327	0.0625646802475229
37	134	0.06256260550946366
74	113	0.062425553419639214
74	61	0.062425553419639214
74	85	0.062425553419639214
80	207	0.062361983948554335
111	323	0.062343015229966
51	134	0.06232507236483165
1	307	0.06230172453432995
1	309	0.06230172453432995
77	328	0.06218530831868678
7	129	0.06212825940312212
81	329	0.062062296962045925
65	329	0.062062296962045925
46	312	0.06200188990837938
25	324	0.06199373338066893
102	278	0.06192279228493476
29	186	0.0619117424475822
7	59	0.061893074330869456
77	332	0.061883787795559905
71	136	0.061878973965118544
37	259	0.06184269348264295
7	121	0.06181732764653098
54	239	0.06179529086436873
71	155	0.06179289985610091
36	236	0.06176681176048337
105	307	0.061716418823132904
25	309	0.061716418823132904
25	307	0.061716418823132904
105	309	0.061716418823132904
6	299	0.061686154981368146
80	282	0.06167402524198685
39	263	0.06154548337891987
39	275	0.06154548337891987
99	125	0.061526506802835404
39	123	0.06149882561034008
65	101	0.06139098966208069
12	122	0.06139098966208069
80	28	0.06139098966208069
81	122	0.06139098966208069
80	122	0.06139098966208069
12	101	0.06139098966208069
83	122	0.06139098966208069
47	122	0.06139098966208069
97	331	0.06139098966208069
12	28	0.06139098966208069
47	101	0.06139098966208069
57	101	0.06139098966208069
97	58	0.06139098966208069
65	58	0.06139098966208069
6	28	0.06139098966208069
4	28	0.06139098966208069
83	28	0.06139098966208069
80	101	0.06139098966208069
81	28	0.06139098966208069
97	101	0.06139098966208069
83	101	0.06139098966208069
81	101	0.06139098966208069
65	196	0.06139098966208069
65	206	0.06139098966208069
6	133	0.06139098966208069
4	133	0.06139098966208069
84	196	0.06139098966208069
80	196	0.06139098966208069
18	91	0.06139098966208069
12	91	0.06139098966208069
65	91	0.06139098966208069
84	101	0.06139098966208069
47	206	0.06139098966208069
47	331	0.06139098966208069
97	206	0.06139098966208069
81	196	0.06139098966208069
4	206	0.06139098966208069
83	196	0.06139098966208069
18	58	0.06139098966208069
6	206	0.06139098966208069
80	206	0.06139098966208069
84	206	0.06139098966208069
57	196	0.06139098966208069
47	196	0.06139098966208069
57	206	0.06139098966208069
81	206	0.06139098966208069
83	206	0.06139098966208069
18	206	0.06139098966208069
47	91	0.06139098966208069
80	91	0.06139098966208069
81	91	0.06139098966208069
83	91	0.06139098966208069
84	91	0.06139098966208069
97	91	0.06139098966208069
65	122	0.06139098966208069
65	331	0.06139098966208069
83	331	0.06139098966208069
81	331	0.06139098966208069
6	91	0.06139098966208069
80	331	0.06139098966208069
4	91	0.06139098966208069
57	122	0.06139098966208069
57	331	0.06139098966208069
97	196	0.06139098966208069
18	28	0.06139098966208069
4	122	0.06139098966208069
84	122	0.06139098966208069
18	133	0.06139098966208069
81	133	0.06139098966208069
83	133	0.06139098966208069
12	331	0.06139098966208069
18	331	0.06139098966208069
6	101	0.06139098966208069
4	331	0.06139098966208069
12	196	0.06139098966208069
57	91	0.06139098966208069
12	133	0.06139098966208069
4	101	0.06139098966208069
12	206	0.06139098966208069
57	58	0.06139098966208069
6	122	0.06139098966208069
80	133	0.06139098966208069
47	58	0.06139098966208069
83	58	0.06139098966208069
80	58	0.06139098966208069
97	122	0.06139098966208069
97	133	0.06139098966208069
12	58	0.06139098966208069
81	58	0.06139098966208069
84	58	0.06139098966208069
18	196	0.06139098966208069
6	331	0.06139098966208069
18	101	0.06139098966208069
84	331	0.06139098966208069
6	58	0.06139098966208069
4	58	0.06139098966208069
65	133	0.06139098966208069
4	196	0.06139098966208069
57	133	0.06139098966208069
47	133	0.06139098966208069
84	133	0.06139098966208069
47	28	0.06139098966208069
97	28	0.06139098966208069
6	196	0.06139098966208069
57	28	0.06139098966208069
84	28	0.06139098966208069
65	28	0.06139098966208069
18	122	0.06139098966208069
0	224	0.06138553902980731
77	233	0.06138193555394004
104	1	0.06132880143392063
67	1	0.06132880143392063
85	329	0.06131882051329048
18	35	0.06131307936742521
29	11	0.061305197815110325
29	76	0.06125408217766533
80	19	0.061252464748250406
36	278	0.06121439385882812
72	278	0.06121439385882812
7	116	0.06114999865899383
29	243	0.0611191153517019
2	177	0.061114842091777324
38	177	0.061114842091777324
103	177	0.061114842091777324
64	19	0.06111202473577804
108	62	0.06107844262289371
84	299	0.061049638609898836
103	280	0.061031098273184425
55	280	0.061031098273184425
75	11	0.06102392359310267
108	11	0.06102392359310267
99	163	0.061019333688819906
22	141	0.06100433239803703
22	252	0.06100433239803703
99	119	0.060957232323863
99	83	0.060957232323863
20	312	0.060956870288393576
60	207	0.060879150586196036
91	110	0.06085126266543357
30	282	0.0608395106200263
74	51	0.0608323568864007
61	329	0.06082703410562053
16	221	0.06080574190366734
76	280	0.06076777126138633
72	114	0.06075230940607569
77	114	0.06075230940607569
36	114	0.06075230940607569
16	114	0.06075230940607569
76	114	0.06075230940607569
75	174	0.06075044588097551
77	174	0.06075044588097551
16	279	0.06074679132867482
7	61	0.060739614680796916
7	113	0.060739614680796916
7	85	0.060739614680796916
29	145	0.06073824107003757
80	23	0.06067232573229805
80	15	0.06067232573229805
80	158	0.06067232573229805
80	52	0.06067232573229805
29	239	0.06053363910346805
29	74	0.06052377355654016
29	77	0.06052377355654016
33	34	0.060495456646149866
49	34	0.060495456646149866
56	34	0.060495456646149866
59	34	0.060495456646149866
95	34	0.060495456646149866
62	34	0.060495456646149866
63	34	0.060495456646149866
106	34	0.060495456646149866
8	34	0.060495456646149866
107	34	0.060495456646149866
100	34	0.060495456646149866
19	34	0.060495456646149866
71	228	0.06049209597837815
29	229	0.0603804883088244
67	310	0.06035242738432903
18	1	0.06022742345286605
22	329	0.060212353225624994
22	157	0.060212353225624994
84	26	0.06020431522393119
57	312	0.060187684362938025
37	206	0.06012165347561832
111	267	0.0600911401688344
91	287	0.06007118727569
1	10	0.060050635830819786
25	10	0.060050635830819786
39	206	0.060044728704700394
39	59	0.060044728704700394
7	88	0.0600425790174886
110	175	0.060041420486021055
110	288	0.060041420486021055
110	317	0.060041420486021055
110	190	0.060041420486021055
74	74	0.0600299223015548
60	33	0.0599902736519923
0	78	0.059989344765993304
53	230	0.05998542849135169
103	207	0.05992432832004298
2	207	0.05992432832004298
38	207	0.05992432832004298
76	174	0.059919128896699
72	174	0.059919128896699
36	174	0.059919128896699
53	246	0.059805675235487174
53	142	0.059805675235487174
9	162	0.059805675235487174
9	246	0.059805675235487174
53	283	0.059805675235487174
9	283	0.059805675235487174
53	162	0.059805675235487174
9	142	0.059805675235487174
53	234	0.059805675235487174
9	234	0.059805675235487174
51	99	0.0596712966230183
85	133	0.05966013783450863
64	101	0.05966013783450863
85	91	0.05966013783450863
85	196	0.05966013783450863
64	331	0.05966013783450863
85	28	0.05966013783450863
85	58	0.05966013783450863
85	331	0.05966013783450863
64	206	0.05966013783450863
85	206	0.05966013783450863
64	58	0.05966013783450863
64	196	0.05966013783450863
64	91	0.05966013783450863
85	101	0.05966013783450863
64	28	0.05966013783450863
64	133	0.05966013783450863
0	204	0.059629664244854406
71	284	0.059617224276948766
74	54	0.0596094084832872
37	197	0.05955678693824915
25	46	0.059493532304709114
111	89	0.0594668643148113
24	89	0.0594668643148113
29	53	0.0594456679827828
77	322	0.05940409133544718
75	136	0.05932567439936035
108	112	0.05929182084680193
102	50	0.05926211649280614
108	79	0.05925866259264131
108	104	0.05925866259264131
16	233	0.0592373846039421
111	250	0.05923720097278552
71	36	0.059056831779159956
71	40	0.059056831779159956
7	51	0.059009473611701106
29	326	0.058966758913470384
80	292	0.058925775376397656
45	280	0.058919625688555764
37	123	0.05882152183208609
37	302	0.058783775522563114
71	159	0.05875323768564316
102	159	0.05875323768564316
71	84	0.058636846811740855
27	247	0.05856387675398718
38	247	0.05856387675398718
55	247	0.05856387675398718
94	247	0.05856387675398718
28	247	0.05856387675398718
103	247	0.05856387675398718
92	247	0.05856387675398718
2	247	0.05856387675398718
5	247	0.05856387675398718
29	250	0.05849367493077155
30	10	0.058452749800065255
82	139	0.058419707538911216
29	248	0.05840799975094269
70	34	0.05838924304232454
4	2	0.05832850045370814
47	2	0.05832850045370814
7	89	0.0582439098450564
70	312	0.058188599851370114
103	20	0.05813142692706266
38	20	0.05813142692706266
2	20	0.05813142692706266
45	43	0.05797773788146427
27	43	0.05797773788146427
7	54	0.0579391704290727
64	158	0.05790914874212625
64	23	0.05790914874212625
64	52	0.05790914874212625
67	301	0.057848352595950454
104	301	0.057848352595950454
7	74	0.05775758846241873
99	34	0.05773696578845761
75	34	0.05773696578845761
91	111	0.05752548325442316
29	49	0.057433000033034615
11	258	0.057230819172382125
11	327	0.057230819172382125
11	295	0.057230819172382125
11	194	0.057230819172382125
11	256	0.057230819172382125
11	257	0.057230819172382125
11	268	0.057230819172382125
11	203	0.057230819172382125
36	212	0.05719560873040037
76	212	0.05719560873040037
72	212	0.05719560873040037
10	37	0.05715522748868075
39	240	0.05714805332052153
17	312	0.05699583195753474
102	330	0.05696807061425377
102	223	0.056848900361223545
29	88	0.05661826964486434
91	112	0.056498460028949885
74	232	0.05643759033211771
91	232	0.05643759033211771
99	216	0.05643633132722495
71	138	0.056393067405292735
103	37	0.056377930869762435
103	42	0.056377930869762435
99	208	0.05630558453652386
75	55	0.05629626658563391
82	326	0.056287518533618054
61	160	0.05619009131518835
108	98	0.0561678201454047
71	125	0.05616530787961269
102	125	0.05616530787961269
99	320	0.056095280688606204
88	56	0.05602567528046196
23	278	0.0559958533125549
3	331	0.055963439014340144
32	247	0.055952606673500424
56	247	0.055952606673500424
33	247	0.055952606673500424
106	247	0.055952606673500424
95	247	0.055952606673500424
62	247	0.055952606673500424
59	247	0.055952606673500424
49	247	0.055952606673500424
45	247	0.055952606673500424
63	247	0.055952606673500424
52	247	0.055952606673500424
100	247	0.055952606673500424
107	247	0.055952606673500424
19	247	0.055952606673500424
8	247	0.055952606673500424
37	298	0.05591729176529342
36	222	0.05582835333420587
72	222	0.05582835333420587
76	274	0.0557216402107986
71	3	0.05571896567920799
71	4	0.05571896567920799
71	5	0.05571896567920799
71	9	0.05571896567920799
9	322	0.05566532769270864
108	81	0.055574439586637644
102	237	0.05548489104070108
3	135	0.05541925945669766
85	1	0.05541194332593258
4	1	0.0553949985969811
47	1	0.0553949985969811
67	297	0.055297732879867015
67	40	0.055297732879867015
67	242	0.055297732879867015
104	36	0.055297732879867015
104	242	0.055297732879867015
67	137	0.055297732879867015
104	297	0.055297732879867015
104	137	0.055297732879867015
104	153	0.055297732879867015
104	40	0.055297732879867015
67	36	0.055297732879867015
67	153	0.055297732879867015
74	295	0.055279042788163216
108	295	0.055279042788163216
71	315	0.05524636987405273
77	57	0.055234430228629124
30	292	0.055209937571146506
78	310	0.055191748993394324
51	110	0.05513727982622906
103	324	0.05504922135510834
0	315	0.05479358441275823
3	307	0.054676001607485744
3	309	0.054676001607485744
75	121	0.05465967307278848
80	10	0.054657597851628985
44	255	0.05459030472260426
10	255	0.05459030472260426
108	287	0.054543118025499326
16	86	0.05443443413393442
29	216	0.05442935421559918
6	1	0.05435154673853926
91	109	0.05435115838501669
16	298	0.0543306278210846
67	35	0.05423648283794482
104	35	0.05423648283794482
99	280	0.054227280347641654
99	205	0.05418968656597555
7	298	0.054121710775286144
29	89	0.05405284159362929
23	172	0.053997141208280836
23	286	0.053997141208280836
23	166	0.053997141208280836
77	120	0.05390148797637706
75	120	0.05390148797637706
103	33	0.053887843034312696
77	53	0.05380456387086041
108	53	0.05380456387086041
36	34	0.053669867591158
72	34	0.053669867591158
99	174	0.053657970902417064
27	160	0.05358713114741082
94	160	0.05358713114741082
5	160	0.05358713114741082
2	160	0.05358713114741082
28	160	0.05358713114741082
38	160	0.05358713114741082
92	160	0.05358713114741082
77	89	0.05354176328614954
75	89	0.05354176328614954
104	138	0.053498420230024775
67	138	0.053498420230024775
87	312	0.05346297632431131
36	333	0.05341635513678268
76	333	0.05341635513678268
72	333	0.05341635513678268
22	6	0.05333307333518459
53	200	0.05299545248862905
105	289	0.05288607986223994
25	289	0.05288607986223994
102	260	0.05284228647249449
39	201	0.052771291960254915
39	231	0.052771291960254915
37	136	0.05258086548159096
17	255	0.052494463225188304
90	255	0.052494463225188304
13	255	0.052494463225188304
85	10	0.05238884280133423
64	10	0.05238884280133423
50	10	0.05238884280133423
39	328	0.05238601545238571
73	41	0.05222120713421193
73	42	0.05222120713421193
110	230	0.052133771906653255
108	115	0.05205288240396118
82	250	0.0519424981156591
22	160	0.05175190797049789
75	92	0.05173942460995671
75	60	0.05173942460995671
72	259	0.051657581597050334
36	259	0.051657581597050334
22	280	0.05163413755028235
20	324	0.051574606773578766
29	206	0.05152552037139661
9	278	0.05151216359605606
72	128	0.051445703920493684
36	128	0.051445703920493684
76	128	0.051445703920493684
54	17	0.0513799759475468
54	12	0.0513799759475468
75	73	0.05136128676779498
3	91	0.05120858648434773
3	58	0.05120858648434773
3	101	0.05120858648434773
77	287	0.0509771304375917
75	287	0.0509771304375917
76	119	0.050938725836281076
36	83	0.050938725836281076
76	83	0.050938725836281076
36	119	0.050938725836281076
32	10	0.05092352000026294
29	197	0.05089074139560836
102	88	0.05079307953655302
82	163	0.050661507876456326
82	279	0.050661507876456326
75	186	0.050622615365985134
77	186	0.050622615365985134
95	160	0.05053814318177733
49	160	0.05053814318177733
8	160	0.05053814318177733
59	160	0.05053814318177733
56	160	0.05053814318177733
32	160	0.05053814318177733
62	160	0.05053814318177733
100	160	0.05053814318177733
107	160	0.05053814318177733
33	160	0.05053814318177733
19	160	0.05053814318177733
63	160	0.05053814318177733
52	160	0.05053814318177733
106	160	0.05053814318177733
75	183	0.0505286876873481
77	183	0.0505286876873481
3	15	0.050520603113194236
36	328	0.050507483036044985
16	328	0.050507483036044985
72	328	0.050507483036044985
76	328	0.050507483036044985
71	282	0.05050305375114869
91	333	0.05038687368150601
74	333	0.05038687368150601
60	20	0.05025294059733539
29	242	0.050073938983426984
99	65	0.05001755943612589
74	120	0.04995347139550211
108	120	0.04995347139550211
93	215	0.04982612096083077
65	35	0.04974725721152705
81	35	0.04974725721152705
76	65	0.04971540142223427
103	46	0.04971252030214084
37	292	0.049439730497720664
29	225	0.049412508802629485
91	86	0.049357543363712966
52	289	0.049290034835456256
20	289	0.049290034835456256
35	289	0.049290034835456256
3	153	0.04923389753268498
3	137	0.04923389753268498
64	147	0.04922580636012293
29	125	0.04919098589835209
30	15	0.04917975959989972
99	303	0.04916269834750054
99	227	0.04916269834750054
7	279	0.04912651574339862
77	148	0.049023770047501206
75	148	0.049023770047501206
71	150	0.048879796501405406
29	184	0.04885903517951732
39	186	0.04879593596395383
91	104	0.04879496956748108
91	79	0.04879496956748108
102	244	0.04877718137593906
71	244	0.04877718137593906
72	315	0.048668114275531096
36	315	0.048668114275531096
77	106	0.048593704827408574
75	187	0.04857298431632304
77	187	0.04857298431632304
82	195	0.04856528716404279
14	312	0.048489081237166144
1	289	0.04846429555866085
23	213	0.04825873878045478
23	314	0.04825873878045478
9	183	0.048174003971883386
9	178	0.048174003971883386
9	179	0.048174003971883386
9	182	0.048174003971883386
9	251	0.048174003971883386
9	180	0.048174003971883386
50	135	0.04814765130105226
64	135	0.04814765130105226
30	135	0.04814765130105226
85	135	0.04814765130105226
35	135	0.04814765130105226
52	135	0.04814765130105226
20	135	0.04814765130105226
84	20	0.04812773959308285
76	322	0.04808120697210379
36	322	0.04808120697210379
9	127	0.04807330661920159
76	252	0.048036772009316546
79	312	0.04803405283567544
39	133	0.04797621596419909
39	78	0.04797621596419909
7	120	0.04793957075106462
20	19	0.04792064798843125
47	47	0.047687093876643834
57	47	0.047687093876643834
85	20	0.04762321264835921
82	298	0.04754904036923938
82	303	0.04754904036923938
82	16	0.04754904036923938
82	266	0.04754904036923938
38	299	0.047479559711436956
2	299	0.047479559711436956
74	229	0.047450642615360486
99	186	0.047394404887819964
103	143	0.047377384697638615
38	143	0.047377384697638615
2	143	0.047377384697638615
110	210	0.04732288630892915
24	172	0.04721691811928636
24	166	0.04721691811928636
24	286	0.04721691811928636
36	163	0.04718054709974554
72	163	0.04718054709974554
16	78	0.047167836664153286
76	78	0.047167836664153286
31	299	0.047106705500290204
0	123	0.047091479945083836
51	151	0.047040577093099556
51	149	0.047040577093099556
37	315	0.04694708282143093
3	154	0.0469398024281173
29	213	0.046928792537922245
29	314	0.046928792537922245
64	2	0.04691429192669954
85	2	0.04691429192669954
36	134	0.046835440315983023
72	134	0.046835440315983023
18	2	0.04682624760818261
81	2	0.04682624760818261
6	2	0.04682624760818261
65	2	0.04682624760818261
84	2	0.04682624760818261
97	2	0.04682624760818261
12	2	0.04682624760818261
83	2	0.04682624760818261
76	71	0.046817231951067455
72	71	0.046817231951067455
36	71	0.046817231951067455
101	245	0.04678616557738569
108	320	0.04678537574571103
74	320	0.04678537574571103
111	315	0.04672303203615025
20	23	0.0466997064699994
20	158	0.0466997064699994
20	52	0.0466997064699994
20	42	0.04669687364638645
20	41	0.04669687364638645
20	37	0.04669687364638645
78	6	0.04657001713624973
45	310	0.04641220680194258
29	18	0.046396207700579846
29	192	0.046396207700579846
53	185	0.04637260635487181
68	310	0.046164332868880144
91	101	0.0461612731008945
77	101	0.0461612731008945
39	224	0.046118391378135844
91	98	0.04598171351923761
77	320	0.045914418227334074
75	320	0.045914418227334074
53	298	0.04582701325240288
9	320	0.04582701325240288
53	320	0.04582701325240288
9	298	0.04582701325240288
91	94	0.04580809099746915
91	93	0.04580809099746915
81	1	0.04579983906116504
65	1	0.04579983906116504
99	252	0.04575252329496434
99	76	0.045729133724746
99	187	0.045710246502034924
16	120	0.045695346127274675
20	21	0.045687417751569155
35	21	0.045687417751569155
52	21	0.045687417751569155
3	155	0.045624575927301445
3	219	0.045624575927301445
99	146	0.045617911083514595
99	183	0.04555054231464041
77	102	0.04545022447756406
29	101	0.04526195454716937
108	227	0.04522813912793368
74	303	0.04522813912793368
74	227	0.04522813912793368
108	303	0.04522813912793368
29	300	0.04498743493654094
67	299	0.044954838400161505
4	35	0.04491926255016443
47	35	0.04491926255016443
71	134	0.04482522441438838
109	46	0.04474929530238038
36	231	0.0447251736763987
72	294	0.0447251736763987
36	201	0.0447251736763987
72	231	0.0447251736763987
72	201	0.0447251736763987
36	294	0.0447251736763987
111	23	0.04464293071752694
24	23	0.04464293071752694
52	41	0.04463765411570115
108	127	0.044534819970551844
74	127	0.044534819970551844
20	310	0.044401527103172404
99	251	0.04439129971657103
75	78	0.044372687304861526
99	78	0.044372687304861526
97	39	0.044363156332614374
104	47	0.044213653598767055
17	47	0.044213653598767055
26	47	0.04417665853865414
25	21	0.04416721024922259
105	21	0.04416721024922259
102	231	0.04416670055619523
102	294	0.04416670055619523
102	221	0.04416670055619523
102	201	0.04416670055619523
25	294	0.044137456155058825
25	154	0.044137456155058825
25	325	0.044137456155058825
25	231	0.044137456155058825
105	294	0.044137456155058825
105	231	0.044137456155058825
105	325	0.044137456155058825
25	122	0.044137456155058825
105	122	0.044137456155058825
105	154	0.044137456155058825
105	221	0.044137456155058825
25	221	0.044137456155058825
77	65	0.04409841480447321
91	81	0.04402553249867268
99	230	0.04385881929702724
111	181	0.04384552625343389
111	174	0.04384552625343389
76	198	0.04372875352192569
16	251	0.0436874128557448
76	251	0.0436874128557448
72	251	0.0436874128557448
36	251	0.0436874128557448
85	282	0.0436637703446206
77	124	0.04364676935125634
74	117	0.04360044589386682
74	82	0.04360044589386682
74	118	0.04360044589386682
99	59	0.043525516547872886
16	101	0.043372211768025984
72	101	0.043372211768025984
22	20	0.04336217699860538
16	110	0.0432680422256204
76	110	0.0432680422256204
18	299	0.043255137415445406
29	281	0.04308109445777155
111	238	0.04300837357950997
39	122	0.0429735771173985
104	310	0.042904245867883155
3	325	0.042875220061894634
3	211	0.042875220061894634
3	56	0.042875220061894634
46	245	0.04285797819865629
99	77	0.0427706197279755
77	232	0.04276222627809853
33	10	0.04270075823982946
63	10	0.04270075823982946
19	10	0.04270075823982946
8	10	0.04270075823982946
28	10	0.04270075823982946
95	10	0.04270075823982946
106	10	0.04270075823982946
100	10	0.04270075823982946
56	10	0.04270075823982946
92	10	0.04270075823982946
0	59	0.042635968256011396
41	312	0.0425840236585196
84	29	0.04248364856432383
75	227	0.0424769577327665
77	227	0.0424769577327665
75	303	0.0424769577327665
77	303	0.0424769577327665
75	66	0.042456867513664925
85	29	0.04243033582353485
18	207	0.04240883244352759
88	164	0.042407733954491926
39	323	0.042395300622391996
54	192	0.04234382271543594
54	175	0.04234382271543594
54	190	0.04234382271543594
54	285	0.04234382271543594
54	317	0.04234382271543594
54	288	0.04234382271543594
77	333	0.04233702139569345
75	333	0.04233702139569345
57	245	0.042314901175438076
0	302	0.042313657639488335
108	129	0.04226744725424957
46	34	0.04220459132014126
26	34	0.04220459132014126
29	119	0.042061292487413575
24	125	0.04199681026388435
111	125	0.04199681026388435
74	131	0.04192912866650364
44	41	0.04192184138781496
10	41	0.04192184138781496
29	217	0.041913609477145466
99	108	0.04190588828400796
88	3	0.04188872240961996
88	9	0.04188872240961996
88	5	0.04188872240961996
88	4	0.04188872240961996
99	110	0.04182505877158337
75	110	0.04182505877158337
108	51	0.041731651706943367
60	282	0.041641367184016925
108	116	0.04160943043480967
64	154	0.04149191173490079
30	154	0.04149191173490079
20	154	0.04149191173490079
85	154	0.04149191173490079
35	154	0.04149191173490079
52	154	0.04149191173490079
50	154	0.04149191173490079
7	217	0.041476007529375664
39	183	0.04145940115069547
39	296	0.04145940115069547
39	225	0.04145940115069547
51	154	0.041351808242569184
71	168	0.04119716752832929
71	164	0.04119716752832929
99	148	0.04113240722092252
108	94	0.041067663990846735
108	111	0.041067663990846735
108	93	0.041067663990846735
76	102	0.04104298101173451
36	102	0.04104298101173451
36	302	0.04089066132304627
72	302	0.04089066132304627
76	302	0.04089066132304627
52	324	0.04080084673956495
22	207	0.04077584569910048
26	310	0.04076229315248305
53	184	0.04073308384994481
9	184	0.04073308384994481
77	73	0.04067308222334118
85	289	0.040656645782302374
30	289	0.040656645782302374
50	289	0.040656645782302374
64	289	0.040656645782302374
99	233	0.04062865610747367
102	296	0.04058883863546377
108	74	0.040572483097157865
103	292	0.04055768545227578
2	292	0.04055768545227578
38	292	0.04055768545227578
29	204	0.04055528329919282
72	136	0.04054452138651346
36	136	0.04054452138651346
60	292	0.04050063681089132
102	274	0.040367765059700356
111	139	0.04034664365670677
1	294	0.04031917399024856
1	325	0.04031917399024856
1	154	0.04031917399024856
1	221	0.04031917399024856
1	122	0.04031917399024856
1	231	0.04031917399024856
60	43	0.04026094734014814
7	227	0.0402577849453701
7	303	0.0402577849453701
72	105	0.040199076086338735
16	105	0.040199076086338735
102	123	0.040159354571020565
71	123	0.040159354571020565
0	240	0.040109882470253266
29	183	0.04006834285542769
38	282	0.0399194309499874
2	282	0.0399194309499874
103	282	0.0399194309499874
74	103	0.039915475856098864
16	205	0.039828273107984584
108	85	0.03980538697947503
108	113	0.03980538697947503
108	61	0.03980538697947503
105	43	0.039759045818770926
88	43	0.039759045818770926
24	9	0.039701734241968205
24	3	0.039701734241968205
24	5	0.039701734241968205
111	4	0.039701734241968205
111	5	0.039701734241968205
24	4	0.039701734241968205
111	9	0.039701734241968205
111	3	0.039701734241968205
37	125	0.039607226810694056
39	148	0.0395160032648596
104	143	0.0394253780869569
67	143	0.0394253780869569
52	42	0.039418937907496794
52	37	0.039418937907496794
39	305	0.039398945591496856
77	278	0.039380985881181094
60	19	0.039369189806143505
85	292	0.03935199178995152
3	157	0.039313678625043896
3	329	0.039313678625043896
51	331	0.03927934882484783
51	302	0.03927934882484783
51	8	0.03927934882484783
51	267	0.03927934882484783
51	186	0.03927934882484783
51	278	0.03927934882484783
71	252	0.03923353102511232
72	236	0.039190004574593415
91	146	0.03916614251640614
30	321	0.039158600211718284
35	321	0.039158600211718284
37	24	0.03913450052675182
75	114	0.03886886243419306
99	114	0.03886886243419306
71	243	0.03886797044500867
88	294	0.03885642033001709
88	221	0.03885642033001709
16	332	0.03885638714262405
30	19	0.038842505015955105
17	245	0.038797696194750736
23	167	0.03876375600588395
71	13	0.038734494966059546
102	13	0.038734494966059546
71	319	0.03873331890836816
30	122	0.03869409008853479
52	122	0.03869409008853479
50	122	0.03869409008853479
20	122	0.03869409008853479
35	122	0.03869409008853479
29	83	0.038652836896779535
50	325	0.0386148160140145
52	211	0.0386148160140145
52	311	0.0386148160140145
85	57	0.0386148160140145
35	211	0.0386148160140145
20	57	0.0386148160140145
35	57	0.0386148160140145
50	294	0.0386148160140145
30	294	0.0386148160140145
35	294	0.0386148160140145
50	231	0.0386148160140145
20	231	0.0386148160140145
20	325	0.0386148160140145
52	231	0.0386148160140145
35	231	0.0386148160140145
64	294	0.0386148160140145
30	325	0.0386148160140145
35	325	0.0386148160140145
20	294	0.0386148160140145
52	294	0.0386148160140145
64	325	0.0386148160140145
52	56	0.0386148160140145
50	56	0.0386148160140145
35	311	0.0386148160140145
50	311	0.0386148160140145
85	311	0.0386148160140145
64	56	0.0386148160140145
30	57	0.0386148160140145
64	311	0.0386148160140145
30	311	0.0386148160140145
64	211	0.0386148160140145
30	211	0.0386148160140145
30	231	0.0386148160140145
35	56	0.0386148160140145
30	56	0.0386148160140145
85	56	0.0386148160140145
85	211	0.0386148160140145
20	211	0.0386148160140145
85	231	0.0386148160140145
85	221	0.0386148160140145
52	325	0.0386148160140145
50	57	0.0386148160140145
20	56	0.0386148160140145
52	57	0.0386148160140145
64	57	0.0386148160140145
50	211	0.0386148160140145
64	231	0.0386148160140145
64	221	0.0386148160140145
20	311	0.0386148160140145
20	221	0.0386148160140145
30	221	0.0386148160140145
50	221	0.0386148160140145
52	221	0.0386148160140145
35	221	0.0386148160140145
85	325	0.0386148160140145
85	294	0.0386148160140145
60	321	0.038606379526333584
80	321	0.038606379526333584
29	95	0.038599558070268325
29	185	0.038430865863364125
0	251	0.038417149563489184
108	276	0.03838635913514951
74	276	0.03838635913514951
82	315	0.03835843205442172
38	15	0.03827882236562416
2	15	0.03827882236562416
38	23	0.03827882236562416
103	52	0.03827882236562416
38	158	0.03827882236562416
2	158	0.03827882236562416
38	52	0.03827882236562416
103	23	0.03827882236562416
103	15	0.03827882236562416
103	158	0.03827882236562416
2	23	0.03827882236562416
2	52	0.03827882236562416
22	143	0.03825587556148993
103	29	0.038226668512788484
38	29	0.038226668512788484
2	29	0.038226668512788484
85	21	0.03818456221550733
50	21	0.03818456221550733
30	21	0.03818456221550733
64	21	0.03818456221550733
70	245	0.03816505602311462
60	15	0.03810883709312748
60	158	0.03810883709312748
60	52	0.03810883709312748
60	23	0.03810883709312748
102	236	0.038078094536191154
66	310	0.038068692718155016
12	329	0.03798674377606453
91	238	0.03788551805557493
52	43	0.03784618138975358
75	57	0.037757338435223296
24	199	0.03771193640843703
2	19	0.037673242337520896
103	19	0.037673242337520896
38	19	0.037673242337520896
24	314	0.03765161538793657
24	326	0.03765161538793657
16	57	0.037633344637137786
91	293	0.037618110985001035
75	293	0.037618110985001035
74	213	0.03757463924099105
74	217	0.03757463924099105
1	21	0.03755846983003127
30	52	0.03755008074358483
30	23	0.03755008074358483
30	158	0.03755008074358483
35	255	0.037451309626603126
85	15	0.03744944459679827
45	39	0.037409727807352154
63	39	0.037409727807352154
56	39	0.037409727807352154
49	39	0.037409727807352154
59	39	0.037409727807352154
8	39	0.037409727807352154
33	39	0.037409727807352154
100	39	0.037409727807352154
62	39	0.037409727807352154
107	39	0.037409727807352154
106	39	0.037409727807352154
95	39	0.037409727807352154
19	39	0.037409727807352154
91	115	0.037372233514269694
29	256	0.037342124073089455
91	322	0.03731219502473747
76	75	0.03723373293136691
61	177	0.03720723541980902
25	211	0.037199752344972165
25	56	0.037199752344972165
105	211	0.037199752344972165
105	56	0.037199752344972165
105	311	0.037199752344972165
25	311	0.037199752344972165
25	57	0.037199752344972165
105	57	0.037199752344972165
11	175	0.03718705453786855
11	288	0.03718705453786855
11	190	0.03718705453786855
11	317	0.03718705453786855
11	285	0.03718705453786855
11	192	0.03718705453786855
16	216	0.03717339996994512
20	30	0.03714083261632292
29	233	0.03696470841529745
103	310	0.03695158995017691
7	131	0.0369402433480792
16	230	0.03691884406909338
18	282	0.03686957745011814
24	193	0.03677253145445152
24	227	0.03677253145445152
99	281	0.03676687786223341
77	279	0.036757204604053094
28	26	0.036725151076849524
94	26	0.036725151076849524
92	26	0.036725151076849524
5	26	0.036725151076849524
77	104	0.03668362801566347
77	79	0.03668362801566347
71	52	0.03663033613908052
82	181	0.036606776686727543
82	174	0.036606776686727543
82	262	0.036606776686727543
9	227	0.03656011573105132
53	227	0.03656011573105132
16	227	0.036505951580863664
16	303	0.036505951580863664
99	53	0.036482802976667165
75	53	0.036482802976667165
20	215	0.036366908666260904
76	127	0.03636520833551406
36	127	0.03636520833551406
52	264	0.036358893099681586
85	264	0.036358893099681586
50	264	0.036358893099681586
104	207	0.03635222723875241
67	207	0.03635222723875241
51	56	0.03629228636205571
72	305	0.0362653056887541
36	305	0.0362653056887541
76	305	0.0362653056887541
89	34	0.03620579167567663
87	34	0.03620579167567663
15	34	0.03620579167567663
39	125	0.036197423421381464
77	11	0.03616299218991961
99	11	0.03616299218991961
57	6	0.03610785438177832
73	6	0.03610785438177832
43	6	0.03610785438177832
18	292	0.03609034478789268
99	89	0.03595622437675126
99	55	0.03589368895964566
18	26	0.03587463538312696
77	98	0.03578978577535906
103	299	0.0356925197401258
7	117	0.03559755872382848
7	82	0.03559755872382848
7	118	0.03559755872382848
25	33	0.03558721975662626
25	43	0.03558721975662626
69	299	0.035540302768093515
96	299	0.035540302768093515
18	19	0.03550784035080624
50	207	0.035458001816257585
39	109	0.03542942782494087
39	65	0.03542942782494087
65	299	0.035407426381307665
81	299	0.035407426381307665
74	250	0.035396000029881185
108	250	0.035396000029881185
74	326	0.03538892677060551
53	238	0.03534614214188463
9	238	0.03534614214188463
108	281	0.03531955331751707
74	281	0.03531955331751707
39	250	0.03530695884921632
39	146	0.03530695884921632
39	54	0.03530695884921632
39	260	0.03530695884921632
39	58	0.03530695884921632
39	287	0.03530695884921632
15	310	0.035289147534032124
4	310	0.035289147534032124
89	310	0.035289147534032124
37	224	0.03528457920424937
36	59	0.03518302531442229
16	59	0.03518302531442229
76	59	0.03518302531442229
72	59	0.03518302531442229
39	279	0.03513964332212278
29	268	0.03510410889194892
29	118	0.035028197503687596
29	103	0.035028197503687596
29	82	0.035028197503687596
29	115	0.035028197503687596
29	117	0.035028197503687596
29	81	0.035028197503687596
99	221	0.034940776468859756
13	43	0.034865833886487826
16	74	0.03484813833644219
93	110	0.03468708328142192
0	278	0.03465681543943149
22	282	0.034640510889917
77	74	0.03461856878186298
75	74	0.03461856878186298
18	23	0.03459600280028968
18	52	0.03459600280028968
18	15	0.03459600280028968
18	158	0.03459600280028968
108	136	0.03459510736256831
91	136	0.03459510736256831
74	136	0.03459510736256831
22	29	0.034594444145454185
76	233	0.03458564104219403
102	80	0.03457816715515546
78	280	0.03454525679015987
111	220	0.03449438795736538
99	296	0.034471499080867295
20	147	0.034443991969270275
16	76	0.034363306557850644
16	263	0.03435093076744615
91	54	0.03435055325993007
1	110	0.034350438760108355
29	208	0.034318470304950735
9	200	0.034286468442334704
29	14	0.03425019156977685
56	245	0.03421665962189173
33	245	0.03421665962189173
63	245	0.03421665962189173
62	245	0.03421665962189173
19	245	0.03421665962189173
49	245	0.03421665962189173
106	245	0.03421665962189173
107	245	0.03421665962189173
100	245	0.03421665962189173
95	245	0.03421665962189173
8	245	0.03421665962189173
59	245	0.03421665962189173
6	141	0.034202424785208754
74	72	0.03415094072713831
53	291	0.034144002064897094
9	291	0.034144002064897094
6	20	0.034070270727841204
99	60	0.03400281216468673
99	92	0.03400281216468673
71	222	0.03394251262157431
61	252	0.03390460151746463
102	64	0.03385154395491564
71	64	0.03385154395491564
99	287	0.033705433351757214
108	89	0.03369842268239111
91	89	0.03369842268239111
74	89	0.03369842268239111
0	146	0.03369307672013762
104	20	0.033622710680413705
67	20	0.033622710680413705
22	292	0.033622400064891506
105	110	0.03358798541514014
25	110	0.03358798541514014
99	192	0.0335728159092462
99	18	0.0335728159092462
5	207	0.03338074120301459
92	207	0.03338074120301459
94	207	0.03338074120301459
28	207	0.03338074120301459
91	116	0.03326316178628643
102	295	0.0332372726743674
91	174	0.03312587582886409
74	174	0.03312587582886409
108	174	0.03312587582886409
11	222	0.033116152153282764
14	245	0.03304591018524428
74	18	0.03296690506745671
108	192	0.03296690506745671
108	18	0.03296690506745671
74	192	0.03296690506745671
37	243	0.03294407255629431
91	74	0.03293648462133479
22	19	0.03293617997538933
70	39	0.032922804607242395
43	39	0.032922804607242395
99	73	0.03291965902469938
17	46	0.03286499890840348
29	296	0.032809543217567266
77	122	0.03280787592904805
30	110	0.03279627258810943
35	110	0.03279627258810943
88	168	0.0327513955574661
88	159	0.0327513955574661
88	125	0.0327513955574661
77	136	0.03274577331571896
80	110	0.032514368913400274
60	309	0.032514368913400274
80	309	0.032514368913400274
80	307	0.032514368913400274
60	110	0.032514368913400274
60	307	0.032514368913400274
87	245	0.032504664025207276
37	69	0.032503201130342926
39	223	0.03238447813357479
103	160	0.03238055217686574
55	160	0.03238055217686574
88	313	0.03236596602465364
24	211	0.03234873918835322
102	183	0.032302934717285105
71	183	0.032302934717285105
3	321	0.032294640863787624
61	219	0.03228176919134747
61	155	0.03228176919134747
16	146	0.03227297269678543
84	40	0.03204741096648181
84	242	0.03204741096648181
84	137	0.03204741096648181
84	297	0.03204741096648181
84	153	0.03204741096648181
84	36	0.03204741096648181
105	45	0.03204347362860616
88	45	0.03204347362860616
88	37	0.03204347362860616
105	41	0.03204347362860616
88	41	0.03204347362860616
105	27	0.03204347362860616
88	27	0.03204347362860616
105	42	0.03204347362860616
88	42	0.03204347362860616
105	37	0.03204347362860616
91	129	0.03202985348500332
22	147	0.03202378139497907
7	72	0.03189837077104005
104	299	0.03187236542309505
66	47	0.03187045443400371
111	326	0.031815038787265465
111	314	0.031815038787265465
36	132	0.03178983025478943
76	132	0.03178983025478943
22	15	0.031783757620981325
22	52	0.031783757620981325
22	23	0.031783757620981325
22	158	0.031783757620981325
16	77	0.03168763553703529
108	238	0.0316808178742926
16	116	0.03158310339187897
77	116	0.03158151424649592
75	116	0.03158151424649592
84	301	0.03155432062804686
23	326	0.03150967667411187
41	34	0.03147505285994528
37	59	0.03139808833539836
29	317	0.03132826034740572
15	47	0.03131067281769891
89	47	0.03131067281769891
39	114	0.031272971866248396
39	111	0.031272971866248396
39	94	0.031272971866248396
39	62	0.031272971866248396
39	93	0.031272971866248396
1	311	0.03120310230975235
1	211	0.03120310230975235
1	57	0.03120310230975235
1	56	0.03120310230975235
108	54	0.031190492409318874
67	26	0.031169946479691867
29	257	0.03113436391799862
29	258	0.03113436391799862
29	203	0.03113436391799862
29	236	0.03103442394575575
105	33	0.03093879451036224
88	33	0.03093879451036224
23	193	0.030935416470616775
91	51	0.03092628998121576
7	103	0.030906102536936552
74	239	0.030887826942975517
108	239	0.030887826942975517
79	245	0.030839824830000744
75	281	0.030801093675390582
77	281	0.030801093675390582
62	312	0.030794435793469244
56	312	0.030794435793469244
59	312	0.030794435793469244
33	312	0.030794435793469244
100	312	0.030794435793469244
95	312	0.030794435793469244
49	312	0.030794435793469244
19	312	0.030794435793469244
8	312	0.030794435793469244
63	312	0.030794435793469244
106	312	0.030794435793469244
107	312	0.030794435793469244
85	297	0.030739062501851606
43	312	0.030695622862327434
90	312	0.030695622862327434
102	302	0.030636238876572686
71	302	0.030636238876572686
38	147	0.030616949153455485
103	147	0.030616949153455485
2	147	0.030616949153455485
29	99	0.030576920023107128
104	29	0.03056037364408966
67	29	0.03056037364408966
37	204	0.030545873759539835
7	187	0.03049422611207416
71	313	0.030486179674093703
45	160	0.030434007287638416
61	157	0.030420905457841214
88	66	0.030387972540685537
88	65	0.030387972540685537
88	85	0.030387972540685537
88	124	0.030387972540685537
88	103	0.030387972540685537
88	81	0.030387972540685537
88	109	0.030387972540685537
88	98	0.030387972540685537
88	115	0.030387972540685537
88	73	0.030387972540685537
88	114	0.030387972540685537
88	61	0.030387972540685537
88	53	0.030387972540685537
88	94	0.030387972540685537
88	113	0.030387972540685537
88	82	0.030387972540685537
88	118	0.030387972540685537
88	72	0.030387972540685537
88	79	0.030387972540685537
88	62	0.030387972540685537
88	106	0.030387972540685537
88	117	0.030387972540685537
88	121	0.030387972540685537
88	78	0.030387972540685537
88	93	0.030387972540685537
84	138	0.03032798924783723
3	248	0.03028944610407825
3	150	0.03028944610407825
84	329	0.030271493783263412
84	157	0.030271493783263412
99	295	0.03026657060359516
39	48	0.030242888747152603
39	322	0.030242888747152603
75	96	0.030200333178047427
16	54	0.03016063023987001
74	240	0.030096718043213604
108	240	0.030096718043213604
99	66	0.03007647618499288
43	34	0.03005989538733774
77	110	0.0300189969069235
37	198	0.02994412734676154
36	65	0.029916457317268358
72	65	0.029916457317268358
65	141	0.02991070689688172
81	141	0.02991070689688172
31	141	0.02991070689688172
91	113	0.02990634785975357
91	61	0.02990634785975357
91	85	0.02990634785975357
39	209	0.0298969514870315
39	286	0.0298969514870315
31	329	0.029831553060244084
77	54	0.029606311057608255
75	54	0.029606311057608255
0	230	0.02952012490368212
99	288	0.029488298523415637
36	110	0.02948780628039563
72	110	0.02948780628039563
86	312	0.02948640613680211
58	312	0.02948640613680211
40	312	0.02948640613680211
48	312	0.02948640613680211
52	30	0.02944817642980894
64	215	0.02944563343462468
31	207	0.029317475133899408
81	207	0.029317475133899408
65	207	0.029317475133899408
71	24	0.02928206719910695
77	112	0.029263600095191286
103	155	0.0292625421272246
38	219	0.0292625421272246
38	155	0.0292625421272246
2	155	0.0292625421272246
103	219	0.0292625421272246
2	219	0.0292625421272246
29	190	0.0292226519913269
77	315	0.029176432023447333
91	145	0.029135962147972837
74	145	0.029135962147972837
18	20	0.029075638009144637
88	68	0.029047233634540735
88	60	0.029047233634540735
88	108	0.029047233634540735
88	91	0.029047233634540735
88	107	0.029047233634540735
88	131	0.029047233634540735
67	147	0.029041975529913513
104	147	0.029041975529913513
0	263	0.029008161933529533
76	279	0.02899654453618935
3	147	0.028992293705802193
37	242	0.028963671828973053
39	71	0.028938166224586757
39	216	0.028938166224586757
81	26	0.02893113883917594
65	26	0.02893113883917594
29	17	0.028826411629378365
39	248	0.02878627858774297
71	50	0.028735231083305782
3	279	0.02868021597675006
38	310	0.028661246830629972
5	310	0.028661246830629972
94	310	0.028661246830629972
92	310	0.028661246830629972
2	310	0.028661246830629972
72	280	0.028655377760842902
36	280	0.028655377760842902
18	29	0.028612044128140796
53	314	0.028567086011528804
53	326	0.028567086011528804
91	295	0.028517066994318364
75	295	0.028517066994318364
80	32	0.028487453430670103
64	45	0.028487453430670103
64	44	0.028487453430670103
80	45	0.028487453430670103
80	44	0.028487453430670103
80	27	0.028487453430670103
64	27	0.028487453430670103
64	31	0.028487453430670103
80	31	0.028487453430670103
64	32	0.028487453430670103
29	327	0.028470735874292597
29	304	0.028470735874292597
29	246	0.028423054580742842
41	245	0.028350536160348036
6	29	0.028333450382744804
16	55	0.02830593288177923
77	238	0.02830272112174716
75	238	0.02830272112174716
72	49	0.028288726171509647
76	49	0.028288726171509647
36	49	0.028288726171509647
73	312	0.028283577123726627
29	275	0.028282998873110535
102	122	0.02822157786460774
72	224	0.028210962484208686
36	224	0.028210962484208686
88	322	0.028191015713441455
88	236	0.028191015713441455
88	174	0.028191015713441455
88	323	0.028191015713441455
88	178	0.028191015713441455
88	225	0.028191015713441455
88	87	0.028191015713441455
88	306	0.028191015713441455
88	315	0.028191015713441455
88	274	0.028191015713441455
88	214	0.028191015713441455
88	275	0.028191015713441455
88	316	0.028191015713441455
88	296	0.028191015713441455
88	333	0.028191015713441455
88	24	0.028191015713441455
88	188	0.028191015713441455
88	220	0.028191015713441455
88	187	0.028191015713441455
88	208	0.028191015713441455
88	182	0.028191015713441455
88	180	0.028191015713441455
88	300	0.028191015713441455
88	181	0.028191015713441455
88	179	0.028191015713441455
88	298	0.028191015713441455
88	286	0.028191015713441455
88	136	0.028191015713441455
88	189	0.028191015713441455
88	166	0.028191015713441455
88	183	0.028191015713441455
88	185	0.028191015713441455
88	263	0.028191015713441455
88	262	0.028191015713441455
88	308	0.028191015713441455
88	241	0.028191015713441455
88	7	0.028191015713441455
88	232	0.028191015713441455
88	195	0.028191015713441455
88	48	0.028191015713441455
88	176	0.028191015713441455
88	209	0.028191015713441455
74	296	0.028127585526892453
108	296	0.028127585526892453
91	296	0.028127585526892453
75	296	0.028127585526892453
6	157	0.028113906055763388
101	310	0.028107865246885504
111	291	0.02810391391463155
16	287	0.028068525047946723
29	195	0.028036816493494668
39	99	0.027984557825553116
16	96	0.02792358156439805
3	3	0.02792003446248551
3	4	0.02792003446248551
3	9	0.02792003446248551
3	5	0.02792003446248551
75	18	0.027895605202770773
77	192	0.027895605202770773
75	192	0.027895605202770773
77	18	0.027895605202770773
16	322	0.027776928703345985
4	20	0.02776894877695274
47	20	0.02776894877695274
37	274	0.027731965126829145
75	232	0.027664024839478624
93	309	0.027511632634858132
93	307	0.027511632634858132
77	62	0.027488134686597086
91	102	0.027475130969500952
45	10	0.027437387771068564
103	10	0.027437387771068564
85	141	0.027390781063055453
71	69	0.027369906010115064
102	69	0.027369906010115064
16	238	0.02735528671115116
37	63	0.02733392457340798
43	10	0.027331947229300345
73	10	0.027331947229300345
57	10	0.027331947229300345
91	320	0.02730363470350145
16	300	0.02727663013715481
74	70	0.027245822850967518
9	266	0.027232970275292232
53	266	0.027232970275292232
9	16	0.027232970275292232
53	16	0.027232970275292232
0	71	0.027204455999228085
71	292	0.0270969755148823
0	271	0.02708210672143281
108	232	0.027077125886308184
4	26	0.027005126377294852
3	141	0.026997593773218243
3	252	0.026997593773218243
91	125	0.02699753764876729
108	125	0.02699753764876729
77	125	0.02699753764876729
74	125	0.02699753764876729
75	125	0.02699753764876729
102	240	0.02695444373470797
71	240	0.02695444373470797
77	91	0.026814277243130537
104	282	0.026751873077770494
67	282	0.026751873077770494
37	236	0.02674165377496699
85	157	0.026715639463589107
77	94	0.02665734863899661
77	111	0.02665734863899661
77	93	0.02665734863899661
44	312	0.026649671061380567
77	132	0.026639517239447626
16	281	0.026610487499196558
29	12	0.026534851231579375
92	299	0.02653080595464515
94	299	0.02653080595464515
5	299	0.02653080595464515
99	57	0.02648899210175397
97	1	0.026484702526815247
71	237	0.026410857375003892
21	0	0.02637823379171339
74	95	0.026254659870159736
104	292	0.026208565216426342
67	292	0.026208565216426342
108	131	0.026192887699921525
7	239	0.026169342438139648
82	220	0.026150505858276732
7	127	0.02612602753585882
29	262	0.026120400609607332
99	185	0.026109021448826805
16	232	0.026058217690196377
16	248	0.026028493224700862
29	230	0.026001019888922686
32	329	0.025982614228159506
71	204	0.025917109732161627
102	204	0.025917109732161627
93	292	0.02582518550126721
51	294	0.025810970118449638
51	221	0.025810970118449638
72	205	0.025801310188451217
76	205	0.025801310188451217
36	205	0.025801310188451217
32	141	0.02576536609369376
0	300	0.02571208099954558
71	250	0.02570057965411185
102	250	0.02570057965411185
3	158	0.025657973605753424
3	52	0.025657973605753424
3	23	0.025657973605753424
51	313	0.025639439452435235
75	272	0.025632985140752712
37	101	0.02558155291374879
61	147	0.02558057874071831
6	147	0.02558057874071831
77	83	0.02552837286374589
77	119	0.02552837286374589
67	177	0.02550719184089867
104	177	0.02550719184089867
23	269	0.02547186059043696
23	296	0.02547186059043696
23	276	0.02547186059043696
23	240	0.02547186059043696
23	254	0.02547186059043696
93	158	0.025451733292096494
91	229	0.025435592827916322
108	82	0.025425967082490536
108	117	0.025425967082490536
108	118	0.025425967082490536
76	57	0.025374998964776165
16	192	0.025360276744804632
16	18	0.025360276744804632
18	138	0.02534951195543191
71	100	0.0253316988929926
102	100	0.0253316988929926
71	241	0.025321747340132983
30	215	0.025294533529772685
77	75	0.025261191917442593
105	32	0.025248165600565874
105	30	0.025248165600565874
88	32	0.025248165600565874
105	31	0.025248165600565874
88	31	0.025248165600565874
88	30	0.025248165600565874
44	277	0.025173767968800016
10	277	0.025173767968800016
108	283	0.025124324423454067
74	283	0.025124324423454067
111	17	0.025121052937430298
111	239	0.025121052937430298
111	12	0.025121052937430298
31	282	0.025119321469001525
65	282	0.025119321469001525
81	282	0.025119321469001525
110	200	0.025116666182016238
51	3	0.025106683034015687
51	5	0.025106683034015687
51	4	0.025106683034015687
51	9	0.025106683034015687
29	70	0.025098936574693448
37	221	0.025091000892848728
36	78	0.025090580505761968
72	78	0.025090580505761968
18	301	0.025070264952510177
51	164	0.025042278508084024
111	199	0.025040943476725277
26	6	0.025013488718535055
47	310	0.024983146321621186
16	272	0.024973790891381034
4	29	0.02496793084056423
47	29	0.02496793084056423
43	1	0.024925596492108733
70	1	0.024925596492108733
77	127	0.024898409392851567
46	310	0.024885802171640162
18	40	0.024790614931626972
18	36	0.024790614931626972
18	153	0.024790614931626972
18	242	0.024790614931626972
18	297	0.024790614931626972
18	137	0.024790614931626972
29	214	0.024790445918103206
20	2	0.024788660614731912
35	2	0.024788660614731912
52	2	0.024788660614731912
76	298	0.024750455307404325
36	298	0.024750455307404325
72	298	0.024750455307404325
71	278	0.024683212096210216
77	81	0.024672223156138786
7	293	0.02465493469070559
75	104	0.02462358717022406
75	79	0.02462358717022406
75	98	0.02462358717022406
76	216	0.024610276632437568
72	216	0.024610276632437568
36	216	0.024610276632437568
20	43	0.024608062340131236
65	19	0.02460091271929649
31	19	0.02460091271929649
81	19	0.02460091271929649
23	206	0.024574782494570874
37	146	0.02452294713983433
16	104	0.024488863652106653
16	60	0.024488863652106653
16	79	0.024488863652106653
16	92	0.024488863652106653
16	98	0.024488863652106653
88	201	0.024377768147939818
104	19	0.024347156645712784
67	19	0.024347156645712784
24	229	0.024343285769707623
29	194	0.0243418178646847
29	293	0.024290054138017304
33	2	0.02427944125072836
73	2	0.02427944125072836
43	2	0.02427944125072836
92	2	0.02427944125072836
95	2	0.02427944125072836
100	2	0.02427944125072836
32	2	0.02427944125072836
28	2	0.02427944125072836
63	2	0.02427944125072836
19	2	0.02427944125072836
106	2	0.02427944125072836
8	2	0.02427944125072836
56	2	0.02427944125072836
99	240	0.024257716660785078
29	169	0.024239915018712727
24	167	0.02413680318008618
108	103	0.02412467580871651
16	73	0.024087700192283245
81	292	0.024086594722399268
31	292	0.024086594722399268
65	292	0.024086594722399268
36	204	0.024051353858661317
72	204	0.024051353858661317
16	204	0.024051353858661317
76	204	0.024051353858661317
29	295	0.024019607266072565
76	62	0.023956620477501727
16	62	0.023956620477501727
97	299	0.023952593421777402
29	276	0.023934231721035405
99	206	0.023933477919217454
32	299	0.023902016583480557
102	63	0.02386771325829495
74	186	0.02385323148234691
91	186	0.02385323148234691
108	186	0.02385323148234691
85	19	0.02379796377235013
0	54	0.02378451188564328
0	287	0.02378451188564328
67	23	0.02375394707312337
104	15	0.02375394707312337
104	23	0.02375394707312337
104	52	0.02375394707312337
67	52	0.02375394707312337
67	158	0.02375394707312337
104	158	0.02375394707312337
67	15	0.02375394707312337
38	157	0.023721368899837125
103	157	0.023721368899837125
38	329	0.023721368899837125
2	157	0.023721368899837125
2	329	0.023721368899837125
103	329	0.023721368899837125
75	145	0.02370445259920029
77	145	0.02370445259920029
88	231	0.023573888867585414
20	33	0.02356635181881781
7	246	0.023558033411239458
75	246	0.023546575025162386
77	246	0.023546575025162386
108	229	0.023517455994041557
76	121	0.023509544958850614
36	121	0.023509544958850614
105	2	0.02348322757744094
0	281	0.02347193306684132
0	140	0.0234575231714129
64	43	0.023427687591363777
81	52	0.02342721766714246
65	158	0.02342721766714246
65	52	0.02342721766714246
31	52	0.02342721766714246
65	23	0.02342721766714246
81	15	0.02342721766714246
31	15	0.02342721766714246
65	15	0.02342721766714246
81	158	0.02342721766714246
81	23	0.02342721766714246
31	23	0.02342721766714246
31	158	0.02342721766714246
97	35	0.02339977797856766
0	216	0.02338197192570298
99	120	0.023329745300379467
76	140	0.023320306024771698
7	238	0.023315823890652353
36	150	0.02330222886255858
72	150	0.02330222886255858
3	164	0.023294490530896907
99	333	0.023251910207927058
108	333	0.023251910207927058
85	26	0.023250855560547127
53	211	0.02320989139943498
9	211	0.02320989139943498
39	53	0.023199405025780055
29	320	0.023197574956818585
3	63	0.02309682170223496
88	279	0.023080181885777602
51	248	0.023080181885777602
88	248	0.023080181885777602
51	279	0.023080181885777602
75	288	0.02307750423817647
77	288	0.02307750423817647
18	157	0.0230362287470885
18	329	0.0230362287470885
74	59	0.023019351074761142
108	59	0.023019351074761142
91	59	0.023019351074761142
75	59	0.023019351074761142
37	48	0.023005349960798078
3	110	0.0229899744230075
20	270	0.022956725278726633
50	270	0.022956725278726633
30	270	0.022956725278726633
64	270	0.022956725278726633
85	270	0.022956725278726633
35	270	0.022956725278726633
52	270	0.022956725278726633
37	183	0.022920920348347477
71	242	0.022909034945873687
32	26	0.022906943836465004
66	299	0.022904925268028876
3	99	0.022885588853058872
61	153	0.02287322611361241
6	153	0.02287322611361241
61	242	0.02287322611361241
61	36	0.02287322611361241
6	297	0.02287322611361241
61	40	0.02287322611361241
6	242	0.02287322611361241
6	36	0.02287322611361241
6	40	0.02287322611361241
61	297	0.02287322611361241
61	137	0.02287322611361241
6	137	0.02287322611361241
0	184	0.02287206061979015
77	240	0.022805080367840305
75	240	0.022805080367840305
28	292	0.022773027674505078
5	292	0.022773027674505078
92	292	0.022773027674505078
94	292	0.022773027674505078
91	303	0.022736066732342165
91	227	0.022736066732342165
28	282	0.022671701183846052
94	282	0.022671701183846052
92	282	0.022671701183846052
5	282	0.022671701183846052
16	89	0.02266674751669
21	194	0.02264577293864374
37	78	0.022645461447909295
75	124	0.022628685698461933
99	124	0.022628685698461933
3	133	0.022595061320480052
25	270	0.022590883023107352
105	270	0.022590883023107352
71	330	0.022580026737369183
5	37	0.022511655494052034
38	42	0.022511655494052034
55	41	0.022511655494052034
92	41	0.022511655494052034
38	41	0.022511655494052034
55	37	0.022511655494052034
94	37	0.022511655494052034
2	37	0.022511655494052034
92	42	0.022511655494052034
55	42	0.022511655494052034
94	42	0.022511655494052034
5	41	0.022511655494052034
38	37	0.022511655494052034
5	42	0.022511655494052034
94	41	0.022511655494052034
92	37	0.022511655494052034
2	42	0.022511655494052034
2	41	0.022511655494052034
91	120	0.022494521037616563
21	239	0.022493812270093668
37	230	0.022469461797958973
39	246	0.02246689608731485
85	52	0.022446495287907663
85	158	0.022446495287907663
85	23	0.022446495287907663
75	81	0.02244460998603372
99	81	0.02244460998603372
37	263	0.02242915393329983
38	215	0.022411775718148164
2	215	0.022411775718148164
103	215	0.022411775718148164
99	62	0.022406685978170103
75	62	0.022406685978170103
39	166	0.022391996124801736
39	220	0.022391996124801736
39	262	0.022391996124801736
39	195	0.022391996124801736
39	187	0.022391996124801736
39	214	0.022391996124801736
39	188	0.022391996124801736
39	176	0.022391996124801736
39	181	0.022391996124801736
39	189	0.022391996124801736
39	179	0.022391996124801736
85	143	0.02236446367221669
76	230	0.02235420360781827
72	230	0.02235420360781827
36	230	0.02235420360781827
92	1	0.022344893269550675
5	1	0.022344893269550675
28	1	0.022344893269550675
94	1	0.022344893269550675
71	323	0.02229201753733873
71	325	0.02229201753733873
23	14	0.022245873878600136
23	214	0.022245873878600136
23	209	0.022245873878600136
108	183	0.0222316469536374
91	183	0.0222316469536374
74	183	0.0222316469536374
88	57	0.022226713786214027
21	195	0.022217407171735617
39	261	0.022205329344071593
49	10	0.022177645883172996
78	10	0.022177645883172996
38	10	0.022177645883172996
62	10	0.022177645883172996
27	10	0.022177645883172996
5	10	0.022177645883172996
107	10	0.022177645883172996
94	10	0.022177645883172996
2	10	0.022177645883172996
59	10	0.022177645883172996
3	201	0.022141873693275572
99	254	0.022126719385784036
108	187	0.022123675409974376
91	187	0.022123675409974376
74	187	0.022123675409974376
74	254	0.02209452437065188
108	254	0.02209452437065188
104	219	0.022061907809517445
104	155	0.022061907809517445
67	155	0.022061907809517445
67	219	0.022061907809517445
4	299	0.022024149616327197
14	310	0.02200498891342514
16	187	0.021984064463743465
74	314	0.021975864955114374
16	119	0.021972930922950464
16	83	0.021972930922950464
104	26	0.021957930177533135
64	37	0.021951545222699518
64	41	0.021951545222699518
64	42	0.021951545222699518
91	213	0.021923753936878985
91	217	0.021923753936878985
61	301	0.02192268629005128
6	301	0.02192268629005128
99	169	0.021913154738289177
99	109	0.021899256406242806
75	109	0.021899256406242806
16	183	0.021892875200996965
52	33	0.02187685766200026
17	310	0.021809323686634335
50	299	0.021707311014371716
12	299	0.021707311014371716
28	310	0.021661422771074176
16	125	0.021659339473085303
76	125	0.021659339473085303
36	125	0.021659339473085303
72	125	0.021659339473085303
101	34	0.02160714784301019
84	143	0.02159597563000658
71	198	0.021585800281772333
85	299	0.021581525014401314
98	299	0.021581525014401314
21	203	0.02155884540077428
21	256	0.02155884540077428
21	257	0.02155884540077428
21	258	0.02155884540077428
16	186	0.021543264002723685
29	318	0.021526360477004906
53	180	0.021521534391451224
53	178	0.021521534391451224
53	179	0.021521534391451224
53	125	0.021521534391451224
53	183	0.021521534391451224
53	182	0.021521534391451224
53	251	0.021521534391451224
74	169	0.021512415208092904
108	169	0.021512415208092904
16	127	0.02151219285853913
16	145	0.021511696176074676
37	278	0.02148868974109138
109	312	0.021478440839197543
99	293	0.02146023865976218
87	310	0.02144705162915558
16	106	0.021430019053043658
16	66	0.021430019053043658
6	138	0.021390867682338034
61	138	0.021390867682338034
5	23	0.021359523292090905
94	15	0.021359523292090905
28	52	0.021359523292090905
94	23	0.021359523292090905
28	23	0.021359523292090905
94	158	0.021359523292090905
5	158	0.021359523292090905
94	52	0.021359523292090905
92	23	0.021359523292090905
92	52	0.021359523292090905
28	158	0.021359523292090905
92	158	0.021359523292090905
5	15	0.021359523292090905
92	15	0.021359523292090905
5	52	0.021359523292090905
28	15	0.021359523292090905
64	309	0.021321664468180974
52	309	0.021321664468180974
50	309	0.021321664468180974
85	309	0.021321664468180974
20	309	0.021321664468180974
85	307	0.021321664468180974
52	307	0.021321664468180974
20	307	0.021321664468180974
50	307	0.021321664468180974
64	307	0.021321664468180974
29	218	0.021316532953490463
7	70	0.021313377190042948
0	100	0.02131182955779821
75	115	0.021281215391847248
99	115	0.021281215391847248
28	19	0.021275449431830018
94	19	0.021275449431830018
92	19	0.021275449431830018
5	19	0.021275449431830018
99	204	0.021267036876966284
108	72	0.021252346742576252
70	310	0.021204832803528247
77	251	0.021164965833908783
74	251	0.021164965833908783
91	251	0.021164965833908783
108	251	0.021164965833908783
75	251	0.021164965833908783
91	75	0.021146583171790984
23	199	0.02112015572937272
7	230	0.021113357146356163
76	76	0.021111685012554338
36	76	0.021111685012554338
72	76	0.021111685012554338
71	287	0.02104182386624742
102	287	0.02104182386624742
16	91	0.02102389189167785
39	288	0.020994048413064032
39	64	0.020994048413064032
39	271	0.020994048413064032
16	229	0.020990928505458372
82	278	0.020964811638812322
74	90	0.02096025594163471
39	185	0.02095392623668259
39	127	0.02095392623668259
99	74	0.02092652748590854
77	169	0.020898930916606606
75	169	0.020898930916606606
102	300	0.020838272083473806
71	300	0.020838272083473806
13	312	0.020822810510503713
36	75	0.020817265385116107
75	106	0.02079738650652921
80	43	0.020773717497879856
77	229	0.02076498105076414
75	229	0.02076498105076414
16	275	0.020688450969418633
99	225	0.020672065042791902
77	225	0.02062955142907189
75	225	0.02062955142907189
99	276	0.020569807151200853
72	198	0.020525158315737545
36	198	0.020525158315737545
102	54	0.020510084673513285
102	146	0.020510084673513285
71	146	0.020510084673513285
71	54	0.020510084673513285
41	310	0.02050788044858114
2	43	0.020501487208689127
55	43	0.020501487208689127
38	43	0.020501487208689127
5	43	0.020501487208689127
94	43	0.020501487208689127
92	43	0.020501487208689127
93	10	0.020491337539441837
23	239	0.020485056321600775
37	122	0.020472289171763147
57	310	0.02043634888593936
99	250	0.020396143287949427
74	230	0.02037682240199908
99	332	0.020346153266716554
108	148	0.02033188787226422
74	148	0.02033188787226422
91	148	0.02033188787226422
37	240	0.020326060429334786
75	91	0.020321909456668247
67	157	0.020292912720873708
104	329	0.020292912720873708
67	329	0.020292912720873708
104	157	0.020292912720873708
76	109	0.02027396243909166
16	109	0.02027396243909166
99	116	0.02015477577749293
0	332	0.020086612348609575
73	245	0.020067127576658735
39	89	0.02006540431900643
7	95	0.020055968980640285
71	224	0.020052232893413173
65	147	0.0200213198816208
81	147	0.0200213198816208
31	147	0.0200213198816208
36	130	0.020007667295981402
76	130	0.020007667295981402
90	245	0.019988404427399485
43	245	0.019988404427399485
77	293	0.01992523125738998
3	294	0.01989276083399239
3	57	0.01989276083399239
3	221	0.01989276083399239
3	231	0.01989276083399239
73	160	0.019874475554420477
43	160	0.019874475554420477
78	160	0.019874475554420477
57	160	0.019874475554420477
26	160	0.019874475554420477
77	51	0.019864267161621013
16	320	0.019862648037711133
72	74	0.01986169939423334
76	74	0.01986169939423334
36	74	0.01986169939423334
57	280	0.0198597708020003
73	280	0.0198597708020003
43	280	0.0198597708020003
26	280	0.0198597708020003
102	78	0.019856102391342747
74	162	0.019838705149807654
108	162	0.019838705149807654
61	35	0.01982700985153517
99	96	0.01978480843714587
39	11	0.019782214321220622
39	145	0.019782214321220622
93	164	0.019747577925748522
93	290	0.019747577925748522
93	201	0.019747577925748522
0	25	0.01972074647176217
0	238	0.01972074647176217
85	6	0.019713610036550713
98	6	0.019713610036550713
16	102	0.019700524827635405
50	282	0.019677242150261304
75	72	0.01963215727589159
99	279	0.019558941277409227
53	278	0.019504907901040928
108	70	0.019481728068237544
25	201	0.019449421383793145
25	290	0.019449421383793145
105	201	0.019449421383793145
105	290	0.019449421383793145
25	164	0.019449421383793145
105	164	0.019449421383793145
0	250	0.019401704476695498
46	47	0.019324603304206645
16	111	0.019312672991084984
76	111	0.019312672991084984
36	94	0.019312672991084984
16	93	0.019312672991084984
72	93	0.019312672991084984
36	93	0.019312672991084984
72	111	0.019312672991084984
16	94	0.019312672991084984
76	94	0.019312672991084984
72	94	0.019312672991084984
36	111	0.019312672991084984
76	93	0.019312672991084984
71	101	0.01929282557244481
102	101	0.01929282557244481
93	242	0.019224692942199216
93	153	0.019224692942199216
93	35	0.019224692942199216
93	137	0.019224692942199216
28	299	0.019224312576077675
10	324	0.01917626179746484
44	324	0.01917626179746484
7	22	0.019172871463669635
93	218	0.0191408320098465
16	240	0.01912124779027482
44	34	0.01910504186034688
31	26	0.019102166644564232
25	246	0.019098450500754042
105	246	0.019098450500754042
105	244	0.019098450500754042
25	218	0.019098450500754042
25	244	0.019098450500754042
93	246	0.01909831211423904
93	244	0.01909831211423904
93	289	0.01909831211423904
79	310	0.01908993642913138
97	207	0.019012261199263875
84	207	0.019012261199263875
96	207	0.019012261199263875
66	207	0.019012261199263875
44	207	0.019012261199263875
41	207	0.019012261199263875
26	207	0.019012261199263875
68	207	0.019012261199263875
17	207	0.019012261199263875
46	207	0.019012261199263875
69	207	0.019012261199263875
29	86	0.018968536902713638
0	246	0.018955654283781872
72	116	0.01893716283685003
76	116	0.01893716283685003
36	116	0.01893716283685003
16	288	0.01892454979276879
76	77	0.018921923816371502
36	77	0.018921923816371502
72	77	0.018921923816371502
80	33	0.018906035770033164
64	33	0.018906035770033164
43	301	0.018871443506012105
47	301	0.018871443506012105
4	301	0.018871443506012105
70	301	0.018871443506012105
7	283	0.018806948617273913
7	145	0.01880501974212774
37	281	0.018787685238792342
77	129	0.018778924786970744
77	213	0.018702579542245464
75	217	0.018702579542245464
77	217	0.018702579542245464
75	213	0.018702579542245464
91	326	0.01867799512104749
47	26	0.018651174042651042
23	12	0.018647484936812234
23	17	0.018647484936812234
91	281	0.018638361974068256
102	184	0.0186216981636518
71	184	0.0186216981636518
3	274	0.018611572920780393
3	24	0.018611572920780393
37	250	0.01860477232313039
94	138	0.01860272003870427
28	138	0.01860272003870427
92	138	0.01860272003870427
5	138	0.01860272003870427
0	11	0.018595029318689466
0	145	0.018595029318689466
99	232	0.01858350505892767
4	138	0.018579634145501792
47	138	0.018579634145501792
70	138	0.018579634145501792
43	138	0.018579634145501792
1	164	0.018558163775931214
1	201	0.018558163775931214
1	290	0.018558163775931214
76	263	0.018552465969188907
36	263	0.018552465969188907
72	263	0.018552465969188907
21	327	0.018550057365653207
21	268	0.018550057365653207
21	295	0.018550057365653207
21	209	0.018550057365653207
21	214	0.018550057365653207
21	14	0.018550057365653207
1	244	0.018540608680206624
1	218	0.018540608680206624
1	246	0.018540608680206624
103	252	0.018534510734557655
2	141	0.018534510734557655
38	141	0.018534510734557655
38	252	0.018534510734557655
103	141	0.018534510734557655
2	252	0.018534510734557655
5	264	0.018487028258902215
92	264	0.018487028258902215
38	264	0.018487028258902215
103	264	0.018487028258902215
55	264	0.018487028258902215
2	264	0.018487028258902215
28	264	0.018487028258902215
27	264	0.018487028258902215
94	264	0.018487028258902215
7	225	0.018470322043931165
93	106	0.01845111832120384
93	196	0.01845111832120384
93	124	0.01845111832120384
93	62	0.01845111832120384
93	93	0.01845111832120384
93	74	0.01845111832120384
93	61	0.01845111832120384
93	121	0.01845111832120384
93	115	0.01845111832120384
93	111	0.01845111832120384
93	261	0.01845111832120384
93	126	0.01845111832120384
93	165	0.01845111832120384
93	92	0.01845111832120384
93	94	0.01845111832120384
93	66	0.01845111832120384
93	139	0.01845111832120384
93	112	0.01845111832120384
93	78	0.01845111832120384
93	265	0.01845111832120384
93	84	0.01845111832120384
93	200	0.01845111832120384
93	109	0.01845111832120384
93	82	0.01845111832120384
93	154	0.01845111832120384
93	204	0.01845111832120384
93	151	0.01845111832120384
93	156	0.01845111832120384
93	149	0.01845111832120384
93	148	0.01845111832120384
93	202	0.01845111832120384
93	50	0.01845111832120384
93	184	0.01845111832120384
93	125	0.01845111832120384
93	325	0.01845111832120384
93	67	0.01845111832120384
93	79	0.01845111832120384
93	80	0.01845111832120384
93	114	0.01845111832120384
93	81	0.01845111832120384
93	168	0.01845111832120384
93	65	0.01845111832120384
93	198	0.01845111832120384
93	159	0.01845111832120384
93	73	0.01845111832120384
93	152	0.01845111832120384
93	83	0.01845111832120384
93	53	0.01845111832120384
93	122	0.01845111832120384
93	221	0.01845111832120384
93	133	0.01845111832120384
93	76	0.01845111832120384
93	72	0.01845111832120384
93	98	0.01845111832120384
93	231	0.01845111832120384
93	113	0.01845111832120384
93	103	0.01845111832120384
93	85	0.01845111832120384
93	117	0.01845111832120384
93	123	0.01845111832120384
93	118	0.01845111832120384
93	294	0.01845111832120384
12	26	0.01844084212018003
28	237	0.018409257016078463
92	237	0.018409257016078463
27	237	0.018409257016078463
5	237	0.018409257016078463
94	237	0.018409257016078463
38	237	0.018409257016078463
13	46	0.018351551035287104
101	47	0.01833102673901206
14	47	0.01833102673901206
103	2	0.018304301942457316
104	2	0.018304301942457316
10	2	0.018304301942457316
109	2	0.018304301942457316
79	2	0.018304301942457316
89	2	0.018304301942457316
66	2	0.018304301942457316
45	2	0.018304301942457316
90	2	0.018304301942457316
86	2	0.018304301942457316
87	2	0.018304301942457316
15	2	0.018304301942457316
24	278	0.018295569112077158
85	147	0.01827743058404619
0	53	0.018267954267982642
75	22	0.01826001600314503
36	233	0.018253722052850033
72	233	0.018253722052850033
98	280	0.01824204069328765
85	280	0.01824204069328765
104	141	0.01820108331767299
67	141	0.01820108331767299
67	252	0.01820108331767299
104	252	0.01820108331767299
76	227	0.018200542690258475
72	227	0.018200542690258475
36	227	0.018200542690258475
36	303	0.018200542690258475
72	303	0.018200542690258475
76	303	0.018200542690258475
83	164	0.01819497102380333
12	164	0.01819497102380333
61	290	0.01819497102380333
6	290	0.01819497102380333
98	290	0.01819497102380333
6	164	0.01819497102380333
32	201	0.01819497102380333
31	201	0.01819497102380333
80	164	0.01819497102380333
65	201	0.01819497102380333
60	201	0.01819497102380333
80	201	0.01819497102380333
31	290	0.01819497102380333
98	164	0.01819497102380333
60	164	0.01819497102380333
81	201	0.01819497102380333
83	201	0.01819497102380333
98	201	0.01819497102380333
12	201	0.01819497102380333
6	201	0.01819497102380333
32	290	0.01819497102380333
12	290	0.01819497102380333
61	164	0.01819497102380333
60	290	0.01819497102380333
65	164	0.01819497102380333
81	164	0.01819497102380333
81	290	0.01819497102380333
65	290	0.01819497102380333
32	164	0.01819497102380333
31	164	0.01819497102380333
61	201	0.01819497102380333
83	290	0.01819497102380333
80	290	0.01819497102380333
51	201	0.018191387999507334
23	194	0.018182356709670718
107	99	0.018180101441322948
62	99	0.018180101441322948
78	99	0.018180101441322948
106	99	0.018180101441322948
19	99	0.018180101441322948
33	99	0.018180101441322948
63	99	0.018180101441322948
8	99	0.018180101441322948
49	99	0.018180101441322948
45	99	0.018180101441322948
59	99	0.018180101441322948
56	99	0.018180101441322948
95	99	0.018180101441322948
100	99	0.018180101441322948
23	211	0.0181782673831464
85	138	0.018166989479134296
12	1	0.01812805955832995
99	239	0.01812680918400315
12	141	0.018120624352630604
50	141	0.018120624352630604
16	225	0.0181191634443965
91	18	0.018100662052093715
91	192	0.018100662052093715
3	78	0.018095882226887048
3	66	0.018095882226887048
3	70	0.018095882226887048
3	73	0.018095882226887048
3	85	0.018095882226887048
84	177	0.0180941540585802
37	287	0.018080806837084375
77	59	0.018064519759630294
9	148	0.018060625374743944
53	148	0.018060625374743944
94	30	0.018057593926870404
92	30	0.018057593926870404
5	30	0.018057593926870404
38	30	0.018057593926870404
2	30	0.018057593926870404
55	30	0.018057593926870404
16	246	0.018041043785020444
16	184	0.01803774151628096
75	254	0.018035264095634364
77	254	0.018035264095634364
99	214	0.018000294914588634
5	301	0.01797043295231026
94	301	0.01797043295231026
92	301	0.01797043295231026
28	301	0.01797043295231026
33	164	0.017968258797172152
8	201	0.017968258797172152
107	164	0.017968258797172152
63	201	0.017968258797172152
78	201	0.017968258797172152
19	164	0.017968258797172152
63	164	0.017968258797172152
8	164	0.017968258797172152
59	164	0.017968258797172152
49	164	0.017968258797172152
100	164	0.017968258797172152
95	201	0.017968258797172152
107	201	0.017968258797172152
100	201	0.017968258797172152
56	164	0.017968258797172152
95	164	0.017968258797172152
19	201	0.017968258797172152
49	290	0.017968258797172152
45	164	0.017968258797172152
62	164	0.017968258797172152
106	201	0.017968258797172152
45	290	0.017968258797172152
59	201	0.017968258797172152
33	290	0.017968258797172152
62	201	0.017968258797172152
56	201	0.017968258797172152
62	290	0.017968258797172152
63	290	0.017968258797172152
49	201	0.017968258797172152
59	290	0.017968258797172152
8	290	0.017968258797172152
56	290	0.017968258797172152
19	290	0.017968258797172152
78	164	0.017968258797172152
45	201	0.017968258797172152
100	290	0.017968258797172152
106	290	0.017968258797172152
106	164	0.017968258797172152
107	290	0.017968258797172152
95	290	0.017968258797172152
78	290	0.017968258797172152
33	201	0.017968258797172152
72	53	0.017962441038327837
16	53	0.017962441038327837
76	53	0.017962441038327837
36	53	0.017962441038327837
36	287	0.01795903989474981
76	287	0.01795903989474981
72	287	0.01795903989474981
29	266	0.017940868933131484
108	326	0.017933286206624818
52	237	0.017919794657924416
20	237	0.017919794657924416
35	237	0.017919794657924416
71	260	0.0179172052438072
29	199	0.01790108573736464
76	122	0.017891136358059175
16	122	0.017891136358059175
0	94	0.01787968992327614
0	93	0.01787968992327614
0	111	0.01787968992327614
0	62	0.01787968992327614
28	177	0.01784203295990759
92	177	0.01784203295990759
5	177	0.01784203295990759
94	177	0.01784203295990759
91	131	0.017828628996706092
27	248	0.017810567724596757
94	150	0.017810567724596757
5	249	0.017810567724596757
28	248	0.017810567724596757
38	249	0.017810567724596757
27	150	0.017810567724596757
94	289	0.017810567724596757
2	289	0.017810567724596757
5	289	0.017810567724596757
92	150	0.017810567724596757
38	150	0.017810567724596757
94	249	0.017810567724596757
2	150	0.017810567724596757
27	289	0.017810567724596757
28	289	0.017810567724596757
2	249	0.017810567724596757
2	248	0.017810567724596757
94	248	0.017810567724596757
92	249	0.017810567724596757
92	248	0.017810567724596757
38	289	0.017810567724596757
28	249	0.017810567724596757
27	249	0.017810567724596757
5	248	0.017810567724596757
92	289	0.017810567724596757
5	150	0.017810567724596757
28	150	0.017810567724596757
28	99	0.017805259630598893
5	99	0.017805259630598893
55	99	0.017805259630598893
27	99	0.017805259630598893
94	99	0.017805259630598893
38	99	0.017805259630598893
92	99	0.017805259630598893
2	99	0.017805259630598893
103	99	0.017805259630598893
84	219	0.017802920320156006
84	155	0.017802920320156006
99	272	0.01779520500444708
20	99	0.017787095278515023
28	222	0.017744331451307698
38	222	0.017744331451307698
92	222	0.017744331451307698
94	222	0.017744331451307698
27	222	0.017744331451307698
2	222	0.017744331451307698
5	222	0.017744331451307698
84	147	0.0177119794291259
77	85	0.01770557007202625
77	61	0.01770557007202625
77	113	0.01770557007202625
75	276	0.017703831094488223
91	276	0.017703831094488223
51	231	0.017681036635927946
94	35	0.017664505999956306
5	35	0.017664505999956306
92	35	0.017664505999956306
28	35	0.017664505999956306
50	292	0.017661440361057264
16	75	0.01764274755336267
41	299	0.017638860686053866
80	215	0.017611539439040022
1	270	0.017608871660546747
44	245	0.01758540794873031
109	247	0.01757384800005939
104	247	0.01757384800005939
47	247	0.01757384800005939
101	247	0.01757384800005939
98	247	0.01757384800005939
96	247	0.01757384800005939
90	247	0.01757384800005939
48	247	0.01757384800005939
46	247	0.01757384800005939
44	247	0.01757384800005939
89	247	0.01757384800005939
40	247	0.01757384800005939
17	247	0.01757384800005939
15	247	0.01757384800005939
14	247	0.01757384800005939
79	247	0.01757384800005939
58	247	0.01757384800005939
66	247	0.01757384800005939
69	247	0.01757384800005939
73	247	0.01757384800005939
70	247	0.01757384800005939
67	247	0.01757384800005939
10	247	0.01757384800005939
13	247	0.01757384800005939
26	247	0.01757384800005939
57	247	0.01757384800005939
85	247	0.01757384800005939
86	247	0.01757384800005939
43	247	0.01757384800005939
41	247	0.01757384800005939
87	247	0.01757384800005939
78	247	0.01757384800005939
4	247	0.01757384800005939
29	210	0.017569187102472388
29	209	0.017569187102472388
29	285	0.017569187102472388
29	175	0.017569187102472388
29	0	0.017569187102472388
50	329	0.01756553812366034
24	254	0.0175577271435806
24	276	0.0175577271435806
24	240	0.0175577271435806
24	296	0.0175577271435806
24	269	0.0175577271435806
20	290	0.0175350087512209
20	164	0.0175350087512209
20	201	0.0175350087512209
75	214	0.017504462197798262
55	110	0.017474746582139728
5	110	0.017474746582139728
94	110	0.017474746582139728
2	110	0.017474746582139728
28	110	0.017474746582139728
38	110	0.017474746582139728
27	110	0.017474746582139728
103	110	0.017474746582139728
92	110	0.017474746582139728
110	213	0.017470010818920453
110	314	0.017470010818920453
5	235	0.01746195484838951
92	235	0.01746195484838951
55	235	0.01746195484838951
27	235	0.01746195484838951
28	235	0.01746195484838951
94	235	0.01746195484838951
103	235	0.01746195484838951
38	235	0.01746195484838951
2	235	0.01746195484838951
60	10	0.01745696668562657
103	237	0.017450108146403027
55	237	0.017450108146403027
43	143	0.01744773020754422
47	143	0.01744773020754422
70	143	0.01744773020754422
4	143	0.01744773020754422
71	80	0.01743898942735301
74	253	0.017431023194472917
108	253	0.017431023194472917
77	181	0.0174262982859129
75	181	0.0174262982859129
75	189	0.0174262982859129
77	189	0.0174262982859129
75	166	0.0174262982859129
77	166	0.0174262982859129
93	15	0.01742614570808117
93	52	0.01742614570808117
93	19	0.01742614570808117
93	23	0.01742614570808117
76	221	0.017425494794785508
108	217	0.01742470944983762
108	213	0.01742470944983762
51	131	0.017424539461093756
51	108	0.017424539461093756
51	68	0.017424539461093756
51	60	0.017424539461093756
51	107	0.017424539461093756
51	91	0.017424539461093756
70	35	0.017423056350872535
43	35	0.017423056350872535
25	222	0.01742251983847324
105	222	0.01742251983847324
74	67	0.017422352549935963
108	67	0.017422352549935963
105	84	0.017422209458622707
25	196	0.017422209458622707
25	125	0.017422209458622707
105	198	0.017422209458622707
105	50	0.017422209458622707
105	149	0.017422209458622707
105	139	0.017422209458622707
25	79	0.017422209458622707
25	156	0.017422209458622707
105	126	0.017422209458622707
25	123	0.017422209458622707
25	112	0.017422209458622707
25	133	0.017422209458622707
25	168	0.017422209458622707
25	92	0.017422209458622707
105	112	0.017422209458622707
25	78	0.017422209458622707
105	165	0.017422209458622707
105	78	0.017422209458622707
25	261	0.017422209458622707
105	111	0.017422209458622707
105	117	0.017422209458622707
105	118	0.017422209458622707
105	159	0.017422209458622707
105	124	0.017422209458622707
25	62	0.017422209458622707
25	121	0.017422209458622707
105	106	0.017422209458622707
25	118	0.017422209458622707
105	152	0.017422209458622707
105	65	0.017422209458622707
25	200	0.017422209458622707
25	126	0.017422209458622707
105	81	0.017422209458622707
105	125	0.017422209458622707
25	117	0.017422209458622707
105	184	0.017422209458622707
25	148	0.017422209458622707
105	62	0.017422209458622707
25	184	0.017422209458622707
25	111	0.017422209458622707
105	168	0.017422209458622707
105	80	0.017422209458622707
105	85	0.017422209458622707
25	151	0.017422209458622707
25	85	0.017422209458622707
105	148	0.017422209458622707
105	156	0.017422209458622707
25	113	0.017422209458622707
25	61	0.017422209458622707
25	81	0.017422209458622707
25	94	0.017422209458622707
105	67	0.017422209458622707
25	80	0.017422209458622707
105	79	0.017422209458622707
25	139	0.017422209458622707
105	202	0.017422209458622707
25	198	0.017422209458622707
25	202	0.017422209458622707
25	149	0.017422209458622707
25	109	0.017422209458622707
25	165	0.017422209458622707
105	94	0.017422209458622707
105	261	0.017422209458622707
25	50	0.017422209458622707
25	124	0.017422209458622707
105	123	0.017422209458622707
105	196	0.017422209458622707
25	98	0.017422209458622707
105	151	0.017422209458622707
25	204	0.017422209458622707
25	65	0.017422209458622707
105	76	0.017422209458622707
25	72	0.017422209458622707
105	82	0.017422209458622707
105	265	0.017422209458622707
25	265	0.017422209458622707
25	67	0.017422209458622707
105	204	0.017422209458622707
105	66	0.017422209458622707
25	115	0.017422209458622707
25	152	0.017422209458622707
105	103	0.017422209458622707
25	73	0.017422209458622707
25	159	0.017422209458622707
105	72	0.017422209458622707
105	73	0.017422209458622707
25	114	0.017422209458622707
105	98	0.017422209458622707
105	114	0.017422209458622707
105	92	0.017422209458622707
105	115	0.017422209458622707
25	76	0.017422209458622707
105	113	0.017422209458622707
105	93	0.017422209458622707
105	133	0.017422209458622707
105	61	0.017422209458622707
105	83	0.017422209458622707
25	106	0.017422209458622707
25	103	0.017422209458622707
105	200	0.017422209458622707
25	83	0.017422209458622707
25	66	0.017422209458622707
105	109	0.017422209458622707
25	82	0.017422209458622707
25	53	0.017422209458622707
25	93	0.017422209458622707
25	74	0.017422209458622707
105	121	0.017422209458622707
105	53	0.017422209458622707
105	74	0.017422209458622707
25	84	0.017422209458622707
52	248	0.017420630767391265
35	248	0.017420630767391265
35	249	0.017420630767391265
20	248	0.017420630767391265
20	249	0.017420630767391265
52	249	0.017420630767391265
20	150	0.017420630767391265
35	150	0.017420630767391265
52	150	0.017420630767391265
99	122	0.017418070461677614
75	122	0.017418070461677614
50	6	0.017417501403969252
6	6	0.017417501403969252
31	6	0.017417501403969252
12	6	0.017417501403969252
81	6	0.017417501403969252
83	6	0.017417501403969252
65	6	0.017417501403969252
102	11	0.01741748265039511
71	11	0.01741748265039511
7	162	0.017417013271954596
109	24	0.017416766513152642
107	24	0.017416766513152642
106	24	0.017416766513152642
84	24	0.017416766513152642
109	73	0.017416766513152642
86	24	0.017416766513152642
63	73	0.017416766513152642
65	73	0.017416766513152642
66	73	0.017416766513152642
67	73	0.017416766513152642
68	73	0.017416766513152642
57	73	0.017416766513152642
58	73	0.017416766513152642
59	73	0.017416766513152642
60	73	0.017416766513152642
61	73	0.017416766513152642
80	73	0.017416766513152642
81	73	0.017416766513152642
62	73	0.017416766513152642
45	73	0.017416766513152642
46	73	0.017416766513152642
47	73	0.017416766513152642
48	73	0.017416766513152642
49	73	0.017416766513152642
69	73	0.017416766513152642
70	73	0.017416766513152642
70	24	0.017416766513152642
95	24	0.017416766513152642
96	24	0.017416766513152642
97	24	0.017416766513152642
98	24	0.017416766513152642
100	24	0.017416766513152642
101	24	0.017416766513152642
87	24	0.017416766513152642
89	24	0.017416766513152642
90	24	0.017416766513152642
78	24	0.017416766513152642
56	73	0.017416766513152642
104	73	0.017416766513152642
106	73	0.017416766513152642
107	73	0.017416766513152642
101	73	0.017416766513152642
43	73	0.017416766513152642
44	73	0.017416766513152642
10	234	0.017416766513152642
6	73	0.017416766513152642
8	73	0.017416766513152642
10	73	0.017416766513152642
26	73	0.017416766513152642
40	73	0.017416766513152642
4	73	0.017416766513152642
31	73	0.017416766513152642
32	73	0.017416766513152642
33	73	0.017416766513152642
15	73	0.017416766513152642
17	73	0.017416766513152642
18	73	0.017416766513152642
41	73	0.017416766513152642
19	73	0.017416766513152642
95	85	0.017416766513152642
96	85	0.017416766513152642
65	24	0.017416766513152642
66	24	0.017416766513152642
67	24	0.017416766513152642
68	24	0.017416766513152642
69	24	0.017416766513152642
109	85	0.017416766513152642
57	24	0.017416766513152642
58	24	0.017416766513152642
59	24	0.017416766513152642
60	24	0.017416766513152642
61	24	0.017416766513152642
62	24	0.017416766513152642
63	24	0.017416766513152642
48	24	0.017416766513152642
49	24	0.017416766513152642
56	24	0.017416766513152642
43	24	0.017416766513152642
44	24	0.017416766513152642
45	24	0.017416766513152642
46	24	0.017416766513152642
47	24	0.017416766513152642
22	73	0.017416766513152642
73	73	0.017416766513152642
78	73	0.017416766513152642
79	73	0.017416766513152642
49	234	0.017416766513152642
22	234	0.017416766513152642
26	234	0.017416766513152642
31	234	0.017416766513152642
32	234	0.017416766513152642
33	234	0.017416766513152642
40	234	0.017416766513152642
86	234	0.017416766513152642
87	234	0.017416766513152642
8	234	0.017416766513152642
12	234	0.017416766513152642
13	234	0.017416766513152642
14	234	0.017416766513152642
15	234	0.017416766513152642
12	73	0.017416766513152642
13	73	0.017416766513152642
14	73	0.017416766513152642
17	234	0.017416766513152642
18	234	0.017416766513152642
19	234	0.017416766513152642
4	234	0.017416766513152642
6	234	0.017416766513152642
40	78	0.017416766513152642
41	78	0.017416766513152642
18	78	0.017416766513152642
19	78	0.017416766513152642
22	78	0.017416766513152642
32	78	0.017416766513152642
33	78	0.017416766513152642
6	78	0.017416766513152642
26	78	0.017416766513152642
31	78	0.017416766513152642
10	78	0.017416766513152642
12	78	0.017416766513152642
13	78	0.017416766513152642
14	78	0.017416766513152642
15	78	0.017416766513152642
60	234	0.017416766513152642
61	234	0.017416766513152642
63	234	0.017416766513152642
65	234	0.017416766513152642
66	234	0.017416766513152642
67	234	0.017416766513152642
68	234	0.017416766513152642
56	234	0.017416766513152642
57	234	0.017416766513152642
58	234	0.017416766513152642
59	234	0.017416766513152642
41	234	0.017416766513152642
43	234	0.017416766513152642
44	234	0.017416766513152642
45	234	0.017416766513152642
46	234	0.017416766513152642
47	234	0.017416766513152642
48	234	0.017416766513152642
109	234	0.017416766513152642
89	234	0.017416766513152642
98	234	0.017416766513152642
100	234	0.017416766513152642
101	234	0.017416766513152642
104	234	0.017416766513152642
106	234	0.017416766513152642
107	234	0.017416766513152642
62	234	0.017416766513152642
73	234	0.017416766513152642
90	234	0.017416766513152642
95	234	0.017416766513152642
96	234	0.017416766513152642
97	234	0.017416766513152642
69	234	0.017416766513152642
70	234	0.017416766513152642
78	234	0.017416766513152642
79	234	0.017416766513152642
80	234	0.017416766513152642
81	234	0.017416766513152642
83	234	0.017416766513152642
84	234	0.017416766513152642
62	78	0.017416766513152642
17	78	0.017416766513152642
4	78	0.017416766513152642
8	78	0.017416766513152642
80	70	0.017416766513152642
81	70	0.017416766513152642
83	70	0.017416766513152642
84	70	0.017416766513152642
86	70	0.017416766513152642
87	70	0.017416766513152642
73	24	0.017416766513152642
63	78	0.017416766513152642
65	78	0.017416766513152642
66	78	0.017416766513152642
56	78	0.017416766513152642
57	78	0.017416766513152642
58	78	0.017416766513152642
59	78	0.017416766513152642
60	78	0.017416766513152642
14	24	0.017416766513152642
18	24	0.017416766513152642
19	24	0.017416766513152642
22	24	0.017416766513152642
26	24	0.017416766513152642
31	24	0.017416766513152642
32	24	0.017416766513152642
33	24	0.017416766513152642
13	24	0.017416766513152642
90	85	0.017416766513152642
17	24	0.017416766513152642
106	85	0.017416766513152642
107	85	0.017416766513152642
87	85	0.017416766513152642
89	85	0.017416766513152642
61	78	0.017416766513152642
43	78	0.017416766513152642
44	78	0.017416766513152642
45	78	0.017416766513152642
87	78	0.017416766513152642
46	78	0.017416766513152642
47	78	0.017416766513152642
48	78	0.017416766513152642
49	78	0.017416766513152642
96	78	0.017416766513152642
97	78	0.017416766513152642
98	78	0.017416766513152642
70	70	0.017416766513152642
73	70	0.017416766513152642
78	70	0.017416766513152642
61	70	0.017416766513152642
62	70	0.017416766513152642
63	70	0.017416766513152642
65	70	0.017416766513152642
66	70	0.017416766513152642
68	70	0.017416766513152642
69	70	0.017416766513152642
106	70	0.017416766513152642
107	70	0.017416766513152642
109	70	0.017416766513152642
89	70	0.017416766513152642
67	70	0.017416766513152642
59	70	0.017416766513152642
60	70	0.017416766513152642
60	85	0.017416766513152642
61	85	0.017416766513152642
62	85	0.017416766513152642
63	85	0.017416766513152642
44	85	0.017416766513152642
45	85	0.017416766513152642
97	85	0.017416766513152642
98	85	0.017416766513152642
100	85	0.017416766513152642
101	85	0.017416766513152642
104	85	0.017416766513152642
47	85	0.017416766513152642
48	85	0.017416766513152642
40	24	0.017416766513152642
41	24	0.017416766513152642
90	70	0.017416766513152642
95	70	0.017416766513152642
96	70	0.017416766513152642
97	70	0.017416766513152642
98	70	0.017416766513152642
100	70	0.017416766513152642
101	70	0.017416766513152642
104	70	0.017416766513152642
100	78	0.017416766513152642
101	78	0.017416766513152642
104	78	0.017416766513152642
86	78	0.017416766513152642
78	78	0.017416766513152642
84	78	0.017416766513152642
67	78	0.017416766513152642
40	85	0.017416766513152642
41	85	0.017416766513152642
22	85	0.017416766513152642
67	85	0.017416766513152642
26	85	0.017416766513152642
31	85	0.017416766513152642
32	85	0.017416766513152642
33	85	0.017416766513152642
78	85	0.017416766513152642
79	85	0.017416766513152642
58	85	0.017416766513152642
80	85	0.017416766513152642
81	85	0.017416766513152642
83	85	0.017416766513152642
84	85	0.017416766513152642
86	85	0.017416766513152642
65	85	0.017416766513152642
66	85	0.017416766513152642
46	85	0.017416766513152642
68	85	0.017416766513152642
69	85	0.017416766513152642
70	85	0.017416766513152642
73	85	0.017416766513152642
56	85	0.017416766513152642
57	85	0.017416766513152642
49	85	0.017416766513152642
59	85	0.017416766513152642
68	78	0.017416766513152642
69	78	0.017416766513152642
89	78	0.017416766513152642
90	78	0.017416766513152642
95	78	0.017416766513152642
70	78	0.017416766513152642
73	78	0.017416766513152642
79	78	0.017416766513152642
80	78	0.017416766513152642
81	78	0.017416766513152642
83	78	0.017416766513152642
57	70	0.017416766513152642
58	70	0.017416766513152642
40	70	0.017416766513152642
41	70	0.017416766513152642
15	70	0.017416766513152642
4	70	0.017416766513152642
6	70	0.017416766513152642
45	70	0.017416766513152642
46	70	0.017416766513152642
22	70	0.017416766513152642
26	70	0.017416766513152642
47	70	0.017416766513152642
48	70	0.017416766513152642
49	70	0.017416766513152642
56	70	0.017416766513152642
32	70	0.017416766513152642
33	70	0.017416766513152642
17	70	0.017416766513152642
43	70	0.017416766513152642
44	70	0.017416766513152642
79	70	0.017416766513152642
18	70	0.017416766513152642
19	70	0.017416766513152642
31	70	0.017416766513152642
106	78	0.017416766513152642
107	78	0.017416766513152642
109	78	0.017416766513152642
101	287	0.017416766513152642
15	287	0.017416766513152642
17	287	0.017416766513152642
18	287	0.017416766513152642
19	287	0.017416766513152642
8	70	0.017416766513152642
10	70	0.017416766513152642
12	70	0.017416766513152642
13	70	0.017416766513152642
14	70	0.017416766513152642
58	274	0.017416766513152642
59	274	0.017416766513152642
66	274	0.017416766513152642
67	274	0.017416766513152642
68	274	0.017416766513152642
69	274	0.017416766513152642
70	274	0.017416766513152642
73	274	0.017416766513152642
57	274	0.017416766513152642
61	274	0.017416766513152642
62	274	0.017416766513152642
63	274	0.017416766513152642
65	274	0.017416766513152642
106	274	0.017416766513152642
107	274	0.017416766513152642
109	274	0.017416766513152642
60	274	0.017416766513152642
70	154	0.017416766513152642
73	154	0.017416766513152642
78	154	0.017416766513152642
79	154	0.017416766513152642
80	154	0.017416766513152642
81	154	0.017416766513152642
67	154	0.017416766513152642
68	154	0.017416766513152642
107	154	0.017416766513152642
109	154	0.017416766513152642
100	154	0.017416766513152642
101	154	0.017416766513152642
104	154	0.017416766513152642
106	154	0.017416766513152642
89	274	0.017416766513152642
90	274	0.017416766513152642
95	274	0.017416766513152642
66	287	0.017416766513152642
8	287	0.017416766513152642
10	287	0.017416766513152642
12	287	0.017416766513152642
13	287	0.017416766513152642
14	287	0.017416766513152642
67	287	0.017416766513152642
68	287	0.017416766513152642
69	287	0.017416766513152642
4	287	0.017416766513152642
6	287	0.017416766513152642
15	24	0.017416766513152642
12	85	0.017416766513152642
12	24	0.017416766513152642
4	24	0.017416766513152642
6	24	0.017416766513152642
8	24	0.017416766513152642
10	24	0.017416766513152642
17	85	0.017416766513152642
18	85	0.017416766513152642
19	85	0.017416766513152642
8	85	0.017416766513152642
43	85	0.017416766513152642
4	85	0.017416766513152642
6	85	0.017416766513152642
10	85	0.017416766513152642
62	287	0.017416766513152642
63	287	0.017416766513152642
65	287	0.017416766513152642
33	287	0.017416766513152642
26	287	0.017416766513152642
31	287	0.017416766513152642
32	287	0.017416766513152642
44	274	0.017416766513152642
22	274	0.017416766513152642
26	274	0.017416766513152642
31	274	0.017416766513152642
32	274	0.017416766513152642
101	274	0.017416766513152642
104	274	0.017416766513152642
33	274	0.017416766513152642
87	274	0.017416766513152642
43	274	0.017416766513152642
78	274	0.017416766513152642
79	274	0.017416766513152642
80	274	0.017416766513152642
81	274	0.017416766513152642
83	274	0.017416766513152642
84	274	0.017416766513152642
86	274	0.017416766513152642
69	154	0.017416766513152642
13	85	0.017416766513152642
14	85	0.017416766513152642
15	85	0.017416766513152642
59	287	0.017416766513152642
60	287	0.017416766513152642
61	287	0.017416766513152642
104	287	0.017416766513152642
106	287	0.017416766513152642
107	287	0.017416766513152642
109	287	0.017416766513152642
98	154	0.017416766513152642
83	154	0.017416766513152642
84	154	0.017416766513152642
86	154	0.017416766513152642
87	154	0.017416766513152642
89	154	0.017416766513152642
90	154	0.017416766513152642
95	154	0.017416766513152642
96	154	0.017416766513152642
97	154	0.017416766513152642
40	274	0.017416766513152642
14	66	0.017416766513152642
15	66	0.017416766513152642
33	66	0.017416766513152642
40	66	0.017416766513152642
41	66	0.017416766513152642
17	66	0.017416766513152642
4	66	0.017416766513152642
6	66	0.017416766513152642
10	66	0.017416766513152642
12	66	0.017416766513152642
13	66	0.017416766513152642
8	66	0.017416766513152642
41	274	0.017416766513152642
56	274	0.017416766513152642
96	274	0.017416766513152642
97	274	0.017416766513152642
98	274	0.017416766513152642
100	274	0.017416766513152642
8	154	0.017416766513152642
10	154	0.017416766513152642
12	154	0.017416766513152642
13	154	0.017416766513152642
14	154	0.017416766513152642
15	154	0.017416766513152642
33	154	0.017416766513152642
40	154	0.017416766513152642
106	66	0.017416766513152642
107	66	0.017416766513152642
109	66	0.017416766513152642
17	154	0.017416766513152642
18	154	0.017416766513152642
4	154	0.017416766513152642
6	154	0.017416766513152642
49	154	0.017416766513152642
46	154	0.017416766513152642
47	154	0.017416766513152642
49	66	0.017416766513152642
56	66	0.017416766513152642
57	66	0.017416766513152642
4	274	0.017416766513152642
86	287	0.017416766513152642
87	287	0.017416766513152642
89	287	0.017416766513152642
90	287	0.017416766513152642
95	287	0.017416766513152642
80	287	0.017416766513152642
81	287	0.017416766513152642
83	287	0.017416766513152642
84	287	0.017416766513152642
70	287	0.017416766513152642
73	287	0.017416766513152642
96	287	0.017416766513152642
78	287	0.017416766513152642
79	287	0.017416766513152642
26	66	0.017416766513152642
31	66	0.017416766513152642
32	66	0.017416766513152642
48	154	0.017416766513152642
80	66	0.017416766513152642
81	66	0.017416766513152642
83	66	0.017416766513152642
63	66	0.017416766513152642
65	66	0.017416766513152642
66	66	0.017416766513152642
67	66	0.017416766513152642
89	66	0.017416766513152642
66	154	0.017416766513152642
56	154	0.017416766513152642
57	154	0.017416766513152642
68	66	0.017416766513152642
69	66	0.017416766513152642
70	66	0.017416766513152642
73	66	0.017416766513152642
79	66	0.017416766513152642
58	154	0.017416766513152642
59	154	0.017416766513152642
60	154	0.017416766513152642
61	154	0.017416766513152642
62	154	0.017416766513152642
63	154	0.017416766513152642
65	154	0.017416766513152642
41	154	0.017416766513152642
43	154	0.017416766513152642
44	154	0.017416766513152642
45	154	0.017416766513152642
31	154	0.017416766513152642
32	154	0.017416766513152642
96	66	0.017416766513152642
97	66	0.017416766513152642
98	66	0.017416766513152642
43	66	0.017416766513152642
45	66	0.017416766513152642
46	66	0.017416766513152642
47	66	0.017416766513152642
48	66	0.017416766513152642
19	154	0.017416766513152642
22	154	0.017416766513152642
26	154	0.017416766513152642
95	66	0.017416766513152642
87	66	0.017416766513152642
45	274	0.017416766513152642
46	274	0.017416766513152642
47	274	0.017416766513152642
48	274	0.017416766513152642
49	274	0.017416766513152642
90	66	0.017416766513152642
78	66	0.017416766513152642
100	66	0.017416766513152642
101	66	0.017416766513152642
104	66	0.017416766513152642
84	66	0.017416766513152642
86	66	0.017416766513152642
56	287	0.017416766513152642
57	287	0.017416766513152642
58	287	0.017416766513152642
43	287	0.017416766513152642
44	287	0.017416766513152642
45	287	0.017416766513152642
46	287	0.017416766513152642
47	287	0.017416766513152642
48	287	0.017416766513152642
49	287	0.017416766513152642
22	287	0.017416766513152642
40	287	0.017416766513152642
41	287	0.017416766513152642
97	287	0.017416766513152642
98	287	0.017416766513152642
100	287	0.017416766513152642
44	66	0.017416766513152642
18	66	0.017416766513152642
19	66	0.017416766513152642
22	66	0.017416766513152642
18	274	0.017416766513152642
19	274	0.017416766513152642
10	274	0.017416766513152642
58	66	0.017416766513152642
59	66	0.017416766513152642
60	66	0.017416766513152642
61	66	0.017416766513152642
62	66	0.017416766513152642
6	274	0.017416766513152642
8	274	0.017416766513152642
12	274	0.017416766513152642
13	274	0.017416766513152642
14	274	0.017416766513152642
15	274	0.017416766513152642
17	274	0.017416766513152642
104	24	0.017416766513152642
97	73	0.017416766513152642
98	73	0.017416766513152642
100	73	0.017416766513152642
83	73	0.017416766513152642
84	73	0.017416766513152642
86	73	0.017416766513152642
87	73	0.017416766513152642
89	73	0.017416766513152642
90	73	0.017416766513152642
95	73	0.017416766513152642
96	73	0.017416766513152642
79	24	0.017416766513152642
80	24	0.017416766513152642
81	24	0.017416766513152642
83	24	0.017416766513152642
1	43	0.01741660988799093
1	33	0.01741660988799093
39	295	0.017415132730683396
39	254	0.017415132730683396
39	281	0.017415132730683396
39	192	0.017415132730683396
39	169	0.017415132730683396
39	18	0.017415132730683396
39	320	0.017415132730683396
39	330	0.017415132730683396
2	145	0.017414980671460068
5	145	0.017414980671460068
27	293	0.017414980671460068
28	21	0.017414980671460068
92	21	0.017414980671460068
94	21	0.017414980671460068
27	21	0.017414980671460068
38	11	0.017414980671460068
94	145	0.017414980671460068
5	11	0.017414980671460068
2	11	0.017414980671460068
92	145	0.017414980671460068
28	145	0.017414980671460068
38	21	0.017414980671460068
92	293	0.017414980671460068
38	145	0.017414980671460068
27	246	0.017414980671460068
94	293	0.017414980671460068
28	246	0.017414980671460068
38	246	0.017414980671460068
38	244	0.017414980671460068
28	243	0.017414980671460068
5	246	0.017414980671460068
92	244	0.017414980671460068
94	243	0.017414980671460068
92	243	0.017414980671460068
94	244	0.017414980671460068
5	243	0.017414980671460068
2	243	0.017414980671460068
94	11	0.017414980671460068
2	21	0.017414980671460068
92	11	0.017414980671460068
38	243	0.017414980671460068
28	293	0.017414980671460068
2	319	0.017414980671460068
27	145	0.017414980671460068
5	319	0.017414980671460068
28	319	0.017414980671460068
27	319	0.017414980671460068
38	319	0.017414980671460068
27	11	0.017414980671460068
28	11	0.017414980671460068
5	293	0.017414980671460068
2	293	0.017414980671460068
5	21	0.017414980671460068
2	246	0.017414980671460068
94	246	0.017414980671460068
92	246	0.017414980671460068
27	244	0.017414980671460068
28	244	0.017414980671460068
2	244	0.017414980671460068
5	244	0.017414980671460068
94	319	0.017414980671460068
27	243	0.017414980671460068
92	319	0.017414980671460068
38	293	0.017414980671460068
64	164	0.017414393886572174
85	201	0.017414393886572174
35	164	0.017414393886572174
50	164	0.017414393886572174
52	164	0.017414393886572174
30	164	0.017414393886572174
35	290	0.017414393886572174
85	164	0.017414393886572174
52	201	0.017414393886572174
52	290	0.017414393886572174
30	290	0.017414393886572174
85	290	0.017414393886572174
50	201	0.017414393886572174
30	201	0.017414393886572174
64	201	0.017414393886572174
35	201	0.017414393886572174
64	290	0.017414393886572174
50	290	0.017414393886572174
3	189	0.017414317511347418
3	185	0.017414317511347418
3	149	0.017414317511347418
3	316	0.017414317511347418
3	136	0.017414317511347418
3	188	0.017414317511347418
3	300	0.017414317511347418
3	323	0.017414317511347418
3	232	0.017414317511347418
3	195	0.017414317511347418
3	187	0.017414317511347418
3	186	0.017414317511347418
3	286	0.017414317511347418
3	302	0.017414317511347418
3	308	0.017414317511347418
3	220	0.017414317511347418
3	236	0.017414317511347418
3	322	0.017414317511347418
3	306	0.017414317511347418
3	151	0.017414317511347418
3	48	0.017414317511347418
3	298	0.017414317511347418
3	180	0.017414317511347418
3	183	0.017414317511347418
3	182	0.017414317511347418
3	208	0.017414317511347418
3	7	0.017414317511347418
3	241	0.017414317511347418
3	262	0.017414317511347418
3	263	0.017414317511347418
3	267	0.017414317511347418
3	315	0.017414317511347418
3	178	0.017414317511347418
3	278	0.017414317511347418
3	179	0.017414317511347418
3	166	0.017414317511347418
3	333	0.017414317511347418
3	168	0.017414317511347418
3	87	0.017414317511347418
3	176	0.017414317511347418
3	275	0.017414317511347418
3	181	0.017414317511347418
3	209	0.017414317511347418
3	174	0.017414317511347418
3	8	0.017414317511347418
3	214	0.017414317511347418
3	159	0.017414317511347418
3	225	0.017414317511347418
3	296	0.017414317511347418
3	125	0.017414317511347418
23	227	0.01741370488120195
71	294	0.017413337930807876
71	221	0.017413337930807876
71	201	0.017413337930807876
71	231	0.017413337930807876
33	249	0.01741180342506376
100	249	0.01741180342506376
60	248	0.01741180342506376
73	248	0.01741180342506376
78	248	0.01741180342506376
80	248	0.01741180342506376
19	249	0.01741180342506376
106	248	0.01741180342506376
107	248	0.01741180342506376
19	248	0.01741180342506376
56	249	0.01741180342506376
49	249	0.01741180342506376
60	249	0.01741180342506376
59	249	0.01741180342506376
8	248	0.01741180342506376
56	248	0.01741180342506376
80	150	0.01741180342506376
78	150	0.01741180342506376
57	289	0.01741180342506376
56	289	0.01741180342506376
33	150	0.01741180342506376
32	150	0.01741180342506376
62	150	0.01741180342506376
60	150	0.01741180342506376
95	150	0.01741180342506376
73	150	0.01741180342506376
63	150	0.01741180342506376
107	289	0.01741180342506376
49	150	0.01741180342506376
43	150	0.01741180342506376
63	249	0.01741180342506376
62	249	0.01741180342506376
107	150	0.01741180342506376
100	150	0.01741180342506376
106	150	0.01741180342506376
26	150	0.01741180342506376
59	150	0.01741180342506376
8	150	0.01741180342506376
56	150	0.01741180342506376
57	150	0.01741180342506376
19	150	0.01741180342506376
57	248	0.01741180342506376
80	249	0.01741180342506376
33	289	0.01741180342506376
33	248	0.01741180342506376
43	289	0.01741180342506376
32	289	0.01741180342506376
32	248	0.01741180342506376
62	289	0.01741180342506376
26	289	0.01741180342506376
78	249	0.01741180342506376
73	249	0.01741180342506376
95	249	0.01741180342506376
49	289	0.01741180342506376
19	289	0.01741180342506376
8	289	0.01741180342506376
49	248	0.01741180342506376
60	289	0.01741180342506376
95	289	0.01741180342506376
43	248	0.01741180342506376
100	289	0.01741180342506376
78	289	0.01741180342506376
59	289	0.01741180342506376
80	289	0.01741180342506376
26	248	0.01741180342506376
43	249	0.01741180342506376
26	249	0.01741180342506376
8	249	0.01741180342506376
95	248	0.01741180342506376
100	248	0.01741180342506376
63	248	0.01741180342506376
59	248	0.01741180342506376
62	248	0.01741180342506376
63	289	0.01741180342506376
106	289	0.01741180342506376
73	289	0.01741180342506376
106	249	0.01741180342506376
32	249	0.01741180342506376
57	249	0.01741180342506376
107	249	0.01741180342506376
88	76	0.017411172968487078
88	92	0.017411172968487078
88	112	0.017411172968487078
88	83	0.017411172968487078
88	67	0.017411172968487078
88	74	0.017411172968487078
32	279	0.01741026945133585
56	218	0.01741026945133585
78	218	0.01741026945133585
80	218	0.01741026945133585
62	218	0.01741026945133585
63	218	0.01741026945133585
49	218	0.01741026945133585
62	205	0.01741026945133585
60	205	0.01741026945133585
59	205	0.01741026945133585
33	318	0.01741026945133585
32	318	0.01741026945133585
32	205	0.01741026945133585
8	205	0.01741026945133585
33	205	0.01741026945133585
56	205	0.01741026945133585
78	205	0.01741026945133585
19	205	0.01741026945133585
106	205	0.01741026945133585
107	205	0.01741026945133585
33	218	0.01741026945133585
19	218	0.01741026945133585
59	218	0.01741026945133585
73	318	0.01741026945133585
78	318	0.01741026945133585
62	318	0.01741026945133585
8	318	0.01741026945133585
43	318	0.01741026945133585
49	318	0.01741026945133585
95	318	0.01741026945133585
60	318	0.01741026945133585
59	318	0.01741026945133585
26	205	0.01741026945133585
26	218	0.01741026945133585
43	218	0.01741026945133585
8	218	0.01741026945133585
19	318	0.01741026945133585
106	318	0.01741026945133585
107	318	0.01741026945133585
100	318	0.01741026945133585
56	318	0.01741026945133585
63	318	0.01741026945133585
60	218	0.01741026945133585
73	218	0.01741026945133585
57	218	0.01741026945133585
80	142	0.01741026945133585
59	142	0.01741026945133585
57	142	0.01741026945133585
106	142	0.01741026945133585
107	142	0.01741026945133585
26	142	0.01741026945133585
8	142	0.01741026945133585
63	142	0.01741026945133585
49	279	0.01741026945133585
8	279	0.01741026945133585
43	279	0.01741026945133585
26	279	0.01741026945133585
32	142	0.01741026945133585
19	142	0.01741026945133585
63	279	0.01741026945133585
95	279	0.01741026945133585
60	279	0.01741026945133585
59	279	0.01741026945133585
57	279	0.01741026945133585
56	142	0.01741026945133585
56	279	0.01741026945133585
80	279	0.01741026945133585
19	279	0.01741026945133585
49	142	0.01741026945133585
43	142	0.01741026945133585
78	279	0.01741026945133585
78	142	0.01741026945133585
73	279	0.01741026945133585
62	279	0.01741026945133585
26	318	0.01741026945133585
57	318	0.01741026945133585
106	218	0.01741026945133585
100	142	0.01741026945133585
63	205	0.01741026945133585
57	205	0.01741026945133585
73	142	0.01741026945133585
32	218	0.01741026945133585
33	279	0.01741026945133585
49	205	0.01741026945133585
60	142	0.01741026945133585
80	318	0.01741026945133585
33	142	0.01741026945133585
62	142	0.01741026945133585
80	205	0.01741026945133585
95	205	0.01741026945133585
107	218	0.01741026945133585
100	279	0.01741026945133585
107	279	0.01741026945133585
106	279	0.01741026945133585
100	205	0.01741026945133585
73	205	0.01741026945133585
95	218	0.01741026945133585
100	218	0.01741026945133585
43	205	0.01741026945133585
95	142	0.01741026945133585
19	33	0.01740991894076384
100	33	0.01740991894076384
106	33	0.01740991894076384
49	33	0.01740991894076384
95	33	0.01740991894076384
107	33	0.01740991894076384
62	33	0.01740991894076384
63	33	0.01740991894076384
33	33	0.01740991894076384
8	33	0.01740991894076384
56	33	0.01740991894076384
59	33	0.01740991894076384
17	34	0.017409562735504477
85	153	0.017409325254377155
85	40	0.017409325254377155
85	137	0.017409325254377155
85	242	0.017409325254377155
85	36	0.017409325254377155
72	300	0.017408984815913207
76	300	0.017408984815913207
36	300	0.017408984815913207
4	40	0.017408722844542486
43	40	0.017408722844542486
4	153	0.017408722844542486
70	40	0.017408722844542486
47	40	0.017408722844542486
70	297	0.017408722844542486
70	153	0.017408722844542486
43	297	0.017408722844542486
70	242	0.017408722844542486
47	242	0.017408722844542486
70	137	0.017408722844542486
43	137	0.017408722844542486
4	137	0.017408722844542486
4	242	0.017408722844542486
47	137	0.017408722844542486
43	242	0.017408722844542486
47	153	0.017408722844542486
70	36	0.017408722844542486
47	36	0.017408722844542486
43	36	0.017408722844542486
43	153	0.017408722844542486
4	36	0.017408722844542486
4	297	0.017408722844542486
47	297	0.017408722844542486
29	254	0.017408419953774224
29	226	0.017408419953774224
91	204	0.01740818873107768
108	204	0.01740818873107768
74	204	0.01740818873107768
77	204	0.01740818873107768
75	204	0.01740818873107768
41	0	0.01740761613551261
31	4	0.01740761613551261
13	4	0.01740761613551261
14	4	0.01740761613551261
17	4	0.01740761613551261
38	4	0.01740761613551261
40	4	0.01740761613551261
18	4	0.01740761613551261
5	4	0.01740761613551261
6	4	0.01740761613551261
12	4	0.01740761613551261
107	0	0.01740761613551261
96	0	0.01740761613551261
94	0	0.01740761613551261
97	0	0.01740761613551261
98	0	0.01740761613551261
49	5	0.01740761613551261
58	5	0.01740761613551261
59	5	0.01740761613551261
60	5	0.01740761613551261
61	5	0.01740761613551261
62	5	0.01740761613551261
46	5	0.01740761613551261
48	5	0.01740761613551261
44	0	0.01740761613551261
38	5	0.01740761613551261
48	0	0.01740761613551261
31	0	0.01740761613551261
2	0	0.01740761613551261
46	0	0.01740761613551261
17	0	0.01740761613551261
18	0	0.01740761613551261
69	5	0.01740761613551261
22	0	0.01740761613551261
40	0	0.01740761613551261
5	0	0.01740761613551261
107	3	0.01740761613551261
2	4	0.01740761613551261
94	3	0.01740761613551261
96	3	0.01740761613551261
97	3	0.01740761613551261
98	3	0.01740761613551261
101	3	0.01740761613551261
41	4	0.01740761613551261
46	4	0.01740761613551261
44	4	0.01740761613551261
78	5	0.01740761613551261
48	4	0.01740761613551261
101	5	0.01740761613551261
70	5	0.01740761613551261
40	5	0.01740761613551261
41	5	0.01740761613551261
44	5	0.01740761613551261
65	5	0.01740761613551261
67	5	0.01740761613551261
68	5	0.01740761613551261
98	5	0.01740761613551261
81	5	0.01740761613551261
55	5	0.01740761613551261
13	5	0.01740761613551261
94	5	0.01740761613551261
58	4	0.01740761613551261
2	3	0.01740761613551261
96	5	0.01740761613551261
59	9	0.01740761613551261
96	4	0.01740761613551261
97	5	0.01740761613551261
49	9	0.01740761613551261
40	9	0.01740761613551261
41	9	0.01740761613551261
55	9	0.01740761613551261
38	9	0.01740761613551261
44	9	0.01740761613551261
2	9	0.01740761613551261
84	3	0.01740761613551261
81	3	0.01740761613551261
83	3	0.01740761613551261
27	5	0.01740761613551261
17	5	0.01740761613551261
18	5	0.01740761613551261
13	3	0.01740761613551261
14	5	0.01740761613551261
2	5	0.01740761613551261
22	5	0.01740761613551261
26	5	0.01740761613551261
31	5	0.01740761613551261
6	3	0.01740761613551261
12	3	0.01740761613551261
5	3	0.01740761613551261
12	5	0.01740761613551261
6	5	0.01740761613551261
5	5	0.01740761613551261
78	4	0.01740761613551261
48	9	0.01740761613551261
98	4	0.01740761613551261
97	4	0.01740761613551261
107	4	0.01740761613551261
94	4	0.01740761613551261
101	4	0.01740761613551261
46	9	0.01740761613551261
31	9	0.01740761613551261
62	4	0.01740761613551261
49	4	0.01740761613551261
55	4	0.01740761613551261
59	4	0.01740761613551261
60	4	0.01740761613551261
67	9	0.01740761613551261
68	9	0.01740761613551261
69	9	0.01740761613551261
61	9	0.01740761613551261
62	9	0.01740761613551261
65	9	0.01740761613551261
84	5	0.01740761613551261
84	4	0.01740761613551261
83	5	0.01740761613551261
84	9	0.01740761613551261
70	9	0.01740761613551261
58	9	0.01740761613551261
78	9	0.01740761613551261
107	5	0.01740761613551261
67	4	0.01740761613551261
83	4	0.01740761613551261
81	4	0.01740761613551261
61	4	0.01740761613551261
61	3	0.01740761613551261
60	3	0.01740761613551261
60	9	0.01740761613551261
65	4	0.01740761613551261
78	0	0.01740761613551261
59	0	0.01740761613551261
60	0	0.01740761613551261
61	0	0.01740761613551261
62	0	0.01740761613551261
65	0	0.01740761613551261
26	9	0.01740761613551261
27	9	0.01740761613551261
22	9	0.01740761613551261
18	9	0.01740761613551261
5	9	0.01740761613551261
6	9	0.01740761613551261
14	9	0.01740761613551261
83	9	0.01740761613551261
46	3	0.01740761613551261
62	3	0.01740761613551261
68	4	0.01740761613551261
14	3	0.01740761613551261
49	3	0.01740761613551261
48	3	0.01740761613551261
68	3	0.01740761613551261
67	3	0.01740761613551261
65	3	0.01740761613551261
78	3	0.01740761613551261
59	3	0.01740761613551261
94	9	0.01740761613551261
101	9	0.01740761613551261
98	9	0.01740761613551261
97	9	0.01740761613551261
81	9	0.01740761613551261
70	4	0.01740761613551261
69	4	0.01740761613551261
41	3	0.01740761613551261
44	3	0.01740761613551261
26	3	0.01740761613551261
27	3	0.01740761613551261
31	3	0.01740761613551261
17	3	0.01740761613551261
18	3	0.01740761613551261
22	3	0.01740761613551261
69	3	0.01740761613551261
58	3	0.01740761613551261
55	3	0.01740761613551261
70	3	0.01740761613551261
107	9	0.01740761613551261
40	3	0.01740761613551261
38	3	0.01740761613551261
22	4	0.01740761613551261
81	0	0.01740761613551261
70	0	0.01740761613551261
69	0	0.01740761613551261
68	0	0.01740761613551261
67	0	0.01740761613551261
55	0	0.01740761613551261
38	0	0.01740761613551261
27	0	0.01740761613551261
26	0	0.01740761613551261
84	0	0.01740761613551261
83	0	0.01740761613551261
14	0	0.01740761613551261
13	0	0.01740761613551261
58	0	0.01740761613551261
49	0	0.01740761613551261
96	9	0.01740761613551261
12	0	0.01740761613551261
26	4	0.01740761613551261
27	4	0.01740761613551261
6	0	0.01740761613551261
101	0	0.01740761613551261
12	9	0.01740761613551261
13	9	0.01740761613551261
17	9	0.01740761613551261
58	245	0.017407393609459716
40	245	0.017407393609459716
86	245	0.017407393609459716
48	245	0.017407393609459716
72	55	0.01740688064987297
36	55	0.01740688064987297
76	55	0.01740688064987297
84	247	0.01740661322503385
65	247	0.01740661322503385
97	247	0.01740661322503385
31	247	0.01740661322503385
12	247	0.01740661322503385
68	247	0.01740661322503385
18	247	0.01740661322503385
83	247	0.01740661322503385
81	247	0.01740661322503385
50	247	0.01740661322503385
6	247	0.01740661322503385
62	47	0.01740592131045702
100	47	0.01740592131045702
95	47	0.01740592131045702
106	47	0.01740592131045702
107	47	0.01740592131045702
33	47	0.01740592131045702
59	47	0.01740592131045702
56	47	0.01740592131045702
19	47	0.01740592131045702
63	47	0.01740592131045702
8	47	0.01740592131045702
49	47	0.01740592131045702
10	0	0.01740422630595054
63	0	0.01740422630595054
66	0	0.01740422630595054
8	9	0.01740422630595054
28	9	0.01740422630595054
10	9	0.01740422630595054
19	9	0.01740422630595054
8	0	0.01740422630595054
15	9	0.01740422630595054
103	0	0.01740422630595054
89	0	0.01740422630595054
90	0	0.01740422630595054
28	4	0.01740422630595054
15	4	0.01740422630595054
32	4	0.01740422630595054
33	4	0.01740422630595054
32	3	0.01740422630595054
87	0	0.01740422630595054
73	0	0.01740422630595054
15	0	0.01740422630595054
10	4	0.01740422630595054
32	0	0.01740422630595054
33	0	0.01740422630595054
43	0	0.01740422630595054
66	5	0.01740422630595054
33	3	0.01740422630595054
19	3	0.01740422630595054
43	3	0.01740422630595054
45	4	0.01740422630595054
43	4	0.01740422630595054
79	5	0.01740422630595054
43	5	0.01740422630595054
89	5	0.01740422630595054
90	5	0.01740422630595054
87	5	0.01740422630595054
73	5	0.01740422630595054
47	4	0.01740422630595054
100	3	0.01740422630595054
103	3	0.01740422630595054
89	3	0.01740422630595054
90	3	0.01740422630595054
92	3	0.01740422630595054
106	3	0.01740422630595054
109	3	0.01740422630595054
95	3	0.01740422630595054
4	9	0.01740422630595054
32	9	0.01740422630595054
33	9	0.01740422630595054
104	5	0.01740422630595054
106	5	0.01740422630595054
56	5	0.01740422630595054
63	5	0.01740422630595054
92	5	0.01740422630595054
95	5	0.01740422630595054
100	5	0.01740422630595054
103	5	0.01740422630595054
57	5	0.01740422630595054
28	3	0.01740422630595054
104	9	0.01740422630595054
103	9	0.01740422630595054
73	3	0.01740422630595054
66	3	0.01740422630595054
63	3	0.01740422630595054
79	3	0.01740422630595054
104	4	0.01740422630595054
86	5	0.01740422630595054
103	4	0.01740422630595054
95	4	0.01740422630595054
80	5	0.01740422630595054
4	5	0.01740422630595054
92	9	0.01740422630595054
95	9	0.01740422630595054
8	5	0.01740422630595054
10	5	0.01740422630595054
33	5	0.01740422630595054
19	5	0.01740422630595054
15	5	0.01740422630595054
28	5	0.01740422630595054
32	5	0.01740422630595054
56	9	0.01740422630595054
57	9	0.01740422630595054
86	3	0.01740422630595054
87	3	0.01740422630595054
80	3	0.01740422630595054
45	9	0.01740422630595054
43	9	0.01740422630595054
73	4	0.01740422630595054
100	9	0.01740422630595054
90	9	0.01740422630595054
15	3	0.01740422630595054
109	5	0.01740422630595054
4	3	0.01740422630595054
47	3	0.01740422630595054
80	9	0.01740422630595054
79	9	0.01740422630595054
73	9	0.01740422630595054
86	9	0.01740422630595054
87	9	0.01740422630595054
47	9	0.01740422630595054
57	4	0.01740422630595054
56	4	0.01740422630595054
63	9	0.01740422630595054
8	3	0.01740422630595054
10	3	0.01740422630595054
89	4	0.01740422630595054
90	4	0.01740422630595054
92	4	0.01740422630595054
100	4	0.01740422630595054
86	4	0.01740422630595054
87	4	0.01740422630595054
106	4	0.01740422630595054
109	4	0.01740422630595054
66	9	0.01740422630595054
106	9	0.01740422630595054
109	9	0.01740422630595054
56	3	0.01740422630595054
56	0	0.01740422630595054
19	0	0.01740422630595054
104	3	0.01740422630595054
57	3	0.01740422630595054
80	4	0.01740422630595054
63	4	0.01740422630595054
66	4	0.01740422630595054
79	0	0.01740422630595054
86	0	0.01740422630595054
79	4	0.01740422630595054
45	3	0.01740422630595054
89	9	0.01740422630595054
57	0	0.01740422630595054
45	0	0.01740422630595054
4	0	0.01740422630595054
47	5	0.01740422630595054
8	4	0.01740422630595054
4	4	0.01740422630595054
19	4	0.01740422630595054
92	0	0.01740422630595054
106	0	0.01740422630595054
104	0	0.01740422630595054
100	0	0.01740422630595054
95	0	0.01740422630595054
109	0	0.01740422630595054
45	5	0.01740422630595054
28	0	0.01740422630595054
80	0	0.01740422630595054
47	0	0.01740422630595054
39	269	0.017403171892412857
39	171	0.017403171892412857
39	317	0.017403171892412857
39	167	0.017403171892412857
39	170	0.017403171892412857
39	162	0.017403171892412857
39	212	0.017403171892412857
39	332	0.017403171892412857
39	140	0.017403171892412857
39	253	0.017403171892412857
39	326	0.017403171892412857
39	12	0.017403171892412857
111	222	0.017402422205195826
79	47	0.017399860301753757
73	47	0.017399860301753757
43	47	0.017399860301753757
90	47	0.017399860301753757
70	47	0.017399860301753757
37	54	0.017399835998514072
48	34	0.017399206499496295
57	34	0.017399206499496295
58	34	0.017399206499496295
40	34	0.017399206499496295
86	34	0.017399206499496295
23	229	0.017398979833252812
71	223	0.01739838275596029
21	200	0.01739805612667331
95	237	0.017397884246563806
100	237	0.017397884246563806
43	237	0.017397884246563806
8	237	0.017397884246563806
107	237	0.017397884246563806
106	237	0.017397884246563806
49	237	0.017397884246563806
59	237	0.017397884246563806
19	237	0.017397884246563806
80	237	0.017397884246563806
62	237	0.017397884246563806
56	237	0.017397884246563806
57	237	0.017397884246563806
73	237	0.017397884246563806
60	237	0.017397884246563806
63	237	0.017397884246563806
32	237	0.017397884246563806
26	237	0.017397884246563806
78	237	0.017397884246563806
33	237	0.017397884246563806
105	0	0.01739787743262855
105	4	0.01739787743262855
105	3	0.01739787743262855
105	9	0.01739787743262855
105	5	0.01739787743262855
90	46	0.01739767733537149
43	46	0.01739767733537149
61	1	0.01739729239438647
3	121	0.017397240533986166
3	109	0.017397240533986166
3	81	0.017397240533986166
3	90	0.017397240533986166
3	117	0.017397240533986166
3	103	0.017397240533986166
3	53	0.017397240533986166
3	116	0.017397240533986166
3	332	0.017397240533986166
3	74	0.017397240533986166
3	131	0.017397240533986166
3	132	0.017397240533986166
3	102	0.017397240533986166
3	76	0.017397240533986166
3	68	0.017397240533986166
3	67	0.017397240533986166
3	83	0.017397240533986166
3	106	0.017397240533986166
3	118	0.017397240533986166
3	82	0.017397240533986166
3	281	0.017397240533986166
3	92	0.017397240533986166
3	129	0.017397240533986166
3	104	0.017397240533986166
3	86	0.017397240533986166
3	93	0.017397240533986166
3	108	0.017397240533986166
3	60	0.017397240533986166
3	65	0.017397240533986166
3	55	0.017397240533986166
3	113	0.017397240533986166
3	72	0.017397240533986166
3	95	0.017397240533986166
3	94	0.017397240533986166
3	115	0.017397240533986166
3	107	0.017397240533986166
3	98	0.017397240533986166
3	124	0.017397240533986166
3	61	0.017397240533986166
3	130	0.017397240533986166
3	224	0.017397240533986166
3	223	0.017397240533986166
3	64	0.017397240533986166
3	120	0.017397240533986166
3	134	0.017397240533986166
3	238	0.017397240533986166
3	112	0.017397240533986166
3	100	0.017397240533986166
3	79	0.017397240533986166
3	77	0.017397240533986166
3	51	0.017397240533986166
3	119	0.017397240533986166
3	62	0.017397240533986166
3	114	0.017397240533986166
72	155	0.017397042053950866
36	155	0.017397042053950866
66	110	0.017396674108230776
89	110	0.017396674108230776
84	110	0.017396674108230776
96	110	0.017396674108230776
40	110	0.017396674108230776
41	110	0.017396674108230776
70	110	0.017396674108230776
73	110	0.017396674108230776
81	110	0.017396674108230776
78	110	0.017396674108230776
90	110	0.017396674108230776
86	110	0.017396674108230776
69	110	0.017396674108230776
83	110	0.017396674108230776
44	110	0.017396674108230776
62	110	0.017396674108230776
14	110	0.017396674108230776
15	110	0.017396674108230776
22	110	0.017396674108230776
79	110	0.017396674108230776
33	110	0.017396674108230776
106	110	0.017396674108230776
48	110	0.017396674108230776
104	110	0.017396674108230776
87	110	0.017396674108230776
47	110	0.017396674108230776
26	110	0.017396674108230776
95	110	0.017396674108230776
18	110	0.017396674108230776
17	110	0.017396674108230776
19	110	0.017396674108230776
57	110	0.017396674108230776
10	110	0.017396674108230776
8	110	0.017396674108230776
46	110	0.017396674108230776
12	110	0.017396674108230776
56	110	0.017396674108230776
58	110	0.017396674108230776
6	110	0.017396674108230776
59	110	0.017396674108230776
32	110	0.017396674108230776
31	110	0.017396674108230776
49	110	0.017396674108230776
4	110	0.017396674108230776
98	110	0.017396674108230776
61	110	0.017396674108230776
107	110	0.017396674108230776
97	110	0.017396674108230776
109	110	0.017396674108230776
101	110	0.017396674108230776
100	110	0.017396674108230776
68	110	0.017396674108230776
65	110	0.017396674108230776
45	110	0.017396674108230776
13	110	0.017396674108230776
43	110	0.017396674108230776
67	110	0.017396674108230776
63	110	0.017396674108230776
105	44	0.017396208379573178
88	44	0.017396208379573178
66	6	0.017396120890636732
4	6	0.017396120890636732
15	6	0.017396120890636732
47	6	0.017396120890636732
109	6	0.017396120890636732
104	6	0.017396120890636732
10	6	0.017396120890636732
79	6	0.017396120890636732
87	6	0.017396120890636732
89	6	0.017396120890636732
90	6	0.017396120890636732
86	6	0.017396120890636732
60	222	0.017394531821235626
95	222	0.017394531821235626
78	222	0.017394531821235626
80	222	0.017394531821235626
33	222	0.017394531821235626
32	222	0.017394531821235626
49	222	0.017394531821235626
43	222	0.017394531821235626
59	222	0.017394531821235626
19	222	0.017394531821235626
8	222	0.017394531821235626
107	222	0.017394531821235626
63	222	0.017394531821235626
62	222	0.017394531821235626
73	222	0.017394531821235626
106	222	0.017394531821235626
57	222	0.017394531821235626
56	222	0.017394531821235626
26	222	0.017394531821235626
100	222	0.017394531821235626
1	151	0.017393893088610116
1	65	0.017393893088610116
1	115	0.017393893088610116
1	165	0.017393893088610116
1	109	0.017393893088610116
1	168	0.017393893088610116
1	72	0.017393893088610116
1	92	0.017393893088610116
1	202	0.017393893088610116
1	93	0.017393893088610116
1	85	0.017393893088610116
1	204	0.017393893088610116
1	66	0.017393893088610116
1	113	0.017393893088610116
1	81	0.017393893088610116
1	82	0.017393893088610116
1	265	0.017393893088610116
1	114	0.017393893088610116
1	73	0.017393893088610116
1	84	0.017393893088610116
1	126	0.017393893088610116
1	125	0.017393893088610116
1	103	0.017393893088610116
1	53	0.017393893088610116
1	121	0.017393893088610116
1	123	0.017393893088610116
1	196	0.017393893088610116
1	106	0.017393893088610116
1	261	0.017393893088610116
1	80	0.017393893088610116
1	117	0.017393893088610116
1	152	0.017393893088610116
1	139	0.017393893088610116
1	159	0.017393893088610116
1	98	0.017393893088610116
1	184	0.017393893088610116
1	74	0.017393893088610116
1	94	0.017393893088610116
1	148	0.017393893088610116
1	67	0.017393893088610116
1	61	0.017393893088610116
1	111	0.017393893088610116
1	200	0.017393893088610116
1	198	0.017393893088610116
1	124	0.017393893088610116
1	83	0.017393893088610116
1	156	0.017393893088610116
1	149	0.017393893088610116
1	62	0.017393893088610116
1	79	0.017393893088610116
1	78	0.017393893088610116
1	133	0.017393893088610116
1	76	0.017393893088610116
1	118	0.017393893088610116
1	50	0.017393893088610116
1	112	0.017393893088610116
91	206	0.017393271606613882
108	206	0.017393271606613882
74	206	0.017393271606613882
75	206	0.017393271606613882
111	166	0.017393217466358458
111	172	0.017393217466358458
111	286	0.017393217466358458
13	28	0.01739273636835491
32	196	0.01739273636835491
33	196	0.01739273636835491
40	28	0.01739273636835491
45	28	0.01739273636835491
46	28	0.01739273636835491
15	28	0.01739273636835491
8	28	0.01739273636835491
40	101	0.01739273636835491
41	101	0.01739273636835491
60	101	0.01739273636835491
61	101	0.01739273636835491
62	101	0.01739273636835491
43	28	0.01739273636835491
100	101	0.01739273636835491
101	101	0.01739273636835491
104	101	0.01739273636835491
106	101	0.01739273636835491
86	101	0.01739273636835491
22	101	0.01739273636835491
67	101	0.01739273636835491
48	101	0.01739273636835491
49	101	0.01739273636835491
56	101	0.01739273636835491
63	28	0.01739273636835491
59	101	0.01739273636835491
98	101	0.01739273636835491
46	101	0.01739273636835491
73	101	0.01739273636835491
78	101	0.01739273636835491
79	101	0.01739273636835491
68	101	0.01739273636835491
14	101	0.01739273636835491
109	28	0.01739273636835491
56	28	0.01739273636835491
58	28	0.01739273636835491
59	28	0.01739273636835491
60	28	0.01739273636835491
61	28	0.01739273636835491
79	28	0.01739273636835491
66	28	0.01739273636835491
67	28	0.01739273636835491
68	28	0.01739273636835491
69	28	0.01739273636835491
70	28	0.01739273636835491
86	28	0.01739273636835491
41	122	0.01739273636835491
22	122	0.01739273636835491
46	122	0.01739273636835491
48	122	0.01739273636835491
49	122	0.01739273636835491
69	122	0.01739273636835491
70	122	0.01739273636835491
73	122	0.01739273636835491
62	28	0.01739273636835491
87	28	0.01739273636835491
45	58	0.01739273636835491
78	28	0.01739273636835491
17	122	0.01739273636835491
17	28	0.01739273636835491
44	28	0.01739273636835491
22	28	0.01739273636835491
26	28	0.01739273636835491
69	101	0.01739273636835491
87	101	0.01739273636835491
70	101	0.01739273636835491
107	101	0.01739273636835491
109	101	0.01739273636835491
89	101	0.01739273636835491
90	101	0.01739273636835491
95	101	0.01739273636835491
96	101	0.01739273636835491
14	28	0.01739273636835491
90	331	0.01739273636835491
95	331	0.01739273636835491
96	331	0.01739273636835491
101	331	0.01739273636835491
104	331	0.01739273636835491
106	331	0.01739273636835491
107	331	0.01739273636835491
109	331	0.01739273636835491
98	331	0.01739273636835491
100	331	0.01739273636835491
79	122	0.01739273636835491
66	122	0.01739273636835491
67	122	0.01739273636835491
68	122	0.01739273636835491
106	28	0.01739273636835491
107	28	0.01739273636835491
89	28	0.01739273636835491
90	28	0.01739273636835491
95	28	0.01739273636835491
96	28	0.01739273636835491
100	28	0.01739273636835491
59	122	0.01739273636835491
60	122	0.01739273636835491
61	122	0.01739273636835491
106	122	0.01739273636835491
107	122	0.01739273636835491
109	122	0.01739273636835491
19	122	0.01739273636835491
10	196	0.01739273636835491
62	122	0.01739273636835491
63	122	0.01739273636835491
101	122	0.01739273636835491
104	122	0.01739273636835491
56	122	0.01739273636835491
43	122	0.01739273636835491
44	122	0.01739273636835491
45	122	0.01739273636835491
26	122	0.01739273636835491
31	122	0.01739273636835491
40	122	0.01739273636835491
104	28	0.01739273636835491
86	331	0.01739273636835491
79	331	0.01739273636835491
70	331	0.01739273636835491
87	331	0.01739273636835491
89	331	0.01739273636835491
78	331	0.01739273636835491
68	196	0.01739273636835491
69	196	0.01739273636835491
70	196	0.01739273636835491
73	196	0.01739273636835491
8	196	0.01739273636835491
48	196	0.01739273636835491
104	196	0.01739273636835491
13	196	0.01739273636835491
14	196	0.01739273636835491
15	196	0.01739273636835491
17	196	0.01739273636835491
19	196	0.01739273636835491
59	196	0.01739273636835491
41	196	0.01739273636835491
43	196	0.01739273636835491
44	196	0.01739273636835491
45	196	0.01739273636835491
46	196	0.01739273636835491
66	196	0.01739273636835491
31	196	0.01739273636835491
89	122	0.01739273636835491
90	122	0.01739273636835491
58	196	0.01739273636835491
101	28	0.01739273636835491
98	28	0.01739273636835491
78	122	0.01739273636835491
86	122	0.01739273636835491
87	122	0.01739273636835491
56	196	0.01739273636835491
60	196	0.01739273636835491
61	196	0.01739273636835491
62	196	0.01739273636835491
63	196	0.01739273636835491
89	196	0.01739273636835491
79	196	0.01739273636835491
98	196	0.01739273636835491
100	196	0.01739273636835491
101	196	0.01739273636835491
86	196	0.01739273636835491
87	196	0.01739273636835491
67	196	0.01739273636835491
49	196	0.01739273636835491
22	196	0.01739273636835491
26	196	0.01739273636835491
106	196	0.01739273636835491
95	196	0.01739273636835491
96	196	0.01739273636835491
107	196	0.01739273636835491
109	196	0.01739273636835491
90	196	0.01739273636835491
78	196	0.01739273636835491
96	122	0.01739273636835491
98	122	0.01739273636835491
100	122	0.01739273636835491
95	122	0.01739273636835491
58	122	0.01739273636835491
95	133	0.01739273636835491
96	133	0.01739273636835491
78	133	0.01739273636835491
79	133	0.01739273636835491
104	133	0.01739273636835491
106	133	0.01739273636835491
90	133	0.01739273636835491
98	133	0.01739273636835491
62	331	0.01739273636835491
48	91	0.01739273636835491
8	91	0.01739273636835491
10	91	0.01739273636835491
22	91	0.01739273636835491
67	91	0.01739273636835491
68	91	0.01739273636835491
49	91	0.01739273636835491
15	91	0.01739273636835491
17	91	0.01739273636835491
56	91	0.01739273636835491
58	91	0.01739273636835491
96	91	0.01739273636835491
78	91	0.01739273636835491
79	91	0.01739273636835491
26	91	0.01739273636835491
13	91	0.01739273636835491
14	91	0.01739273636835491
19	91	0.01739273636835491
67	331	0.01739273636835491
68	331	0.01739273636835491
100	133	0.01739273636835491
101	133	0.01739273636835491
107	133	0.01739273636835491
109	133	0.01739273636835491
44	91	0.01739273636835491
98	91	0.01739273636835491
100	91	0.01739273636835491
101	91	0.01739273636835491
104	91	0.01739273636835491
59	91	0.01739273636835491
60	91	0.01739273636835491
61	91	0.01739273636835491
62	91	0.01739273636835491
69	331	0.01739273636835491
66	58	0.01739273636835491
96	58	0.01739273636835491
98	58	0.01739273636835491
63	331	0.01739273636835491
66	331	0.01739273636835491
100	58	0.01739273636835491
101	58	0.01739273636835491
104	58	0.01739273636835491
106	58	0.01739273636835491
107	58	0.01739273636835491
109	58	0.01739273636835491
58	331	0.01739273636835491
59	331	0.01739273636835491
60	331	0.01739273636835491
26	331	0.01739273636835491
31	331	0.01739273636835491
32	331	0.01739273636835491
33	331	0.01739273636835491
40	331	0.01739273636835491
41	331	0.01739273636835491
45	133	0.01739273636835491
46	133	0.01739273636835491
48	133	0.01739273636835491
49	133	0.01739273636835491
68	133	0.01739273636835491
73	133	0.01739273636835491
61	133	0.01739273636835491
62	133	0.01739273636835491
63	133	0.01739273636835491
58	133	0.01739273636835491
59	133	0.01739273636835491
60	133	0.01739273636835491
69	133	0.01739273636835491
70	133	0.01739273636835491
66	133	0.01739273636835491
67	133	0.01739273636835491
17	133	0.01739273636835491
19	133	0.01739273636835491
22	133	0.01739273636835491
109	91	0.01739273636835491
106	91	0.01739273636835491
107	91	0.01739273636835491
41	91	0.01739273636835491
43	91	0.01739273636835491
69	91	0.01739273636835491
89	91	0.01739273636835491
90	91	0.01739273636835491
95	91	0.01739273636835491
45	91	0.01739273636835491
46	91	0.01739273636835491
31	91	0.01739273636835491
32	91	0.01739273636835491
33	91	0.01739273636835491
86	91	0.01739273636835491
87	91	0.01739273636835491
40	91	0.01739273636835491
63	91	0.01739273636835491
66	91	0.01739273636835491
70	91	0.01739273636835491
73	91	0.01739273636835491
56	133	0.01739273636835491
8	133	0.01739273636835491
10	133	0.01739273636835491
13	133	0.01739273636835491
14	133	0.01739273636835491
89	133	0.01739273636835491
15	133	0.01739273636835491
44	133	0.01739273636835491
26	133	0.01739273636835491
31	133	0.01739273636835491
32	133	0.01739273636835491
33	133	0.01739273636835491
86	133	0.01739273636835491
87	133	0.01739273636835491
40	133	0.01739273636835491
41	133	0.01739273636835491
43	133	0.01739273636835491
56	331	0.01739273636835491
43	331	0.01739273636835491
44	331	0.01739273636835491
45	331	0.01739273636835491
46	331	0.01739273636835491
48	331	0.01739273636835491
49	331	0.01739273636835491
14	331	0.01739273636835491
15	331	0.01739273636835491
17	331	0.01739273636835491
22	331	0.01739273636835491
19	331	0.01739273636835491
8	331	0.01739273636835491
10	331	0.01739273636835491
33	206	0.01739273636835491
59	206	0.01739273636835491
40	206	0.01739273636835491
22	206	0.01739273636835491
17	206	0.01739273636835491
67	58	0.01739273636835491
68	58	0.01739273636835491
69	58	0.01739273636835491
62	58	0.01739273636835491
63	58	0.01739273636835491
70	58	0.01739273636835491
73	58	0.01739273636835491
33	58	0.01739273636835491
61	331	0.01739273636835491
48	206	0.01739273636835491
26	206	0.01739273636835491
31	206	0.01739273636835491
32	206	0.01739273636835491
49	206	0.01739273636835491
56	206	0.01739273636835491
58	206	0.01739273636835491
66	206	0.01739273636835491
67	206	0.01739273636835491
41	206	0.01739273636835491
43	206	0.01739273636835491
60	206	0.01739273636835491
61	206	0.01739273636835491
62	206	0.01739273636835491
63	206	0.01739273636835491
86	206	0.01739273636835491
87	206	0.01739273636835491
101	206	0.01739273636835491
68	206	0.01739273636835491
69	206	0.01739273636835491
70	206	0.01739273636835491
73	206	0.01739273636835491
78	206	0.01739273636835491
19	206	0.01739273636835491
8	206	0.01739273636835491
10	206	0.01739273636835491
13	206	0.01739273636835491
14	206	0.01739273636835491
15	206	0.01739273636835491
13	331	0.01739273636835491
73	331	0.01739273636835491
59	58	0.01739273636835491
60	58	0.01739273636835491
61	58	0.01739273636835491
15	58	0.01739273636835491
19	58	0.01739273636835491
22	58	0.01739273636835491
26	58	0.01739273636835491
49	58	0.01739273636835491
40	58	0.01739273636835491
56	58	0.01739273636835491
58	58	0.01739273636835491
17	58	0.01739273636835491
48	58	0.01739273636835491
8	58	0.01739273636835491
10	58	0.01739273636835491
13	58	0.01739273636835491
14	58	0.01739273636835491
89	58	0.01739273636835491
90	58	0.01739273636835491
95	58	0.01739273636835491
78	58	0.01739273636835491
79	58	0.01739273636835491
31	58	0.01739273636835491
32	58	0.01739273636835491
86	58	0.01739273636835491
87	58	0.01739273636835491
41	58	0.01739273636835491
43	58	0.01739273636835491
44	58	0.01739273636835491
58	101	0.01739273636835491
46	58	0.01739273636835491
109	206	0.01739273636835491
95	206	0.01739273636835491
96	206	0.01739273636835491
79	206	0.01739273636835491
100	206	0.01739273636835491
89	206	0.01739273636835491
90	206	0.01739273636835491
107	206	0.01739273636835491
98	206	0.01739273636835491
104	206	0.01739273636835491
106	206	0.01739273636835491
44	206	0.01739273636835491
45	206	0.01739273636835491
46	206	0.01739273636835491
48	28	0.01739273636835491
49	28	0.01739273636835491
33	28	0.01739273636835491
10	28	0.01739273636835491
8	101	0.01739273636835491
19	101	0.01739273636835491
13	101	0.01739273636835491
40	196	0.01739273636835491
10	101	0.01739273636835491
63	101	0.01739273636835491
66	101	0.01739273636835491
43	101	0.01739273636835491
44	101	0.01739273636835491
45	101	0.01739273636835491
15	101	0.01739273636835491
73	28	0.01739273636835491
33	101	0.01739273636835491
17	101	0.01739273636835491
26	101	0.01739273636835491
31	101	0.01739273636835491
32	101	0.01739273636835491
31	28	0.01739273636835491
32	28	0.01739273636835491
8	122	0.01739273636835491
10	122	0.01739273636835491
13	122	0.01739273636835491
14	122	0.01739273636835491
15	122	0.01739273636835491
32	122	0.01739273636835491
33	122	0.01739273636835491
19	28	0.01739273636835491
41	28	0.01739273636835491
7	242	0.017392727155646423
102	48	0.01739272345466538
71	48	0.01739272345466538
14	63	0.017392333704014627
15	63	0.017392333704014627
10	63	0.017392333704014627
12	63	0.017392333704014627
8	63	0.017392333704014627
6	63	0.017392333704014627
19	63	0.017392333704014627
18	63	0.017392333704014627
13	63	0.017392333704014627
17	63	0.017392333704014627
22	63	0.017392333704014627
26	63	0.017392333704014627
106	135	0.017392333704014627
87	63	0.017392333704014627
104	135	0.017392333704014627
4	63	0.017392333704014627
95	63	0.017392333704014627
58	63	0.017392333704014627
96	63	0.017392333704014627
90	63	0.017392333704014627
98	135	0.017392333704014627
47	135	0.017392333704014627
46	135	0.017392333704014627
96	135	0.017392333704014627
49	135	0.017392333704014627
32	135	0.017392333704014627
33	135	0.017392333704014627
48	135	0.017392333704014627
89	135	0.017392333704014627
59	135	0.017392333704014627
31	135	0.017392333704014627
26	135	0.017392333704014627
41	135	0.017392333704014627
97	135	0.017392333704014627
90	135	0.017392333704014627
40	135	0.017392333704014627
60	135	0.017392333704014627
57	135	0.017392333704014627
56	135	0.017392333704014627
65	135	0.017392333704014627
13	135	0.017392333704014627
12	135	0.017392333704014627
104	63	0.017392333704014627
58	135	0.017392333704014627
10	135	0.017392333704014627
22	135	0.017392333704014627
19	135	0.017392333704014627
18	135	0.017392333704014627
31	63	0.017392333704014627
32	63	0.017392333704014627
59	63	0.017392333704014627
60	63	0.017392333704014627
61	63	0.017392333704014627
62	63	0.017392333704014627
63	63	0.017392333704014627
47	63	0.017392333704014627
62	135	0.017392333704014627
61	135	0.017392333704014627
17	135	0.017392333704014627
67	63	0.017392333704014627
109	63	0.017392333704014627
107	63	0.017392333704014627
66	63	0.017392333704014627
89	63	0.017392333704014627
63	135	0.017392333704014627
40	63	0.017392333704014627
41	63	0.017392333704014627
48	63	0.017392333704014627
107	135	0.017392333704014627
49	63	0.017392333704014627
100	135	0.017392333704014627
109	135	0.017392333704014627
101	135	0.017392333704014627
98	63	0.017392333704014627
97	63	0.017392333704014627
101	63	0.017392333704014627
95	135	0.017392333704014627
69	135	0.017392333704014627
100	63	0.017392333704014627
78	135	0.017392333704014627
83	135	0.017392333704014627
84	135	0.017392333704014627
66	135	0.017392333704014627
67	135	0.017392333704014627
79	135	0.017392333704014627
80	135	0.017392333704014627
68	135	0.017392333704014627
81	135	0.017392333704014627
87	135	0.017392333704014627
86	135	0.017392333704014627
73	135	0.017392333704014627
70	135	0.017392333704014627
45	135	0.017392333704014627
44	135	0.017392333704014627
43	135	0.017392333704014627
84	63	0.017392333704014627
46	63	0.017392333704014627
73	63	0.017392333704014627
68	63	0.017392333704014627
69	63	0.017392333704014627
33	63	0.017392333704014627
45	63	0.017392333704014627
44	63	0.017392333704014627
43	63	0.017392333704014627
8	135	0.017392333704014627
86	63	0.017392333704014627
81	63	0.017392333704014627
80	63	0.017392333704014627
78	63	0.017392333704014627
79	63	0.017392333704014627
83	63	0.017392333704014627
106	63	0.017392333704014627
70	63	0.017392333704014627
65	63	0.017392333704014627
57	63	0.017392333704014627
56	63	0.017392333704014627
14	135	0.017392333704014627
15	135	0.017392333704014627
4	135	0.017392333704014627
6	135	0.017392333704014627
4	10	0.017391821809790698
86	10	0.017391821809790698
87	10	0.017391821809790698
66	10	0.017391821809790698
109	10	0.017391821809790698
79	10	0.017391821809790698
89	10	0.017391821809790698
90	10	0.017391821809790698
10	10	0.017391821809790698
47	10	0.017391821809790698
15	10	0.017391821809790698
104	10	0.017391821809790698
24	206	0.017391819873931656
80	41	0.017391773881330452
80	42	0.017391773881330452
80	37	0.017391773881330452
99	94	0.01739147537688128
99	93	0.01739147537688128
75	111	0.01739147537688128
99	111	0.01739147537688128
75	93	0.01739147537688128
75	94	0.01739147537688128
16	148	0.017391410799659827
51	168	0.01739114542027626
51	125	0.01739114542027626
51	159	0.01739114542027626
38	135	0.01739082660962554
38	63	0.01739082660962554
5	135	0.01739082660962554
55	135	0.01739082660962554
2	135	0.01739082660962554
94	135	0.01739082660962554
55	63	0.01739082660962554
92	135	0.01739082660962554
92	63	0.01739082660962554
94	63	0.01739082660962554
27	63	0.01739082660962554
2	63	0.01739082660962554
28	63	0.01739082660962554
28	135	0.01739082660962554
103	63	0.01739082660962554
103	135	0.01739082660962554
27	135	0.01739082660962554
5	63	0.01739082660962554
97	26	0.017390363443813856
81	20	0.017390037763032936
65	20	0.017390037763032936
51	62	0.01738947336536377
51	98	0.01738947336536377
51	115	0.01738947336536377
51	93	0.01738947336536377
51	82	0.01738947336536377
51	61	0.01738947336536377
51	117	0.01738947336536377
51	73	0.01738947336536377
51	124	0.01738947336536377
51	121	0.01738947336536377
51	66	0.01738947336536377
51	114	0.01738947336536377
51	85	0.01738947336536377
51	53	0.01738947336536377
51	103	0.01738947336536377
51	106	0.01738947336536377
51	78	0.01738947336536377
51	65	0.01738947336536377
51	72	0.01738947336536377
51	79	0.01738947336536377
51	113	0.01738947336536377
51	81	0.01738947336536377
51	94	0.01738947336536377
51	118	0.01738947336536377
51	109	0.01738947336536377
94	201	0.01738938636836405
92	201	0.01738938636836405
5	290	0.01738938636836405
38	290	0.01738938636836405
55	164	0.01738938636836405
38	164	0.01738938636836405
27	164	0.01738938636836405
28	164	0.01738938636836405
28	290	0.01738938636836405
92	164	0.01738938636836405
5	164	0.01738938636836405
103	201	0.01738938636836405
2	164	0.01738938636836405
2	290	0.01738938636836405
103	164	0.01738938636836405
103	290	0.01738938636836405
55	290	0.01738938636836405
94	164	0.01738938636836405
27	290	0.01738938636836405
55	201	0.01738938636836405
5	201	0.01738938636836405
28	201	0.01738938636836405
38	201	0.01738938636836405
2	201	0.01738938636836405
94	290	0.01738938636836405
92	290	0.01738938636836405
27	201	0.01738938636836405
86	264	0.017388601211406285
70	264	0.017388601211406285
79	264	0.017388601211406285
78	264	0.017388601211406285
44	264	0.017388601211406285
45	264	0.017388601211406285
69	264	0.017388601211406285
67	264	0.017388601211406285
68	264	0.017388601211406285
81	264	0.017388601211406285
89	264	0.017388601211406285
66	264	0.017388601211406285
65	264	0.017388601211406285
63	264	0.017388601211406285
87	264	0.017388601211406285
83	264	0.017388601211406285
32	264	0.017388601211406285
33	264	0.017388601211406285
19	264	0.017388601211406285
95	264	0.017388601211406285
73	264	0.017388601211406285
98	264	0.017388601211406285
96	264	0.017388601211406285
43	264	0.017388601211406285
84	264	0.017388601211406285
100	264	0.017388601211406285
40	264	0.017388601211406285
41	264	0.017388601211406285
49	264	0.017388601211406285
48	264	0.017388601211406285
47	264	0.017388601211406285
46	264	0.017388601211406285
4	264	0.017388601211406285
57	264	0.017388601211406285
101	264	0.017388601211406285
106	264	0.017388601211406285
109	264	0.017388601211406285
104	264	0.017388601211406285
107	264	0.017388601211406285
56	264	0.017388601211406285
13	264	0.017388601211406285
26	264	0.017388601211406285
6	264	0.017388601211406285
62	264	0.017388601211406285
59	264	0.017388601211406285
58	264	0.017388601211406285
31	264	0.017388601211406285
14	264	0.017388601211406285
97	264	0.017388601211406285
12	264	0.017388601211406285
17	264	0.017388601211406285
18	264	0.017388601211406285
8	264	0.017388601211406285
15	264	0.017388601211406285
90	264	0.017388601211406285
10	264	0.017388601211406285
94	318	0.017387667682196035
92	318	0.017387667682196035
2	279	0.017387667682196035
38	279	0.017387667682196035
27	318	0.017387667682196035
92	279	0.017387667682196035
28	279	0.017387667682196035
5	279	0.017387667682196035
2	142	0.017387667682196035
2	205	0.017387667682196035
5	142	0.017387667682196035
38	205	0.017387667682196035
28	142	0.017387667682196035
27	205	0.017387667682196035
5	205	0.017387667682196035
28	205	0.017387667682196035
2	218	0.017387667682196035
28	318	0.017387667682196035
38	218	0.017387667682196035
5	218	0.017387667682196035
38	318	0.017387667682196035
2	318	0.017387667682196035
94	218	0.017387667682196035
92	218	0.017387667682196035
28	218	0.017387667682196035
94	205	0.017387667682196035
27	218	0.017387667682196035
92	205	0.017387667682196035
92	142	0.017387667682196035
94	142	0.017387667682196035
27	142	0.017387667682196035
38	142	0.017387667682196035
94	279	0.017387667682196035
5	318	0.017387667682196035
27	279	0.017387667682196035
10	42	0.017387542183933256
44	42	0.017387542183933256
56	30	0.017387284135067172
62	30	0.017387284135067172
49	30	0.017387284135067172
95	30	0.017387284135067172
19	30	0.017387284135067172
106	30	0.017387284135067172
8	30	0.017387284135067172
33	30	0.017387284135067172
63	30	0.017387284135067172
59	30	0.017387284135067172
100	30	0.017387284135067172
107	30	0.017387284135067172
77	130	0.017386966895429255
33	43	0.01738657638957105
106	43	0.01738657638957105
49	43	0.01738657638957105
62	43	0.01738657638957105
63	43	0.01738657638957105
107	43	0.01738657638957105
19	43	0.01738657638957105
59	43	0.01738657638957105
8	43	0.01738657638957105
56	43	0.01738657638957105
100	43	0.01738657638957105
95	43	0.01738657638957105
11	200	0.017386305677782713
76	96	0.01738607077827406
72	96	0.01738607077827406
36	96	0.01738607077827406
68	119	0.01738595043065162
13	254	0.01738595043065162
19	120	0.01738595043065162
65	60	0.01738595043065162
66	254	0.01738595043065162
67	254	0.01738595043065162
56	119	0.01738595043065162
57	119	0.01738595043065162
68	254	0.01738595043065162
69	254	0.01738595043065162
56	254	0.01738595043065162
86	119	0.01738595043065162
87	119	0.01738595043065162
56	60	0.01738595043065162
89	119	0.01738595043065162
57	60	0.01738595043065162
90	119	0.01738595043065162
73	60	0.01738595043065162
78	60	0.01738595043065162
63	60	0.01738595043065162
78	119	0.01738595043065162
79	119	0.01738595043065162
80	119	0.01738595043065162
81	119	0.01738595043065162
58	119	0.01738595043065162
62	60	0.01738595043065162
40	254	0.01738595043065162
66	60	0.01738595043065162
67	60	0.01738595043065162
68	60	0.01738595043065162
69	60	0.01738595043065162
73	119	0.01738595043065162
101	333	0.01738595043065162
26	120	0.01738595043065162
70	60	0.01738595043065162
95	254	0.01738595043065162
96	254	0.01738595043065162
14	120	0.01738595043065162
15	120	0.01738595043065162
17	120	0.01738595043065162
79	333	0.01738595043065162
109	119	0.01738595043065162
97	254	0.01738595043065162
95	119	0.01738595043065162
96	119	0.01738595043065162
97	119	0.01738595043065162
98	119	0.01738595043065162
100	119	0.01738595043065162
70	333	0.01738595043065162
83	333	0.01738595043065162
84	333	0.01738595043065162
98	254	0.01738595043065162
86	333	0.01738595043065162
87	333	0.01738595043065162
73	333	0.01738595043065162
78	333	0.01738595043065162
86	295	0.01738595043065162
107	333	0.01738595043065162
49	254	0.01738595043065162
65	333	0.01738595043065162
66	333	0.01738595043065162
67	333	0.01738595043065162
68	333	0.01738595043065162
69	333	0.01738595043065162
31	119	0.01738595043065162
32	119	0.01738595043065162
33	119	0.01738595043065162
86	254	0.01738595043065162
87	254	0.01738595043065162
73	120	0.01738595043065162
89	254	0.01738595043065162
90	254	0.01738595043065162
79	120	0.01738595043065162
106	254	0.01738595043065162
65	120	0.01738595043065162
66	120	0.01738595043065162
67	120	0.01738595043065162
68	120	0.01738595043065162
69	120	0.01738595043065162
107	254	0.01738595043065162
40	120	0.01738595043065162
41	120	0.01738595043065162
43	120	0.01738595043065162
44	120	0.01738595043065162
45	120	0.01738595043065162
46	120	0.01738595043065162
31	120	0.01738595043065162
78	120	0.01738595043065162
18	120	0.01738595043065162
32	120	0.01738595043065162
33	120	0.01738595043065162
109	254	0.01738595043065162
22	254	0.01738595043065162
26	254	0.01738595043065162
22	120	0.01738595043065162
12	254	0.01738595043065162
109	120	0.01738595043065162
96	120	0.01738595043065162
97	120	0.01738595043065162
62	120	0.01738595043065162
63	120	0.01738595043065162
47	120	0.01738595043065162
48	120	0.01738595043065162
49	120	0.01738595043065162
100	254	0.01738595043065162
89	120	0.01738595043065162
90	120	0.01738595043065162
101	254	0.01738595043065162
104	120	0.01738595043065162
14	254	0.01738595043065162
106	120	0.01738595043065162
107	120	0.01738595043065162
47	119	0.01738595043065162
48	119	0.01738595043065162
49	119	0.01738595043065162
15	254	0.01738595043065162
98	120	0.01738595043065162
100	120	0.01738595043065162
101	120	0.01738595043065162
17	254	0.01738595043065162
40	119	0.01738595043065162
41	119	0.01738595043065162
43	119	0.01738595043065162
18	254	0.01738595043065162
60	119	0.01738595043065162
44	119	0.01738595043065162
45	119	0.01738595043065162
46	119	0.01738595043065162
86	120	0.01738595043065162
87	120	0.01738595043065162
26	121	0.01738595043065162
19	254	0.01738595043065162
70	254	0.01738595043065162
31	60	0.01738595043065162
31	121	0.01738595043065162
32	60	0.01738595043065162
32	121	0.01738595043065162
17	121	0.01738595043065162
18	121	0.01738595043065162
19	121	0.01738595043065162
84	254	0.01738595043065162
22	121	0.01738595043065162
8	121	0.01738595043065162
47	60	0.01738595043065162
61	120	0.01738595043065162
10	121	0.01738595043065162
12	121	0.01738595043065162
13	121	0.01738595043065162
14	121	0.01738595043065162
15	121	0.01738595043065162
48	60	0.01738595043065162
4	121	0.01738595043065162
49	60	0.01738595043065162
26	60	0.01738595043065162
70	120	0.01738595043065162
56	120	0.01738595043065162
57	120	0.01738595043065162
58	120	0.01738595043065162
59	120	0.01738595043065162
60	120	0.01738595043065162
15	119	0.01738595043065162
17	119	0.01738595043065162
18	119	0.01738595043065162
19	119	0.01738595043065162
4	119	0.01738595043065162
40	60	0.01738595043065162
41	60	0.01738595043065162
6	121	0.01738595043065162
8	119	0.01738595043065162
10	119	0.01738595043065162
109	118	0.01738595043065162
43	60	0.01738595043065162
44	60	0.01738595043065162
58	121	0.01738595043065162
13	119	0.01738595043065162
14	119	0.01738595043065162
60	121	0.01738595043065162
61	121	0.01738595043065162
62	121	0.01738595043065162
63	121	0.01738595043065162
45	60	0.01738595043065162
65	121	0.01738595043065162
49	121	0.01738595043065162
6	119	0.01738595043065162
46	60	0.01738595043065162
46	254	0.01738595043065162
95	120	0.01738595043065162
80	120	0.01738595043065162
81	120	0.01738595043065162
83	120	0.01738595043065162
84	120	0.01738595043065162
59	121	0.01738595043065162
33	121	0.01738595043065162
47	254	0.01738595043065162
48	254	0.01738595043065162
33	60	0.01738595043065162
22	60	0.01738595043065162
104	254	0.01738595043065162
56	121	0.01738595043065162
57	121	0.01738595043065162
58	254	0.01738595043065162
59	254	0.01738595043065162
95	121	0.01738595043065162
96	121	0.01738595043065162
45	121	0.01738595043065162
46	121	0.01738595043065162
47	121	0.01738595043065162
48	121	0.01738595043065162
84	121	0.01738595043065162
60	254	0.01738595043065162
86	121	0.01738595043065162
87	121	0.01738595043065162
89	121	0.01738595043065162
61	254	0.01738595043065162
40	121	0.01738595043065162
90	121	0.01738595043065162
45	254	0.01738595043065162
22	119	0.01738595043065162
18	60	0.01738595043065162
26	119	0.01738595043065162
19	60	0.01738595043065162
12	119	0.01738595043065162
97	121	0.01738595043065162
83	121	0.01738595043065162
80	121	0.01738595043065162
81	121	0.01738595043065162
66	121	0.01738595043065162
67	121	0.01738595043065162
68	121	0.01738595043065162
69	121	0.01738595043065162
68	118	0.01738595043065162
69	118	0.01738595043065162
70	121	0.01738595043065162
73	121	0.01738595043065162
6	60	0.01738595043065162
8	60	0.01738595043065162
106	121	0.01738595043065162
107	121	0.01738595043065162
78	121	0.01738595043065162
79	121	0.01738595043065162
107	118	0.01738595043065162
10	60	0.01738595043065162
109	121	0.01738595043065162
98	121	0.01738595043065162
100	121	0.01738595043065162
101	121	0.01738595043065162
12	60	0.01738595043065162
104	121	0.01738595043065162
41	121	0.01738595043065162
43	121	0.01738595043065162
44	121	0.01738595043065162
100	118	0.01738595043065162
101	118	0.01738595043065162
96	59	0.01738595043065162
104	118	0.01738595043065162
106	118	0.01738595043065162
46	333	0.01738595043065162
109	59	0.01738595043065162
104	333	0.01738595043065162
4	60	0.01738595043065162
106	333	0.01738595043065162
60	118	0.01738595043065162
79	118	0.01738595043065162
80	118	0.01738595043065162
101	59	0.01738595043065162
83	254	0.01738595043065162
104	59	0.01738595043065162
40	333	0.01738595043065162
41	333	0.01738595043065162
43	333	0.01738595043065162
44	333	0.01738595043065162
45	333	0.01738595043065162
106	59	0.01738595043065162
107	59	0.01738595043065162
31	333	0.01738595043065162
32	333	0.01738595043065162
33	333	0.01738595043065162
95	59	0.01738595043065162
78	254	0.01738595043065162
79	254	0.01738595043065162
70	118	0.01738595043065162
73	118	0.01738595043065162
81	333	0.01738595043065162
80	254	0.01738595043065162
81	254	0.01738595043065162
78	59	0.01738595043065162
79	59	0.01738595043065162
80	59	0.01738595043065162
81	59	0.01738595043065162
31	118	0.01738595043065162
46	118	0.01738595043065162
47	118	0.01738595043065162
48	118	0.01738595043065162
49	118	0.01738595043065162
83	59	0.01738595043065162
84	59	0.01738595043065162
84	118	0.01738595043065162
69	59	0.01738595043065162
97	59	0.01738595043065162
73	59	0.01738595043065162
40	118	0.01738595043065162
41	118	0.01738595043065162
61	59	0.01738595043065162
62	59	0.01738595043065162
90	118	0.01738595043065162
63	59	0.01738595043065162
78	118	0.01738595043065162
65	59	0.01738595043065162
95	118	0.01738595043065162
96	118	0.01738595043065162
97	118	0.01738595043065162
98	118	0.01738595043065162
81	118	0.01738595043065162
83	118	0.01738595043065162
67	59	0.01738595043065162
68	59	0.01738595043065162
56	59	0.01738595043065162
86	118	0.01738595043065162
87	118	0.01738595043065162
89	118	0.01738595043065162
57	59	0.01738595043065162
6	118	0.01738595043065162
8	118	0.01738595043065162
106	117	0.01738595043065162
107	117	0.01738595043065162
12	118	0.01738595043065162
13	118	0.01738595043065162
14	118	0.01738595043065162
109	117	0.01738595043065162
97	117	0.01738595043065162
98	117	0.01738595043065162
100	117	0.01738595043065162
101	117	0.01738595043065162
58	59	0.01738595043065162
70	59	0.01738595043065162
4	118	0.01738595043065162
61	118	0.01738595043065162
62	118	0.01738595043065162
63	118	0.01738595043065162
13	60	0.01738595043065162
65	118	0.01738595043065162
66	118	0.01738595043065162
67	118	0.01738595043065162
14	60	0.01738595043065162
15	60	0.01738595043065162
56	118	0.01738595043065162
57	118	0.01738595043065162
58	118	0.01738595043065162
59	118	0.01738595043065162
43	118	0.01738595043065162
44	118	0.01738595043065162
45	118	0.01738595043065162
26	123	0.01738595043065162
17	60	0.01738595043065162
96	117	0.01738595043065162
66	59	0.01738595043065162
4	123	0.01738595043065162
43	59	0.01738595043065162
12	256	0.01738595043065162
13	256	0.01738595043065162
19	123	0.01738595043065162
59	59	0.01738595043065162
31	123	0.01738595043065162
32	123	0.01738595043065162
33	123	0.01738595043065162
60	59	0.01738595043065162
44	59	0.01738595043065162
22	123	0.01738595043065162
26	118	0.01738595043065162
10	118	0.01738595043065162
45	59	0.01738595043065162
13	123	0.01738595043065162
14	123	0.01738595043065162
15	123	0.01738595043065162
17	123	0.01738595043065162
18	123	0.01738595043065162
15	118	0.01738595043065162
17	118	0.01738595043065162
32	118	0.01738595043065162
33	118	0.01738595043065162
18	118	0.01738595043065162
19	118	0.01738595043065162
46	59	0.01738595043065162
22	118	0.01738595043065162
67	123	0.01738595043065162
68	123	0.01738595043065162
69	123	0.01738595043065162
70	123	0.01738595043065162
56	123	0.01738595043065162
57	123	0.01738595043065162
58	123	0.01738595043065162
59	123	0.01738595043065162
60	123	0.01738595043065162
61	123	0.01738595043065162
62	123	0.01738595043065162
63	123	0.01738595043065162
47	123	0.01738595043065162
48	123	0.01738595043065162
49	123	0.01738595043065162
19	256	0.01738595043065162
95	117	0.01738595043065162
4	256	0.01738595043065162
40	59	0.01738595043065162
40	123	0.01738595043065162
41	123	0.01738595043065162
43	123	0.01738595043065162
44	123	0.01738595043065162
45	123	0.01738595043065162
41	59	0.01738595043065162
8	256	0.01738595043065162
104	117	0.01738595043065162
89	117	0.01738595043065162
90	117	0.01738595043065162
10	256	0.01738595043065162
14	256	0.01738595043065162
15	256	0.01738595043065162
90	123	0.01738595043065162
17	256	0.01738595043065162
18	256	0.01738595043065162
95	123	0.01738595043065162
80	123	0.01738595043065162
81	123	0.01738595043065162
83	123	0.01738595043065162
46	123	0.01738595043065162
98	59	0.01738595043065162
86	123	0.01738595043065162
87	123	0.01738595043065162
73	123	0.01738595043065162
78	123	0.01738595043065162
79	123	0.01738595043065162
80	117	0.01738595043065162
89	123	0.01738595043065162
81	117	0.01738595043065162
83	117	0.01738595043065162
84	117	0.01738595043065162
100	59	0.01738595043065162
86	117	0.01738595043065162
87	117	0.01738595043065162
73	117	0.01738595043065162
84	123	0.01738595043065162
86	59	0.01738595043065162
6	123	0.01738595043065162
8	123	0.01738595043065162
10	123	0.01738595043065162
12	123	0.01738595043065162
87	59	0.01738595043065162
65	123	0.01738595043065162
66	123	0.01738595043065162
69	117	0.01738595043065162
70	117	0.01738595043065162
56	117	0.01738595043065162
57	117	0.01738595043065162
58	117	0.01738595043065162
78	117	0.01738595043065162
79	117	0.01738595043065162
89	59	0.01738595043065162
60	117	0.01738595043065162
61	117	0.01738595043065162
62	117	0.01738595043065162
63	117	0.01738595043065162
17	124	0.01738595043065162
18	124	0.01738595043065162
67	117	0.01738595043065162
68	117	0.01738595043065162
90	59	0.01738595043065162
22	124	0.01738595043065162
8	124	0.01738595043065162
10	124	0.01738595043065162
12	124	0.01738595043065162
13	124	0.01738595043065162
14	124	0.01738595043065162
59	117	0.01738595043065162
96	123	0.01738595043065162
97	123	0.01738595043065162
98	123	0.01738595043065162
100	123	0.01738595043065162
101	123	0.01738595043065162
6	256	0.01738595043065162
47	256	0.01738595043065162
19	124	0.01738595043065162
15	124	0.01738595043065162
48	256	0.01738595043065162
4	124	0.01738595043065162
49	256	0.01738595043065162
6	124	0.01738595043065162
104	123	0.01738595043065162
106	123	0.01738595043065162
58	124	0.01738595043065162
107	123	0.01738595043065162
109	123	0.01738595043065162
49	124	0.01738595043065162
81	256	0.01738595043065162
83	256	0.01738595043065162
84	256	0.01738595043065162
56	124	0.01738595043065162
57	124	0.01738595043065162
41	124	0.01738595043065162
43	124	0.01738595043065162
44	124	0.01738595043065162
45	124	0.01738595043065162
46	124	0.01738595043065162
47	124	0.01738595043065162
48	124	0.01738595043065162
33	124	0.01738595043065162
65	117	0.01738595043065162
66	117	0.01738595043065162
69	256	0.01738595043065162
40	256	0.01738595043065162
41	256	0.01738595043065162
40	124	0.01738595043065162
26	124	0.01738595043065162
43	256	0.01738595043065162
44	256	0.01738595043065162
14	333	0.01738595043065162
15	333	0.01738595043065162
17	333	0.01738595043065162
18	333	0.01738595043065162
19	333	0.01738595043065162
45	256	0.01738595043065162
89	333	0.01738595043065162
46	256	0.01738595043065162
8	333	0.01738595043065162
10	333	0.01738595043065162
12	333	0.01738595043065162
13	333	0.01738595043065162
31	256	0.01738595043065162
32	256	0.01738595043065162
33	256	0.01738595043065162
47	59	0.01738595043065162
56	333	0.01738595043065162
57	333	0.01738595043065162
58	333	0.01738595043065162
59	333	0.01738595043065162
60	333	0.01738595043065162
61	333	0.01738595043065162
6	333	0.01738595043065162
59	124	0.01738595043065162
60	124	0.01738595043065162
61	124	0.01738595043065162
62	124	0.01738595043065162
63	124	0.01738595043065162
48	59	0.01738595043065162
49	59	0.01738595043065162
4	333	0.01738595043065162
83	124	0.01738595043065162
84	124	0.01738595043065162
22	256	0.01738595043065162
86	124	0.01738595043065162
26	256	0.01738595043065162
4	125	0.01738595043065162
109	18	0.01738595043065162
6	125	0.01738595043065162
78	124	0.01738595043065162
79	124	0.01738595043065162
80	124	0.01738595043065162
81	124	0.01738595043065162
6	59	0.01738595043065162
8	59	0.01738595043065162
31	124	0.01738595043065162
32	124	0.01738595043065162
67	124	0.01738595043065162
68	124	0.01738595043065162
69	124	0.01738595043065162
70	124	0.01738595043065162
73	124	0.01738595043065162
87	124	0.01738595043065162
89	124	0.01738595043065162
90	124	0.01738595043065162
90	333	0.01738595043065162
10	59	0.01738595043065162
78	256	0.01738595043065162
79	256	0.01738595043065162
95	333	0.01738595043065162
80	333	0.01738595043065162
65	124	0.01738595043065162
66	124	0.01738595043065162
40	117	0.01738595043065162
31	125	0.01738595043065162
32	125	0.01738595043065162
33	125	0.01738595043065162
19	125	0.01738595043065162
86	18	0.01738595043065162
22	125	0.01738595043065162
26	125	0.01738595043065162
33	117	0.01738595043065162
47	117	0.01738595043065162
48	117	0.01738595043065162
49	117	0.01738595043065162
87	18	0.01738595043065162
104	18	0.01738595043065162
106	18	0.01738595043065162
107	18	0.01738595043065162
95	18	0.01738595043065162
41	117	0.01738595043065162
43	117	0.01738595043065162
44	117	0.01738595043065162
45	117	0.01738595043065162
46	117	0.01738595043065162
31	117	0.01738595043065162
32	117	0.01738595043065162
8	125	0.01738595043065162
96	18	0.01738595043065162
10	125	0.01738595043065162
97	18	0.01738595043065162
98	18	0.01738595043065162
22	117	0.01738595043065162
26	117	0.01738595043065162
100	18	0.01738595043065162
46	125	0.01738595043065162
47	125	0.01738595043065162
48	125	0.01738595043065162
49	125	0.01738595043065162
101	18	0.01738595043065162
14	117	0.01738595043065162
15	117	0.01738595043065162
67	125	0.01738595043065162
98	124	0.01738595043065162
107	124	0.01738595043065162
109	124	0.01738595043065162
70	256	0.01738595043065162
100	124	0.01738595043065162
101	124	0.01738595043065162
81	18	0.01738595043065162
45	125	0.01738595043065162
78	18	0.01738595043065162
104	124	0.01738595043065162
106	124	0.01738595043065162
79	18	0.01738595043065162
80	18	0.01738595043065162
95	124	0.01738595043065162
96	124	0.01738595043065162
97	124	0.01738595043065162
12	125	0.01738595043065162
89	18	0.01738595043065162
90	18	0.01738595043065162
40	125	0.01738595043065162
41	125	0.01738595043065162
43	125	0.01738595043065162
59	256	0.01738595043065162
60	256	0.01738595043065162
106	125	0.01738595043065162
107	125	0.01738595043065162
109	256	0.01738595043065162
65	256	0.01738595043065162
95	125	0.01738595043065162
96	125	0.01738595043065162
97	125	0.01738595043065162
104	116	0.01738595043065162
14	125	0.01738595043065162
15	125	0.01738595043065162
17	125	0.01738595043065162
18	125	0.01738595043065162
68	125	0.01738595043065162
69	125	0.01738595043065162
70	125	0.01738595043065162
104	125	0.01738595043065162
60	125	0.01738595043065162
61	125	0.01738595043065162
62	125	0.01738595043065162
63	125	0.01738595043065162
66	256	0.01738595043065162
65	125	0.01738595043065162
66	125	0.01738595043065162
13	125	0.01738595043065162
67	256	0.01738595043065162
4	257	0.01738595043065162
56	125	0.01738595043065162
57	125	0.01738595043065162
58	125	0.01738595043065162
59	125	0.01738595043065162
44	125	0.01738595043065162
73	125	0.01738595043065162
109	125	0.01738595043065162
101	256	0.01738595043065162
104	256	0.01738595043065162
95	116	0.01738595043065162
12	126	0.01738595043065162
13	126	0.01738595043065162
14	126	0.01738595043065162
15	126	0.01738595043065162
106	256	0.01738595043065162
6	117	0.01738595043065162
8	117	0.01738595043065162
10	117	0.01738595043065162
58	256	0.01738595043065162
6	126	0.01738595043065162
8	126	0.01738595043065162
10	126	0.01738595043065162
13	117	0.01738595043065162
4	59	0.01738595043065162
4	117	0.01738595043065162
31	59	0.01738595043065162
32	59	0.01738595043065162
17	117	0.01738595043065162
18	117	0.01738595043065162
19	117	0.01738595043065162
33	59	0.01738595043065162
106	116	0.01738595043065162
107	116	0.01738595043065162
109	116	0.01738595043065162
100	125	0.01738595043065162
101	125	0.01738595043065162
19	59	0.01738595043065162
12	117	0.01738595043065162
61	126	0.01738595043065162
45	126	0.01738595043065162
46	126	0.01738595043065162
47	126	0.01738595043065162
83	116	0.01738595043065162
84	116	0.01738595043065162
22	59	0.01738595043065162
70	116	0.01738595043065162
87	125	0.01738595043065162
89	125	0.01738595043065162
90	125	0.01738595043065162
78	125	0.01738595043065162
57	126	0.01738595043065162
58	126	0.01738595043065162
59	126	0.01738595043065162
60	126	0.01738595043065162
80	256	0.01738595043065162
22	126	0.01738595043065162
26	126	0.01738595043065162
26	59	0.01738595043065162
98	125	0.01738595043065162
84	125	0.01738595043065162
12	59	0.01738595043065162
86	125	0.01738595043065162
17	126	0.01738595043065162
18	126	0.01738595043065162
19	126	0.01738595043065162
4	126	0.01738595043065162
79	125	0.01738595043065162
80	125	0.01738595043065162
81	125	0.01738595043065162
83	125	0.01738595043065162
73	126	0.01738595043065162
62	126	0.01738595043065162
63	126	0.01738595043065162
89	126	0.01738595043065162
90	126	0.01738595043065162
13	59	0.01738595043065162
14	59	0.01738595043065162
78	126	0.01738595043065162
86	116	0.01738595043065162
87	116	0.01738595043065162
15	59	0.01738595043065162
83	126	0.01738595043065162
84	126	0.01738595043065162
17	59	0.01738595043065162
86	126	0.01738595043065162
70	126	0.01738595043065162
79	116	0.01738595043065162
80	116	0.01738595043065162
81	116	0.01738595043065162
96	116	0.01738595043065162
97	116	0.01738595043065162
98	116	0.01738595043065162
100	116	0.01738595043065162
101	116	0.01738595043065162
73	116	0.01738595043065162
18	59	0.01738595043065162
56	126	0.01738595043065162
89	116	0.01738595043065162
90	116	0.01738595043065162
89	256	0.01738595043065162
90	256	0.01738595043065162
78	116	0.01738595043065162
63	116	0.01738595043065162
107	256	0.01738595043065162
65	116	0.01738595043065162
6	127	0.01738595043065162
95	256	0.01738595043065162
104	126	0.01738595043065162
106	126	0.01738595043065162
107	126	0.01738595043065162
40	126	0.01738595043065162
41	126	0.01738595043065162
43	126	0.01738595043065162
97	126	0.01738595043065162
98	126	0.01738595043065162
100	126	0.01738595043065162
101	126	0.01738595043065162
62	116	0.01738595043065162
33	126	0.01738595043065162
96	256	0.01738595043065162
87	126	0.01738595043065162
48	126	0.01738595043065162
49	126	0.01738595043065162
97	256	0.01738595043065162
31	257	0.01738595043065162
32	257	0.01738595043065162
79	126	0.01738595043065162
80	126	0.01738595043065162
81	126	0.01738595043065162
44	126	0.01738595043065162
33	257	0.01738595043065162
100	256	0.01738595043065162
31	126	0.01738595043065162
32	126	0.01738595043065162
45	127	0.01738595043065162
46	127	0.01738595043065162
86	256	0.01738595043065162
87	256	0.01738595043065162
22	257	0.01738595043065162
40	116	0.01738595043065162
41	116	0.01738595043065162
59	116	0.01738595043065162
8	127	0.01738595043065162
10	127	0.01738595043065162
43	116	0.01738595043065162
44	116	0.01738595043065162
40	127	0.01738595043065162
41	127	0.01738595043065162
43	127	0.01738595043065162
44	127	0.01738595043065162
4	127	0.01738595043065162
26	257	0.01738595043065162
68	256	0.01738595043065162
65	126	0.01738595043065162
66	126	0.01738595043065162
67	126	0.01738595043065162
68	126	0.01738595043065162
69	126	0.01738595043065162
109	126	0.01738595043065162
95	126	0.01738595043065162
96	126	0.01738595043065162
12	127	0.01738595043065162
13	127	0.01738595043065162
14	127	0.01738595043065162
56	256	0.01738595043065162
57	256	0.01738595043065162
22	127	0.01738595043065162
73	127	0.01738595043065162
78	127	0.01738595043065162
79	127	0.01738595043065162
73	256	0.01738595043065162
65	127	0.01738595043065162
26	127	0.01738595043065162
61	256	0.01738595043065162
67	127	0.01738595043065162
68	127	0.01738595043065162
69	127	0.01738595043065162
70	127	0.01738595043065162
62	256	0.01738595043065162
56	127	0.01738595043065162
57	127	0.01738595043065162
63	256	0.01738595043065162
67	116	0.01738595043065162
68	116	0.01738595043065162
69	116	0.01738595043065162
14	257	0.01738595043065162
56	116	0.01738595043065162
57	116	0.01738595043065162
58	116	0.01738595043065162
66	127	0.01738595043065162
60	116	0.01738595043065162
61	116	0.01738595043065162
45	116	0.01738595043065162
46	116	0.01738595043065162
47	116	0.01738595043065162
48	116	0.01738595043065162
49	116	0.01738595043065162
66	116	0.01738595043065162
100	127	0.01738595043065162
101	127	0.01738595043065162
15	257	0.01738595043065162
17	257	0.01738595043065162
89	127	0.01738595043065162
18	257	0.01738595043065162
19	257	0.01738595043065162
89	257	0.01738595043065162
90	257	0.01738595043065162
6	257	0.01738595043065162
95	127	0.01738595043065162
80	127	0.01738595043065162
81	127	0.01738595043065162
96	127	0.01738595043065162
97	127	0.01738595043065162
98	127	0.01738595043065162
32	127	0.01738595043065162
33	127	0.01738595043065162
8	257	0.01738595043065162
10	257	0.01738595043065162
12	257	0.01738595043065162
90	127	0.01738595043065162
62	257	0.01738595043065162
13	257	0.01738595043065162
47	257	0.01738595043065162
63	257	0.01738595043065162
15	127	0.01738595043065162
17	127	0.01738595043065162
18	127	0.01738595043065162
19	127	0.01738595043065162
47	127	0.01738595043065162
31	127	0.01738595043065162
13	128	0.01738595043065162
14	128	0.01738595043065162
15	128	0.01738595043065162
65	257	0.01738595043065162
66	257	0.01738595043065162
31	128	0.01738595043065162
32	128	0.01738595043065162
17	128	0.01738595043065162
67	257	0.01738595043065162
6	128	0.01738595043065162
68	257	0.01738595043065162
31	116	0.01738595043065162
22	128	0.01738595043065162
8	128	0.01738595043065162
10	128	0.01738595043065162
12	128	0.01738595043065162
61	127	0.01738595043065162
62	127	0.01738595043065162
63	127	0.01738595043065162
48	127	0.01738595043065162
49	127	0.01738595043065162
69	257	0.01738595043065162
98	256	0.01738595043065162
4	128	0.01738595043065162
104	127	0.01738595043065162
56	257	0.01738595043065162
106	127	0.01738595043065162
107	127	0.01738595043065162
109	127	0.01738595043065162
58	127	0.01738595043065162
59	127	0.01738595043065162
60	127	0.01738595043065162
58	128	0.01738595043065162
59	128	0.01738595043065162
57	257	0.01738595043065162
12	116	0.01738595043065162
13	116	0.01738595043065162
14	116	0.01738595043065162
15	116	0.01738595043065162
17	116	0.01738595043065162
49	128	0.01738595043065162
58	257	0.01738595043065162
4	116	0.01738595043065162
59	257	0.01738595043065162
6	116	0.01738595043065162
8	116	0.01738595043065162
10	116	0.01738595043065162
57	128	0.01738595043065162
60	257	0.01738595043065162
26	128	0.01738595043065162
61	257	0.01738595043065162
60	128	0.01738595043065162
61	128	0.01738595043065162
62	128	0.01738595043065162
63	128	0.01738595043065162
46	257	0.01738595043065162
18	128	0.01738595043065162
19	128	0.01738595043065162
100	257	0.01738595043065162
83	127	0.01738595043065162
84	127	0.01738595043065162
101	257	0.01738595043065162
86	127	0.01738595043065162
87	127	0.01738595043065162
81	128	0.01738595043065162
47	128	0.01738595043065162
48	128	0.01738595043065162
33	128	0.01738595043065162
86	257	0.01738595043065162
87	257	0.01738595043065162
40	257	0.01738595043065162
40	128	0.01738595043065162
78	128	0.01738595043065162
89	128	0.01738595043065162
90	128	0.01738595043065162
41	257	0.01738595043065162
43	257	0.01738595043065162
44	257	0.01738595043065162
95	128	0.01738595043065162
96	128	0.01738595043065162
26	116	0.01738595043065162
89	306	0.01738595043065162
83	128	0.01738595043065162
84	128	0.01738595043065162
78	306	0.01738595043065162
86	128	0.01738595043065162
87	128	0.01738595043065162
73	128	0.01738595043065162
18	116	0.01738595043065162
19	116	0.01738595043065162
32	116	0.01738595043065162
33	116	0.01738595043065162
79	306	0.01738595043065162
80	306	0.01738595043065162
22	116	0.01738595043065162
81	306	0.01738595043065162
13	129	0.01738595043065162
14	129	0.01738595043065162
15	129	0.01738595043065162
17	129	0.01738595043065162
79	128	0.01738595043065162
80	128	0.01738595043065162
65	128	0.01738595043065162
66	128	0.01738595043065162
4	129	0.01738595043065162
80	257	0.01738595043065162
6	129	0.01738595043065162
8	129	0.01738595043065162
97	257	0.01738595043065162
106	128	0.01738595043065162
10	129	0.01738595043065162
12	129	0.01738595043065162
107	128	0.01738595043065162
109	128	0.01738595043065162
97	128	0.01738595043065162
98	128	0.01738595043065162
100	128	0.01738595043065162
101	128	0.01738595043065162
98	257	0.01738595043065162
67	306	0.01738595043065162
68	306	0.01738595043065162
69	306	0.01738595043065162
56	128	0.01738595043065162
41	128	0.01738595043065162
43	128	0.01738595043065162
44	128	0.01738595043065162
45	128	0.01738595043065162
46	128	0.01738595043065162
70	306	0.01738595043065162
73	306	0.01738595043065162
95	115	0.01738595043065162
86	306	0.01738595043065162
104	128	0.01738595043065162
109	115	0.01738595043065162
87	306	0.01738595043065162
78	257	0.01738595043065162
79	257	0.01738595043065162
86	115	0.01738595043065162
87	115	0.01738595043065162
89	115	0.01738595043065162
104	306	0.01738595043065162
104	115	0.01738595043065162
106	115	0.01738595043065162
107	115	0.01738595043065162
46	129	0.01738595043065162
47	129	0.01738595043065162
48	129	0.01738595043065162
49	129	0.01738595043065162
96	115	0.01738595043065162
97	115	0.01738595043065162
98	115	0.01738595043065162
84	115	0.01738595043065162
67	128	0.01738595043065162
68	128	0.01738595043065162
69	128	0.01738595043065162
70	128	0.01738595043065162
90	115	0.01738595043065162
43	129	0.01738595043065162
44	129	0.01738595043065162
45	129	0.01738595043065162
40	129	0.01738595043065162
41	129	0.01738595043065162
26	129	0.01738595043065162
66	306	0.01738595043065162
104	129	0.01738595043065162
81	257	0.01738595043065162
106	129	0.01738595043065162
83	257	0.01738595043065162
84	257	0.01738595043065162
31	129	0.01738595043065162
32	129	0.01738595043065162
33	129	0.01738595043065162
18	129	0.01738595043065162
19	129	0.01738595043065162
70	257	0.01738595043065162
49	258	0.01738595043065162
14	258	0.01738595043065162
22	129	0.01738595043065162
15	258	0.01738595043065162
78	129	0.01738595043065162
79	129	0.01738595043065162
80	129	0.01738595043065162
73	257	0.01738595043065162
17	258	0.01738595043065162
100	115	0.01738595043065162
101	115	0.01738595043065162
81	129	0.01738595043065162
66	129	0.01738595043065162
67	129	0.01738595043065162
68	129	0.01738595043065162
69	129	0.01738595043065162
70	129	0.01738595043065162
90	332	0.01738595043065162
18	258	0.01738595043065162
19	258	0.01738595043065162
62	333	0.01738595043065162
63	333	0.01738595043065162
47	333	0.01738595043065162
48	333	0.01738595043065162
49	333	0.01738595043065162
84	332	0.01738595043065162
6	258	0.01738595043065162
8	258	0.01738595043065162
101	332	0.01738595043065162
86	332	0.01738595043065162
87	332	0.01738595043065162
45	257	0.01738595043065162
89	332	0.01738595043065162
95	257	0.01738595043065162
96	257	0.01738595043065162
48	257	0.01738595043065162
78	332	0.01738595043065162
79	332	0.01738595043065162
80	332	0.01738595043065162
81	332	0.01738595043065162
83	332	0.01738595043065162
49	257	0.01738595043065162
47	258	0.01738595043065162
26	333	0.01738595043065162
48	258	0.01738595043065162
4	258	0.01738595043065162
104	257	0.01738595043065162
109	306	0.01738595043065162
98	306	0.01738595043065162
15	130	0.01738595043065162
17	130	0.01738595043065162
18	130	0.01738595043065162
4	130	0.01738595043065162
100	306	0.01738595043065162
6	130	0.01738595043065162
33	130	0.01738595043065162
19	130	0.01738595043065162
58	129	0.01738595043065162
59	129	0.01738595043065162
60	129	0.01738595043065162
61	129	0.01738595043065162
62	129	0.01738595043065162
63	129	0.01738595043065162
101	306	0.01738595043065162
14	130	0.01738595043065162
65	129	0.01738595043065162
41	258	0.01738595043065162
109	257	0.01738595043065162
47	306	0.01738595043065162
56	129	0.01738595043065162
57	129	0.01738595043065162
107	129	0.01738595043065162
73	129	0.01738595043065162
48	306	0.01738595043065162
31	306	0.01738595043065162
95	129	0.01738595043065162
109	129	0.01738595043065162
32	306	0.01738595043065162
33	306	0.01738595043065162
100	129	0.01738595043065162
101	129	0.01738595043065162
106	306	0.01738595043065162
40	130	0.01738595043065162
41	130	0.01738595043065162
107	306	0.01738595043065162
59	130	0.01738595043065162
43	130	0.01738595043065162
44	130	0.01738595043065162
45	130	0.01738595043065162
98	129	0.01738595043065162
83	129	0.01738595043065162
84	129	0.01738595043065162
40	258	0.01738595043065162
86	129	0.01738595043065162
87	129	0.01738595043065162
84	306	0.01738595043065162
90	306	0.01738595043065162
90	129	0.01738595043065162
45	306	0.01738595043065162
46	306	0.01738595043065162
45	258	0.01738595043065162
31	130	0.01738595043065162
32	130	0.01738595043065162
96	129	0.01738595043065162
97	129	0.01738595043065162
46	258	0.01738595043065162
22	130	0.01738595043065162
31	258	0.01738595043065162
26	130	0.01738595043065162
12	130	0.01738595043065162
13	130	0.01738595043065162
32	258	0.01738595043065162
89	129	0.01738595043065162
83	115	0.01738595043065162
80	130	0.01738595043065162
81	130	0.01738595043065162
83	130	0.01738595043065162
68	130	0.01738595043065162
69	130	0.01738595043065162
70	130	0.01738595043065162
86	130	0.01738595043065162
63	130	0.01738595043065162
33	258	0.01738595043065162
65	130	0.01738595043065162
73	130	0.01738595043065162
78	115	0.01738595043065162
79	115	0.01738595043065162
80	115	0.01738595043065162
81	115	0.01738595043065162
56	130	0.01738595043065162
57	130	0.01738595043065162
58	130	0.01738595043065162
8	130	0.01738595043065162
10	130	0.01738595043065162
60	130	0.01738595043065162
61	130	0.01738595043065162
62	130	0.01738595043065162
46	130	0.01738595043065162
47	130	0.01738595043065162
48	130	0.01738595043065162
49	130	0.01738595043065162
66	130	0.01738595043065162
67	130	0.01738595043065162
6	259	0.01738595043065162
81	258	0.01738595043065162
59	115	0.01738595043065162
12	131	0.01738595043065162
13	131	0.01738595043065162
14	131	0.01738595043065162
15	131	0.01738595043065162
62	115	0.01738595043065162
63	115	0.01738595043065162
83	258	0.01738595043065162
19	131	0.01738595043065162
4	131	0.01738595043065162
22	258	0.01738595043065162
6	131	0.01738595043065162
8	131	0.01738595043065162
56	115	0.01738595043065162
57	115	0.01738595043065162
58	115	0.01738595043065162
95	130	0.01738595043065162
96	130	0.01738595043065162
97	130	0.01738595043065162
98	130	0.01738595043065162
84	130	0.01738595043065162
43	258	0.01738595043065162
17	131	0.01738595043065162
18	131	0.01738595043065162
87	130	0.01738595043065162
44	258	0.01738595043065162
89	130	0.01738595043065162
90	130	0.01738595043065162
78	130	0.01738595043065162
79	130	0.01738595043065162
86	258	0.01738595043065162
73	258	0.01738595043065162
26	258	0.01738595043065162
79	258	0.01738595043065162
104	130	0.01738595043065162
80	258	0.01738595043065162
106	130	0.01738595043065162
107	130	0.01738595043065162
44	131	0.01738595043065162
45	131	0.01738595043065162
31	131	0.01738595043065162
32	131	0.01738595043065162
33	131	0.01738595043065162
47	131	0.01738595043065162
48	131	0.01738595043065162
49	131	0.01738595043065162
106	257	0.01738595043065162
107	257	0.01738595043065162
73	115	0.01738595043065162
60	115	0.01738595043065162
61	115	0.01738595043065162
40	131	0.01738595043065162
41	131	0.01738595043065162
43	131	0.01738595043065162
10	258	0.01738595043065162
12	258	0.01738595043065162
65	115	0.01738595043065162
66	115	0.01738595043065162
67	115	0.01738595043065162
13	258	0.01738595043065162
84	258	0.01738595043065162
68	115	0.01738595043065162
69	115	0.01738595043065162
70	115	0.01738595043065162
22	306	0.01738595043065162
69	131	0.01738595043065162
70	131	0.01738595043065162
8	306	0.01738595043065162
10	306	0.01738595043065162
22	131	0.01738595043065162
12	306	0.01738595043065162
26	131	0.01738595043065162
61	131	0.01738595043065162
62	131	0.01738595043065162
63	131	0.01738595043065162
79	131	0.01738595043065162
80	131	0.01738595043065162
81	131	0.01738595043065162
83	131	0.01738595043065162
84	131	0.01738595043065162
65	131	0.01738595043065162
66	131	0.01738595043065162
67	131	0.01738595043065162
68	131	0.01738595043065162
13	306	0.01738595043065162
14	306	0.01738595043065162
56	131	0.01738595043065162
73	131	0.01738595043065162
46	131	0.01738595043065162
10	131	0.01738595043065162
109	130	0.01738595043065162
4	306	0.01738595043065162
6	306	0.01738595043065162
100	130	0.01738595043065162
101	130	0.01738595043065162
58	306	0.01738595043065162
57	131	0.01738595043065162
58	131	0.01738595043065162
59	131	0.01738595043065162
60	131	0.01738595043065162
59	306	0.01738595043065162
60	306	0.01738595043065162
4	132	0.01738595043065162
19	306	0.01738595043065162
101	131	0.01738595043065162
63	306	0.01738595043065162
65	306	0.01738595043065162
104	131	0.01738595043065162
49	306	0.01738595043065162
106	131	0.01738595043065162
107	131	0.01738595043065162
109	131	0.01738595043065162
43	115	0.01738595043065162
44	115	0.01738595043065162
104	258	0.01738595043065162
95	131	0.01738595043065162
96	131	0.01738595043065162
97	131	0.01738595043065162
98	131	0.01738595043065162
100	131	0.01738595043065162
106	258	0.01738595043065162
78	131	0.01738595043065162
86	131	0.01738595043065162
87	131	0.01738595043065162
89	131	0.01738595043065162
90	131	0.01738595043065162
107	258	0.01738595043065162
44	306	0.01738595043065162
61	306	0.01738595043065162
56	332	0.01738595043065162
57	332	0.01738595043065162
58	332	0.01738595043065162
62	306	0.01738595043065162
67	258	0.01738595043065162
31	259	0.01738595043065162
32	259	0.01738595043065162
46	332	0.01738595043065162
47	332	0.01738595043065162
48	332	0.01738595043065162
49	332	0.01738595043065162
66	332	0.01738595043065162
67	332	0.01738595043065162
68	332	0.01738595043065162
69	332	0.01738595043065162
33	259	0.01738595043065162
104	332	0.01738595043065162
26	259	0.01738595043065162
106	332	0.01738595043065162
59	332	0.01738595043065162
60	332	0.01738595043065162
61	332	0.01738595043065162
45	332	0.01738595043065162
31	132	0.01738595043065162
32	132	0.01738595043065162
33	132	0.01738595043065162
57	258	0.01738595043065162
22	132	0.01738595043065162
100	332	0.01738595043065162
58	258	0.01738595043065162
59	258	0.01738595043065162
78	258	0.01738595043065162
63	258	0.01738595043065162
56	132	0.01738595043065162
57	132	0.01738595043065162
58	132	0.01738595043065162
59	132	0.01738595043065162
60	132	0.01738595043065162
61	132	0.01738595043065162
65	258	0.01738595043065162
66	258	0.01738595043065162
4	259	0.01738595043065162
45	115	0.01738595043065162
46	115	0.01738595043065162
47	115	0.01738595043065162
48	115	0.01738595043065162
49	115	0.01738595043065162
19	115	0.01738595043065162
68	258	0.01738595043065162
22	115	0.01738595043065162
26	115	0.01738595043065162
69	258	0.01738595043065162
70	258	0.01738595043065162
40	115	0.01738595043065162
41	115	0.01738595043065162
56	258	0.01738595043065162
22	333	0.01738595043065162
95	306	0.01738595043065162
96	306	0.01738595043065162
31	115	0.01738595043065162
32	115	0.01738595043065162
33	115	0.01738595043065162
18	115	0.01738595043065162
18	132	0.01738595043065162
97	306	0.01738595043065162
83	306	0.01738595043065162
60	258	0.01738595043065162
78	132	0.01738595043065162
79	132	0.01738595043065162
80	132	0.01738595043065162
81	132	0.01738595043065162
13	132	0.01738595043065162
62	132	0.01738595043065162
26	132	0.01738595043065162
61	258	0.01738595043065162
62	258	0.01738595043065162
14	132	0.01738595043065162
15	132	0.01738595043065162
17	132	0.01738595043065162
69	132	0.01738595043065162
48	259	0.01738595043065162
19	132	0.01738595043065162
49	259	0.01738595043065162
6	132	0.01738595043065162
8	132	0.01738595043065162
10	132	0.01738595043065162
12	132	0.01738595043065162
46	132	0.01738595043065162
47	132	0.01738595043065162
63	132	0.01738595043065162
67	259	0.01738595043065162
65	132	0.01738595043065162
66	132	0.01738595043065162
67	132	0.01738595043065162
68	132	0.01738595043065162
101	114	0.01738595043065162
68	259	0.01738595043065162
104	114	0.01738595043065162
69	259	0.01738595043065162
70	259	0.01738595043065162
97	258	0.01738595043065162
6	115	0.01738595043065162
8	115	0.01738595043065162
48	132	0.01738595043065162
49	132	0.01738595043065162
98	258	0.01738595043065162
100	258	0.01738595043065162
101	258	0.01738595043065162
40	132	0.01738595043065162
98	114	0.01738595043065162
100	114	0.01738595043065162
41	132	0.01738595043065162
43	132	0.01738595043065162
44	132	0.01738595043065162
45	132	0.01738595043065162
95	132	0.01738595043065162
96	132	0.01738595043065162
97	132	0.01738595043065162
98	132	0.01738595043065162
83	132	0.01738595043065162
100	132	0.01738595043065162
101	132	0.01738595043065162
87	132	0.01738595043065162
60	259	0.01738595043065162
89	132	0.01738595043065162
90	132	0.01738595043065162
61	259	0.01738595043065162
86	114	0.01738595043065162
87	114	0.01738595043065162
73	114	0.01738595043065162
78	114	0.01738595043065162
79	114	0.01738595043065162
80	114	0.01738595043065162
65	114	0.01738595043065162
90	114	0.01738595043065162
10	115	0.01738595043065162
66	114	0.01738595043065162
67	114	0.01738595043065162
68	114	0.01738595043065162
69	114	0.01738595043065162
70	114	0.01738595043065162
62	259	0.01738595043065162
63	259	0.01738595043065162
17	115	0.01738595043065162
87	258	0.01738595043065162
4	115	0.01738595043065162
84	132	0.01738595043065162
89	258	0.01738595043065162
86	132	0.01738595043065162
70	132	0.01738595043065162
73	132	0.01738595043065162
106	114	0.01738595043065162
107	114	0.01738595043065162
109	114	0.01738595043065162
97	114	0.01738595043065162
12	115	0.01738595043065162
13	115	0.01738595043065162
14	115	0.01738595043065162
15	115	0.01738595043065162
90	258	0.01738595043065162
109	258	0.01738595043065162
56	114	0.01738595043065162
40	114	0.01738595043065162
41	114	0.01738595043065162
43	114	0.01738595043065162
58	114	0.01738595043065162
59	114	0.01738595043065162
45	114	0.01738595043065162
46	114	0.01738595043065162
47	114	0.01738595043065162
32	114	0.01738595043065162
33	114	0.01738595043065162
95	258	0.01738595043065162
49	114	0.01738595043065162
96	258	0.01738595043065162
104	259	0.01738595043065162
104	132	0.01738595043065162
89	259	0.01738595043065162
106	132	0.01738595043065162
107	132	0.01738595043065162
109	132	0.01738595043065162
89	114	0.01738595043065162
44	114	0.01738595043065162
109	57	0.01738595043065162
97	57	0.01738595043065162
95	114	0.01738595043065162
96	114	0.01738595043065162
81	114	0.01738595043065162
83	114	0.01738595043065162
84	114	0.01738595043065162
98	57	0.01738595043065162
13	114	0.01738595043065162
100	57	0.01738595043065162
4	114	0.01738595043065162
101	57	0.01738595043065162
4	134	0.01738595043065162
15	114	0.01738595043065162
17	114	0.01738595043065162
18	114	0.01738595043065162
8	134	0.01738595043065162
10	134	0.01738595043065162
18	259	0.01738595043065162
19	259	0.01738595043065162
97	259	0.01738595043065162
98	259	0.01738595043065162
10	114	0.01738595043065162
12	114	0.01738595043065162
100	259	0.01738595043065162
101	259	0.01738595043065162
14	259	0.01738595043065162
65	259	0.01738595043065162
66	259	0.01738595043065162
57	114	0.01738595043065162
15	259	0.01738595043065162
6	134	0.01738595043065162
60	114	0.01738595043065162
61	114	0.01738595043065162
62	114	0.01738595043065162
63	114	0.01738595043065162
17	259	0.01738595043065162
48	114	0.01738595043065162
57	259	0.01738595043065162
58	259	0.01738595043065162
78	113	0.01738595043065162
79	113	0.01738595043065162
80	113	0.01738595043065162
81	113	0.01738595043065162
83	113	0.01738595043065162
96	113	0.01738595043065162
97	113	0.01738595043065162
98	113	0.01738595043065162
40	134	0.01738595043065162
41	134	0.01738595043065162
43	134	0.01738595043065162
44	134	0.01738595043065162
45	134	0.01738595043065162
89	113	0.01738595043065162
90	113	0.01738595043065162
59	259	0.01738595043065162
22	259	0.01738595043065162
8	259	0.01738595043065162
10	259	0.01738595043065162
31	114	0.01738595043065162
14	114	0.01738595043065162
84	113	0.01738595043065162
12	259	0.01738595043065162
13	259	0.01738595043065162
19	114	0.01738595043065162
80	259	0.01738595043065162
22	114	0.01738595043065162
6	114	0.01738595043065162
8	114	0.01738595043065162
17	260	0.01738595043065162
18	260	0.01738595043065162
26	114	0.01738595043065162
65	134	0.01738595043065162
66	134	0.01738595043065162
67	134	0.01738595043065162
26	134	0.01738595043065162
19	260	0.01738595043065162
22	260	0.01738595043065162
12	134	0.01738595043065162
13	134	0.01738595043065162
57	134	0.01738595043065162
58	134	0.01738595043065162
59	134	0.01738595043065162
18	134	0.01738595043065162
73	134	0.01738595043065162
78	134	0.01738595043065162
63	134	0.01738595043065162
10	260	0.01738595043065162
109	113	0.01738595043065162
12	260	0.01738595043065162
95	113	0.01738595043065162
68	134	0.01738595043065162
69	134	0.01738595043065162
70	134	0.01738595043065162
44	259	0.01738595043065162
56	134	0.01738595043065162
100	113	0.01738595043065162
101	113	0.01738595043065162
86	113	0.01738595043065162
87	113	0.01738595043065162
13	260	0.01738595043065162
104	113	0.01738595043065162
106	113	0.01738595043065162
107	113	0.01738595043065162
89	134	0.01738595043065162
90	134	0.01738595043065162
14	260	0.01738595043065162
15	260	0.01738595043065162
4	260	0.01738595043065162
104	134	0.01738595043065162
106	134	0.01738595043065162
107	134	0.01738595043065162
84	134	0.01738595043065162
106	57	0.01738595043065162
86	134	0.01738595043065162
97	134	0.01738595043065162
98	134	0.01738595043065162
100	134	0.01738595043065162
101	134	0.01738595043065162
87	134	0.01738595043065162
19	134	0.01738595043065162
107	57	0.01738595043065162
22	134	0.01738595043065162
56	259	0.01738595043065162
79	134	0.01738595043065162
80	134	0.01738595043065162
81	134	0.01738595043065162
83	134	0.01738595043065162
14	134	0.01738595043065162
15	134	0.01738595043065162
17	134	0.01738595043065162
40	259	0.01738595043065162
31	134	0.01738595043065162
32	134	0.01738595043065162
33	134	0.01738595043065162
41	259	0.01738595043065162
45	113	0.01738595043065162
62	113	0.01738595043065162
63	113	0.01738595043065162
43	259	0.01738595043065162
65	113	0.01738595043065162
66	113	0.01738595043065162
67	113	0.01738595043065162
68	113	0.01738595043065162
104	57	0.01738595043065162
45	259	0.01738595043065162
56	113	0.01738595043065162
57	113	0.01738595043065162
58	113	0.01738595043065162
59	113	0.01738595043065162
60	113	0.01738595043065162
44	113	0.01738595043065162
48	134	0.01738595043065162
49	134	0.01738595043065162
46	259	0.01738595043065162
46	113	0.01738595043065162
47	113	0.01738595043065162
48	113	0.01738595043065162
49	113	0.01738595043065162
47	259	0.01738595043065162
109	134	0.01738595043065162
95	134	0.01738595043065162
96	134	0.01738595043065162
60	134	0.01738595043065162
61	134	0.01738595043065162
62	134	0.01738595043065162
46	134	0.01738595043065162
47	134	0.01738595043065162
48	260	0.01738595043065162
12	113	0.01738595043065162
13	113	0.01738595043065162
49	260	0.01738595043065162
40	113	0.01738595043065162
41	113	0.01738595043065162
43	113	0.01738595043065162
33	260	0.01738595043065162
19	113	0.01738595043065162
4	113	0.01738595043065162
40	260	0.01738595043065162
33	113	0.01738595043065162
26	260	0.01738595043065162
31	260	0.01738595043065162
22	113	0.01738595043065162
26	113	0.01738595043065162
107	112	0.01738595043065162
109	112	0.01738595043065162
32	260	0.01738595043065162
47	260	0.01738595043065162
14	113	0.01738595043065162
15	113	0.01738595043065162
17	113	0.01738595043065162
18	113	0.01738595043065162
95	259	0.01738595043065162
69	113	0.01738595043065162
70	113	0.01738595043065162
73	113	0.01738595043065162
61	113	0.01738595043065162
6	113	0.01738595043065162
8	113	0.01738595043065162
10	113	0.01738595043065162
100	112	0.01738595043065162
101	112	0.01738595043065162
96	259	0.01738595043065162
104	112	0.01738595043065162
106	112	0.01738595043065162
81	259	0.01738595043065162
83	259	0.01738595043065162
41	260	0.01738595043065162
95	112	0.01738595043065162
96	112	0.01738595043065162
97	112	0.01738595043065162
98	112	0.01738595043065162
83	112	0.01738595043065162
84	112	0.01738595043065162
84	259	0.01738595043065162
86	112	0.01738595043065162
73	112	0.01738595043065162
87	112	0.01738595043065162
89	112	0.01738595043065162
90	112	0.01738595043065162
86	259	0.01738595043065162
78	112	0.01738595043065162
79	112	0.01738595043065162
80	112	0.01738595043065162
87	259	0.01738595043065162
31	113	0.01738595043065162
32	113	0.01738595043065162
81	112	0.01738595043065162
67	112	0.01738595043065162
68	112	0.01738595043065162
69	112	0.01738595043065162
70	112	0.01738595043065162
73	259	0.01738595043065162
22	332	0.01738595043065162
78	259	0.01738595043065162
26	332	0.01738595043065162
107	332	0.01738595043065162
109	332	0.01738595043065162
79	259	0.01738595043065162
95	332	0.01738595043065162
14	332	0.01738595043065162
15	332	0.01738595043065162
17	332	0.01738595043065162
18	332	0.01738595043065162
19	332	0.01738595043065162
32	332	0.01738595043065162
33	332	0.01738595043065162
90	259	0.01738595043065162
68	57	0.01738595043065162
69	57	0.01738595043065162
70	57	0.01738595043065162
83	57	0.01738595043065162
70	332	0.01738595043065162
84	57	0.01738595043065162
12	332	0.01738595043065162
13	332	0.01738595043065162
40	112	0.01738595043065162
41	112	0.01738595043065162
86	57	0.01738595043065162
87	57	0.01738595043065162
65	332	0.01738595043065162
73	57	0.01738595043065162
86	260	0.01738595043065162
87	260	0.01738595043065162
65	112	0.01738595043065162
66	112	0.01738595043065162
89	260	0.01738595043065162
40	136	0.01738595043065162
41	136	0.01738595043065162
43	136	0.01738595043065162
44	136	0.01738595043065162
45	136	0.01738595043065162
43	112	0.01738595043065162
44	112	0.01738595043065162
59	112	0.01738595043065162
60	112	0.01738595043065162
61	112	0.01738595043065162
62	112	0.01738595043065162
63	112	0.01738595043065162
90	260	0.01738595043065162
49	112	0.01738595043065162
65	57	0.01738595043065162
66	57	0.01738595043065162
67	57	0.01738595043065162
8	260	0.01738595043065162
56	112	0.01738595043065162
57	112	0.01738595043065162
58	112	0.01738595043065162
96	332	0.01738595043065162
97	332	0.01738595043065162
98	332	0.01738595043065162
106	259	0.01738595043065162
45	112	0.01738595043065162
46	112	0.01738595043065162
47	112	0.01738595043065162
48	112	0.01738595043065162
15	136	0.01738595043065162
17	136	0.01738595043065162
68	136	0.01738595043065162
69	136	0.01738595043065162
107	259	0.01738595043065162
56	136	0.01738595043065162
57	136	0.01738595043065162
58	136	0.01738595043065162
10	136	0.01738595043065162
109	259	0.01738595043065162
31	112	0.01738595043065162
32	112	0.01738595043065162
33	112	0.01738595043065162
12	136	0.01738595043065162
13	136	0.01738595043065162
14	136	0.01738595043065162
83	260	0.01738595043065162
84	260	0.01738595043065162
18	136	0.01738595043065162
19	136	0.01738595043065162
4	136	0.01738595043065162
56	260	0.01738595043065162
6	136	0.01738595043065162
8	136	0.01738595043065162
57	260	0.01738595043065162
58	260	0.01738595043065162
43	260	0.01738595043065162
46	136	0.01738595043065162
47	136	0.01738595043065162
48	136	0.01738595043065162
49	136	0.01738595043065162
44	260	0.01738595043065162
45	260	0.01738595043065162
26	136	0.01738595043065162
46	260	0.01738595043065162
104	136	0.01738595043065162
6	260	0.01738595043065162
106	136	0.01738595043065162
107	136	0.01738595043065162
109	136	0.01738595043065162
84	136	0.01738595043065162
10	261	0.01738595043065162
31	136	0.01738595043065162
32	136	0.01738595043065162
33	136	0.01738595043065162
107	260	0.01738595043065162
73	260	0.01738595043065162
22	136	0.01738595043065162
66	136	0.01738595043065162
67	136	0.01738595043065162
59	260	0.01738595043065162
78	136	0.01738595043065162
79	136	0.01738595043065162
80	136	0.01738595043065162
81	136	0.01738595043065162
83	136	0.01738595043065162
59	136	0.01738595043065162
60	136	0.01738595043065162
70	136	0.01738595043065162
73	136	0.01738595043065162
62	136	0.01738595043065162
63	136	0.01738595043065162
60	260	0.01738595043065162
65	136	0.01738595043065162
80	111	0.01738595043065162
81	111	0.01738595043065162
83	111	0.01738595043065162
84	111	0.01738595043065162
61	260	0.01738595043065162
86	111	0.01738595043065162
87	111	0.01738595043065162
73	111	0.01738595043065162
61	136	0.01738595043065162
18	112	0.01738595043065162
19	112	0.01738595043065162
62	260	0.01738595043065162
22	112	0.01738595043065162
26	112	0.01738595043065162
10	112	0.01738595043065162
12	112	0.01738595043065162
63	260	0.01738595043065162
13	112	0.01738595043065162
14	112	0.01738595043065162
15	112	0.01738595043065162
17	112	0.01738595043065162
104	260	0.01738595043065162
4	112	0.01738595043065162
106	260	0.01738595043065162
66	260	0.01738595043065162
95	136	0.01738595043065162
6	112	0.01738595043065162
8	112	0.01738595043065162
104	111	0.01738595043065162
106	111	0.01738595043065162
107	111	0.01738595043065162
109	111	0.01738595043065162
78	111	0.01738595043065162
79	111	0.01738595043065162
4	261	0.01738595043065162
6	261	0.01738595043065162
40	111	0.01738595043065162
41	111	0.01738595043065162
43	111	0.01738595043065162
44	111	0.01738595043065162
97	136	0.01738595043065162
98	136	0.01738595043065162
100	136	0.01738595043065162
101	136	0.01738595043065162
86	136	0.01738595043065162
87	136	0.01738595043065162
89	136	0.01738595043065162
8	261	0.01738595043065162
95	57	0.01738595043065162
96	57	0.01738595043065162
96	111	0.01738595043065162
97	111	0.01738595043065162
98	111	0.01738595043065162
100	111	0.01738595043065162
101	111	0.01738595043065162
96	136	0.01738595043065162
81	57	0.01738595043065162
109	260	0.01738595043065162
89	111	0.01738595043065162
90	111	0.01738595043065162
100	260	0.01738595043065162
101	260	0.01738595043065162
95	111	0.01738595043065162
90	136	0.01738595043065162
8	332	0.01738595043065162
10	332	0.01738595043065162
73	332	0.01738595043065162
78	57	0.01738595043065162
62	332	0.01738595043065162
63	332	0.01738595043065162
79	57	0.01738595043065162
63	111	0.01738595043065162
80	57	0.01738595043065162
89	57	0.01738595043065162
90	57	0.01738595043065162
26	261	0.01738595043065162
12	261	0.01738595043065162
4	332	0.01738595043065162
40	261	0.01738595043065162
6	332	0.01738595043065162
41	261	0.01738595043065162
43	261	0.01738595043065162
44	261	0.01738595043065162
58	57	0.01738595043065162
59	57	0.01738595043065162
32	261	0.01738595043065162
33	261	0.01738595043065162
19	261	0.01738595043065162
45	111	0.01738595043065162
46	111	0.01738595043065162
31	332	0.01738595043065162
22	261	0.01738595043065162
69	260	0.01738595043065162
70	260	0.01738595043065162
13	261	0.01738595043065162
14	261	0.01738595043065162
18	111	0.01738595043065162
19	111	0.01738595043065162
15	261	0.01738595043065162
6	111	0.01738595043065162
33	111	0.01738595043065162
17	261	0.01738595043065162
18	261	0.01738595043065162
22	111	0.01738595043065162
67	111	0.01738595043065162
68	111	0.01738595043065162
69	111	0.01738595043065162
70	111	0.01738595043065162
57	57	0.01738595043065162
14	111	0.01738595043065162
15	111	0.01738595043065162
17	111	0.01738595043065162
58	111	0.01738595043065162
59	111	0.01738595043065162
60	111	0.01738595043065162
61	111	0.01738595043065162
62	111	0.01738595043065162
65	260	0.01738595043065162
65	111	0.01738595043065162
66	111	0.01738595043065162
47	111	0.01738595043065162
48	111	0.01738595043065162
49	111	0.01738595043065162
78	260	0.01738595043065162
79	260	0.01738595043065162
80	260	0.01738595043065162
56	111	0.01738595043065162
57	111	0.01738595043065162
81	260	0.01738595043065162
67	260	0.01738595043065162
68	260	0.01738595043065162
43	57	0.01738595043065162
44	57	0.01738595043065162
45	57	0.01738595043065162
46	57	0.01738595043065162
47	57	0.01738595043065162
48	57	0.01738595043065162
8	111	0.01738595043065162
10	111	0.01738595043065162
12	111	0.01738595043065162
13	111	0.01738595043065162
32	57	0.01738595043065162
60	57	0.01738595043065162
65	261	0.01738595043065162
66	261	0.01738595043065162
33	57	0.01738595043065162
40	57	0.01738595043065162
4	111	0.01738595043065162
69	261	0.01738595043065162
70	261	0.01738595043065162
41	57	0.01738595043065162
98	260	0.01738595043065162
26	111	0.01738595043065162
73	261	0.01738595043065162
61	261	0.01738595043065162
62	261	0.01738595043065162
31	111	0.01738595043065162
32	111	0.01738595043065162
63	261	0.01738595043065162
31	261	0.01738595043065162
104	109	0.01738595043065162
106	109	0.01738595043065162
95	260	0.01738595043065162
107	109	0.01738595043065162
109	109	0.01738595043065162
100	109	0.01738595043065162
69	109	0.01738595043065162
70	109	0.01738595043065162
40	332	0.01738595043065162
41	332	0.01738595043065162
43	332	0.01738595043065162
44	332	0.01738595043065162
96	260	0.01738595043065162
97	260	0.01738595043065162
101	109	0.01738595043065162
47	261	0.01738595043065162
48	261	0.01738595043065162
49	261	0.01738595043065162
67	261	0.01738595043065162
68	261	0.01738595043065162
104	261	0.01738595043065162
106	261	0.01738595043065162
107	261	0.01738595043065162
95	261	0.01738595043065162
45	261	0.01738595043065162
46	261	0.01738595043065162
97	261	0.01738595043065162
98	261	0.01738595043065162
100	261	0.01738595043065162
86	261	0.01738595043065162
87	261	0.01738595043065162
101	261	0.01738595043065162
6	7	0.01738595043065162
8	7	0.01738595043065162
10	7	0.01738595043065162
61	57	0.01738595043065162
62	57	0.01738595043065162
63	57	0.01738595043065162
49	57	0.01738595043065162
56	57	0.01738595043065162
96	261	0.01738595043065162
14	262	0.01738595043065162
15	262	0.01738595043065162
89	261	0.01738595043065162
18	7	0.01738595043065162
19	7	0.01738595043065162
4	7	0.01738595043065162
90	261	0.01738595043065162
78	261	0.01738595043065162
79	261	0.01738595043065162
80	261	0.01738595043065162
6	262	0.01738595043065162
84	261	0.01738595043065162
22	262	0.01738595043065162
26	262	0.01738595043065162
13	262	0.01738595043065162
73	109	0.01738595043065162
4	139	0.01738595043065162
109	261	0.01738595043065162
17	262	0.01738595043065162
18	262	0.01738595043065162
19	262	0.01738595043065162
56	261	0.01738595043065162
57	261	0.01738595043065162
96	109	0.01738595043065162
97	109	0.01738595043065162
58	261	0.01738595043065162
22	139	0.01738595043065162
26	139	0.01738595043065162
59	261	0.01738595043065162
12	139	0.01738595043065162
13	139	0.01738595043065162
86	109	0.01738595043065162
87	109	0.01738595043065162
89	109	0.01738595043065162
90	109	0.01738595043065162
60	261	0.01738595043065162
8	262	0.01738595043065162
10	262	0.01738595043065162
95	109	0.01738595043065162
81	109	0.01738595043065162
66	109	0.01738595043065162
67	109	0.01738595043065162
68	109	0.01738595043065162
98	109	0.01738595043065162
83	109	0.01738595043065162
84	109	0.01738595043065162
12	262	0.01738595043065162
13	57	0.01738595043065162
14	57	0.01738595043065162
4	262	0.01738595043065162
6	139	0.01738595043065162
26	57	0.01738595043065162
78	109	0.01738595043065162
79	109	0.01738595043065162
80	109	0.01738595043065162
61	109	0.01738595043065162
57	139	0.01738595043065162
58	139	0.01738595043065162
59	139	0.01738595043065162
60	139	0.01738595043065162
61	139	0.01738595043065162
45	139	0.01738595043065162
46	139	0.01738595043065162
31	57	0.01738595043065162
48	139	0.01738595043065162
49	139	0.01738595043065162
15	57	0.01738595043065162
56	262	0.01738595043065162
58	109	0.01738595043065162
59	109	0.01738595043065162
60	109	0.01738595043065162
33	139	0.01738595043065162
57	262	0.01738595043065162
19	57	0.01738595043065162
40	139	0.01738595043065162
41	139	0.01738595043065162
8	139	0.01738595043065162
22	57	0.01738595043065162
10	139	0.01738595043065162
14	139	0.01738595043065162
15	139	0.01738595043065162
43	139	0.01738595043065162
44	139	0.01738595043065162
6	57	0.01738595043065162
8	57	0.01738595043065162
31	139	0.01738595043065162
32	139	0.01738595043065162
97	139	0.01738595043065162
49	109	0.01738595043065162
33	109	0.01738595043065162
10	57	0.01738595043065162
12	57	0.01738595043065162
40	109	0.01738595043065162
48	262	0.01738595043065162
57	109	0.01738595043065162
49	262	0.01738595043065162
104	139	0.01738595043065162
106	139	0.01738595043065162
107	139	0.01738595043065162
109	139	0.01738595043065162
109	56	0.01738595043065162
95	139	0.01738595043065162
96	139	0.01738595043065162
56	139	0.01738595043065162
17	139	0.01738595043065162
18	139	0.01738595043065162
19	139	0.01738595043065162
70	139	0.01738595043065162
73	139	0.01738595043065162
62	139	0.01738595043065162
63	139	0.01738595043065162
47	139	0.01738595043065162
65	139	0.01738595043065162
66	139	0.01738595043065162
67	139	0.01738595043065162
68	139	0.01738595043065162
69	139	0.01738595043065162
4	57	0.01738595043065162
81	261	0.01738595043065162
26	140	0.01738595043065162
83	261	0.01738595043065162
58	262	0.01738595043065162
14	140	0.01738595043065162
15	140	0.01738595043065162
17	140	0.01738595043065162
18	140	0.01738595043065162
78	139	0.01738595043065162
59	262	0.01738595043065162
6	140	0.01738595043065162
8	140	0.01738595043065162
10	140	0.01738595043065162
12	140	0.01738595043065162
13	140	0.01738595043065162
60	262	0.01738595043065162
61	262	0.01738595043065162
63	109	0.01738595043065162
62	262	0.01738595043065162
65	109	0.01738595043065162
47	262	0.01738595043065162
40	262	0.01738595043065162
41	262	0.01738595043065162
56	109	0.01738595043065162
19	140	0.01738595043065162
41	109	0.01738595043065162
43	109	0.01738595043065162
44	109	0.01738595043065162
45	109	0.01738595043065162
46	109	0.01738595043065162
47	109	0.01738595043065162
48	109	0.01738595043065162
62	109	0.01738595043065162
41	140	0.01738595043065162
43	140	0.01738595043065162
44	140	0.01738595043065162
45	140	0.01738595043065162
46	140	0.01738595043065162
59	140	0.01738595043065162
60	140	0.01738595043065162
61	140	0.01738595043065162
31	140	0.01738595043065162
32	140	0.01738595043065162
33	140	0.01738595043065162
43	262	0.01738595043065162
44	262	0.01738595043065162
45	262	0.01738595043065162
4	263	0.01738595043065162
40	140	0.01738595043065162
100	139	0.01738595043065162
101	139	0.01738595043065162
86	139	0.01738595043065162
87	139	0.01738595043065162
89	139	0.01738595043065162
90	139	0.01738595043065162
46	262	0.01738595043065162
31	262	0.01738595043065162
79	139	0.01738595043065162
80	139	0.01738595043065162
81	139	0.01738595043065162
83	139	0.01738595043065162
84	139	0.01738595043065162
32	262	0.01738595043065162
22	140	0.01738595043065162
98	139	0.01738595043065162
33	262	0.01738595043065162
6	109	0.01738595043065162
87	140	0.01738595043065162
19	109	0.01738595043065162
86	262	0.01738595043065162
22	109	0.01738595043065162
8	109	0.01738595043065162
10	109	0.01738595043065162
87	262	0.01738595043065162
79	140	0.01738595043065162
80	140	0.01738595043065162
81	140	0.01738595043065162
15	109	0.01738595043065162
89	262	0.01738595043065162
90	262	0.01738595043065162
4	109	0.01738595043065162
17	57	0.01738595043065162
56	140	0.01738595043065162
57	140	0.01738595043065162
58	140	0.01738595043065162
89	140	0.01738595043065162
90	140	0.01738595043065162
18	57	0.01738595043065162
79	262	0.01738595043065162
62	140	0.01738595043065162
47	140	0.01738595043065162
48	140	0.01738595043065162
49	140	0.01738595043065162
80	262	0.01738595043065162
81	262	0.01738595043065162
4	140	0.01738595043065162
83	262	0.01738595043065162
67	140	0.01738595043065162
68	140	0.01738595043065162
69	140	0.01738595043065162
70	140	0.01738595043065162
83	140	0.01738595043065162
84	140	0.01738595043065162
84	262	0.01738595043065162
86	140	0.01738595043065162
95	140	0.01738595043065162
96	140	0.01738595043065162
97	140	0.01738595043065162
41	306	0.01738595043065162
63	140	0.01738595043065162
43	306	0.01738595043065162
65	140	0.01738595043065162
66	140	0.01738595043065162
32	109	0.01738595043065162
17	109	0.01738595043065162
18	109	0.01738595043065162
104	140	0.01738595043065162
107	262	0.01738595043065162
106	140	0.01738595043065162
107	140	0.01738595043065162
109	140	0.01738595043065162
12	109	0.01738595043065162
13	109	0.01738595043065162
14	109	0.01738595043065162
26	109	0.01738595043065162
8	263	0.01738595043065162
10	263	0.01738595043065162
12	263	0.01738595043065162
31	109	0.01738595043065162
98	140	0.01738595043065162
100	140	0.01738595043065162
101	140	0.01738595043065162
13	263	0.01738595043065162
104	108	0.01738595043065162
14	263	0.01738595043065162
106	108	0.01738595043065162
78	305	0.01738595043065162
107	108	0.01738595043065162
109	108	0.01738595043065162
95	108	0.01738595043065162
96	108	0.01738595043065162
97	108	0.01738595043065162
98	108	0.01738595043065162
100	108	0.01738595043065162
101	108	0.01738595043065162
86	108	0.01738595043065162
87	108	0.01738595043065162
89	108	0.01738595043065162
90	108	0.01738595043065162
79	305	0.01738595043065162
80	305	0.01738595043065162
56	306	0.01738595043065162
79	108	0.01738595043065162
57	306	0.01738595043065162
73	140	0.01738595043065162
78	140	0.01738595043065162
80	108	0.01738595043065162
81	108	0.01738595043065162
83	108	0.01738595043065162
84	108	0.01738595043065162
40	306	0.01738595043065162
106	330	0.01738595043065162
107	330	0.01738595043065162
109	330	0.01738595043065162
44	7	0.01738595043065162
45	7	0.01738595043065162
46	7	0.01738595043065162
47	7	0.01738595043065162
83	305	0.01738595043065162
49	7	0.01738595043065162
84	305	0.01738595043065162
89	305	0.01738595043065162
90	305	0.01738595043065162
40	7	0.01738595043065162
41	7	0.01738595043065162
43	7	0.01738595043065162
6	263	0.01738595043065162
104	262	0.01738595043065162
31	7	0.01738595043065162
32	7	0.01738595043065162
33	7	0.01738595043065162
106	262	0.01738595043065162
18	306	0.01738595043065162
22	7	0.01738595043065162
48	7	0.01738595043065162
56	108	0.01738595043065162
57	108	0.01738595043065162
58	108	0.01738595043065162
59	108	0.01738595043065162
60	108	0.01738595043065162
61	108	0.01738595043065162
17	7	0.01738595043065162
81	305	0.01738595043065162
15	108	0.01738595043065162
17	108	0.01738595043065162
18	108	0.01738595043065162
19	108	0.01738595043065162
32	263	0.01738595043065162
22	108	0.01738595043065162
33	263	0.01738595043065162
104	330	0.01738595043065162
78	108	0.01738595043065162
40	263	0.01738595043065162
26	263	0.01738595043065162
47	108	0.01738595043065162
48	108	0.01738595043065162
49	108	0.01738595043065162
101	262	0.01738595043065162
31	263	0.01738595043065162
17	263	0.01738595043065162
65	108	0.01738595043065162
66	108	0.01738595043065162
67	108	0.01738595043065162
68	108	0.01738595043065162
69	108	0.01738595043065162
70	108	0.01738595043065162
73	108	0.01738595043065162
18	263	0.01738595043065162
19	263	0.01738595043065162
48	263	0.01738595043065162
69	262	0.01738595043065162
70	262	0.01738595043065162
73	262	0.01738595043065162
62	108	0.01738595043065162
63	108	0.01738595043065162
78	262	0.01738595043065162
26	7	0.01738595043065162
63	262	0.01738595043065162
12	7	0.01738595043065162
13	7	0.01738595043065162
14	7	0.01738595043065162
15	7	0.01738595043065162
15	263	0.01738595043065162
86	330	0.01738595043065162
73	330	0.01738595043065162
78	330	0.01738595043065162
78	7	0.01738595043065162
79	7	0.01738595043065162
80	7	0.01738595043065162
81	7	0.01738595043065162
83	7	0.01738595043065162
68	7	0.01738595043065162
69	7	0.01738595043065162
70	7	0.01738595043065162
73	7	0.01738595043065162
60	7	0.01738595043065162
61	7	0.01738595043065162
62	7	0.01738595043065162
63	7	0.01738595043065162
65	262	0.01738595043065162
65	7	0.01738595043065162
66	7	0.01738595043065162
67	7	0.01738595043065162
66	262	0.01738595043065162
67	262	0.01738595043065162
56	7	0.01738595043065162
57	7	0.01738595043065162
68	262	0.01738595043065162
60	263	0.01738595043065162
61	263	0.01738595043065162
62	263	0.01738595043065162
63	263	0.01738595043065162
49	263	0.01738595043065162
65	263	0.01738595043065162
66	263	0.01738595043065162
56	263	0.01738595043065162
101	56	0.01738595043065162
40	108	0.01738595043065162
104	56	0.01738595043065162
58	263	0.01738595043065162
59	263	0.01738595043065162
95	262	0.01738595043065162
96	262	0.01738595043065162
43	108	0.01738595043065162
44	108	0.01738595043065162
45	108	0.01738595043065162
46	108	0.01738595043065162
31	108	0.01738595043065162
32	108	0.01738595043065162
33	108	0.01738595043065162
97	262	0.01738595043065162
98	262	0.01738595043065162
100	262	0.01738595043065162
41	263	0.01738595043065162
26	108	0.01738595043065162
43	263	0.01738595043065162
44	263	0.01738595043065162
45	263	0.01738595043065162
41	108	0.01738595043065162
46	263	0.01738595043065162
47	263	0.01738595043065162
109	262	0.01738595043065162
84	56	0.01738595043065162
106	263	0.01738595043065162
107	263	0.01738595043065162
100	56	0.01738595043065162
86	56	0.01738595043065162
87	56	0.01738595043065162
89	56	0.01738595043065162
100	263	0.01738595043065162
101	263	0.01738595043065162
80	56	0.01738595043065162
81	56	0.01738595043065162
83	56	0.01738595043065162
78	263	0.01738595043065162
79	263	0.01738595043065162
80	263	0.01738595043065162
109	263	0.01738595043065162
97	263	0.01738595043065162
98	263	0.01738595043065162
6	108	0.01738595043065162
8	108	0.01738595043065162
67	263	0.01738595043065162
68	263	0.01738595043065162
69	263	0.01738595043065162
70	263	0.01738595043065162
57	263	0.01738595043065162
22	263	0.01738595043065162
73	263	0.01738595043065162
61	56	0.01738595043065162
62	56	0.01738595043065162
63	56	0.01738595043065162
40	330	0.01738595043065162
58	7	0.01738595043065162
59	7	0.01738595043065162
65	56	0.01738595043065162
96	263	0.01738595043065162
81	263	0.01738595043065162
83	263	0.01738595043065162
95	330	0.01738595043065162
96	330	0.01738595043065162
97	330	0.01738595043065162
62	330	0.01738595043065162
47	330	0.01738595043065162
48	330	0.01738595043065162
49	330	0.01738595043065162
84	263	0.01738595043065162
89	330	0.01738595043065162
90	330	0.01738595043065162
57	56	0.01738595043065162
41	330	0.01738595043065162
43	330	0.01738595043065162
44	330	0.01738595043065162
45	330	0.01738595043065162
46	330	0.01738595043065162
58	56	0.01738595043065162
59	56	0.01738595043065162
44	56	0.01738595043065162
69	56	0.01738595043065162
98	330	0.01738595043065162
100	330	0.01738595043065162
101	330	0.01738595043065162
87	330	0.01738595043065162
65	107	0.01738595043065162
66	107	0.01738595043065162
67	107	0.01738595043065162
68	107	0.01738595043065162
69	107	0.01738595043065162
70	56	0.01738595043065162
81	107	0.01738595043065162
83	107	0.01738595043065162
12	108	0.01738595043065162
13	108	0.01738595043065162
14	108	0.01738595043065162
73	56	0.01738595043065162
60	56	0.01738595043065162
4	108	0.01738595043065162
63	107	0.01738595043065162
95	56	0.01738595043065162
96	56	0.01738595043065162
97	56	0.01738595043065162
104	107	0.01738595043065162
98	56	0.01738595043065162
106	107	0.01738595043065162
107	107	0.01738595043065162
109	107	0.01738595043065162
10	108	0.01738595043065162
66	56	0.01738595043065162
67	56	0.01738595043065162
95	107	0.01738595043065162
96	107	0.01738595043065162
97	107	0.01738595043065162
98	107	0.01738595043065162
100	107	0.01738595043065162
101	107	0.01738595043065162
56	56	0.01738595043065162
6	144	0.01738595043065162
8	144	0.01738595043065162
61	330	0.01738595043065162
13	330	0.01738595043065162
63	330	0.01738595043065162
90	56	0.01738595043065162
65	330	0.01738595043065162
78	56	0.01738595043065162
79	56	0.01738595043065162
86	107	0.01738595043065162
106	56	0.01738595043065162
107	56	0.01738595043065162
33	107	0.01738595043065162
14	56	0.01738595043065162
4	144	0.01738595043065162
15	56	0.01738595043065162
17	56	0.01738595043065162
78	107	0.01738595043065162
79	107	0.01738595043065162
80	107	0.01738595043065162
43	56	0.01738595043065162
26	56	0.01738595043065162
31	56	0.01738595043065162
84	107	0.01738595043065162
106	55	0.01738595043065162
70	107	0.01738595043065162
73	107	0.01738595043065162
62	107	0.01738595043065162
87	107	0.01738595043065162
89	107	0.01738595043065162
90	107	0.01738595043065162
81	330	0.01738595043065162
83	330	0.01738595043065162
84	330	0.01738595043065162
10	144	0.01738595043065162
40	107	0.01738595043065162
41	107	0.01738595043065162
43	107	0.01738595043065162
44	107	0.01738595043065162
107	55	0.01738595043065162
109	55	0.01738595043065162
14	330	0.01738595043065162
15	330	0.01738595043065162
19	56	0.01738595043065162
22	56	0.01738595043065162
79	330	0.01738595043065162
80	330	0.01738595043065162
6	330	0.01738595043065162
8	330	0.01738595043065162
10	330	0.01738595043065162
12	330	0.01738595043065162
10	56	0.01738595043065162
22	330	0.01738595043065162
12	56	0.01738595043065162
26	330	0.01738595043065162
66	330	0.01738595043065162
67	330	0.01738595043065162
68	330	0.01738595043065162
69	330	0.01738595043065162
17	330	0.01738595043065162
18	330	0.01738595043065162
19	330	0.01738595043065162
13	56	0.01738595043065162
26	144	0.01738595043065162
95	263	0.01738595043065162
12	144	0.01738595043065162
41	144	0.01738595043065162
43	144	0.01738595043065162
44	144	0.01738595043065162
4	56	0.01738595043065162
6	56	0.01738595043065162
61	107	0.01738595043065162
45	107	0.01738595043065162
46	107	0.01738595043065162
8	56	0.01738595043065162
19	144	0.01738595043065162
86	263	0.01738595043065162
22	144	0.01738595043065162
87	263	0.01738595043065162
68	56	0.01738595043065162
104	263	0.01738595043065162
89	263	0.01738595043065162
56	107	0.01738595043065162
57	107	0.01738595043065162
58	107	0.01738595043065162
59	107	0.01738595043065162
60	107	0.01738595043065162
90	263	0.01738595043065162
79	55	0.01738595043065162
31	107	0.01738595043065162
32	107	0.01738595043065162
47	107	0.01738595043065162
48	107	0.01738595043065162
49	107	0.01738595043065162
80	55	0.01738595043065162
109	106	0.01738595043065162
26	107	0.01738595043065162
95	55	0.01738595043065162
12	107	0.01738595043065162
13	107	0.01738595043065162
14	107	0.01738595043065162
15	107	0.01738595043065162
17	107	0.01738595043065162
62	144	0.01738595043065162
63	144	0.01738595043065162
19	107	0.01738595043065162
4	107	0.01738595043065162
96	55	0.01738595043065162
6	107	0.01738595043065162
8	107	0.01738595043065162
10	107	0.01738595043065162
97	55	0.01738595043065162
70	55	0.01738595043065162
73	55	0.01738595043065162
86	55	0.01738595043065162
69	144	0.01738595043065162
70	144	0.01738595043065162
73	144	0.01738595043065162
61	144	0.01738595043065162
31	144	0.01738595043065162
32	144	0.01738595043065162
33	144	0.01738595043065162
87	55	0.01738595043065162
89	55	0.01738595043065162
78	55	0.01738595043065162
40	144	0.01738595043065162
40	56	0.01738595043065162
58	144	0.01738595043065162
59	144	0.01738595043065162
60	144	0.01738595043065162
45	144	0.01738595043065162
46	144	0.01738595043065162
47	144	0.01738595043065162
48	144	0.01738595043065162
49	144	0.01738595043065162
100	144	0.01738595043065162
41	56	0.01738595043065162
81	55	0.01738595043065162
101	144	0.01738595043065162
66	55	0.01738595043065162
104	144	0.01738595043065162
67	55	0.01738595043065162
106	144	0.01738595043065162
68	55	0.01738595043065162
107	144	0.01738595043065162
69	55	0.01738595043065162
32	56	0.01738595043065162
95	144	0.01738595043065162
96	144	0.01738595043065162
97	144	0.01738595043065162
98	144	0.01738595043065162
18	107	0.01738595043065162
13	144	0.01738595043065162
14	144	0.01738595043065162
15	144	0.01738595043065162
17	144	0.01738595043065162
18	144	0.01738595043065162
33	56	0.01738595043065162
22	107	0.01738595043065162
80	144	0.01738595043065162
81	144	0.01738595043065162
83	144	0.01738595043065162
84	144	0.01738595043065162
18	56	0.01738595043065162
45	56	0.01738595043065162
46	56	0.01738595043065162
47	56	0.01738595043065162
48	56	0.01738595043065162
49	56	0.01738595043065162
56	55	0.01738595043065162
57	55	0.01738595043065162
41	55	0.01738595043065162
58	55	0.01738595043065162
59	55	0.01738595043065162
79	144	0.01738595043065162
44	55	0.01738595043065162
45	55	0.01738595043065162
46	55	0.01738595043065162
47	55	0.01738595043065162
109	144	0.01738595043065162
48	55	0.01738595043065162
33	55	0.01738595043065162
49	55	0.01738595043065162
90	55	0.01738595043065162
65	144	0.01738595043065162
66	144	0.01738595043065162
67	144	0.01738595043065162
68	144	0.01738595043065162
40	55	0.01738595043065162
56	144	0.01738595043065162
57	144	0.01738595043065162
26	55	0.01738595043065162
43	55	0.01738595043065162
83	55	0.01738595043065162
84	55	0.01738595043065162
98	55	0.01738595043065162
100	55	0.01738595043065162
101	55	0.01738595043065162
104	55	0.01738595043065162
4	265	0.01738595043065162
6	265	0.01738595043065162
8	265	0.01738595043065162
10	265	0.01738595043065162
12	265	0.01738595043065162
31	55	0.01738595043065162
48	265	0.01738595043065162
49	265	0.01738595043065162
100	106	0.01738595043065162
101	106	0.01738595043065162
40	265	0.01738595043065162
104	106	0.01738595043065162
19	265	0.01738595043065162
44	265	0.01738595043065162
45	265	0.01738595043065162
46	265	0.01738595043065162
86	144	0.01738595043065162
87	144	0.01738595043065162
89	144	0.01738595043065162
90	144	0.01738595043065162
31	265	0.01738595043065162
78	144	0.01738595043065162
32	265	0.01738595043065162
47	265	0.01738595043065162
90	106	0.01738595043065162
60	55	0.01738595043065162
106	106	0.01738595043065162
107	106	0.01738595043065162
61	55	0.01738595043065162
62	55	0.01738595043065162
95	106	0.01738595043065162
96	106	0.01738595043065162
63	55	0.01738595043065162
65	55	0.01738595043065162
41	265	0.01738595043065162
84	106	0.01738595043065162
43	265	0.01738595043065162
86	106	0.01738595043065162
87	106	0.01738595043065162
89	106	0.01738595043065162
84	265	0.01738595043065162
86	265	0.01738595043065162
73	265	0.01738595043065162
78	106	0.01738595043065162
79	106	0.01738595043065162
80	106	0.01738595043065162
81	106	0.01738595043065162
83	106	0.01738595043065162
78	265	0.01738595043065162
63	265	0.01738595043065162
33	265	0.01738595043065162
66	265	0.01738595043065162
67	265	0.01738595043065162
68	265	0.01738595043065162
69	265	0.01738595043065162
70	265	0.01738595043065162
10	146	0.01738595043065162
81	265	0.01738595043065162
83	265	0.01738595043065162
58	265	0.01738595043065162
59	265	0.01738595043065162
60	265	0.01738595043065162
61	265	0.01738595043065162
62	265	0.01738595043065162
4	146	0.01738595043065162
17	55	0.01738595043065162
65	265	0.01738595043065162
32	55	0.01738595043065162
13	265	0.01738595043065162
14	265	0.01738595043065162
15	265	0.01738595043065162
8	146	0.01738595043065162
17	265	0.01738595043065162
18	265	0.01738595043065162
12	146	0.01738595043065162
13	146	0.01738595043065162
14	146	0.01738595043065162
15	146	0.01738595043065162
56	265	0.01738595043065162
57	265	0.01738595043065162
97	106	0.01738595043065162
98	106	0.01738595043065162
4	55	0.01738595043065162
6	146	0.01738595043065162
6	55	0.01738595043065162
18	55	0.01738595043065162
19	55	0.01738595043065162
22	55	0.01738595043065162
8	55	0.01738595043065162
107	54	0.01738595043065162
4	8	0.01738595043065162
101	7	0.01738595043065162
70	330	0.01738595043065162
109	54	0.01738595043065162
56	330	0.01738595043065162
57	330	0.01738595043065162
104	7	0.01738595043065162
14	55	0.01738595043065162
106	7	0.01738595043065162
107	7	0.01738595043065162
15	55	0.01738595043065162
6	266	0.01738595043065162
104	265	0.01738595043065162
109	7	0.01738595043065162
96	7	0.01738595043065162
97	7	0.01738595043065162
98	7	0.01738595043065162
100	7	0.01738595043065162
84	7	0.01738595043065162
106	265	0.01738595043065162
86	7	0.01738595043065162
107	265	0.01738595043065162
104	54	0.01738595043065162
31	146	0.01738595043065162
32	146	0.01738595043065162
17	146	0.01738595043065162
18	146	0.01738595043065162
19	146	0.01738595043065162
106	54	0.01738595043065162
95	7	0.01738595043065162
22	265	0.01738595043065162
26	265	0.01738595043065162
79	265	0.01738595043065162
80	265	0.01738595043065162
4	266	0.01738595043065162
56	146	0.01738595043065162
57	146	0.01738595043065162
67	106	0.01738595043065162
47	146	0.01738595043065162
48	146	0.01738595043065162
49	146	0.01738595043065162
33	146	0.01738595043065162
95	265	0.01738595043065162
96	265	0.01738595043065162
97	265	0.01738595043065162
98	265	0.01738595043065162
41	146	0.01738595043065162
100	265	0.01738595043065162
26	146	0.01738595043065162
101	265	0.01738595043065162
43	146	0.01738595043065162
44	146	0.01738595043065162
45	146	0.01738595043065162
46	146	0.01738595043065162
58	330	0.01738595043065162
59	330	0.01738595043065162
60	330	0.01738595043065162
87	265	0.01738595043065162
90	265	0.01738595043065162
31	266	0.01738595043065162
32	266	0.01738595043065162
40	146	0.01738595043065162
66	146	0.01738595043065162
67	146	0.01738595043065162
107	146	0.01738595043065162
109	146	0.01738595043065162
98	146	0.01738595043065162
100	146	0.01738595043065162
101	146	0.01738595043065162
33	266	0.01738595043065162
59	146	0.01738595043065162
60	146	0.01738595043065162
22	146	0.01738595043065162
109	265	0.01738595043065162
78	146	0.01738595043065162
79	146	0.01738595043065162
80	146	0.01738595043065162
81	146	0.01738595043065162
22	266	0.01738595043065162
26	266	0.01738595043065162
68	146	0.01738595043065162
69	146	0.01738595043065162
70	146	0.01738595043065162
89	265	0.01738595043065162
73	146	0.01738595043065162
58	146	0.01738595043065162
68	106	0.01738595043065162
69	106	0.01738595043065162
70	106	0.01738595043065162
61	146	0.01738595043065162
62	146	0.01738595043065162
63	146	0.01738595043065162
10	55	0.01738595043065162
65	146	0.01738595043065162
63	106	0.01738595043065162
12	55	0.01738595043065162
13	55	0.01738595043065162
15	266	0.01738595043065162
17	266	0.01738595043065162
84	146	0.01738595043065162
18	266	0.01738595043065162
86	146	0.01738595043065162
58	106	0.01738595043065162
43	106	0.01738595043065162
19	266	0.01738595043065162
73	106	0.01738595043065162
59	106	0.01738595043065162
60	106	0.01738595043065162
61	106	0.01738595043065162
62	106	0.01738595043065162
57	305	0.01738595043065162
106	146	0.01738595043065162
65	106	0.01738595043065162
66	106	0.01738595043065162
58	305	0.01738595043065162
59	305	0.01738595043065162
56	106	0.01738595043065162
57	106	0.01738595043065162
104	146	0.01738595043065162
60	305	0.01738595043065162
44	106	0.01738595043065162
45	106	0.01738595043065162
46	106	0.01738595043065162
47	106	0.01738595043065162
48	106	0.01738595043065162
49	106	0.01738595043065162
26	306	0.01738595043065162
48	305	0.01738595043065162
40	106	0.01738595043065162
41	106	0.01738595043065162
49	305	0.01738595043065162
68	305	0.01738595043065162
69	305	0.01738595043065162
31	106	0.01738595043065162
32	106	0.01738595043065162
33	106	0.01738595043065162
18	106	0.01738595043065162
19	106	0.01738595043065162
56	305	0.01738595043065162
22	106	0.01738595043065162
26	106	0.01738595043065162
10	106	0.01738595043065162
96	146	0.01738595043065162
97	146	0.01738595043065162
83	146	0.01738595043065162
12	106	0.01738595043065162
13	106	0.01738595043065162
14	106	0.01738595043065162
15	106	0.01738595043065162
17	106	0.01738595043065162
87	146	0.01738595043065162
89	146	0.01738595043065162
106	305	0.01738595043065162
90	146	0.01738595043065162
107	305	0.01738595043065162
109	305	0.01738595043065162
61	305	0.01738595043065162
95	146	0.01738595043065162
10	148	0.01738595043065162
12	148	0.01738595043065162
46	305	0.01738595043065162
47	305	0.01738595043065162
4	330	0.01738595043065162
40	266	0.01738595043065162
41	266	0.01738595043065162
10	8	0.01738595043065162
8	106	0.01738595043065162
43	266	0.01738595043065162
106	105	0.01738595043065162
107	105	0.01738595043065162
109	105	0.01738595043065162
87	305	0.01738595043065162
104	305	0.01738595043065162
8	148	0.01738595043065162
98	105	0.01738595043065162
100	105	0.01738595043065162
101	105	0.01738595043065162
65	266	0.01738595043065162
104	105	0.01738595043065162
4	106	0.01738595043065162
86	266	0.01738595043065162
6	106	0.01738595043065162
89	105	0.01738595043065162
90	105	0.01738595043065162
87	266	0.01738595043065162
73	266	0.01738595043065162
95	266	0.01738595043065162
95	105	0.01738595043065162
96	105	0.01738595043065162
97	105	0.01738595043065162
84	105	0.01738595043065162
70	266	0.01738595043065162
8	8	0.01738595043065162
56	266	0.01738595043065162
22	8	0.01738595043065162
57	266	0.01738595043065162
26	8	0.01738595043065162
8	266	0.01738595043065162
6	148	0.01738595043065162
13	148	0.01738595043065162
10	266	0.01738595043065162
26	148	0.01738595043065162
12	266	0.01738595043065162
13	266	0.01738595043065162
81	105	0.01738595043065162
83	105	0.01738595043065162
4	148	0.01738595043065162
14	148	0.01738595043065162
15	148	0.01738595043065162
17	148	0.01738595043065162
18	148	0.01738595043065162
19	148	0.01738595043065162
14	266	0.01738595043065162
62	266	0.01738595043065162
12	8	0.01738595043065162
87	7	0.01738595043065162
89	7	0.01738595043065162
90	7	0.01738595043065162
63	266	0.01738595043065162
31	330	0.01738595043065162
32	330	0.01738595043065162
33	330	0.01738595043065162
47	148	0.01738595043065162
48	148	0.01738595043065162
49	148	0.01738595043065162
48	266	0.01738595043065162
83	148	0.01738595043065162
84	148	0.01738595043065162
49	266	0.01738595043065162
70	148	0.01738595043065162
66	266	0.01738595043065162
67	266	0.01738595043065162
40	148	0.01738595043065162
41	148	0.01738595043065162
43	148	0.01738595043065162
44	148	0.01738595043065162
45	148	0.01738595043065162
46	148	0.01738595043065162
68	266	0.01738595043065162
86	105	0.01738595043065162
69	266	0.01738595043065162
31	148	0.01738595043065162
32	148	0.01738595043065162
33	148	0.01738595043065162
15	306	0.01738595043065162
22	148	0.01738595043065162
17	306	0.01738595043065162
13	8	0.01738595043065162
14	8	0.01738595043065162
44	266	0.01738595043065162
31	8	0.01738595043065162
32	8	0.01738595043065162
33	8	0.01738595043065162
58	266	0.01738595043065162
59	266	0.01738595043065162
15	8	0.01738595043065162
17	8	0.01738595043065162
18	8	0.01738595043065162
19	8	0.01738595043065162
60	266	0.01738595043065162
61	266	0.01738595043065162
6	8	0.01738595043065162
58	8	0.01738595043065162
98	328	0.01738595043065162
100	328	0.01738595043065162
101	328	0.01738595043065162
79	54	0.01738595043065162
61	8	0.01738595043065162
62	8	0.01738595043065162
63	8	0.01738595043065162
80	54	0.01738595043065162
65	8	0.01738595043065162
66	8	0.01738595043065162
67	8	0.01738595043065162
68	8	0.01738595043065162
81	54	0.01738595043065162
56	8	0.01738595043065162
57	8	0.01738595043065162
73	148	0.01738595043065162
59	8	0.01738595043065162
60	8	0.01738595043065162
45	8	0.01738595043065162
46	8	0.01738595043065162
47	8	0.01738595043065162
48	8	0.01738595043065162
49	8	0.01738595043065162
95	148	0.01738595043065162
96	148	0.01738595043065162
97	148	0.01738595043065162
98	148	0.01738595043065162
100	148	0.01738595043065162
101	148	0.01738595043065162
86	148	0.01738595043065162
4	149	0.01738595043065162
73	105	0.01738595043065162
78	105	0.01738595043065162
79	105	0.01738595043065162
80	105	0.01738595043065162
65	105	0.01738595043065162
66	105	0.01738595043065162
67	105	0.01738595043065162
83	54	0.01738595043065162
68	105	0.01738595043065162
69	105	0.01738595043065162
70	105	0.01738595043065162
57	105	0.01738595043065162
58	105	0.01738595043065162
59	105	0.01738595043065162
60	105	0.01738595043065162
87	105	0.01738595043065162
61	105	0.01738595043065162
62	105	0.01738595043065162
63	105	0.01738595043065162
84	54	0.01738595043065162
78	148	0.01738595043065162
79	148	0.01738595043065162
80	148	0.01738595043065162
81	148	0.01738595043065162
86	54	0.01738595043065162
31	105	0.01738595043065162
32	105	0.01738595043065162
100	266	0.01738595043065162
31	149	0.01738595043065162
32	149	0.01738595043065162
33	105	0.01738595043065162
73	54	0.01738595043065162
78	54	0.01738595043065162
65	148	0.01738595043065162
66	148	0.01738595043065162
67	148	0.01738595043065162
68	148	0.01738595043065162
69	148	0.01738595043065162
17	267	0.01738595043065162
18	267	0.01738595043065162
57	148	0.01738595043065162
58	148	0.01738595043065162
59	148	0.01738595043065162
60	148	0.01738595043065162
61	148	0.01738595043065162
19	267	0.01738595043065162
62	148	0.01738595043065162
63	148	0.01738595043065162
90	266	0.01738595043065162
45	266	0.01738595043065162
104	148	0.01738595043065162
106	148	0.01738595043065162
107	148	0.01738595043065162
109	148	0.01738595043065162
46	266	0.01738595043065162
56	148	0.01738595043065162
57	149	0.01738595043065162
58	149	0.01738595043065162
59	149	0.01738595043065162
60	149	0.01738595043065162
61	149	0.01738595043065162
13	149	0.01738595043065162
63	149	0.01738595043065162
47	266	0.01738595043065162
96	266	0.01738595043065162
49	105	0.01738595043065162
97	266	0.01738595043065162
98	266	0.01738595043065162
80	266	0.01738595043065162
70	149	0.01738595043065162
81	266	0.01738595043065162
56	149	0.01738595043065162
44	105	0.01738595043065162
45	105	0.01738595043065162
46	105	0.01738595043065162
47	105	0.01738595043065162
48	105	0.01738595043065162
87	148	0.01738595043065162
89	148	0.01738595043065162
90	148	0.01738595043065162
83	266	0.01738595043065162
84	266	0.01738595043065162
40	105	0.01738595043065162
101	266	0.01738595043065162
26	105	0.01738595043065162
56	105	0.01738595043065162
41	105	0.01738595043065162
43	105	0.01738595043065162
83	149	0.01738595043065162
84	149	0.01738595043065162
89	266	0.01738595043065162
86	149	0.01738595043065162
73	149	0.01738595043065162
98	149	0.01738595043065162
100	149	0.01738595043065162
101	149	0.01738595043065162
26	149	0.01738595043065162
109	266	0.01738595043065162
49	267	0.01738595043065162
14	149	0.01738595043065162
15	149	0.01738595043065162
79	149	0.01738595043065162
80	149	0.01738595043065162
81	149	0.01738595043065162
56	267	0.01738595043065162
6	149	0.01738595043065162
8	149	0.01738595043065162
10	149	0.01738595043065162
12	149	0.01738595043065162
33	149	0.01738595043065162
41	267	0.01738595043065162
22	149	0.01738595043065162
65	149	0.01738595043065162
66	149	0.01738595043065162
67	149	0.01738595043065162
68	149	0.01738595043065162
69	149	0.01738595043065162
17	149	0.01738595043065162
18	149	0.01738595043065162
19	149	0.01738595043065162
43	267	0.01738595043065162
44	267	0.01738595043065162
45	267	0.01738595043065162
46	267	0.01738595043065162
47	267	0.01738595043065162
48	267	0.01738595043065162
6	105	0.01738595043065162
104	104	0.01738595043065162
49	149	0.01738595043065162
33	267	0.01738595043065162
78	266	0.01738595043065162
79	266	0.01738595043065162
40	149	0.01738595043065162
96	54	0.01738595043065162
97	54	0.01738595043065162
98	54	0.01738595043065162
45	149	0.01738595043065162
46	149	0.01738595043065162
95	149	0.01738595043065162
96	149	0.01738595043065162
97	149	0.01738595043065162
62	149	0.01738595043065162
47	149	0.01738595043065162
48	149	0.01738595043065162
87	149	0.01738595043065162
89	149	0.01738595043065162
90	149	0.01738595043065162
100	54	0.01738595043065162
101	54	0.01738595043065162
41	149	0.01738595043065162
43	149	0.01738595043065162
44	149	0.01738595043065162
87	54	0.01738595043065162
73	104	0.01738595043065162
89	54	0.01738595043065162
78	104	0.01738595043065162
90	104	0.01738595043065162
90	54	0.01738595043065162
95	54	0.01738595043065162
79	267	0.01738595043065162
80	267	0.01738595043065162
22	105	0.01738595043065162
8	105	0.01738595043065162
10	105	0.01738595043065162
84	104	0.01738595043065162
65	267	0.01738595043065162
86	104	0.01738595043065162
87	104	0.01738595043065162
15	105	0.01738595043065162
66	267	0.01738595043065162
67	267	0.01738595043065162
4	105	0.01738595043065162
78	149	0.01738595043065162
17	105	0.01738595043065162
18	105	0.01738595043065162
19	105	0.01738595043065162
68	267	0.01738595043065162
106	104	0.01738595043065162
107	104	0.01738595043065162
109	104	0.01738595043065162
69	267	0.01738595043065162
12	105	0.01738595043065162
13	105	0.01738595043065162
14	105	0.01738595043065162
32	267	0.01738595043065162
65	104	0.01738595043065162
66	104	0.01738595043065162
57	267	0.01738595043065162
58	267	0.01738595043065162
59	267	0.01738595043065162
60	267	0.01738595043065162
61	267	0.01738595043065162
109	149	0.01738595043065162
96	104	0.01738595043065162
97	104	0.01738595043065162
62	267	0.01738595043065162
63	267	0.01738595043065162
78	267	0.01738595043065162
8	267	0.01738595043065162
10	267	0.01738595043065162
12	267	0.01738595043065162
13	267	0.01738595043065162
89	104	0.01738595043065162
14	267	0.01738595043065162
15	267	0.01738595043065162
104	149	0.01738595043065162
106	149	0.01738595043065162
107	149	0.01738595043065162
95	104	0.01738595043065162
80	104	0.01738595043065162
81	104	0.01738595043065162
83	104	0.01738595043065162
98	104	0.01738595043065162
70	267	0.01738595043065162
100	104	0.01738595043065162
101	104	0.01738595043065162
4	267	0.01738595043065162
6	151	0.01738595043065162
8	151	0.01738595043065162
6	267	0.01738595043065162
104	266	0.01738595043065162
106	266	0.01738595043065162
40	104	0.01738595043065162
41	104	0.01738595043065162
107	266	0.01738595043065162
22	267	0.01738595043065162
104	267	0.01738595043065162
44	104	0.01738595043065162
45	104	0.01738595043065162
46	104	0.01738595043065162
89	267	0.01738595043065162
4	151	0.01738595043065162
90	267	0.01738595043065162
8	268	0.01738595043065162
106	267	0.01738595043065162
79	104	0.01738595043065162
95	267	0.01738595043065162
96	267	0.01738595043065162
33	268	0.01738595043065162
100	267	0.01738595043065162
101	267	0.01738595043065162
40	267	0.01738595043065162
26	267	0.01738595043065162
31	267	0.01738595043065162
81	267	0.01738595043065162
83	267	0.01738595043065162
84	267	0.01738595043065162
86	267	0.01738595043065162
31	151	0.01738595043065162
32	151	0.01738595043065162
33	151	0.01738595043065162
18	151	0.01738595043065162
19	151	0.01738595043065162
87	267	0.01738595043065162
22	151	0.01738595043065162
10	151	0.01738595043065162
12	151	0.01738595043065162
13	151	0.01738595043065162
14	151	0.01738595043065162
15	151	0.01738595043065162
17	151	0.01738595043065162
31	104	0.01738595043065162
32	104	0.01738595043065162
33	104	0.01738595043065162
49	104	0.01738595043065162
67	104	0.01738595043065162
68	104	0.01738595043065162
69	104	0.01738595043065162
70	104	0.01738595043065162
56	104	0.01738595043065162
57	104	0.01738595043065162
58	104	0.01738595043065162
43	104	0.01738595043065162
59	104	0.01738595043065162
60	104	0.01738595043065162
61	104	0.01738595043065162
62	104	0.01738595043065162
63	104	0.01738595043065162
47	104	0.01738595043065162
48	104	0.01738595043065162
6	104	0.01738595043065162
8	104	0.01738595043065162
10	104	0.01738595043065162
12	104	0.01738595043065162
13	104	0.01738595043065162
66	151	0.01738595043065162
67	151	0.01738595043065162
68	151	0.01738595043065162
69	151	0.01738595043065162
70	151	0.01738595043065162
73	151	0.01738595043065162
58	151	0.01738595043065162
59	151	0.01738595043065162
60	151	0.01738595043065162
61	151	0.01738595043065162
62	151	0.01738595043065162
73	267	0.01738595043065162
32	268	0.01738595043065162
17	268	0.01738595043065162
18	268	0.01738595043065162
19	268	0.01738595043065162
22	268	0.01738595043065162
40	268	0.01738595043065162
41	268	0.01738595043065162
69	54	0.01738595043065162
70	54	0.01738595043065162
40	151	0.01738595043065162
41	151	0.01738595043065162
26	151	0.01738595043065162
10	268	0.01738595043065162
12	268	0.01738595043065162
13	268	0.01738595043065162
14	268	0.01738595043065162
104	151	0.01738595043065162
106	151	0.01738595043065162
15	268	0.01738595043065162
31	268	0.01738595043065162
95	151	0.01738595043065162
96	151	0.01738595043065162
43	151	0.01738595043065162
98	151	0.01738595043065162
83	151	0.01738595043065162
84	151	0.01738595043065162
6	268	0.01738595043065162
86	151	0.01738595043065162
87	151	0.01738595043065162
89	151	0.01738595043065162
101	151	0.01738595043065162
63	54	0.01738595043065162
65	54	0.01738595043065162
66	54	0.01738595043065162
22	104	0.01738595043065162
67	54	0.01738595043065162
26	104	0.01738595043065162
68	54	0.01738595043065162
97	151	0.01738595043065162
107	267	0.01738595043065162
109	267	0.01738595043065162
14	104	0.01738595043065162
15	104	0.01738595043065162
17	104	0.01738595043065162
18	104	0.01738595043065162
19	104	0.01738595043065162
97	267	0.01738595043065162
98	267	0.01738595043065162
95	103	0.01738595043065162
96	103	0.01738595043065162
97	103	0.01738595043065162
98	103	0.01738595043065162
100	103	0.01738595043065162
4	268	0.01738595043065162
4	104	0.01738595043065162
86	103	0.01738595043065162
87	103	0.01738595043065162
89	103	0.01738595043065162
90	103	0.01738595043065162
40	54	0.01738595043065162
41	54	0.01738595043065162
19	152	0.01738595043065162
107	103	0.01738595043065162
56	54	0.01738595043065162
65	151	0.01738595043065162
57	54	0.01738595043065162
58	54	0.01738595043065162
59	54	0.01738595043065162
56	151	0.01738595043065162
57	151	0.01738595043065162
60	54	0.01738595043065162
44	151	0.01738595043065162
45	151	0.01738595043065162
46	151	0.01738595043065162
47	151	0.01738595043065162
48	151	0.01738595043065162
49	151	0.01738595043065162
100	151	0.01738595043065162
63	151	0.01738595043065162
57	152	0.01738595043065162
58	152	0.01738595043065162
59	152	0.01738595043065162
44	152	0.01738595043065162
18	152	0.01738595043065162
4	152	0.01738595043065162
67	268	0.01738595043065162
6	152	0.01738595043065162
49	152	0.01738595043065162
68	268	0.01738595043065162
69	268	0.01738595043065162
47	54	0.01738595043065162
48	54	0.01738595043065162
49	54	0.01738595043065162
59	268	0.01738595043065162
56	152	0.01738595043065162
80	151	0.01738595043065162
81	151	0.01738595043065162
109	103	0.01738595043065162
60	268	0.01738595043065162
45	152	0.01738595043065162
46	152	0.01738595043065162
47	152	0.01738595043065162
48	152	0.01738595043065162
61	268	0.01738595043065162
101	103	0.01738595043065162
43	54	0.01738595043065162
104	103	0.01738595043065162
106	103	0.01738595043065162
90	151	0.01738595043065162
78	151	0.01738595043065162
79	151	0.01738595043065162
68	152	0.01738595043065162
69	152	0.01738595043065162
70	152	0.01738595043065162
73	152	0.01738595043065162
33	152	0.01738595043065162
84	152	0.01738595043065162
44	54	0.01738595043065162
86	152	0.01738595043065162
45	54	0.01738595043065162
65	152	0.01738595043065162
66	152	0.01738595043065162
67	152	0.01738595043065162
79	152	0.01738595043065162
80	152	0.01738595043065162
81	152	0.01738595043065162
83	152	0.01738595043065162
13	152	0.01738595043065162
14	152	0.01738595043065162
15	152	0.01738595043065162
17	152	0.01738595043065162
60	152	0.01738595043065162
61	152	0.01738595043065162
62	152	0.01738595043065162
63	152	0.01738595043065162
8	152	0.01738595043065162
10	152	0.01738595043065162
107	151	0.01738595043065162
109	151	0.01738595043065162
46	54	0.01738595043065162
22	152	0.01738595043065162
26	152	0.01738595043065162
12	152	0.01738595043065162
67	103	0.01738595043065162
66	268	0.01738595043065162
68	103	0.01738595043065162
69	103	0.01738595043065162
70	103	0.01738595043065162
73	103	0.01738595043065162
60	103	0.01738595043065162
78	103	0.01738595043065162
59	103	0.01738595043065162
26	268	0.01738595043065162
61	103	0.01738595043065162
62	103	0.01738595043065162
63	103	0.01738595043065162
70	268	0.01738595043065162
65	103	0.01738595043065162
66	103	0.01738595043065162
73	268	0.01738595043065162
58	268	0.01738595043065162
31	152	0.01738595043065162
32	152	0.01738595043065162
63	268	0.01738595043065162
56	103	0.01738595043065162
57	103	0.01738595043065162
58	103	0.01738595043065162
87	152	0.01738595043065162
89	152	0.01738595043065162
90	152	0.01738595043065162
78	152	0.01738595043065162
40	152	0.01738595043065162
41	152	0.01738595043065162
43	152	0.01738595043065162
65	268	0.01738595043065162
97	328	0.01738595043065162
69	328	0.01738595043065162
70	328	0.01738595043065162
12	269	0.01738595043065162
73	328	0.01738595043065162
78	328	0.01738595043065162
79	328	0.01738595043065162
13	269	0.01738595043065162
98	152	0.01738595043065162
109	152	0.01738595043065162
100	152	0.01738595043065162
101	152	0.01738595043065162
14	269	0.01738595043065162
104	152	0.01738595043065162
106	152	0.01738595043065162
56	268	0.01738595043065162
45	103	0.01738595043065162
57	268	0.01738595043065162
107	152	0.01738595043065162
43	268	0.01738595043065162
44	268	0.01738595043065162
95	152	0.01738595043065162
96	152	0.01738595043065162
97	152	0.01738595043065162
79	103	0.01738595043065162
80	103	0.01738595043065162
81	103	0.01738595043065162
83	103	0.01738595043065162
84	103	0.01738595043065162
45	268	0.01738595043065162
43	103	0.01738595043065162
44	103	0.01738595043065162
46	268	0.01738595043065162
22	103	0.01738595043065162
47	268	0.01738595043065162
62	268	0.01738595043065162
40	103	0.01738595043065162
41	103	0.01738595043065162
26	103	0.01738595043065162
95	268	0.01738595043065162
43	8	0.01738595043065162
44	8	0.01738595043065162
31	103	0.01738595043065162
32	103	0.01738595043065162
33	103	0.01738595043065162
17	103	0.01738595043065162
18	103	0.01738595043065162
19	103	0.01738595043065162
84	328	0.01738595043065162
48	268	0.01738595043065162
86	328	0.01738595043065162
87	328	0.01738595043065162
49	268	0.01738595043065162
98	268	0.01738595043065162
40	8	0.01738595043065162
41	8	0.01738595043065162
65	328	0.01738595043065162
66	328	0.01738595043065162
67	328	0.01738595043065162
68	328	0.01738595043065162
95	328	0.01738595043065162
80	328	0.01738595043065162
81	328	0.01738595043065162
83	328	0.01738595043065162
10	103	0.01738595043065162
12	103	0.01738595043065162
13	103	0.01738595043065162
14	103	0.01738595043065162
15	103	0.01738595043065162
81	102	0.01738595043065162
83	102	0.01738595043065162
84	102	0.01738595043065162
4	103	0.01738595043065162
100	268	0.01738595043065162
6	103	0.01738595043065162
104	102	0.01738595043065162
101	268	0.01738595043065162
106	102	0.01738595043065162
107	102	0.01738595043065162
8	103	0.01738595043065162
109	102	0.01738595043065162
96	102	0.01738595043065162
97	102	0.01738595043065162
98	102	0.01738595043065162
100	102	0.01738595043065162
101	102	0.01738595043065162
61	54	0.01738595043065162
62	54	0.01738595043065162
104	268	0.01738595043065162
90	268	0.01738595043065162
46	103	0.01738595043065162
47	103	0.01738595043065162
48	103	0.01738595043065162
49	103	0.01738595043065162
10	269	0.01738595043065162
89	268	0.01738595043065162
78	268	0.01738595043065162
95	8	0.01738595043065162
96	8	0.01738595043065162
97	8	0.01738595043065162
104	328	0.01738595043065162
79	268	0.01738595043065162
106	328	0.01738595043065162
107	328	0.01738595043065162
86	8	0.01738595043065162
87	8	0.01738595043065162
89	8	0.01738595043065162
90	8	0.01738595043065162
33	328	0.01738595043065162
96	268	0.01738595043065162
97	268	0.01738595043065162
83	268	0.01738595043065162
81	8	0.01738595043065162
83	8	0.01738595043065162
84	8	0.01738595043065162
69	8	0.01738595043065162
98	8	0.01738595043065162
100	8	0.01738595043065162
101	8	0.01738595043065162
101	305	0.01738595043065162
86	305	0.01738595043065162
86	102	0.01738595043065162
87	102	0.01738595043065162
80	268	0.01738595043065162
81	268	0.01738595043065162
78	8	0.01738595043065162
79	8	0.01738595043065162
80	8	0.01738595043065162
61	102	0.01738595043065162
62	102	0.01738595043065162
63	102	0.01738595043065162
48	102	0.01738595043065162
49	102	0.01738595043065162
70	102	0.01738595043065162
18	269	0.01738595043065162
19	269	0.01738595043065162
22	269	0.01738595043065162
40	102	0.01738595043065162
41	102	0.01738595043065162
43	102	0.01738595043065162
44	102	0.01738595043065162
58	102	0.01738595043065162
59	102	0.01738595043065162
60	102	0.01738595043065162
18	305	0.01738595043065162
95	102	0.01738595043065162
80	102	0.01738595043065162
19	305	0.01738595043065162
95	305	0.01738595043065162
96	305	0.01738595043065162
97	305	0.01738595043065162
98	305	0.01738595043065162
109	328	0.01738595043065162
96	328	0.01738595043065162
73	102	0.01738595043065162
100	305	0.01738595043065162
89	102	0.01738595043065162
90	102	0.01738595043065162
15	269	0.01738595043065162
17	269	0.01738595043065162
67	305	0.01738595043065162
22	102	0.01738595043065162
8	102	0.01738595043065162
70	305	0.01738595043065162
14	305	0.01738595043065162
15	305	0.01738595043065162
26	102	0.01738595043065162
17	305	0.01738595043065162
8	269	0.01738595043065162
106	268	0.01738595043065162
4	102	0.01738595043065162
31	102	0.01738595043065162
15	102	0.01738595043065162
17	102	0.01738595043065162
18	102	0.01738595043065162
19	102	0.01738595043065162
66	102	0.01738595043065162
67	102	0.01738595043065162
68	102	0.01738595043065162
69	102	0.01738595043065162
10	102	0.01738595043065162
12	102	0.01738595043065162
13	102	0.01738595043065162
14	102	0.01738595043065162
107	268	0.01738595043065162
81	269	0.01738595043065162
56	102	0.01738595043065162
57	102	0.01738595043065162
78	102	0.01738595043065162
79	102	0.01738595043065162
83	269	0.01738595043065162
65	102	0.01738595043065162
68	269	0.01738595043065162
69	269	0.01738595043065162
70	269	0.01738595043065162
44	269	0.01738595043065162
45	269	0.01738595043065162
109	268	0.01738595043065162
32	328	0.01738595043065162
63	328	0.01738595043065162
4	269	0.01738595043065162
6	269	0.01738595043065162
56	269	0.01738595043065162
57	269	0.01738595043065162
58	269	0.01738595043065162
59	269	0.01738595043065162
43	269	0.01738595043065162
6	102	0.01738595043065162
84	268	0.01738595043065162
86	268	0.01738595043065162
87	268	0.01738595043065162
46	269	0.01738595043065162
47	269	0.01738595043065162
48	269	0.01738595043065162
49	269	0.01738595043065162
62	305	0.01738595043065162
63	305	0.01738595043065162
65	305	0.01738595043065162
45	102	0.01738595043065162
46	102	0.01738595043065162
47	102	0.01738595043065162
32	102	0.01738595043065162
33	102	0.01738595043065162
66	305	0.01738595043065162
89	269	0.01738595043065162
90	269	0.01738595043065162
95	100	0.01738595043065162
96	100	0.01738595043065162
97	100	0.01738595043065162
98	100	0.01738595043065162
100	100	0.01738595043065162
101	100	0.01738595043065162
14	328	0.01738595043065162
78	269	0.01738595043065162
104	304	0.01738595043065162
4	328	0.01738595043065162
70	8	0.01738595043065162
73	8	0.01738595043065162
89	328	0.01738595043065162
90	328	0.01738595043065162
57	328	0.01738595043065162
58	328	0.01738595043065162
59	328	0.01738595043065162
60	328	0.01738595043065162
61	328	0.01738595043065162
62	328	0.01738595043065162
12	328	0.01738595043065162
13	328	0.01738595043065162
48	328	0.01738595043065162
49	328	0.01738595043065162
106	304	0.01738595043065162
107	304	0.01738595043065162
73	305	0.01738595043065162
40	328	0.01738595043065162
33	305	0.01738595043065162
56	328	0.01738595043065162
89	100	0.01738595043065162
90	100	0.01738595043065162
95	304	0.01738595043065162
78	100	0.01738595043065162
79	100	0.01738595043065162
80	100	0.01738595043065162
81	100	0.01738595043065162
83	100	0.01738595043065162
84	100	0.01738595043065162
69	100	0.01738595043065162
70	100	0.01738595043065162
73	100	0.01738595043065162
61	100	0.01738595043065162
62	100	0.01738595043065162
63	100	0.01738595043065162
96	304	0.01738595043065162
97	304	0.01738595043065162
109	100	0.01738595043065162
98	304	0.01738595043065162
100	304	0.01738595043065162
65	100	0.01738595043065162
66	100	0.01738595043065162
67	100	0.01738595043065162
68	100	0.01738595043065162
40	305	0.01738595043065162
104	100	0.01738595043065162
13	305	0.01738595043065162
106	100	0.01738595043065162
107	100	0.01738595043065162
41	305	0.01738595043065162
43	305	0.01738595043065162
44	305	0.01738595043065162
89	327	0.01738595043065162
90	327	0.01738595043065162
41	328	0.01738595043065162
43	328	0.01738595043065162
44	328	0.01738595043065162
45	328	0.01738595043065162
46	328	0.01738595043065162
47	328	0.01738595043065162
79	327	0.01738595043065162
80	327	0.01738595043065162
81	327	0.01738595043065162
83	327	0.01738595043065162
100	327	0.01738595043065162
101	327	0.01738595043065162
86	327	0.01738595043065162
87	327	0.01738595043065162
26	328	0.01738595043065162
45	305	0.01738595043065162
31	305	0.01738595043065162
32	305	0.01738595043065162
15	328	0.01738595043065162
109	269	0.01738595043065162
100	269	0.01738595043065162
78	327	0.01738595043065162
101	269	0.01738595043065162
86	100	0.01738595043065162
87	100	0.01738595043065162
65	269	0.01738595043065162
10	328	0.01738595043065162
84	327	0.01738595043065162
66	269	0.01738595043065162
67	269	0.01738595043065162
48	100	0.01738595043065162
49	100	0.01738595043065162
73	269	0.01738595043065162
104	269	0.01738595043065162
106	269	0.01738595043065162
56	100	0.01738595043065162
57	100	0.01738595043065162
58	100	0.01738595043065162
43	100	0.01738595043065162
107	269	0.01738595043065162
95	269	0.01738595043065162
31	100	0.01738595043065162
32	100	0.01738595043065162
33	100	0.01738595043065162
46	100	0.01738595043065162
47	100	0.01738595043065162
87	269	0.01738595043065162
40	269	0.01738595043065162
40	156	0.01738595043065162
26	156	0.01738595043065162
41	269	0.01738595043065162
26	269	0.01738595043065162
40	100	0.01738595043065162
41	100	0.01738595043065162
31	328	0.01738595043065162
79	269	0.01738595043065162
80	269	0.01738595043065162
6	156	0.01738595043065162
31	269	0.01738595043065162
4	156	0.01738595043065162
32	269	0.01738595043065162
33	156	0.01738595043065162
14	156	0.01738595043065162
15	156	0.01738595043065162
66	156	0.01738595043065162
67	156	0.01738595043065162
33	269	0.01738595043065162
31	156	0.01738595043065162
32	156	0.01738595043065162
17	156	0.01738595043065162
58	156	0.01738595043065162
59	156	0.01738595043065162
60	156	0.01738595043065162
61	156	0.01738595043065162
8	156	0.01738595043065162
10	156	0.01738595043065162
12	156	0.01738595043065162
13	156	0.01738595043065162
49	156	0.01738595043065162
84	269	0.01738595043065162
86	269	0.01738595043065162
96	269	0.01738595043065162
68	156	0.01738595043065162
69	156	0.01738595043065162
70	156	0.01738595043065162
73	156	0.01738595043065162
59	100	0.01738595043065162
60	100	0.01738595043065162
44	100	0.01738595043065162
45	100	0.01738595043065162
62	156	0.01738595043065162
63	156	0.01738595043065162
97	269	0.01738595043065162
65	156	0.01738595043065162
26	100	0.01738595043065162
98	269	0.01738595043065162
12	100	0.01738595043065162
13	100	0.01738595043065162
56	156	0.01738595043065162
57	156	0.01738595043065162
41	156	0.01738595043065162
43	156	0.01738595043065162
19	100	0.01738595043065162
4	100	0.01738595043065162
31	54	0.01738595043065162
6	100	0.01738595043065162
48	156	0.01738595043065162
32	54	0.01738595043065162
22	100	0.01738595043065162
33	54	0.01738595043065162
67	304	0.01738595043065162
98	156	0.01738595043065162
100	156	0.01738595043065162
101	156	0.01738595043065162
14	100	0.01738595043065162
15	100	0.01738595043065162
17	100	0.01738595043065162
18	100	0.01738595043065162
18	156	0.01738595043065162
19	156	0.01738595043065162
22	54	0.01738595043065162
22	156	0.01738595043065162
8	100	0.01738595043065162
10	100	0.01738595043065162
26	54	0.01738595043065162
14	54	0.01738595043065162
15	54	0.01738595043065162
104	156	0.01738595043065162
90	156	0.01738595043065162
17	54	0.01738595043065162
18	54	0.01738595043065162
95	156	0.01738595043065162
96	156	0.01738595043065162
97	156	0.01738595043065162
83	156	0.01738595043065162
84	156	0.01738595043065162
19	54	0.01738595043065162
86	156	0.01738595043065162
87	156	0.01738595043065162
89	156	0.01738595043065162
78	156	0.01738595043065162
79	156	0.01738595043065162
6	54	0.01738595043065162
80	156	0.01738595043065162
81	156	0.01738595043065162
8	54	0.01738595043065162
60	269	0.01738595043065162
61	269	0.01738595043065162
62	269	0.01738595043065162
63	269	0.01738595043065162
44	156	0.01738595043065162
45	156	0.01738595043065162
46	156	0.01738595043065162
47	156	0.01738595043065162
10	54	0.01738595043065162
12	54	0.01738595043065162
13	54	0.01738595043065162
89	53	0.01738595043065162
19	328	0.01738595043065162
90	53	0.01738595043065162
22	328	0.01738595043065162
6	328	0.01738595043065162
8	328	0.01738595043065162
86	304	0.01738595043065162
87	304	0.01738595043065162
89	304	0.01738595043065162
69	327	0.01738595043065162
70	304	0.01738595043065162
56	327	0.01738595043065162
57	327	0.01738595043065162
58	327	0.01738595043065162
59	327	0.01738595043065162
17	328	0.01738595043065162
18	328	0.01738595043065162
61	327	0.01738595043065162
46	327	0.01738595043065162
47	327	0.01738595043065162
48	327	0.01738595043065162
49	327	0.01738595043065162
73	304	0.01738595043065162
67	327	0.01738595043065162
68	327	0.01738595043065162
22	305	0.01738595043065162
26	305	0.01738595043065162
62	304	0.01738595043065162
104	327	0.01738595043065162
63	304	0.01738595043065162
106	327	0.01738595043065162
107	327	0.01738595043065162
60	327	0.01738595043065162
65	304	0.01738595043065162
96	98	0.01738595043065162
66	327	0.01738595043065162
18	327	0.01738595043065162
19	327	0.01738595043065162
66	304	0.01738595043065162
70	327	0.01738595043065162
73	327	0.01738595043065162
83	304	0.01738595043065162
84	304	0.01738595043065162
69	304	0.01738595043065162
68	304	0.01738595043065162
6	305	0.01738595043065162
8	305	0.01738595043065162
10	305	0.01738595043065162
12	305	0.01738595043065162
109	156	0.01738595043065162
109	304	0.01738595043065162
61	304	0.01738595043065162
101	53	0.01738595043065162
86	53	0.01738595043065162
87	53	0.01738595043065162
104	53	0.01738595043065162
106	53	0.01738595043065162
107	53	0.01738595043065162
4	305	0.01738595043065162
101	304	0.01738595043065162
95	53	0.01738595043065162
96	53	0.01738595043065162
97	53	0.01738595043065162
106	156	0.01738595043065162
107	156	0.01738595043065162
106	98	0.01738595043065162
107	98	0.01738595043065162
109	98	0.01738595043065162
97	98	0.01738595043065162
98	98	0.01738595043065162
98	53	0.01738595043065162
100	98	0.01738595043065162
101	98	0.01738595043065162
98	327	0.01738595043065162
100	53	0.01738595043065162
104	98	0.01738595043065162
89	98	0.01738595043065162
90	98	0.01738595043065162
33	304	0.01738595043065162
49	304	0.01738595043065162
95	98	0.01738595043065162
40	304	0.01738595043065162
22	327	0.01738595043065162
90	304	0.01738595043065162
109	327	0.01738595043065162
41	304	0.01738595043065162
95	327	0.01738595043065162
96	327	0.01738595043065162
97	327	0.01738595043065162
26	327	0.01738595043065162
43	304	0.01738595043065162
44	304	0.01738595043065162
13	327	0.01738595043065162
14	327	0.01738595043065162
15	327	0.01738595043065162
17	327	0.01738595043065162
33	327	0.01738595043065162
32	327	0.01738595043065162
31	304	0.01738595043065162
104	8	0.01738595043065162
32	304	0.01738595043065162
106	8	0.01738595043065162
107	8	0.01738595043065162
109	8	0.01738595043065162
48	271	0.01738595043065162
66	98	0.01738595043065162
80	98	0.01738595043065162
81	98	0.01738595043065162
83	98	0.01738595043065162
84	98	0.01738595043065162
32	271	0.01738595043065162
86	98	0.01738595043065162
87	98	0.01738595043065162
58	98	0.01738595043065162
48	304	0.01738595043065162
73	98	0.01738595043065162
56	304	0.01738595043065162
78	98	0.01738595043065162
79	98	0.01738595043065162
109	303	0.01738595043065162
65	98	0.01738595043065162
31	271	0.01738595043065162
43	271	0.01738595043065162
67	98	0.01738595043065162
68	98	0.01738595043065162
69	98	0.01738595043065162
70	98	0.01738595043065162
56	98	0.01738595043065162
57	98	0.01738595043065162
44	271	0.01738595043065162
45	271	0.01738595043065162
46	271	0.01738595043065162
47	271	0.01738595043065162
6	327	0.01738595043065162
8	327	0.01738595043065162
10	327	0.01738595043065162
12	327	0.01738595043065162
63	327	0.01738595043065162
22	271	0.01738595043065162
65	327	0.01738595043065162
59	98	0.01738595043065162
60	98	0.01738595043065162
61	98	0.01738595043065162
62	98	0.01738595043065162
63	98	0.01738595043065162
104	326	0.01738595043065162
8	271	0.01738595043065162
106	326	0.01738595043065162
107	326	0.01738595043065162
10	271	0.01738595043065162
12	271	0.01738595043065162
95	326	0.01738595043065162
62	327	0.01738595043065162
96	326	0.01738595043065162
97	326	0.01738595043065162
98	326	0.01738595043065162
100	326	0.01738595043065162
26	271	0.01738595043065162
109	53	0.01738595043065162
4	54	0.01738595043065162
17	271	0.01738595043065162
18	271	0.01738595043065162
19	271	0.01738595043065162
22	98	0.01738595043065162
26	98	0.01738595043065162
81	303	0.01738595043065162
40	98	0.01738595043065162
41	98	0.01738595043065162
43	98	0.01738595043065162
43	327	0.01738595043065162
44	327	0.01738595043065162
45	327	0.01738595043065162
57	304	0.01738595043065162
31	327	0.01738595043065162
32	98	0.01738595043065162
33	98	0.01738595043065162
58	304	0.01738595043065162
68	326	0.01738595043065162
84	326	0.01738595043065162
69	326	0.01738595043065162
70	326	0.01738595043065162
73	326	0.01738595043065162
59	304	0.01738595043065162
40	327	0.01738595043065162
41	327	0.01738595043065162
109	326	0.01738595043065162
61	326	0.01738595043065162
62	326	0.01738595043065162
63	326	0.01738595043065162
60	304	0.01738595043065162
65	326	0.01738595043065162
66	326	0.01738595043065162
67	326	0.01738595043065162
13	159	0.01738595043065162
14	159	0.01738595043065162
26	159	0.01738595043065162
45	304	0.01738595043065162
46	304	0.01738595043065162
26	304	0.01738595043065162
31	159	0.01738595043065162
32	159	0.01738595043065162
14	98	0.01738595043065162
15	98	0.01738595043065162
18	159	0.01738595043065162
19	159	0.01738595043065162
12	304	0.01738595043065162
22	159	0.01738595043065162
10	159	0.01738595043065162
12	159	0.01738595043065162
89	303	0.01738595043065162
90	303	0.01738595043065162
15	159	0.01738595043065162
78	303	0.01738595043065162
4	159	0.01738595043065162
79	303	0.01738595043065162
6	159	0.01738595043065162
8	159	0.01738595043065162
44	98	0.01738595043065162
45	98	0.01738595043065162
46	98	0.01738595043065162
31	98	0.01738595043065162
47	98	0.01738595043065162
48	98	0.01738595043065162
49	98	0.01738595043065162
80	303	0.01738595043065162
18	98	0.01738595043065162
19	98	0.01738595043065162
14	304	0.01738595043065162
6	98	0.01738595043065162
8	98	0.01738595043065162
10	98	0.01738595043065162
12	98	0.01738595043065162
73	159	0.01738595043065162
60	159	0.01738595043065162
13	98	0.01738595043065162
15	304	0.01738595043065162
4	98	0.01738595043065162
17	304	0.01738595043065162
18	304	0.01738595043065162
104	97	0.01738595043065162
17	98	0.01738595043065162
19	304	0.01738595043065162
4	304	0.01738595043065162
106	97	0.01738595043065162
107	97	0.01738595043065162
109	97	0.01738595043065162
57	159	0.01738595043065162
58	159	0.01738595043065162
59	159	0.01738595043065162
17	159	0.01738595043065162
61	159	0.01738595043065162
62	159	0.01738595043065162
63	159	0.01738595043065162
22	304	0.01738595043065162
49	159	0.01738595043065162
78	304	0.01738595043065162
79	304	0.01738595043065162
80	304	0.01738595043065162
81	304	0.01738595043065162
107	303	0.01738595043065162
13	304	0.01738595043065162
68	271	0.01738595043065162
4	327	0.01738595043065162
101	326	0.01738595043065162
67	159	0.01738595043065162
44	326	0.01738595043065162
69	271	0.01738595043065162
70	271	0.01738595043065162
31	326	0.01738595043065162
32	326	0.01738595043065162
47	326	0.01738595043065162
48	326	0.01738595043065162
49	326	0.01738595043065162
78	53	0.01738595043065162
79	53	0.01738595043065162
86	326	0.01738595043065162
87	326	0.01738595043065162
89	326	0.01738595043065162
40	326	0.01738595043065162
41	326	0.01738595043065162
43	326	0.01738595043065162
78	159	0.01738595043065162
79	159	0.01738595043065162
80	159	0.01738595043065162
81	159	0.01738595043065162
65	159	0.01738595043065162
66	159	0.01738595043065162
83	326	0.01738595043065162
33	326	0.01738595043065162
70	97	0.01738595043065162
73	97	0.01738595043065162
80	53	0.01738595043065162
81	53	0.01738595043065162
78	97	0.01738595043065162
79	97	0.01738595043065162
80	97	0.01738595043065162
81	97	0.01738595043065162
56	159	0.01738595043065162
41	159	0.01738595043065162
43	159	0.01738595043065162
44	159	0.01738595043065162
45	159	0.01738595043065162
46	159	0.01738595043065162
47	159	0.01738595043065162
48	159	0.01738595043065162
33	159	0.01738595043065162
83	53	0.01738595043065162
63	271	0.01738595043065162
40	159	0.01738595043065162
90	159	0.01738595043065162
13	271	0.01738595043065162
14	271	0.01738595043065162
95	159	0.01738595043065162
96	159	0.01738595043065162
97	159	0.01738595043065162
83	159	0.01738595043065162
84	159	0.01738595043065162
15	271	0.01738595043065162
86	159	0.01738595043065162
87	159	0.01738595043065162
89	159	0.01738595043065162
49	97	0.01738595043065162
4	271	0.01738595043065162
66	97	0.01738595043065162
67	97	0.01738595043065162
68	97	0.01738595043065162
69	97	0.01738595043065162
41	271	0.01738595043065162
56	97	0.01738595043065162
97	97	0.01738595043065162
98	97	0.01738595043065162
59	97	0.01738595043065162
60	97	0.01738595043065162
61	97	0.01738595043065162
46	97	0.01738595043065162
47	97	0.01738595043065162
48	97	0.01738595043065162
90	97	0.01738595043065162
6	271	0.01738595043065162
68	159	0.01738595043065162
69	159	0.01738595043065162
70	159	0.01738595043065162
57	271	0.01738595043065162
95	97	0.01738595043065162
96	97	0.01738595043065162
83	97	0.01738595043065162
84	97	0.01738595043065162
58	271	0.01738595043065162
100	97	0.01738595043065162
101	97	0.01738595043065162
86	97	0.01738595043065162
87	97	0.01738595043065162
89	97	0.01738595043065162
59	271	0.01738595043065162
45	97	0.01738595043065162
60	271	0.01738595043065162
61	271	0.01738595043065162
62	271	0.01738595043065162
40	97	0.01738595043065162
41	97	0.01738595043065162
43	97	0.01738595043065162
47	304	0.01738595043065162
33	271	0.01738595043065162
49	271	0.01738595043065162
31	97	0.01738595043065162
32	97	0.01738595043065162
56	271	0.01738595043065162
4	272	0.01738595043065162
6	272	0.01738595043065162
8	272	0.01738595043065162
65	97	0.01738595043065162
58	53	0.01738595043065162
59	53	0.01738595043065162
106	159	0.01738595043065162
107	159	0.01738595043065162
109	159	0.01738595043065162
98	159	0.01738595043065162
57	97	0.01738595043065162
58	97	0.01738595043065162
100	159	0.01738595043065162
101	159	0.01738595043065162
40	271	0.01738595043065162
104	159	0.01738595043065162
62	97	0.01738595043065162
63	97	0.01738595043065162
18	326	0.01738595043065162
19	326	0.01738595043065162
4	326	0.01738595043065162
90	326	0.01738595043065162
89	271	0.01738595043065162
90	271	0.01738595043065162
78	326	0.01738595043065162
79	326	0.01738595043065162
10	326	0.01738595043065162
107	325	0.01738595043065162
109	325	0.01738595043065162
13	326	0.01738595043065162
14	326	0.01738595043065162
15	326	0.01738595043065162
15	272	0.01738595043065162
17	326	0.01738595043065162
96	271	0.01738595043065162
81	271	0.01738595043065162
83	271	0.01738595043065162
84	271	0.01738595043065162
86	271	0.01738595043065162
87	271	0.01738595043065162
6	326	0.01738595043065162
8	326	0.01738595043065162
44	97	0.01738595043065162
4	161	0.01738595043065162
73	271	0.01738595043065162
6	161	0.01738595043065162
78	271	0.01738595043065162
46	326	0.01738595043065162
79	271	0.01738595043065162
80	271	0.01738595043065162
19	161	0.01738595043065162
65	271	0.01738595043065162
22	161	0.01738595043065162
8	161	0.01738595043065162
10	161	0.01738595043065162
26	161	0.01738595043065162
66	271	0.01738595043065162
67	271	0.01738595043065162
33	97	0.01738595043065162
95	271	0.01738595043065162
22	97	0.01738595043065162
26	272	0.01738595043065162
26	97	0.01738595043065162
31	272	0.01738595043065162
48	272	0.01738595043065162
18	161	0.01738595043065162
13	97	0.01738595043065162
14	97	0.01738595043065162
15	97	0.01738595043065162
17	97	0.01738595043065162
18	97	0.01738595043065162
19	97	0.01738595043065162
49	272	0.01738595043065162
33	272	0.01738595043065162
80	326	0.01738595043065162
81	326	0.01738595043065162
6	97	0.01738595043065162
8	97	0.01738595043065162
10	97	0.01738595043065162
12	97	0.01738595043065162
70	53	0.01738595043065162
73	53	0.01738595043065162
70	161	0.01738595043065162
56	161	0.01738595043065162
57	161	0.01738595043065162
58	161	0.01738595043065162
59	161	0.01738595043065162
60	161	0.01738595043065162
12	161	0.01738595043065162
13	161	0.01738595043065162
61	161	0.01738595043065162
62	161	0.01738595043065162
63	161	0.01738595043065162
48	161	0.01738595043065162
49	161	0.01738595043065162
62	53	0.01738595043065162
63	53	0.01738595043065162
69	161	0.01738595043065162
33	161	0.01738595043065162
40	272	0.01738595043065162
40	161	0.01738595043065162
41	161	0.01738595043065162
43	161	0.01738595043065162
44	161	0.01738595043065162
45	161	0.01738595043065162
46	161	0.01738595043065162
41	272	0.01738595043065162
15	161	0.01738595043065162
17	161	0.01738595043065162
67	53	0.01738595043065162
68	53	0.01738595043065162
69	53	0.01738595043065162
31	161	0.01738595043065162
32	161	0.01738595043065162
97	161	0.01738595043065162
98	161	0.01738595043065162
100	161	0.01738595043065162
101	161	0.01738595043065162
109	161	0.01738595043065162
109	96	0.01738595043065162
56	53	0.01738595043065162
57	53	0.01738595043065162
84	53	0.01738595043065162
89	161	0.01738595043065162
90	161	0.01738595043065162
60	53	0.01738595043065162
61	53	0.01738595043065162
10	272	0.01738595043065162
47	161	0.01738595043065162
96	161	0.01738595043065162
78	161	0.01738595043065162
95	161	0.01738595043065162
80	161	0.01738595043065162
81	161	0.01738595043065162
83	161	0.01738595043065162
84	161	0.01738595043065162
12	272	0.01738595043065162
86	161	0.01738595043065162
14	161	0.01738595043065162
13	272	0.01738595043065162
65	161	0.01738595043065162
66	161	0.01738595043065162
67	161	0.01738595043065162
68	161	0.01738595043065162
87	161	0.01738595043065162
73	161	0.01738595043065162
60	326	0.01738595043065162
45	326	0.01738595043065162
4	162	0.01738595043065162
14	272	0.01738595043065162
6	162	0.01738595043065162
104	161	0.01738595043065162
65	53	0.01738595043065162
106	161	0.01738595043065162
86	325	0.01738595043065162
87	325	0.01738595043065162
89	325	0.01738595043065162
66	53	0.01738595043065162
56	326	0.01738595043065162
57	326	0.01738595043065162
58	326	0.01738595043065162
59	326	0.01738595043065162
81	325	0.01738595043065162
56	272	0.01738595043065162
73	272	0.01738595043065162
96	325	0.01738595043065162
97	325	0.01738595043065162
98	325	0.01738595043065162
83	325	0.01738595043065162
84	325	0.01738595043065162
12	326	0.01738595043065162
58	272	0.01738595043065162
59	272	0.01738595043065162
60	272	0.01738595043065162
90	325	0.01738595043065162
78	325	0.01738595043065162
79	325	0.01738595043065162
80	325	0.01738595043065162
89	96	0.01738595043065162
90	96	0.01738595043065162
61	272	0.01738595043065162
49	162	0.01738595043065162
97	271	0.01738595043065162
98	271	0.01738595043065162
100	271	0.01738595043065162
95	96	0.01738595043065162
63	272	0.01738595043065162
56	162	0.01738595043065162
41	162	0.01738595043065162
43	162	0.01738595043065162
44	162	0.01738595043065162
45	162	0.01738595043065162
86	96	0.01738595043065162
87	96	0.01738595043065162
79	161	0.01738595043065162
17	162	0.01738595043065162
18	162	0.01738595043065162
19	162	0.01738595043065162
65	272	0.01738595043065162
22	162	0.01738595043065162
8	162	0.01738595043065162
45	272	0.01738595043065162
107	161	0.01738595043065162
10	162	0.01738595043065162
12	162	0.01738595043065162
13	162	0.01738595043065162
14	162	0.01738595043065162
15	162	0.01738595043065162
46	272	0.01738595043065162
47	272	0.01738595043065162
86	162	0.01738595043065162
87	162	0.01738595043065162
106	271	0.01738595043065162
40	162	0.01738595043065162
107	271	0.01738595043065162
26	162	0.01738595043065162
109	271	0.01738595043065162
101	271	0.01738595043065162
79	162	0.01738595043065162
80	162	0.01738595043065162
65	162	0.01738595043065162
31	162	0.01738595043065162
81	162	0.01738595043065162
83	162	0.01738595043065162
84	162	0.01738595043065162
104	271	0.01738595043065162
104	96	0.01738595043065162
43	272	0.01738595043065162
106	96	0.01738595043065162
107	96	0.01738595043065162
73	162	0.01738595043065162
44	272	0.01738595043065162
32	53	0.01738595043065162
78	162	0.01738595043065162
96	96	0.01738595043065162
97	96	0.01738595043065162
98	96	0.01738595043065162
100	96	0.01738595043065162
33	53	0.01738595043065162
4	97	0.01738595043065162
101	96	0.01738595043065162
22	53	0.01738595043065162
62	162	0.01738595043065162
63	162	0.01738595043065162
26	53	0.01738595043065162
78	272	0.01738595043065162
66	162	0.01738595043065162
67	162	0.01738595043065162
68	162	0.01738595043065162
69	162	0.01738595043065162
8	163	0.01738595043065162
106	272	0.01738595043065162
106	162	0.01738595043065162
107	162	0.01738595043065162
58	162	0.01738595043065162
59	162	0.01738595043065162
60	162	0.01738595043065162
61	162	0.01738595043065162
107	272	0.01738595043065162
97	162	0.01738595043065162
98	162	0.01738595043065162
100	162	0.01738595043065162
101	162	0.01738595043065162
4	163	0.01738595043065162
109	272	0.01738595043065162
6	163	0.01738595043065162
98	272	0.01738595043065162
46	162	0.01738595043065162
47	162	0.01738595043065162
48	162	0.01738595043065162
32	162	0.01738595043065162
33	162	0.01738595043065162
100	272	0.01738595043065162
109	162	0.01738595043065162
101	272	0.01738595043065162
104	162	0.01738595043065162
89	162	0.01738595043065162
90	162	0.01738595043065162
70	272	0.01738595043065162
32	272	0.01738595043065162
44	163	0.01738595043065162
45	163	0.01738595043065162
32	163	0.01738595043065162
33	163	0.01738595043065162
17	272	0.01738595043065162
95	162	0.01738595043065162
96	162	0.01738595043065162
18	272	0.01738595043065162
19	272	0.01738595043065162
40	163	0.01738595043065162
12	163	0.01738595043065162
13	163	0.01738595043065162
41	163	0.01738595043065162
26	163	0.01738595043065162
22	272	0.01738595043065162
62	272	0.01738595043065162
79	272	0.01738595043065162
31	163	0.01738595043065162
70	162	0.01738595043065162
57	162	0.01738595043065162
18	163	0.01738595043065162
19	163	0.01738595043065162
80	272	0.01738595043065162
22	163	0.01738595043065162
81	272	0.01738595043065162
10	163	0.01738595043065162
22	326	0.01738595043065162
66	272	0.01738595043065162
26	326	0.01738595043065162
67	272	0.01738595043065162
78	96	0.01738595043065162
68	272	0.01738595043065162
69	272	0.01738595043065162
56	163	0.01738595043065162
57	325	0.01738595043065162
58	325	0.01738595043065162
43	325	0.01738595043065162
44	325	0.01738595043065162
45	325	0.01738595043065162
26	273	0.01738595043065162
31	273	0.01738595043065162
32	273	0.01738595043065162
33	273	0.01738595043065162
46	325	0.01738595043065162
47	325	0.01738595043065162
48	325	0.01738595043065162
49	325	0.01738595043065162
66	325	0.01738595043065162
96	272	0.01738595043065162
56	325	0.01738595043065162
46	163	0.01738595043065162
47	163	0.01738595043065162
48	163	0.01738595043065162
49	163	0.01738595043065162
19	273	0.01738595043065162
95	325	0.01738595043065162
22	273	0.01738595043065162
10	273	0.01738595043065162
107	163	0.01738595043065162
12	273	0.01738595043065162
68	96	0.01738595043065162
13	273	0.01738595043065162
56	96	0.01738595043065162
57	96	0.01738595043065162
58	96	0.01738595043065162
59	96	0.01738595043065162
69	163	0.01738595043065162
70	163	0.01738595043065162
73	163	0.01738595043065162
101	163	0.01738595043065162
89	272	0.01738595043065162
104	163	0.01738595043065162
45	53	0.01738595043065162
106	163	0.01738595043065162
46	53	0.01738595043065162
65	163	0.01738595043065162
66	163	0.01738595043065162
67	163	0.01738595043065162
14	163	0.01738595043065162
15	163	0.01738595043065162
17	163	0.01738595043065162
68	163	0.01738595043065162
57	163	0.01738595043065162
58	163	0.01738595043065162
59	163	0.01738595043065162
43	163	0.01738595043065162
60	163	0.01738595043065162
61	163	0.01738595043065162
62	163	0.01738595043065162
63	163	0.01738595043065162
48	96	0.01738595043065162
81	163	0.01738595043065162
83	163	0.01738595043065162
47	53	0.01738595043065162
48	53	0.01738595043065162
49	53	0.01738595043065162
18	273	0.01738595043065162
40	53	0.01738595043065162
70	96	0.01738595043065162
41	53	0.01738595043065162
43	53	0.01738595043065162
44	53	0.01738595043065162
109	163	0.01738595043065162
45	96	0.01738595043065162
46	96	0.01738595043065162
47	96	0.01738595043065162
66	96	0.01738595043065162
67	96	0.01738595043065162
79	96	0.01738595043065162
80	96	0.01738595043065162
81	96	0.01738595043065162
83	96	0.01738595043065162
84	96	0.01738595043065162
69	96	0.01738595043065162
60	96	0.01738595043065162
100	163	0.01738595043065162
73	96	0.01738595043065162
61	96	0.01738595043065162
62	96	0.01738595043065162
63	96	0.01738595043065162
31	53	0.01738595043065162
65	96	0.01738595043065162
57	272	0.01738595043065162
19	96	0.01738595043065162
56	273	0.01738595043065162
22	96	0.01738595043065162
57	273	0.01738595043065162
26	96	0.01738595043065162
58	273	0.01738595043065162
59	273	0.01738595043065162
60	273	0.01738595043065162
44	273	0.01738595043065162
61	273	0.01738595043065162
62	273	0.01738595043065162
47	273	0.01738595043065162
48	273	0.01738595043065162
49	273	0.01738595043065162
90	272	0.01738595043065162
95	272	0.01738595043065162
45	273	0.01738595043065162
95	163	0.01738595043065162
96	163	0.01738595043065162
97	163	0.01738595043065162
98	163	0.01738595043065162
84	163	0.01738595043065162
46	273	0.01738595043065162
97	272	0.01738595043065162
86	163	0.01738595043065162
87	163	0.01738595043065162
89	163	0.01738595043065162
90	163	0.01738595043065162
78	163	0.01738595043065162
79	163	0.01738595043065162
80	163	0.01738595043065162
101	95	0.01738595043065162
83	272	0.01738595043065162
104	95	0.01738595043065162
84	272	0.01738595043065162
6	96	0.01738595043065162
8	96	0.01738595043065162
10	96	0.01738595043065162
107	95	0.01738595043065162
86	272	0.01738595043065162
87	272	0.01738595043065162
104	272	0.01738595043065162
95	273	0.01738595043065162
18	53	0.01738595043065162
19	53	0.01738595043065162
4	53	0.01738595043065162
100	95	0.01738595043065162
49	96	0.01738595043065162
6	53	0.01738595043065162
8	53	0.01738595043065162
98	273	0.01738595043065162
40	96	0.01738595043065162
100	273	0.01738595043065162
106	95	0.01738595043065162
86	273	0.01738595043065162
41	96	0.01738595043065162
43	96	0.01738595043065162
44	96	0.01738595043065162
87	273	0.01738595043065162
89	273	0.01738595043065162
31	96	0.01738595043065162
32	96	0.01738595043065162
33	96	0.01738595043065162
17	273	0.01738595043065162
95	95	0.01738595043065162
96	95	0.01738595043065162
97	95	0.01738595043065162
98	95	0.01738595043065162
83	95	0.01738595043065162
84	95	0.01738595043065162
4	273	0.01738595043065162
68	95	0.01738595043065162
6	273	0.01738595043065162
86	95	0.01738595043065162
87	95	0.01738595043065162
8	273	0.01738595043065162
89	95	0.01738595043065162
90	95	0.01738595043065162
96	273	0.01738595043065162
18	96	0.01738595043065162
4	96	0.01738595043065162
78	95	0.01738595043065162
79	95	0.01738595043065162
80	95	0.01738595043065162
81	95	0.01738595043065162
66	95	0.01738595043065162
67	95	0.01738595043065162
97	273	0.01738595043065162
109	95	0.01738595043065162
63	273	0.01738595043065162
12	96	0.01738595043065162
13	96	0.01738595043065162
14	96	0.01738595043065162
15	96	0.01738595043065162
17	96	0.01738595043065162
65	273	0.01738595043065162
4	165	0.01738595043065162
66	273	0.01738595043065162
6	165	0.01738595043065162
67	273	0.01738595043065162
68	273	0.01738595043065162
69	95	0.01738595043065162
70	95	0.01738595043065162
14	273	0.01738595043065162
40	165	0.01738595043065162
41	165	0.01738595043065162
43	165	0.01738595043065162
44	165	0.01738595043065162
45	165	0.01738595043065162
13	165	0.01738595043065162
14	165	0.01738595043065162
32	165	0.01738595043065162
33	165	0.01738595043065162
15	273	0.01738595043065162
83	273	0.01738595043065162
26	165	0.01738595043065162
84	273	0.01738595043065162
87	303	0.01738595043065162
104	303	0.01738595043065162
106	303	0.01738595043065162
70	273	0.01738595043065162
73	273	0.01738595043065162
90	273	0.01738595043065162
78	273	0.01738595043065162
79	273	0.01738595043065162
46	165	0.01738595043065162
31	165	0.01738595043065162
80	273	0.01738595043065162
65	165	0.01738595043065162
66	165	0.01738595043065162
67	165	0.01738595043065162
81	273	0.01738595043065162
17	53	0.01738595043065162
15	165	0.01738595043065162
17	165	0.01738595043065162
56	165	0.01738595043065162
57	165	0.01738595043065162
58	165	0.01738595043065162
59	165	0.01738595043065162
73	165	0.01738595043065162
78	165	0.01738595043065162
79	165	0.01738595043065162
63	165	0.01738595043065162
48	165	0.01738595043065162
49	165	0.01738595043065162
101	273	0.01738595043065162
69	273	0.01738595043065162
68	165	0.01738595043065162
69	165	0.01738595043065162
70	165	0.01738595043065162
10	53	0.01738595043065162
73	95	0.01738595043065162
8	165	0.01738595043065162
10	165	0.01738595043065162
12	165	0.01738595043065162
60	165	0.01738595043065162
61	165	0.01738595043065162
62	165	0.01738595043065162
47	165	0.01738595043065162
58	95	0.01738595043065162
59	95	0.01738595043065162
60	95	0.01738595043065162
61	95	0.01738595043065162
62	95	0.01738595043065162
63	95	0.01738595043065162
40	273	0.01738595043065162
65	95	0.01738595043065162
41	273	0.01738595043065162
49	95	0.01738595043065162
43	273	0.01738595043065162
12	53	0.01738595043065162
13	53	0.01738595043065162
56	95	0.01738595043065162
57	95	0.01738595043065162
41	95	0.01738595043065162
107	165	0.01738595043065162
43	95	0.01738595043065162
44	95	0.01738595043065162
45	95	0.01738595043065162
46	95	0.01738595043065162
47	95	0.01738595043065162
48	95	0.01738595043065162
33	95	0.01738595043065162
18	165	0.01738595043065162
19	165	0.01738595043065162
14	53	0.01738595043065162
22	165	0.01738595043065162
106	273	0.01738595043065162
40	95	0.01738595043065162
104	165	0.01738595043065162
106	165	0.01738595043065162
18	325	0.01738595043065162
19	325	0.01738595043065162
22	325	0.01738595043065162
100	325	0.01738595043065162
101	325	0.01738595043065162
107	273	0.01738595043065162
104	325	0.01738595043065162
106	325	0.01738595043065162
15	325	0.01738595043065162
17	325	0.01738595043065162
109	273	0.01738595043065162
104	51	0.01738595043065162
90	51	0.01738595043065162
31	325	0.01738595043065162
32	325	0.01738595043065162
33	325	0.01738595043065162
44	303	0.01738595043065162
67	325	0.01738595043065162
68	325	0.01738595043065162
69	325	0.01738595043065162
10	325	0.01738595043065162
12	325	0.01738595043065162
13	325	0.01738595043065162
14	325	0.01738595043065162
45	303	0.01738595043065162
31	166	0.01738595043065162
17	166	0.01738595043065162
18	166	0.01738595043065162
19	166	0.01738595043065162
6	304	0.01738595043065162
65	325	0.01738595043065162
8	304	0.01738595043065162
101	165	0.01738595043065162
10	304	0.01738595043065162
89	165	0.01738595043065162
104	273	0.01738595043065162
100	303	0.01738595043065162
101	303	0.01738595043065162
56	166	0.01738595043065162
41	166	0.01738595043065162
81	165	0.01738595043065162
83	165	0.01738595043065162
84	165	0.01738595043065162
109	165	0.01738595043065162
96	165	0.01738595043065162
97	165	0.01738595043065162
98	165	0.01738595043065162
100	165	0.01738595043065162
56	303	0.01738595043065162
57	303	0.01738595043065162
58	303	0.01738595043065162
90	165	0.01738595043065162
43	303	0.01738595043065162
95	303	0.01738595043065162
95	165	0.01738595043065162
80	165	0.01738595043065162
46	303	0.01738595043065162
47	303	0.01738595043065162
22	166	0.01738595043065162
48	303	0.01738595043065162
86	165	0.01738595043065162
87	165	0.01738595043065162
49	303	0.01738595043065162
26	166	0.01738595043065162
87	166	0.01738595043065162
73	166	0.01738595043065162
78	166	0.01738595043065162
79	166	0.01738595043065162
80	166	0.01738595043065162
18	303	0.01738595043065162
95	166	0.01738595043065162
96	166	0.01738595043065162
58	166	0.01738595043065162
8	166	0.01738595043065162
10	166	0.01738595043065162
12	166	0.01738595043065162
13	166	0.01738595043065162
14	166	0.01738595043065162
15	166	0.01738595043065162
86	166	0.01738595043065162
49	166	0.01738595043065162
19	303	0.01738595043065162
96	303	0.01738595043065162
97	303	0.01738595043065162
4	166	0.01738595043065162
98	303	0.01738595043065162
6	166	0.01738595043065162
57	166	0.01738595043065162
43	166	0.01738595043065162
44	166	0.01738595043065162
59	166	0.01738595043065162
60	166	0.01738595043065162
61	166	0.01738595043065162
62	166	0.01738595043065162
63	166	0.01738595043065162
83	303	0.01738595043065162
84	303	0.01738595043065162
4	167	0.01738595043065162
14	303	0.01738595043065162
6	167	0.01738595043065162
8	167	0.01738595043065162
15	303	0.01738595043065162
10	167	0.01738595043065162
12	167	0.01738595043065162
33	166	0.01738595043065162
31	303	0.01738595043065162
106	166	0.01738595043065162
107	166	0.01738595043065162
109	166	0.01738595043065162
97	166	0.01738595043065162
98	166	0.01738595043065162
32	303	0.01738595043065162
90	166	0.01738595043065162
33	303	0.01738595043065162
73	303	0.01738595043065162
45	166	0.01738595043065162
46	166	0.01738595043065162
47	166	0.01738595043065162
48	166	0.01738595043065162
32	166	0.01738595043065162
81	166	0.01738595043065162
59	303	0.01738595043065162
83	166	0.01738595043065162
84	166	0.01738595043065162
22	303	0.01738595043065162
10	303	0.01738595043065162
40	166	0.01738595043065162
89	166	0.01738595043065162
12	303	0.01738595043065162
13	303	0.01738595043065162
46	167	0.01738595043065162
47	167	0.01738595043065162
48	167	0.01738595043065162
49	167	0.01738595043065162
33	167	0.01738595043065162
95	51	0.01738595043065162
17	303	0.01738595043065162
22	167	0.01738595043065162
67	303	0.01738595043065162
40	167	0.01738595043065162
41	167	0.01738595043065162
68	303	0.01738595043065162
26	167	0.01738595043065162
69	303	0.01738595043065162
69	166	0.01738595043065162
70	166	0.01738595043065162
70	303	0.01738595043065162
31	167	0.01738595043065162
32	167	0.01738595043065162
17	167	0.01738595043065162
18	167	0.01738595043065162
19	167	0.01738595043065162
13	167	0.01738595043065162
14	167	0.01738595043065162
15	167	0.01738595043065162
78	51	0.01738595043065162
65	166	0.01738595043065162
66	166	0.01738595043065162
67	166	0.01738595043065162
68	166	0.01738595043065162
70	167	0.01738595043065162
73	167	0.01738595043065162
78	167	0.01738595043065162
79	167	0.01738595043065162
80	167	0.01738595043065162
81	167	0.01738595043065162
86	167	0.01738595043065162
87	167	0.01738595043065162
62	167	0.01738595043065162
63	167	0.01738595043065162
79	51	0.01738595043065162
65	167	0.01738595043065162
66	167	0.01738595043065162
67	167	0.01738595043065162
68	167	0.01738595043065162
69	167	0.01738595043065162
80	51	0.01738595043065162
6	275	0.01738595043065162
56	167	0.01738595043065162
57	167	0.01738595043065162
58	167	0.01738595043065162
59	167	0.01738595043065162
60	167	0.01738595043065162
61	167	0.01738595043065162
100	166	0.01738595043065162
101	166	0.01738595043065162
8	275	0.01738595043065162
104	166	0.01738595043065162
43	167	0.01738595043065162
44	167	0.01738595043065162
45	167	0.01738595043065162
106	51	0.01738595043065162
70	325	0.01738595043065162
73	325	0.01738595043065162
59	325	0.01738595043065162
60	325	0.01738595043065162
61	325	0.01738595043065162
62	325	0.01738595043065162
63	325	0.01738595043065162
73	51	0.01738595043065162
86	303	0.01738595043065162
96	51	0.01738595043065162
107	51	0.01738595043065162
109	51	0.01738595043065162
4	325	0.01738595043065162
98	51	0.01738595043065162
6	325	0.01738595043065162
8	325	0.01738595043065162
100	51	0.01738595043065162
101	51	0.01738595043065162
26	275	0.01738595043065162
48	51	0.01738595043065162
49	51	0.01738595043065162
56	51	0.01738595043065162
33	275	0.01738595043065162
86	51	0.01738595043065162
89	167	0.01738595043065162
90	167	0.01738595043065162
87	51	0.01738595043065162
26	95	0.01738595043065162
26	325	0.01738595043065162
40	275	0.01738595043065162
41	275	0.01738595043065162
4	275	0.01738595043065162
26	168	0.01738595043065162
97	51	0.01738595043065162
12	168	0.01738595043065162
81	51	0.01738595043065162
4	95	0.01738595043065162
83	51	0.01738595043065162
6	95	0.01738595043065162
8	95	0.01738595043065162
84	51	0.01738595043065162
100	167	0.01738595043065162
101	167	0.01738595043065162
32	168	0.01738595043065162
33	168	0.01738595043065162
89	51	0.01738595043065162
69	275	0.01738595043065162
22	168	0.01738595043065162
70	275	0.01738595043065162
104	167	0.01738595043065162
73	275	0.01738595043065162
106	167	0.01738595043065162
22	275	0.01738595043065162
10	275	0.01738595043065162
107	167	0.01738595043065162
109	167	0.01738595043065162
12	275	0.01738595043065162
95	167	0.01738595043065162
96	167	0.01738595043065162
97	167	0.01738595043065162
98	167	0.01738595043065162
83	167	0.01738595043065162
84	167	0.01738595043065162
61	275	0.01738595043065162
62	275	0.01738595043065162
63	275	0.01738595043065162
66	168	0.01738595043065162
67	168	0.01738595043065162
68	168	0.01738595043065162
65	275	0.01738595043065162
56	168	0.01738595043065162
57	168	0.01738595043065162
19	95	0.01738595043065162
66	275	0.01738595043065162
60	168	0.01738595043065162
45	168	0.01738595043065162
46	168	0.01738595043065162
47	168	0.01738595043065162
48	168	0.01738595043065162
49	168	0.01738595043065162
15	95	0.01738595043065162
67	275	0.01738595043065162
68	275	0.01738595043065162
65	51	0.01738595043065162
31	95	0.01738595043065162
32	95	0.01738595043065162
17	95	0.01738595043065162
18	95	0.01738595043065162
66	51	0.01738595043065162
67	51	0.01738595043065162
31	168	0.01738595043065162
22	95	0.01738595043065162
10	95	0.01738595043065162
12	95	0.01738595043065162
13	95	0.01738595043065162
14	95	0.01738595043065162
95	168	0.01738595043065162
96	168	0.01738595043065162
89	94	0.01738595043065162
90	94	0.01738595043065162
68	51	0.01738595043065162
69	51	0.01738595043065162
95	94	0.01738595043065162
96	94	0.01738595043065162
4	168	0.01738595043065162
70	51	0.01738595043065162
83	94	0.01738595043065162
84	94	0.01738595043065162
59	275	0.01738595043065162
86	94	0.01738595043065162
87	94	0.01738595043065162
60	275	0.01738595043065162
57	51	0.01738595043065162
65	168	0.01738595043065162
13	168	0.01738595043065162
14	168	0.01738595043065162
15	168	0.01738595043065162
17	168	0.01738595043065162
18	168	0.01738595043065162
19	168	0.01738595043065162
58	168	0.01738595043065162
59	168	0.01738595043065162
6	168	0.01738595043065162
8	168	0.01738595043065162
10	168	0.01738595043065162
61	168	0.01738595043065162
62	168	0.01738595043065162
63	168	0.01738595043065162
73	168	0.01738595043065162
15	169	0.01738595043065162
58	51	0.01738595043065162
17	169	0.01738595043065162
18	169	0.01738595043065162
19	169	0.01738595043065162
59	51	0.01738595043065162
78	168	0.01738595043065162
60	51	0.01738595043065162
22	169	0.01738595043065162
6	169	0.01738595043065162
8	169	0.01738595043065162
10	169	0.01738595043065162
12	169	0.01738595043065162
69	168	0.01738595043065162
70	168	0.01738595043065162
61	51	0.01738595043065162
40	168	0.01738595043065162
41	168	0.01738595043065162
43	168	0.01738595043065162
44	168	0.01738595043065162
106	94	0.01738595043065162
107	94	0.01738595043065162
109	94	0.01738595043065162
80	94	0.01738595043065162
81	94	0.01738595043065162
97	94	0.01738595043065162
98	94	0.01738595043065162
100	94	0.01738595043065162
101	94	0.01738595043065162
62	51	0.01738595043065162
104	94	0.01738595043065162
41	169	0.01738595043065162
43	169	0.01738595043065162
44	169	0.01738595043065162
63	51	0.01738595043065162
104	168	0.01738595043065162
106	168	0.01738595043065162
107	168	0.01738595043065162
109	168	0.01738595043065162
47	169	0.01738595043065162
31	169	0.01738595043065162
32	169	0.01738595043065162
33	169	0.01738595043065162
106	275	0.01738595043065162
43	275	0.01738595043065162
44	275	0.01738595043065162
40	169	0.01738595043065162
100	168	0.01738595043065162
101	168	0.01738595043065162
86	168	0.01738595043065162
87	168	0.01738595043065162
89	168	0.01738595043065162
90	168	0.01738595043065162
45	169	0.01738595043065162
46	169	0.01738595043065162
79	168	0.01738595043065162
80	168	0.01738595043065162
81	168	0.01738595043065162
83	168	0.01738595043065162
84	168	0.01738595043065162
45	275	0.01738595043065162
97	168	0.01738595043065162
98	168	0.01738595043065162
81	169	0.01738595043065162
83	169	0.01738595043065162
84	169	0.01738595043065162
46	275	0.01738595043065162
86	169	0.01738595043065162
87	169	0.01738595043065162
73	169	0.01738595043065162
47	275	0.01738595043065162
60	169	0.01738595043065162
78	169	0.01738595043065162
79	169	0.01738595043065162
48	275	0.01738595043065162
65	169	0.01738595043065162
66	169	0.01738595043065162
67	169	0.01738595043065162
68	169	0.01738595043065162
97	275	0.01738595043065162
69	169	0.01738595043065162
70	169	0.01738595043065162
98	275	0.01738595043065162
56	169	0.01738595043065162
57	169	0.01738595043065162
58	169	0.01738595043065162
59	169	0.01738595043065162
48	169	0.01738595043065162
49	169	0.01738595043065162
83	275	0.01738595043065162
13	169	0.01738595043065162
14	169	0.01738595043065162
100	275	0.01738595043065162
101	275	0.01738595043065162
4	169	0.01738595043065162
106	169	0.01738595043065162
107	169	0.01738595043065162
109	169	0.01738595043065162
61	169	0.01738595043065162
62	169	0.01738595043065162
63	169	0.01738595043065162
104	275	0.01738595043065162
17	275	0.01738595043065162
100	169	0.01738595043065162
101	169	0.01738595043065162
18	275	0.01738595043065162
19	275	0.01738595043065162
95	275	0.01738595043065162
6	170	0.01738595043065162
104	169	0.01738595043065162
96	275	0.01738595043065162
13	275	0.01738595043065162
14	275	0.01738595043065162
15	275	0.01738595043065162
95	169	0.01738595043065162
32	170	0.01738595043065162
96	169	0.01738595043065162
97	169	0.01738595043065162
98	169	0.01738595043065162
31	275	0.01738595043065162
26	169	0.01738595043065162
32	275	0.01738595043065162
81	275	0.01738595043065162
19	276	0.01738595043065162
80	169	0.01738595043065162
89	169	0.01738595043065162
90	169	0.01738595043065162
40	170	0.01738595043065162
22	276	0.01738595043065162
68	170	0.01738595043065162
69	170	0.01738595043065162
70	170	0.01738595043065162
57	170	0.01738595043065162
58	170	0.01738595043065162
84	275	0.01738595043065162
86	275	0.01738595043065162
87	275	0.01738595043065162
13	276	0.01738595043065162
31	170	0.01738595043065162
17	170	0.01738595043065162
33	170	0.01738595043065162
14	276	0.01738595043065162
15	276	0.01738595043065162
17	276	0.01738595043065162
18	170	0.01738595043065162
19	170	0.01738595043065162
78	275	0.01738595043065162
22	170	0.01738595043065162
8	170	0.01738595043065162
10	170	0.01738595043065162
26	170	0.01738595043065162
4	170	0.01738595043065162
12	170	0.01738595043065162
13	170	0.01738595043065162
14	170	0.01738595043065162
15	170	0.01738595043065162
73	94	0.01738595043065162
78	94	0.01738595043065162
79	94	0.01738595043065162
40	325	0.01738595043065162
41	325	0.01738595043065162
59	170	0.01738595043065162
48	94	0.01738595043065162
49	94	0.01738595043065162
79	275	0.01738595043065162
80	275	0.01738595043065162
18	276	0.01738595043065162
4	276	0.01738595043065162
6	276	0.01738595043065162
8	276	0.01738595043065162
26	276	0.01738595043065162
12	276	0.01738595043065162
49	275	0.01738595043065162
56	275	0.01738595043065162
57	275	0.01738595043065162
58	275	0.01738595043065162
109	275	0.01738595043065162
73	276	0.01738595043065162
61	276	0.01738595043065162
62	276	0.01738595043065162
63	276	0.01738595043065162
56	276	0.01738595043065162
57	276	0.01738595043065162
58	276	0.01738595043065162
59	276	0.01738595043065162
60	276	0.01738595043065162
44	276	0.01738595043065162
10	276	0.01738595043065162
107	275	0.01738595043065162
45	276	0.01738595043065162
46	276	0.01738595043065162
46	170	0.01738595043065162
47	170	0.01738595043065162
48	170	0.01738595043065162
97	170	0.01738595043065162
98	170	0.01738595043065162
100	170	0.01738595043065162
101	170	0.01738595043065162
47	276	0.01738595043065162
70	94	0.01738595043065162
56	94	0.01738595043065162
48	276	0.01738595043065162
104	170	0.01738595043065162
89	170	0.01738595043065162
90	170	0.01738595043065162
49	276	0.01738595043065162
89	275	0.01738595043065162
62	94	0.01738595043065162
63	94	0.01738595043065162
47	94	0.01738595043065162
65	94	0.01738595043065162
66	94	0.01738595043065162
67	94	0.01738595043065162
68	94	0.01738595043065162
69	94	0.01738595043065162
65	170	0.01738595043065162
66	170	0.01738595043065162
67	170	0.01738595043065162
57	94	0.01738595043065162
58	94	0.01738595043065162
59	94	0.01738595043065162
60	94	0.01738595043065162
61	94	0.01738595043065162
90	275	0.01738595043065162
22	171	0.01738595043065162
40	276	0.01738595043065162
86	170	0.01738595043065162
87	170	0.01738595043065162
73	170	0.01738595043065162
41	276	0.01738595043065162
95	170	0.01738595043065162
14	171	0.01738595043065162
15	171	0.01738595043065162
17	171	0.01738595043065162
78	170	0.01738595043065162
79	170	0.01738595043065162
80	170	0.01738595043065162
18	171	0.01738595043065162
19	171	0.01738595043065162
62	170	0.01738595043065162
63	170	0.01738595043065162
43	276	0.01738595043065162
49	170	0.01738595043065162
81	276	0.01738595043065162
10	171	0.01738595043065162
12	171	0.01738595043065162
13	171	0.01738595043065162
83	276	0.01738595043065162
56	170	0.01738595043065162
41	170	0.01738595043065162
43	170	0.01738595043065162
44	170	0.01738595043065162
45	170	0.01738595043065162
60	170	0.01738595043065162
61	170	0.01738595043065162
84	276	0.01738595043065162
4	171	0.01738595043065162
69	276	0.01738595043065162
6	171	0.01738595043065162
8	171	0.01738595043065162
79	171	0.01738595043065162
80	171	0.01738595043065162
81	171	0.01738595043065162
58	171	0.01738595043065162
43	171	0.01738595043065162
44	171	0.01738595043065162
70	276	0.01738595043065162
106	170	0.01738595043065162
107	170	0.01738595043065162
109	170	0.01738595043065162
89	276	0.01738595043065162
48	171	0.01738595043065162
49	171	0.01738595043065162
90	276	0.01738595043065162
60	303	0.01738595043065162
61	303	0.01738595043065162
62	303	0.01738595043065162
56	171	0.01738595043065162
57	171	0.01738595043065162
96	170	0.01738595043065162
81	170	0.01738595043065162
83	170	0.01738595043065162
84	170	0.01738595043065162
63	303	0.01738595043065162
45	171	0.01738595043065162
46	171	0.01738595043065162
47	171	0.01738595043065162
65	303	0.01738595043065162
66	303	0.01738595043065162
66	276	0.01738595043065162
104	302	0.01738595043065162
90	302	0.01738595043065162
95	302	0.01738595043065162
96	302	0.01738595043065162
65	276	0.01738595043065162
26	303	0.01738595043065162
97	302	0.01738595043065162
47	51	0.01738595043065162
32	51	0.01738595043065162
33	51	0.01738595043065162
67	276	0.01738595043065162
68	276	0.01738595043065162
40	51	0.01738595043065162
101	276	0.01738595043065162
26	51	0.01738595043065162
31	51	0.01738595043065162
17	51	0.01738595043065162
86	276	0.01738595043065162
87	276	0.01738595043065162
18	51	0.01738595043065162
19	51	0.01738595043065162
67	171	0.01738595043065162
68	171	0.01738595043065162
69	171	0.01738595043065162
70	171	0.01738595043065162
22	51	0.01738595043065162
109	276	0.01738595043065162
78	276	0.01738595043065162
79	276	0.01738595043065162
8	172	0.01738595043065162
10	172	0.01738595043065162
107	171	0.01738595043065162
109	171	0.01738595043065162
80	276	0.01738595043065162
31	276	0.01738595043065162
65	171	0.01738595043065162
66	171	0.01738595043065162
32	276	0.01738595043065162
33	276	0.01738595043065162
100	276	0.01738595043065162
100	171	0.01738595043065162
101	171	0.01738595043065162
8	51	0.01738595043065162
104	171	0.01738595043065162
10	51	0.01738595043065162
83	171	0.01738595043065162
84	171	0.01738595043065162
12	51	0.01738595043065162
86	171	0.01738595043065162
104	276	0.01738595043065162
40	171	0.01738595043065162
41	171	0.01738595043065162
26	171	0.01738595043065162
87	171	0.01738595043065162
89	171	0.01738595043065162
90	171	0.01738595043065162
78	171	0.01738595043065162
106	276	0.01738595043065162
31	171	0.01738595043065162
32	171	0.01738595043065162
33	171	0.01738595043065162
98	171	0.01738595043065162
4	51	0.01738595043065162
40	172	0.01738595043065162
41	172	0.01738595043065162
43	172	0.01738595043065162
106	171	0.01738595043065162
95	276	0.01738595043065162
96	276	0.01738595043065162
14	172	0.01738595043065162
97	276	0.01738595043065162
98	276	0.01738595043065162
106	50	0.01738595043065162
31	172	0.01738595043065162
32	172	0.01738595043065162
33	172	0.01738595043065162
107	50	0.01738595043065162
63	171	0.01738595043065162
19	172	0.01738595043065162
109	50	0.01738595043065162
22	172	0.01738595043065162
95	50	0.01738595043065162
26	172	0.01738595043065162
12	172	0.01738595043065162
13	172	0.01738595043065162
4	172	0.01738595043065162
96	50	0.01738595043065162
6	172	0.01738595043065162
73	171	0.01738595043065162
59	171	0.01738595043065162
60	171	0.01738595043065162
61	171	0.01738595043065162
62	171	0.01738595043065162
15	172	0.01738595043065162
17	172	0.01738595043065162
18	172	0.01738595043065162
68	172	0.01738595043065162
69	172	0.01738595043065162
70	172	0.01738595043065162
89	172	0.01738595043065162
90	172	0.01738595043065162
13	51	0.01738595043065162
14	51	0.01738595043065162
56	172	0.01738595043065162
73	172	0.01738595043065162
60	172	0.01738595043065162
61	172	0.01738595043065162
62	172	0.01738595043065162
63	172	0.01738595043065162
45	172	0.01738595043065162
46	172	0.01738595043065162
47	172	0.01738595043065162
48	172	0.01738595043065162
15	51	0.01738595043065162
65	172	0.01738595043065162
66	172	0.01738595043065162
67	172	0.01738595043065162
41	51	0.01738595043065162
95	171	0.01738595043065162
96	171	0.01738595043065162
97	171	0.01738595043065162
57	172	0.01738595043065162
58	172	0.01738595043065162
59	172	0.01738595043065162
44	172	0.01738595043065162
43	51	0.01738595043065162
44	51	0.01738595043065162
45	51	0.01738595043065162
46	51	0.01738595043065162
6	51	0.01738595043065162
104	50	0.01738595043065162
81	50	0.01738595043065162
80	172	0.01738595043065162
97	50	0.01738595043065162
104	323	0.01738595043065162
15	12	0.01738595043065162
17	12	0.01738595043065162
18	12	0.01738595043065162
19	12	0.01738595043065162
98	50	0.01738595043065162
106	323	0.01738595043065162
10	12	0.01738595043065162
100	50	0.01738595043065162
107	323	0.01738595043065162
109	323	0.01738595043065162
97	323	0.01738595043065162
98	323	0.01738595043065162
100	323	0.01738595043065162
101	323	0.01738595043065162
78	172	0.01738595043065162
79	172	0.01738595043065162
101	50	0.01738595043065162
4	12	0.01738595043065162
87	50	0.01738595043065162
6	12	0.01738595043065162
8	12	0.01738595043065162
31	50	0.01738595043065162
18	173	0.01738595043065162
19	173	0.01738595043065162
4	173	0.01738595043065162
63	50	0.01738595043065162
6	173	0.01738595043065162
8	173	0.01738595043065162
26	173	0.01738595043065162
89	50	0.01738595043065162
100	172	0.01738595043065162
101	172	0.01738595043065162
90	50	0.01738595043065162
104	172	0.01738595043065162
10	173	0.01738595043065162
109	172	0.01738595043065162
78	50	0.01738595043065162
79	50	0.01738595043065162
107	172	0.01738595043065162
80	50	0.01738595043065162
69	50	0.01738595043065162
83	50	0.01738595043065162
95	172	0.01738595043065162
96	172	0.01738595043065162
49	172	0.01738595043065162
84	50	0.01738595043065162
97	172	0.01738595043065162
98	172	0.01738595043065162
84	172	0.01738595043065162
86	50	0.01738595043065162
86	172	0.01738595043065162
87	172	0.01738595043065162
70	50	0.01738595043065162
106	172	0.01738595043065162
47	173	0.01738595043065162
48	173	0.01738595043065162
49	173	0.01738595043065162
73	50	0.01738595043065162
62	50	0.01738595043065162
107	276	0.01738595043065162
65	50	0.01738595043065162
56	173	0.01738595043065162
86	173	0.01738595043065162
87	173	0.01738595043065162
40	173	0.01738595043065162
41	173	0.01738595043065162
43	173	0.01738595043065162
44	173	0.01738595043065162
66	50	0.01738595043065162
67	50	0.01738595043065162
68	50	0.01738595043065162
22	173	0.01738595043065162
67	302	0.01738595043065162
31	173	0.01738595043065162
32	173	0.01738595043065162
33	173	0.01738595043065162
68	302	0.01738595043065162
69	302	0.01738595043065162
12	173	0.01738595043065162
13	173	0.01738595043065162
14	173	0.01738595043065162
15	173	0.01738595043065162
17	173	0.01738595043065162
81	172	0.01738595043065162
70	302	0.01738595043065162
83	172	0.01738595043065162
89	173	0.01738595043065162
90	173	0.01738595043065162
40	303	0.01738595043065162
78	173	0.01738595043065162
79	173	0.01738595043065162
8	174	0.01738595043065162
10	174	0.01738595043065162
12	174	0.01738595043065162
62	173	0.01738595043065162
63	173	0.01738595043065162
80	173	0.01738595043065162
81	173	0.01738595043065162
83	173	0.01738595043065162
84	173	0.01738595043065162
69	173	0.01738595043065162
70	173	0.01738595043065162
66	173	0.01738595043065162
67	173	0.01738595043065162
68	173	0.01738595043065162
40	94	0.01738595043065162
41	94	0.01738595043065162
43	94	0.01738595043065162
73	173	0.01738595043065162
61	173	0.01738595043065162
57	173	0.01738595043065162
58	173	0.01738595043065162
59	173	0.01738595043065162
60	173	0.01738595043065162
45	173	0.01738595043065162
46	173	0.01738595043065162
41	303	0.01738595043065162
65	173	0.01738595043065162
69	323	0.01738595043065162
61	302	0.01738595043065162
62	302	0.01738595043065162
63	302	0.01738595043065162
79	302	0.01738595043065162
80	302	0.01738595043065162
81	302	0.01738595043065162
15	94	0.01738595043065162
66	302	0.01738595043065162
78	323	0.01738595043065162
79	323	0.01738595043065162
80	323	0.01738595043065162
65	323	0.01738595043065162
66	323	0.01738595043065162
67	323	0.01738595043065162
68	323	0.01738595043065162
6	303	0.01738595043065162
8	303	0.01738595043065162
70	323	0.01738595043065162
106	302	0.01738595043065162
40	12	0.01738595043065162
41	12	0.01738595043065162
43	12	0.01738595043065162
44	12	0.01738595043065162
109	173	0.01738595043065162
73	302	0.01738595043065162
14	12	0.01738595043065162
58	302	0.01738595043065162
31	12	0.01738595043065162
32	12	0.01738595043065162
33	12	0.01738595043065162
59	302	0.01738595043065162
60	302	0.01738595043065162
22	174	0.01738595043065162
32	50	0.01738595043065162
26	174	0.01738595043065162
33	50	0.01738595043065162
100	173	0.01738595043065162
65	302	0.01738595043065162
40	174	0.01738595043065162
46	94	0.01738595043065162
31	94	0.01738595043065162
32	94	0.01738595043065162
33	94	0.01738595043065162
4	303	0.01738595043065162
31	174	0.01738595043065162
32	174	0.01738595043065162
33	174	0.01738595043065162
26	94	0.01738595043065162
18	278	0.01738595043065162
19	278	0.01738595043065162
22	278	0.01738595043065162
13	94	0.01738595043065162
14	94	0.01738595043065162
44	94	0.01738595043065162
45	94	0.01738595043065162
17	94	0.01738595043065162
18	94	0.01738595043065162
19	94	0.01738595043065162
12	50	0.01738595043065162
109	49	0.01738595043065162
6	174	0.01738595043065162
4	50	0.01738595043065162
22	94	0.01738595043065162
56	50	0.01738595043065162
57	50	0.01738595043065162
69	174	0.01738595043065162
70	174	0.01738595043065162
58	50	0.01738595043065162
56	174	0.01738595043065162
57	174	0.01738595043065162
58	174	0.01738595043065162
106	173	0.01738595043065162
107	173	0.01738595043065162
61	174	0.01738595043065162
62	174	0.01738595043065162
46	174	0.01738595043065162
47	174	0.01738595043065162
48	174	0.01738595043065162
49	174	0.01738595043065162
96	173	0.01738595043065162
97	173	0.01738595043065162
98	173	0.01738595043065162
4	174	0.01738595043065162
101	173	0.01738595043065162
59	50	0.01738595043065162
104	173	0.01738595043065162
31	278	0.01738595043065162
41	174	0.01738595043065162
43	174	0.01738595043065162
44	174	0.01738595043065162
45	174	0.01738595043065162
32	278	0.01738595043065162
33	278	0.01738595043065162
60	50	0.01738595043065162
95	173	0.01738595043065162
97	174	0.01738595043065162
98	174	0.01738595043065162
61	50	0.01738595043065162
95	93	0.01738595043065162
96	93	0.01738595043065162
97	93	0.01738595043065162
98	93	0.01738595043065162
100	93	0.01738595043065162
19	174	0.01738595043065162
46	50	0.01738595043065162
47	50	0.01738595043065162
106	174	0.01738595043065162
107	174	0.01738595043065162
109	174	0.01738595043065162
95	174	0.01738595043065162
96	174	0.01738595043065162
67	174	0.01738595043065162
68	174	0.01738595043065162
48	50	0.01738595043065162
13	174	0.01738595043065162
14	174	0.01738595043065162
15	174	0.01738595043065162
17	174	0.01738595043065162
18	174	0.01738595043065162
59	174	0.01738595043065162
60	174	0.01738595043065162
73	174	0.01738595043065162
78	174	0.01738595043065162
63	174	0.01738595043065162
49	50	0.01738595043065162
65	174	0.01738595043065162
66	174	0.01738595043065162
40	50	0.01738595043065162
41	50	0.01738595043065162
43	50	0.01738595043065162
15	175	0.01738595043065162
79	174	0.01738595043065162
80	174	0.01738595043065162
81	174	0.01738595043065162
83	174	0.01738595043065162
17	175	0.01738595043065162
18	175	0.01738595043065162
19	175	0.01738595043065162
44	50	0.01738595043065162
22	175	0.01738595043065162
8	175	0.01738595043065162
45	50	0.01738595043065162
26	175	0.01738595043065162
107	93	0.01738595043065162
48	278	0.01738595043065162
49	278	0.01738595043065162
6	94	0.01738595043065162
8	94	0.01738595043065162
10	94	0.01738595043065162
12	94	0.01738595043065162
109	93	0.01738595043065162
63	278	0.01738595043065162
104	174	0.01738595043065162
65	278	0.01738595043065162
4	94	0.01738595043065162
101	93	0.01738595043065162
66	278	0.01738595043065162
104	93	0.01738595043065162
106	93	0.01738595043065162
14	50	0.01738595043065162
4	175	0.01738595043065162
15	50	0.01738595043065162
6	175	0.01738595043065162
56	175	0.01738595043065162
57	175	0.01738595043065162
58	175	0.01738595043065162
59	175	0.01738595043065162
44	175	0.01738595043065162
45	175	0.01738595043065162
60	175	0.01738595043065162
61	175	0.01738595043065162
62	175	0.01738595043065162
63	175	0.01738595043065162
48	175	0.01738595043065162
49	175	0.01738595043065162
58	278	0.01738595043065162
43	278	0.01738595043065162
44	278	0.01738595043065162
45	278	0.01738595043065162
46	278	0.01738595043065162
40	175	0.01738595043065162
41	175	0.01738595043065162
43	175	0.01738595043065162
84	174	0.01738595043065162
47	278	0.01738595043065162
86	174	0.01738595043065162
100	174	0.01738595043065162
101	174	0.01738595043065162
87	174	0.01738595043065162
89	174	0.01738595043065162
90	174	0.01738595043065162
32	175	0.01738595043065162
33	175	0.01738595043065162
6	50	0.01738595043065162
104	175	0.01738595043065162
8	50	0.01738595043065162
106	175	0.01738595043065162
107	175	0.01738595043065162
109	175	0.01738595043065162
10	50	0.01738595043065162
89	175	0.01738595043065162
90	175	0.01738595043065162
22	50	0.01738595043065162
26	50	0.01738595043065162
46	175	0.01738595043065162
47	175	0.01738595043065162
31	175	0.01738595043065162
73	175	0.01738595043065162
13	50	0.01738595043065162
95	175	0.01738595043065162
80	175	0.01738595043065162
81	175	0.01738595043065162
83	175	0.01738595043065162
84	175	0.01738595043065162
26	278	0.01738595043065162
10	175	0.01738595043065162
12	175	0.01738595043065162
13	175	0.01738595043065162
14	175	0.01738595043065162
17	50	0.01738595043065162
18	50	0.01738595043065162
86	175	0.01738595043065162
87	175	0.01738595043065162
43	323	0.01738595043065162
22	12	0.01738595043065162
19	50	0.01738595043065162
26	12	0.01738595043065162
104	49	0.01738595043065162
12	12	0.01738595043065162
13	12	0.01738595043065162
96	175	0.01738595043065162
33	323	0.01738595043065162
87	278	0.01738595043065162
89	278	0.01738595043065162
90	278	0.01738595043065162
78	278	0.01738595043065162
56	323	0.01738595043065162
40	323	0.01738595043065162
41	323	0.01738595043065162
95	323	0.01738595043065162
44	323	0.01738595043065162
45	323	0.01738595043065162
46	323	0.01738595043065162
47	323	0.01738595043065162
48	323	0.01738595043065162
31	323	0.01738595043065162
32	323	0.01738595043065162
73	323	0.01738595043065162
79	278	0.01738595043065162
80	278	0.01738595043065162
89	323	0.01738595043065162
90	323	0.01738595043065162
81	278	0.01738595043065162
17	278	0.01738595043065162
68	278	0.01738595043065162
17	176	0.01738595043065162
18	176	0.01738595043065162
69	278	0.01738595043065162
70	278	0.01738595043065162
40	176	0.01738595043065162
73	278	0.01738595043065162
26	176	0.01738595043065162
43	176	0.01738595043065162
66	175	0.01738595043065162
67	175	0.01738595043065162
68	175	0.01738595043065162
69	175	0.01738595043065162
101	49	0.01738595043065162
61	278	0.01738595043065162
62	278	0.01738595043065162
31	176	0.01738595043065162
10	176	0.01738595043065162
12	176	0.01738595043065162
13	176	0.01738595043065162
14	176	0.01738595043065162
78	175	0.01738595043065162
79	175	0.01738595043065162
10	278	0.01738595043065162
65	175	0.01738595043065162
15	176	0.01738595043065162
12	278	0.01738595043065162
13	278	0.01738595043065162
4	176	0.01738595043065162
14	278	0.01738595043065162
6	176	0.01738595043065162
70	175	0.01738595043065162
8	176	0.01738595043065162
58	176	0.01738595043065162
59	176	0.01738595043065162
60	176	0.01738595043065162
78	176	0.01738595043065162
79	176	0.01738595043065162
80	176	0.01738595043065162
65	176	0.01738595043065162
66	176	0.01738595043065162
15	278	0.01738595043065162
49	176	0.01738595043065162
56	278	0.01738595043065162
57	278	0.01738595043065162
4	278	0.01738595043065162
69	176	0.01738595043065162
70	176	0.01738595043065162
57	176	0.01738595043065162
98	175	0.01738595043065162
100	175	0.01738595043065162
101	175	0.01738595043065162
6	278	0.01738595043065162
41	176	0.01738595043065162
61	176	0.01738595043065162
62	176	0.01738595043065162
63	176	0.01738595043065162
44	176	0.01738595043065162
45	176	0.01738595043065162
46	176	0.01738595043065162
47	176	0.01738595043065162
48	176	0.01738595043065162
32	176	0.01738595043065162
33	176	0.01738595043065162
97	175	0.01738595043065162
8	278	0.01738595043065162
59	278	0.01738595043065162
56	176	0.01738595043065162
60	278	0.01738595043065162
106	176	0.01738595043065162
107	176	0.01738595043065162
109	176	0.01738595043065162
67	93	0.01738595043065162
78	49	0.01738595043065162
79	49	0.01738595043065162
80	49	0.01738595043065162
95	176	0.01738595043065162
97	176	0.01738595043065162
98	176	0.01738595043065162
100	176	0.01738595043065162
101	176	0.01738595043065162
83	176	0.01738595043065162
84	176	0.01738595043065162
81	49	0.01738595043065162
86	176	0.01738595043065162
87	176	0.01738595043065162
104	176	0.01738595043065162
89	176	0.01738595043065162
90	176	0.01738595043065162
67	176	0.01738595043065162
68	176	0.01738595043065162
19	176	0.01738595043065162
83	49	0.01738595043065162
22	176	0.01738595043065162
73	176	0.01738595043065162
96	176	0.01738595043065162
81	176	0.01738595043065162
81	323	0.01738595043065162
83	323	0.01738595043065162
84	323	0.01738595043065162
84	49	0.01738595043065162
86	323	0.01738595043065162
87	323	0.01738595043065162
73	93	0.01738595043065162
60	93	0.01738595043065162
62	12	0.01738595043065162
63	12	0.01738595043065162
86	278	0.01738595043065162
65	12	0.01738595043065162
66	12	0.01738595043065162
67	12	0.01738595043065162
68	12	0.01738595043065162
96	323	0.01738595043065162
40	278	0.01738595043065162
56	12	0.01738595043065162
57	12	0.01738595043065162
58	12	0.01738595043065162
59	12	0.01738595043065162
60	12	0.01738595043065162
45	12	0.01738595043065162
61	12	0.01738595043065162
49	323	0.01738595043065162
46	12	0.01738595043065162
47	12	0.01738595043065162
48	12	0.01738595043065162
49	12	0.01738595043065162
41	278	0.01738595043065162
67	278	0.01738595043065162
57	323	0.01738595043065162
95	278	0.01738595043065162
96	278	0.01738595043065162
97	278	0.01738595043065162
31	93	0.01738595043065162
32	93	0.01738595043065162
45	93	0.01738595043065162
46	93	0.01738595043065162
47	93	0.01738595043065162
89	93	0.01738595043065162
90	93	0.01738595043065162
98	278	0.01738595043065162
78	93	0.01738595043065162
79	93	0.01738595043065162
83	278	0.01738595043065162
40	93	0.01738595043065162
41	93	0.01738595043065162
83	93	0.01738595043065162
84	93	0.01738595043065162
68	93	0.01738595043065162
69	93	0.01738595043065162
70	93	0.01738595043065162
84	278	0.01738595043065162
86	93	0.01738595043065162
87	93	0.01738595043065162
61	93	0.01738595043065162
62	93	0.01738595043065162
63	93	0.01738595043065162
104	278	0.01738595043065162
65	93	0.01738595043065162
66	93	0.01738595043065162
80	93	0.01738595043065162
81	93	0.01738595043065162
69	49	0.01738595043065162
70	49	0.01738595043065162
4	323	0.01738595043065162
73	49	0.01738595043065162
106	49	0.01738595043065162
14	323	0.01738595043065162
15	323	0.01738595043065162
17	323	0.01738595043065162
18	178	0.01738595043065162
19	178	0.01738595043065162
107	49	0.01738595043065162
4	178	0.01738595043065162
8	323	0.01738595043065162
10	323	0.01738595043065162
12	323	0.01738595043065162
13	323	0.01738595043065162
58	93	0.01738595043065162
59	93	0.01738595043065162
43	93	0.01738595043065162
44	93	0.01738595043065162
95	49	0.01738595043065162
33	93	0.01738595043065162
15	178	0.01738595043065162
17	178	0.01738595043065162
48	93	0.01738595043065162
49	93	0.01738595043065162
96	49	0.01738595043065162
97	49	0.01738595043065162
98	49	0.01738595043065162
100	49	0.01738595043065162
56	93	0.01738595043065162
57	93	0.01738595043065162
107	92	0.01738595043065162
109	92	0.01738595043065162
13	178	0.01738595043065162
14	178	0.01738595043065162
10	93	0.01738595043065162
12	93	0.01738595043065162
13	93	0.01738595043065162
14	93	0.01738595043065162
62	323	0.01738595043065162
63	323	0.01738595043065162
86	49	0.01738595043065162
87	49	0.01738595043065162
89	49	0.01738595043065162
6	93	0.01738595043065162
8	93	0.01738595043065162
106	92	0.01738595043065162
90	49	0.01738595043065162
26	323	0.01738595043065162
56	49	0.01738595043065162
57	49	0.01738595043065162
58	323	0.01738595043065162
59	323	0.01738595043065162
60	323	0.01738595043065162
61	323	0.01738595043065162
18	323	0.01738595043065162
19	323	0.01738595043065162
58	49	0.01738595043065162
6	323	0.01738595043065162
83	322	0.01738595043065162
84	322	0.01738595043065162
59	49	0.01738595043065162
22	323	0.01738595043065162
46	178	0.01738595043065162
47	178	0.01738595043065162
6	178	0.01738595043065162
8	178	0.01738595043065162
10	178	0.01738595043065162
12	178	0.01738595043065162
47	49	0.01738595043065162
62	178	0.01738595043065162
48	178	0.01738595043065162
49	178	0.01738595043065162
48	49	0.01738595043065162
49	49	0.01738595043065162
100	278	0.01738595043065162
101	278	0.01738595043065162
106	278	0.01738595043065162
45	178	0.01738595043065162
26	93	0.01738595043065162
40	178	0.01738595043065162
41	178	0.01738595043065162
43	178	0.01738595043065162
44	178	0.01738595043065162
107	278	0.01738595043065162
31	178	0.01738595043065162
32	178	0.01738595043065162
15	93	0.01738595043065162
17	93	0.01738595043065162
109	278	0.01738595043065162
4	93	0.01738595043065162
18	93	0.01738595043065162
19	93	0.01738595043065162
26	49	0.01738595043065162
22	93	0.01738595043065162
47	322	0.01738595043065162
48	322	0.01738595043065162
49	322	0.01738595043065162
40	49	0.01738595043065162
41	49	0.01738595043065162
43	49	0.01738595043065162
69	12	0.01738595043065162
70	12	0.01738595043065162
104	322	0.01738595043065162
44	49	0.01738595043065162
106	322	0.01738595043065162
107	322	0.01738595043065162
109	322	0.01738595043065162
17	49	0.01738595043065162
45	322	0.01738595043065162
46	322	0.01738595043065162
96	322	0.01738595043065162
97	322	0.01738595043065162
98	322	0.01738595043065162
100	322	0.01738595043065162
101	322	0.01738595043065162
86	322	0.01738595043065162
87	322	0.01738595043065162
18	49	0.01738595043065162
63	178	0.01738595043065162
19	49	0.01738595043065162
65	178	0.01738595043065162
66	178	0.01738595043065162
67	178	0.01738595043065162
68	178	0.01738595043065162
81	322	0.01738595043065162
95	322	0.01738595043065162
90	178	0.01738595043065162
107	178	0.01738595043065162
32	49	0.01738595043065162
33	49	0.01738595043065162
95	178	0.01738595043065162
96	178	0.01738595043065162
97	178	0.01738595043065162
98	178	0.01738595043065162
26	178	0.01738595043065162
22	49	0.01738595043065162
66	49	0.01738595043065162
100	178	0.01738595043065162
67	49	0.01738595043065162
86	178	0.01738595043065162
87	178	0.01738595043065162
89	178	0.01738595043065162
81	178	0.01738595043065162
83	178	0.01738595043065162
84	178	0.01738595043065162
69	178	0.01738595043065162
33	178	0.01738595043065162
68	49	0.01738595043065162
22	178	0.01738595043065162
12	49	0.01738595043065162
73	12	0.01738595043065162
13	49	0.01738595043065162
70	178	0.01738595043065162
73	178	0.01738595043065162
61	178	0.01738595043065162
78	178	0.01738595043065162
79	178	0.01738595043065162
80	178	0.01738595043065162
89	92	0.01738595043065162
73	92	0.01738595043065162
14	49	0.01738595043065162
78	92	0.01738595043065162
79	92	0.01738595043065162
15	49	0.01738595043065162
60	49	0.01738595043065162
95	92	0.01738595043065162
45	49	0.01738595043065162
31	179	0.01738595043065162
32	179	0.01738595043065162
33	179	0.01738595043065162
46	49	0.01738595043065162
61	49	0.01738595043065162
86	92	0.01738595043065162
87	92	0.01738595043065162
57	178	0.01738595043065162
58	178	0.01738595043065162
59	178	0.01738595043065162
60	178	0.01738595043065162
109	178	0.01738595043065162
62	49	0.01738595043065162
80	92	0.01738595043065162
63	49	0.01738595043065162
65	49	0.01738595043065162
4	179	0.01738595043065162
101	178	0.01738595043065162
106	48	0.01738595043065162
104	178	0.01738595043065162
4	49	0.01738595043065162
106	178	0.01738595043065162
56	178	0.01738595043065162
63	179	0.01738595043065162
6	49	0.01738595043065162
65	179	0.01738595043065162
66	179	0.01738595043065162
17	179	0.01738595043065162
18	179	0.01738595043065162
19	179	0.01738595043065162
8	49	0.01738595043065162
56	179	0.01738595043065162
57	179	0.01738595043065162
58	179	0.01738595043065162
59	179	0.01738595043065162
8	179	0.01738595043065162
10	179	0.01738595043065162
12	179	0.01738595043065162
62	179	0.01738595043065162
101	92	0.01738595043065162
10	49	0.01738595043065162
104	92	0.01738595043065162
90	92	0.01738595043065162
67	179	0.01738595043065162
68	179	0.01738595043065162
69	179	0.01738595043065162
109	48	0.01738595043065162
96	92	0.01738595043065162
97	92	0.01738595043065162
81	92	0.01738595043065162
83	92	0.01738595043065162
84	92	0.01738595043065162
100	48	0.01738595043065162
98	92	0.01738595043065162
100	92	0.01738595043065162
101	48	0.01738595043065162
104	48	0.01738595043065162
40	179	0.01738595043065162
41	179	0.01738595043065162
43	179	0.01738595043065162
44	179	0.01738595043065162
45	179	0.01738595043065162
60	179	0.01738595043065162
78	179	0.01738595043065162
31	49	0.01738595043065162
95	179	0.01738595043065162
96	179	0.01738595043065162
97	179	0.01738595043065162
98	179	0.01738595043065162
100	179	0.01738595043065162
101	179	0.01738595043065162
14	179	0.01738595043065162
15	179	0.01738595043065162
86	179	0.01738595043065162
87	179	0.01738595043065162
89	179	0.01738595043065162
90	179	0.01738595043065162
95	48	0.01738595043065162
96	48	0.01738595043065162
97	48	0.01738595043065162
6	179	0.01738595043065162
22	179	0.01738595043065162
98	48	0.01738595043065162
26	179	0.01738595043065162
78	302	0.01738595043065162
107	48	0.01738595043065162
13	179	0.01738595043065162
80	179	0.01738595043065162
81	179	0.01738595043065162
83	179	0.01738595043065162
84	179	0.01738595043065162
84	48	0.01738595043065162
70	179	0.01738595043065162
33	180	0.01738595043065162
65	48	0.01738595043065162
19	180	0.01738595043065162
66	48	0.01738595043065162
22	180	0.01738595043065162
6	180	0.01738595043065162
8	180	0.01738595043065162
73	179	0.01738595043065162
15	180	0.01738595043065162
79	179	0.01738595043065162
12	180	0.01738595043065162
13	180	0.01738595043065162
14	180	0.01738595043065162
67	48	0.01738595043065162
81	48	0.01738595043065162
4	180	0.01738595043065162
17	180	0.01738595043065162
18	180	0.01738595043065162
61	179	0.01738595043065162
46	179	0.01738595043065162
47	179	0.01738595043065162
48	179	0.01738595043065162
49	179	0.01738595043065162
83	48	0.01738595043065162
68	48	0.01738595043065162
10	180	0.01738595043065162
69	48	0.01738595043065162
13	322	0.01738595043065162
14	322	0.01738595043065162
89	322	0.01738595043065162
90	322	0.01738595043065162
70	48	0.01738595043065162
109	302	0.01738595043065162
78	322	0.01738595043065162
98	302	0.01738595043065162
70	322	0.01738595043065162
100	302	0.01738595043065162
101	302	0.01738595043065162
22	322	0.01738595043065162
62	48	0.01738595043065162
26	322	0.01738595043065162
63	48	0.01738595043065162
65	322	0.01738595043065162
66	322	0.01738595043065162
67	322	0.01738595043065162
68	322	0.01738595043065162
15	322	0.01738595043065162
17	322	0.01738595043065162
18	322	0.01738595043065162
19	322	0.01738595043065162
26	302	0.01738595043065162
31	302	0.01738595043065162
26	180	0.01738595043065162
61	322	0.01738595043065162
73	322	0.01738595043065162
62	322	0.01738595043065162
63	322	0.01738595043065162
32	302	0.01738595043065162
69	180	0.01738595043065162
70	180	0.01738595043065162
33	302	0.01738595043065162
56	180	0.01738595043065162
57	180	0.01738595043065162
58	180	0.01738595043065162
59	180	0.01738595043065162
60	180	0.01738595043065162
107	302	0.01738595043065162
41	302	0.01738595043065162
31	48	0.01738595043065162
32	48	0.01738595043065162
104	179	0.01738595043065162
33	48	0.01738595043065162
106	179	0.01738595043065162
107	179	0.01738595043065162
46	180	0.01738595043065162
31	180	0.01738595043065162
32	180	0.01738595043065162
109	179	0.01738595043065162
47	180	0.01738595043065162
48	180	0.01738595043065162
49	180	0.01738595043065162
45	48	0.01738595043065162
79	322	0.01738595043065162
80	322	0.01738595043065162
46	48	0.01738595043065162
40	180	0.01738595043065162
41	180	0.01738595043065162
43	180	0.01738595043065162
44	180	0.01738595043065162
45	180	0.01738595043065162
96	180	0.01738595043065162
97	180	0.01738595043065162
98	180	0.01738595043065162
100	180	0.01738595043065162
101	180	0.01738595043065162
87	180	0.01738595043065162
47	48	0.01738595043065162
104	180	0.01738595043065162
84	180	0.01738595043065162
89	180	0.01738595043065162
90	180	0.01738595043065162
48	48	0.01738595043065162
49	48	0.01738595043065162
22	281	0.01738595043065162
32	181	0.01738595043065162
33	181	0.01738595043065162
86	180	0.01738595043065162
73	180	0.01738595043065162
10	281	0.01738595043065162
40	48	0.01738595043065162
79	180	0.01738595043065162
80	180	0.01738595043065162
81	180	0.01738595043065162
83	180	0.01738595043065162
78	180	0.01738595043065162
63	180	0.01738595043065162
41	48	0.01738595043065162
65	180	0.01738595043065162
66	180	0.01738595043065162
67	180	0.01738595043065162
68	180	0.01738595043065162
43	48	0.01738595043065162
13	181	0.01738595043065162
14	181	0.01738595043065162
78	48	0.01738595043065162
79	48	0.01738595043065162
31	181	0.01738595043065162
17	181	0.01738595043065162
18	181	0.01738595043065162
19	181	0.01738595043065162
67	181	0.01738595043065162
68	181	0.01738595043065162
69	181	0.01738595043065162
70	181	0.01738595043065162
22	181	0.01738595043065162
8	181	0.01738595043065162
10	181	0.01738595043065162
12	181	0.01738595043065162
80	48	0.01738595043065162
4	181	0.01738595043065162
17	281	0.01738595043065162
6	181	0.01738595043065162
15	181	0.01738595043065162
18	281	0.01738595043065162
65	181	0.01738595043065162
66	181	0.01738595043065162
19	281	0.01738595043065162
106	180	0.01738595043065162
107	180	0.01738595043065162
109	180	0.01738595043065162
95	180	0.01738595043065162
61	180	0.01738595043065162
62	180	0.01738595043065162
73	48	0.01738595043065162
49	181	0.01738595043065162
60	48	0.01738595043065162
61	48	0.01738595043065162
86	48	0.01738595043065162
87	48	0.01738595043065162
56	181	0.01738595043065162
57	181	0.01738595043065162
58	181	0.01738595043065162
43	181	0.01738595043065162
44	181	0.01738595043065162
45	181	0.01738595043065162
46	181	0.01738595043065162
47	181	0.01738595043065162
65	92	0.01738595043065162
63	181	0.01738595043065162
48	181	0.01738595043065162
67	92	0.01738595043065162
68	92	0.01738595043065162
69	92	0.01738595043065162
70	92	0.01738595043065162
89	48	0.01738595043065162
57	92	0.01738595043065162
40	181	0.01738595043065162
41	181	0.01738595043065162
90	48	0.01738595043065162
46	281	0.01738595043065162
47	281	0.01738595043065162
6	281	0.01738595043065162
26	181	0.01738595043065162
8	281	0.01738595043065162
12	281	0.01738595043065162
66	92	0.01738595043065162
44	92	0.01738595043065162
58	92	0.01738595043065162
59	92	0.01738595043065162
60	92	0.01738595043065162
61	92	0.01738595043065162
62	92	0.01738595043065162
63	92	0.01738595043065162
13	281	0.01738595043065162
98	181	0.01738595043065162
40	281	0.01738595043065162
41	281	0.01738595043065162
56	281	0.01738595043065162
57	281	0.01738595043065162
56	92	0.01738595043065162
41	92	0.01738595043065162
43	92	0.01738595043065162
90	181	0.01738595043065162
58	281	0.01738595043065162
45	92	0.01738595043065162
46	92	0.01738595043065162
47	92	0.01738595043065162
48	92	0.01738595043065162
96	181	0.01738595043065162
97	181	0.01738595043065162
59	181	0.01738595043065162
60	181	0.01738595043065162
61	181	0.01738595043065162
62	181	0.01738595043065162
100	181	0.01738595043065162
101	181	0.01738595043065162
43	281	0.01738595043065162
89	181	0.01738595043065162
86	12	0.01738595043065162
69	322	0.01738595043065162
44	281	0.01738595043065162
56	322	0.01738595043065162
57	322	0.01738595043065162
58	322	0.01738595043065162
59	322	0.01738595043065162
60	322	0.01738595043065162
45	281	0.01738595043065162
78	12	0.01738595043065162
95	12	0.01738595043065162
96	12	0.01738595043065162
97	12	0.01738595043065162
98	12	0.01738595043065162
100	12	0.01738595043065162
59	48	0.01738595043065162
80	12	0.01738595043065162
81	12	0.01738595043065162
83	12	0.01738595043065162
84	12	0.01738595043065162
44	48	0.01738595043065162
87	12	0.01738595043065162
89	12	0.01738595043065162
90	12	0.01738595043065162
49	92	0.01738595043065162
13	182	0.01738595043065162
14	182	0.01738595043065162
15	182	0.01738595043065162
48	281	0.01738595043065162
49	281	0.01738595043065162
33	322	0.01738595043065162
79	12	0.01738595043065162
56	48	0.01738595043065162
26	182	0.01738595043065162
57	48	0.01738595043065162
43	182	0.01738595043065162
44	182	0.01738595043065162
45	182	0.01738595043065162
46	182	0.01738595043065162
47	182	0.01738595043065162
95	181	0.01738595043065162
80	181	0.01738595043065162
81	181	0.01738595043065162
83	181	0.01738595043065162
84	181	0.01738595043065162
58	48	0.01738595043065162
86	281	0.01738595043065162
40	182	0.01738595043065162
12	182	0.01738595043065162
86	181	0.01738595043065162
87	181	0.01738595043065162
73	181	0.01738595043065162
78	181	0.01738595043065162
79	181	0.01738595043065162
87	281	0.01738595043065162
89	281	0.01738595043065162
4	182	0.01738595043065162
17	182	0.01738595043065162
18	182	0.01738595043065162
19	182	0.01738595043065162
90	281	0.01738595043065162
22	182	0.01738595043065162
8	182	0.01738595043065162
10	182	0.01738595043065162
79	182	0.01738595043065162
80	182	0.01738595043065162
65	182	0.01738595043065162
66	182	0.01738595043065162
67	182	0.01738595043065162
68	182	0.01738595043065162
69	182	0.01738595043065162
26	281	0.01738595043065162
107	181	0.01738595043065162
70	182	0.01738595043065162
57	182	0.01738595043065162
58	182	0.01738595043065162
59	182	0.01738595043065162
60	182	0.01738595043065162
61	182	0.01738595043065162
78	182	0.01738595043065162
80	281	0.01738595043065162
56	182	0.01738595043065162
41	182	0.01738595043065162
81	281	0.01738595043065162
6	182	0.01738595043065162
104	181	0.01738595043065162
67	281	0.01738595043065162
106	181	0.01738595043065162
48	182	0.01738595043065162
33	182	0.01738595043065162
68	281	0.01738595043065162
109	181	0.01738595043065162
49	182	0.01738595043065162
69	281	0.01738595043065162
70	281	0.01738595043065162
84	281	0.01738595043065162
73	281	0.01738595043065162
106	182	0.01738595043065162
107	182	0.01738595043065162
109	182	0.01738595043065162
59	281	0.01738595043065162
62	182	0.01738595043065162
63	182	0.01738595043065162
60	281	0.01738595043065162
96	182	0.01738595043065162
97	182	0.01738595043065162
98	182	0.01738595043065162
100	182	0.01738595043065162
101	182	0.01738595043065162
61	281	0.01738595043065162
104	182	0.01738595043065162
8	183	0.01738595043065162
83	182	0.01738595043065162
84	182	0.01738595043065162
89	182	0.01738595043065162
90	182	0.01738595043065162
62	281	0.01738595043065162
63	281	0.01738595043065162
78	281	0.01738595043065162
95	182	0.01738595043065162
86	182	0.01738595043065162
87	182	0.01738595043065162
73	182	0.01738595043065162
79	281	0.01738595043065162
14	281	0.01738595043065162
31	182	0.01738595043065162
32	182	0.01738595043065162
81	182	0.01738595043065162
32	92	0.01738595043065162
17	92	0.01738595043065162
18	92	0.01738595043065162
19	92	0.01738595043065162
33	92	0.01738595043065162
15	281	0.01738595043065162
4	281	0.01738595043065162
65	281	0.01738595043065162
12	92	0.01738595043065162
13	92	0.01738595043065162
14	92	0.01738595043065162
15	92	0.01738595043065162
66	281	0.01738595043065162
19	48	0.01738595043065162
22	48	0.01738595043065162
31	92	0.01738595043065162
41	183	0.01738595043065162
26	183	0.01738595043065162
26	48	0.01738595043065162
12	48	0.01738595043065162
13	48	0.01738595043065162
22	92	0.01738595043065162
8	92	0.01738595043065162
10	92	0.01738595043065162
14	48	0.01738595043065162
15	48	0.01738595043065162
4	183	0.01738595043065162
17	48	0.01738595043065162
6	183	0.01738595043065162
18	48	0.01738595043065162
4	48	0.01738595043065162
40	183	0.01738595043065162
66	183	0.01738595043065162
6	48	0.01738595043065162
31	183	0.01738595043065162
32	183	0.01738595043065162
33	183	0.01738595043065162
18	183	0.01738595043065162
19	183	0.01738595043065162
8	48	0.01738595043065162
59	183	0.01738595043065162
10	48	0.01738595043065162
10	183	0.01738595043065162
12	183	0.01738595043065162
13	183	0.01738595043065162
14	183	0.01738595043065162
15	183	0.01738595043065162
17	183	0.01738595043065162
31	281	0.01738595043065162
32	281	0.01738595043065162
67	183	0.01738595043065162
68	183	0.01738595043065162
69	183	0.01738595043065162
70	183	0.01738595043065162
73	183	0.01738595043065162
58	183	0.01738595043065162
40	92	0.01738595043065162
26	92	0.01738595043065162
60	183	0.01738595043065162
61	183	0.01738595043065162
62	183	0.01738595043065162
63	183	0.01738595043065162
33	281	0.01738595043065162
65	183	0.01738595043065162
57	183	0.01738595043065162
43	183	0.01738595043065162
44	183	0.01738595043065162
45	183	0.01738595043065162
46	183	0.01738595043065162
83	281	0.01738595043065162
84	302	0.01738595043065162
86	302	0.01738595043065162
49	183	0.01738595043065162
87	302	0.01738595043065162
4	92	0.01738595043065162
89	302	0.01738595043065162
6	92	0.01738595043065162
96	281	0.01738595043065162
97	281	0.01738595043065162
56	183	0.01738595043065162
98	281	0.01738595043065162
10	302	0.01738595043065162
12	302	0.01738595043065162
13	302	0.01738595043065162
14	302	0.01738595043065162
15	302	0.01738595043065162
47	183	0.01738595043065162
48	183	0.01738595043065162
22	183	0.01738595043065162
17	302	0.01738595043065162
83	302	0.01738595043065162
98	183	0.01738595043065162
100	183	0.01738595043065162
101	183	0.01738595043065162
4	302	0.01738595043065162
104	183	0.01738595043065162
6	302	0.01738595043065162
8	302	0.01738595043065162
22	302	0.01738595043065162
40	302	0.01738595043065162
83	183	0.01738595043065162
84	183	0.01738595043065162
56	302	0.01738595043065162
86	183	0.01738595043065162
44	322	0.01738595043065162
57	302	0.01738595043065162
31	322	0.01738595043065162
32	322	0.01738595043065162
19	184	0.01738595043065162
79	183	0.01738595043065162
80	183	0.01738595043065162
81	183	0.01738595043065162
43	302	0.01738595043065162
6	322	0.01738595043065162
8	322	0.01738595043065162
10	322	0.01738595043065162
12	322	0.01738595043065162
40	322	0.01738595043065162
41	322	0.01738595043065162
43	322	0.01738595043065162
44	302	0.01738595043065162
107	281	0.01738595043065162
18	184	0.01738595043065162
109	281	0.01738595043065162
101	12	0.01738595043065162
100	281	0.01738595043065162
101	281	0.01738595043065162
4	322	0.01738595043065162
58	184	0.01738595043065162
59	184	0.01738595043065162
43	184	0.01738595043065162
104	281	0.01738595043065162
4	184	0.01738595043065162
106	281	0.01738595043065162
6	184	0.01738595043065162
8	184	0.01738595043065162
49	184	0.01738595043065162
95	281	0.01738595043065162
14	283	0.01738595043065162
109	183	0.01738595043065162
15	283	0.01738595043065162
17	283	0.01738595043065162
56	184	0.01738595043065162
57	184	0.01738595043065162
95	183	0.01738595043065162
96	183	0.01738595043065162
97	183	0.01738595043065162
44	184	0.01738595043065162
45	184	0.01738595043065162
46	184	0.01738595043065162
47	184	0.01738595043065162
48	184	0.01738595043065162
87	183	0.01738595043065162
89	183	0.01738595043065162
78	183	0.01738595043065162
18	283	0.01738595043065162
90	183	0.01738595043065162
19	283	0.01738595043065162
47	302	0.01738595043065162
48	302	0.01738595043065162
33	184	0.01738595043065162
84	184	0.01738595043065162
49	302	0.01738595043065162
86	184	0.01738595043065162
87	184	0.01738595043065162
45	302	0.01738595043065162
46	302	0.01738595043065162
40	184	0.01738595043065162
89	184	0.01738595043065162
90	184	0.01738595043065162
78	184	0.01738595043065162
79	184	0.01738595043065162
80	184	0.01738595043065162
26	283	0.01738595043065162
31	184	0.01738595043065162
32	184	0.01738595043065162
15	184	0.01738595043065162
17	184	0.01738595043065162
81	184	0.01738595043065162
83	184	0.01738595043065162
68	184	0.01738595043065162
69	184	0.01738595043065162
70	184	0.01738595043065162
73	184	0.01738595043065162
106	183	0.01738595043065162
107	183	0.01738595043065162
18	302	0.01738595043065162
22	184	0.01738595043065162
10	184	0.01738595043065162
12	184	0.01738595043065162
13	184	0.01738595043065162
14	184	0.01738595043065162
62	184	0.01738595043065162
63	184	0.01738595043065162
19	302	0.01738595043065162
65	184	0.01738595043065162
66	184	0.01738595043065162
33	185	0.01738595043065162
6	283	0.01738595043065162
22	185	0.01738595043065162
67	184	0.01738595043065162
22	283	0.01738595043065162
10	283	0.01738595043065162
12	283	0.01738595043065162
13	283	0.01738595043065162
78	283	0.01738595043065162
60	184	0.01738595043065162
61	184	0.01738595043065162
109	184	0.01738595043065162
104	90	0.01738595043065162
79	283	0.01738595043065162
106	90	0.01738595043065162
107	90	0.01738595043065162
109	90	0.01738595043065162
4	185	0.01738595043065162
56	283	0.01738595043065162
41	184	0.01738595043065162
26	184	0.01738595043065162
57	283	0.01738595043065162
58	283	0.01738595043065162
6	185	0.01738595043065162
8	185	0.01738595043065162
10	185	0.01738595043065162
12	185	0.01738595043065162
59	283	0.01738595043065162
60	283	0.01738595043065162
100	184	0.01738595043065162
101	184	0.01738595043065162
61	283	0.01738595043065162
104	184	0.01738595043065162
106	184	0.01738595043065162
107	184	0.01738595043065162
31	185	0.01738595043065162
32	185	0.01738595043065162
8	283	0.01738595043065162
62	283	0.01738595043065162
95	184	0.01738595043065162
96	184	0.01738595043065162
97	184	0.01738595043065162
98	184	0.01738595043065162
63	283	0.01738595043065162
48	283	0.01738595043065162
49	283	0.01738595043065162
40	185	0.01738595043065162
41	185	0.01738595043065162
43	185	0.01738595043065162
44	185	0.01738595043065162
4	283	0.01738595043065162
40	283	0.01738595043065162
26	185	0.01738595043065162
41	283	0.01738595043065162
43	283	0.01738595043065162
104	12	0.01738595043065162
44	283	0.01738595043065162
106	12	0.01738595043065162
107	12	0.01738595043065162
17	185	0.01738595043065162
18	185	0.01738595043065162
19	185	0.01738595043065162
45	283	0.01738595043065162
89	185	0.01738595043065162
90	185	0.01738595043065162
46	283	0.01738595043065162
47	283	0.01738595043065162
69	185	0.01738595043065162
70	185	0.01738595043065162
73	185	0.01738595043065162
31	283	0.01738595043065162
12	284	0.01738595043065162
13	185	0.01738595043065162
14	185	0.01738595043065162
15	185	0.01738595043065162
61	185	0.01738595043065162
62	185	0.01738595043065162
63	185	0.01738595043065162
13	284	0.01738595043065162
65	185	0.01738595043065162
66	185	0.01738595043065162
67	185	0.01738595043065162
68	185	0.01738595043065162
14	284	0.01738595043065162
56	185	0.01738595043065162
57	185	0.01738595043065162
58	185	0.01738595043065162
59	185	0.01738595043065162
60	185	0.01738595043065162
45	185	0.01738595043065162
46	185	0.01738595043065162
95	185	0.01738595043065162
96	185	0.01738595043065162
97	185	0.01738595043065162
98	185	0.01738595043065162
100	185	0.01738595043065162
15	284	0.01738595043065162
86	185	0.01738595043065162
87	185	0.01738595043065162
26	13	0.01738595043065162
90	283	0.01738595043065162
95	283	0.01738595043065162
13	13	0.01738595043065162
14	13	0.01738595043065162
15	13	0.01738595043065162
17	13	0.01738595043065162
80	185	0.01738595043065162
19	13	0.01738595043065162
80	283	0.01738595043065162
32	283	0.01738595043065162
6	13	0.01738595043065162
8	13	0.01738595043065162
10	13	0.01738595043065162
12	13	0.01738595043065162
33	283	0.01738595043065162
81	283	0.01738595043065162
78	185	0.01738595043065162
79	185	0.01738595043065162
109	12	0.01738595043065162
83	283	0.01738595043065162
84	283	0.01738595043065162
4	13	0.01738595043065162
18	13	0.01738595043065162
10	186	0.01738595043065162
12	186	0.01738595043065162
13	186	0.01738595043065162
109	185	0.01738595043065162
86	283	0.01738595043065162
70	82	0.01738595043065162
14	186	0.01738595043065162
15	186	0.01738595043065162
4	186	0.01738595043065162
87	283	0.01738595043065162
95	90	0.01738595043065162
96	90	0.01738595043065162
97	90	0.01738595043065162
98	90	0.01738595043065162
73	283	0.01738595043065162
8	186	0.01738595043065162
47	185	0.01738595043065162
48	185	0.01738595043065162
49	185	0.01738595043065162
89	283	0.01738595043065162
65	283	0.01738595043065162
4	22	0.01738595043065162
101	185	0.01738595043065162
6	22	0.01738595043065162
66	283	0.01738595043065162
104	185	0.01738595043065162
10	284	0.01738595043065162
106	185	0.01738595043065162
107	185	0.01738595043065162
67	283	0.01738595043065162
68	283	0.01738595043065162
69	283	0.01738595043065162
70	90	0.01738595043065162
73	90	0.01738595043065162
70	283	0.01738595043065162
100	300	0.01738595043065162
78	90	0.01738595043065162
79	90	0.01738595043065162
80	90	0.01738595043065162
81	90	0.01738595043065162
57	186	0.01738595043065162
58	186	0.01738595043065162
59	186	0.01738595043065162
60	186	0.01738595043065162
61	186	0.01738595043065162
84	90	0.01738595043065162
101	300	0.01738595043065162
69	90	0.01738595043065162
84	185	0.01738595043065162
22	186	0.01738595043065162
87	300	0.01738595043065162
26	186	0.01738595043065162
89	300	0.01738595043065162
90	300	0.01738595043065162
4	284	0.01738595043065162
56	186	0.01738595043065162
17	186	0.01738595043065162
18	186	0.01738595043065162
19	186	0.01738595043065162
8	284	0.01738595043065162
26	22	0.01738595043065162
6	186	0.01738595043065162
81	185	0.01738595043065162
83	185	0.01738595043065162
44	186	0.01738595043065162
45	186	0.01738595043065162
98	300	0.01738595043065162
31	186	0.01738595043065162
32	186	0.01738595043065162
33	186	0.01738595043065162
46	186	0.01738595043065162
47	186	0.01738595043065162
31	22	0.01738595043065162
86	186	0.01738595043065162
87	186	0.01738595043065162
89	186	0.01738595043065162
90	186	0.01738595043065162
17	22	0.01738595043065162
41	186	0.01738595043065162
43	186	0.01738595043065162
18	22	0.01738595043065162
78	186	0.01738595043065162
79	186	0.01738595043065162
80	186	0.01738595043065162
81	186	0.01738595043065162
83	186	0.01738595043065162
84	186	0.01738595043065162
19	22	0.01738595043065162
83	90	0.01738595043065162
100	90	0.01738595043065162
101	90	0.01738595043065162
86	90	0.01738595043065162
87	90	0.01738595043065162
22	22	0.01738595043065162
89	90	0.01738595043065162
90	90	0.01738595043065162
69	186	0.01738595043065162
6	187	0.01738595043065162
8	187	0.01738595043065162
10	187	0.01738595043065162
70	186	0.01738595043065162
73	186	0.01738595043065162
62	186	0.01738595043065162
63	186	0.01738595043065162
56	22	0.01738595043065162
41	22	0.01738595043065162
4	187	0.01738595043065162
8	22	0.01738595043065162
65	186	0.01738595043065162
66	186	0.01738595043065162
67	186	0.01738595043065162
68	186	0.01738595043065162
10	22	0.01738595043065162
106	186	0.01738595043065162
107	186	0.01738595043065162
109	186	0.01738595043065162
12	22	0.01738595043065162
12	187	0.01738595043065162
13	187	0.01738595043065162
14	187	0.01738595043065162
48	186	0.01738595043065162
49	186	0.01738595043065162
13	22	0.01738595043065162
14	22	0.01738595043065162
47	22	0.01738595043065162
40	186	0.01738595043065162
48	22	0.01738595043065162
104	186	0.01738595043065162
98	186	0.01738595043065162
100	186	0.01738595043065162
101	186	0.01738595043065162
40	187	0.01738595043065162
41	187	0.01738595043065162
32	22	0.01738595043065162
61	90	0.01738595043065162
62	90	0.01738595043065162
46	187	0.01738595043065162
31	187	0.01738595043065162
32	187	0.01738595043065162
33	187	0.01738595043065162
33	22	0.01738595043065162
95	186	0.01738595043065162
96	186	0.01738595043065162
97	186	0.01738595043065162
49	22	0.01738595043065162
26	187	0.01738595043065162
40	22	0.01738595043065162
104	300	0.01738595043065162
43	22	0.01738595043065162
43	187	0.01738595043065162
44	187	0.01738595043065162
45	187	0.01738595043065162
44	22	0.01738595043065162
15	187	0.01738595043065162
17	187	0.01738595043065162
18	187	0.01738595043065162
19	187	0.01738595043065162
45	22	0.01738595043065162
22	187	0.01738595043065162
46	22	0.01738595043065162
68	187	0.01738595043065162
69	187	0.01738595043065162
70	187	0.01738595043065162
40	284	0.01738595043065162
56	187	0.01738595043065162
57	187	0.01738595043065162
58	187	0.01738595043065162
59	187	0.01738595043065162
60	187	0.01738595043065162
61	187	0.01738595043065162
62	187	0.01738595043065162
47	187	0.01738595043065162
48	187	0.01738595043065162
49	187	0.01738595043065162
26	284	0.01738595043065162
97	300	0.01738595043065162
81	320	0.01738595043065162
83	320	0.01738595043065162
84	320	0.01738595043065162
65	284	0.01738595043065162
86	320	0.01738595043065162
87	320	0.01738595043065162
73	320	0.01738595043065162
67	90	0.01738595043065162
63	90	0.01738595043065162
66	284	0.01738595043065162
65	90	0.01738595043065162
66	90	0.01738595043065162
22	13	0.01738595043065162
78	320	0.01738595043065162
79	320	0.01738595043065162
80	320	0.01738595043065162
48	90	0.01738595043065162
49	90	0.01738595043065162
67	284	0.01738595043065162
68	284	0.01738595043065162
68	90	0.01738595043065162
69	284	0.01738595043065162
56	90	0.01738595043065162
57	90	0.01738595043065162
40	90	0.01738595043065162
41	90	0.01738595043065162
43	90	0.01738595043065162
44	90	0.01738595043065162
70	284	0.01738595043065162
104	187	0.01738595043065162
46	90	0.01738595043065162
47	90	0.01738595043065162
106	187	0.01738595043065162
107	187	0.01738595043065162
109	187	0.01738595043065162
95	187	0.01738595043065162
96	187	0.01738595043065162
97	187	0.01738595043065162
98	187	0.01738595043065162
57	284	0.01738595043065162
73	187	0.01738595043065162
78	187	0.01738595043065162
63	187	0.01738595043065162
58	284	0.01738595043065162
65	187	0.01738595043065162
66	187	0.01738595043065162
67	187	0.01738595043065162
6	284	0.01738595043065162
100	187	0.01738595043065162
101	187	0.01738595043065162
87	187	0.01738595043065162
89	187	0.01738595043065162
90	187	0.01738595043065162
104	283	0.01738595043065162
106	283	0.01738595043065162
107	283	0.01738595043065162
109	283	0.01738595043065162
79	187	0.01738595043065162
80	187	0.01738595043065162
81	187	0.01738595043065162
83	187	0.01738595043065162
84	187	0.01738595043065162
96	283	0.01738595043065162
86	187	0.01738595043065162
22	188	0.01738595043065162
8	188	0.01738595043065162
32	284	0.01738595043065162
26	188	0.01738595043065162
33	284	0.01738595043065162
97	283	0.01738595043065162
98	283	0.01738595043065162
31	188	0.01738595043065162
58	90	0.01738595043065162
59	90	0.01738595043065162
60	90	0.01738595043065162
45	90	0.01738595043065162
17	188	0.01738595043065162
18	188	0.01738595043065162
19	188	0.01738595043065162
100	283	0.01738595043065162
62	320	0.01738595043065162
63	320	0.01738595043065162
101	283	0.01738595043065162
49	320	0.01738595043065162
41	284	0.01738595043065162
15	22	0.01738595043065162
106	320	0.01738595043065162
107	320	0.01738595043065162
56	320	0.01738595043065162
41	320	0.01738595043065162
43	320	0.01738595043065162
44	320	0.01738595043065162
45	320	0.01738595043065162
46	320	0.01738595043065162
60	320	0.01738595043065162
61	320	0.01738595043065162
97	320	0.01738595043065162
98	320	0.01738595043065162
100	320	0.01738595043065162
101	320	0.01738595043065162
43	284	0.01738595043065162
44	284	0.01738595043065162
45	284	0.01738595043065162
46	284	0.01738595043065162
40	188	0.01738595043065162
41	188	0.01738595043065162
43	188	0.01738595043065162
44	188	0.01738595043065162
45	188	0.01738595043065162
96	320	0.01738595043065162
47	320	0.01738595043065162
48	320	0.01738595043065162
47	284	0.01738595043065162
48	284	0.01738595043065162
60	284	0.01738595043065162
78	188	0.01738595043065162
79	188	0.01738595043065162
61	284	0.01738595043065162
65	188	0.01738595043065162
66	188	0.01738595043065162
59	188	0.01738595043065162
60	188	0.01738595043065162
10	188	0.01738595043065162
12	188	0.01738595043065162
13	188	0.01738595043065162
14	188	0.01738595043065162
15	188	0.01738595043065162
62	284	0.01738595043065162
63	284	0.01738595043065162
49	284	0.01738595043065162
4	188	0.01738595043065162
32	285	0.01738595043065162
6	188	0.01738595043065162
56	188	0.01738595043065162
57	188	0.01738595043065162
58	188	0.01738595043065162
109	320	0.01738595043065162
46	188	0.01738595043065162
61	188	0.01738595043065162
62	188	0.01738595043065162
63	188	0.01738595043065162
48	188	0.01738595043065162
49	188	0.01738595043065162
109	284	0.01738595043065162
100	188	0.01738595043065162
101	188	0.01738595043065162
4	189	0.01738595043065162
97	284	0.01738595043065162
6	189	0.01738595043065162
104	188	0.01738595043065162
56	284	0.01738595043065162
106	188	0.01738595043065162
59	284	0.01738595043065162
18	284	0.01738595043065162
89	188	0.01738595043065162
109	188	0.01738595043065162
96	188	0.01738595043065162
97	188	0.01738595043065162
98	188	0.01738595043065162
19	284	0.01738595043065162
22	284	0.01738595043065162
106	284	0.01738595043065162
95	188	0.01738595043065162
80	188	0.01738595043065162
81	188	0.01738595043065162
47	188	0.01738595043065162
32	188	0.01738595043065162
33	188	0.01738595043065162
83	188	0.01738595043065162
84	188	0.01738595043065162
107	284	0.01738595043065162
86	188	0.01738595043065162
87	188	0.01738595043065162
73	188	0.01738595043065162
90	188	0.01738595043065162
73	284	0.01738595043065162
31	189	0.01738595043065162
32	189	0.01738595043065162
17	189	0.01738595043065162
48	189	0.01738595043065162
33	189	0.01738595043065162
78	284	0.01738595043065162
79	284	0.01738595043065162
40	189	0.01738595043065162
22	189	0.01738595043065162
73	189	0.01738595043065162
78	189	0.01738595043065162
26	189	0.01738595043065162
80	284	0.01738595043065162
31	284	0.01738595043065162
17	284	0.01738595043065162
86	300	0.01738595043065162
68	188	0.01738595043065162
69	188	0.01738595043065162
70	188	0.01738595043065162
8	189	0.01738595043065162
10	189	0.01738595043065162
18	189	0.01738595043065162
19	189	0.01738595043065162
73	300	0.01738595043065162
107	188	0.01738595043065162
12	189	0.01738595043065162
13	189	0.01738595043065162
14	189	0.01738595043065162
15	189	0.01738595043065162
106	300	0.01738595043065162
107	300	0.01738595043065162
67	188	0.01738595043065162
59	189	0.01738595043065162
60	189	0.01738595043065162
61	189	0.01738595043065162
62	189	0.01738595043065162
79	189	0.01738595043065162
80	189	0.01738595043065162
65	189	0.01738595043065162
66	189	0.01738595043065162
109	300	0.01738595043065162
49	189	0.01738595043065162
95	300	0.01738595043065162
65	300	0.01738595043065162
66	300	0.01738595043065162
67	300	0.01738595043065162
57	189	0.01738595043065162
58	189	0.01738595043065162
56	189	0.01738595043065162
68	300	0.01738595043065162
69	300	0.01738595043065162
31	90	0.01738595043065162
32	90	0.01738595043065162
33	90	0.01738595043065162
83	300	0.01738595043065162
63	189	0.01738595043065162
84	300	0.01738595043065162
56	300	0.01738595043065162
41	189	0.01738595043065162
43	189	0.01738595043065162
44	189	0.01738595043065162
45	189	0.01738595043065162
46	189	0.01738595043065162
47	189	0.01738595043065162
57	300	0.01738595043065162
22	90	0.01738595043065162
58	300	0.01738595043065162
26	90	0.01738595043065162
59	300	0.01738595043065162
60	300	0.01738595043065162
12	90	0.01738595043065162
13	90	0.01738595043065162
107	189	0.01738595043065162
14	90	0.01738595043065162
15	90	0.01738595043065162
17	90	0.01738595043065162
18	90	0.01738595043065162
19	90	0.01738595043065162
4	90	0.01738595043065162
61	300	0.01738595043065162
100	189	0.01738595043065162
101	189	0.01738595043065162
6	90	0.01738595043065162
78	300	0.01738595043065162
8	90	0.01738595043065162
10	90	0.01738595043065162
63	300	0.01738595043065162
106	189	0.01738595043065162
67	189	0.01738595043065162
68	189	0.01738595043065162
69	189	0.01738595043065162
70	189	0.01738595043065162
109	189	0.01738595043065162
97	189	0.01738595043065162
98	189	0.01738595043065162
33	285	0.01738595043065162
62	13	0.01738595043065162
47	13	0.01738595043065162
48	13	0.01738595043065162
49	13	0.01738595043065162
18	285	0.01738595043065162
104	320	0.01738595043065162
89	320	0.01738595043065162
90	320	0.01738595043065162
41	13	0.01738595043065162
43	13	0.01738595043065162
44	13	0.01738595043065162
45	13	0.01738595043065162
46	13	0.01738595043065162
59	13	0.01738595043065162
60	13	0.01738595043065162
61	13	0.01738595043065162
33	13	0.01738595043065162
19	285	0.01738595043065162
65	320	0.01738595043065162
66	320	0.01738595043065162
67	320	0.01738595043065162
22	285	0.01738595043065162
63	22	0.01738595043065162
40	13	0.01738595043065162
18	190	0.01738595043065162
19	190	0.01738595043065162
70	300	0.01738595043065162
22	190	0.01738595043065162
59	320	0.01738595043065162
66	285	0.01738595043065162
31	13	0.01738595043065162
32	13	0.01738595043065162
56	285	0.01738595043065162
57	285	0.01738595043065162
58	285	0.01738595043065162
59	285	0.01738595043065162
60	285	0.01738595043065162
56	190	0.01738595043065162
57	190	0.01738595043065162
43	190	0.01738595043065162
84	189	0.01738595043065162
98	284	0.01738595043065162
86	189	0.01738595043065162
87	189	0.01738595043065162
100	284	0.01738595043065162
104	189	0.01738595043065162
89	189	0.01738595043065162
90	189	0.01738595043065162
101	284	0.01738595043065162
31	190	0.01738595043065162
32	190	0.01738595043065162
17	190	0.01738595043065162
95	189	0.01738595043065162
96	189	0.01738595043065162
81	189	0.01738595043065162
83	189	0.01738595043065162
104	284	0.01738595043065162
89	284	0.01738595043065162
90	284	0.01738595043065162
95	320	0.01738595043065162
95	284	0.01738595043065162
26	190	0.01738595043065162
96	284	0.01738595043065162
81	284	0.01738595043065162
89	190	0.01738595043065162
83	284	0.01738595043065162
95	190	0.01738595043065162
96	190	0.01738595043065162
97	190	0.01738595043065162
83	190	0.01738595043065162
84	190	0.01738595043065162
84	284	0.01738595043065162
12	190	0.01738595043065162
13	190	0.01738595043065162
14	190	0.01738595043065162
15	190	0.01738595043065162
96	300	0.01738595043065162
86	284	0.01738595043065162
86	190	0.01738595043065162
87	190	0.01738595043065162
87	284	0.01738595043065162
4	190	0.01738595043065162
26	285	0.01738595043065162
6	190	0.01738595043065162
8	190	0.01738595043065162
58	190	0.01738595043065162
59	190	0.01738595043065162
10	190	0.01738595043065162
44	190	0.01738595043065162
45	190	0.01738595043065162
60	190	0.01738595043065162
61	190	0.01738595043065162
62	190	0.01738595043065162
63	190	0.01738595043065162
31	285	0.01738595043065162
65	190	0.01738595043065162
8	191	0.01738595043065162
70	190	0.01738595043065162
73	190	0.01738595043065162
10	191	0.01738595043065162
12	191	0.01738595043065162
13	191	0.01738595043065162
14	191	0.01738595043065162
78	190	0.01738595043065162
98	190	0.01738595043065162
15	191	0.01738595043065162
17	191	0.01738595043065162
18	191	0.01738595043065162
95	285	0.01738595043065162
4	191	0.01738595043065162
96	285	0.01738595043065162
6	191	0.01738595043065162
48	190	0.01738595043065162
49	190	0.01738595043065162
33	190	0.01738595043065162
97	285	0.01738595043065162
106	190	0.01738595043065162
107	190	0.01738595043065162
109	190	0.01738595043065162
98	285	0.01738595043065162
83	285	0.01738595043065162
40	190	0.01738595043065162
41	190	0.01738595043065162
90	190	0.01738595043065162
15	285	0.01738595043065162
84	285	0.01738595043065162
46	190	0.01738595043065162
47	190	0.01738595043065162
47	191	0.01738595043065162
48	191	0.01738595043065162
49	191	0.01738595043065162
86	285	0.01738595043065162
87	285	0.01738595043065162
89	285	0.01738595043065162
100	190	0.01738595043065162
101	190	0.01738595043065162
90	285	0.01738595043065162
6	285	0.01738595043065162
8	285	0.01738595043065162
31	191	0.01738595043065162
32	191	0.01738595043065162
33	191	0.01738595043065162
45	191	0.01738595043065162
46	191	0.01738595043065162
10	285	0.01738595043065162
22	191	0.01738595043065162
12	285	0.01738595043065162
26	191	0.01738595043065162
109	89	0.01738595043065162
13	285	0.01738595043065162
40	191	0.01738595043065162
41	191	0.01738595043065162
79	190	0.01738595043065162
80	190	0.01738595043065162
81	190	0.01738595043065162
66	190	0.01738595043065162
67	190	0.01738595043065162
68	190	0.01738595043065162
69	190	0.01738595043065162
19	191	0.01738595043065162
14	285	0.01738595043065162
95	89	0.01738595043065162
96	89	0.01738595043065162
97	89	0.01738595043065162
98	89	0.01738595043065162
61	285	0.01738595043065162
100	89	0.01738595043065162
101	89	0.01738595043065162
87	89	0.01738595043065162
62	285	0.01738595043065162
89	89	0.01738595043065162
90	89	0.01738595043065162
78	191	0.01738595043065162
107	89	0.01738595043065162
63	285	0.01738595043065162
65	285	0.01738595043065162
67	191	0.01738595043065162
68	191	0.01738595043065162
69	191	0.01738595043065162
70	191	0.01738595043065162
73	191	0.01738595043065162
84	89	0.01738595043065162
17	285	0.01738595043065162
86	89	0.01738595043065162
4	285	0.01738595043065162
104	190	0.01738595043065162
69	285	0.01738595043065162
43	191	0.01738595043065162
44	191	0.01738595043065162
79	191	0.01738595043065162
80	191	0.01738595043065162
81	191	0.01738595043065162
58	191	0.01738595043065162
107	191	0.01738595043065162
109	191	0.01738595043065162
59	191	0.01738595043065162
60	191	0.01738595043065162
61	191	0.01738595043065162
62	191	0.01738595043065162
63	191	0.01738595043065162
70	285	0.01738595043065162
104	191	0.01738595043065162
73	285	0.01738595043065162
106	191	0.01738595043065162
12	286	0.01738595043065162
78	285	0.01738595043065162
56	191	0.01738595043065162
57	191	0.01738595043065162
96	191	0.01738595043065162
97	191	0.01738595043065162
98	191	0.01738595043065162
83	191	0.01738595043065162
79	285	0.01738595043065162
80	285	0.01738595043065162
100	191	0.01738595043065162
101	191	0.01738595043065162
81	285	0.01738595043065162
104	89	0.01738595043065162
13	286	0.01738595043065162
106	89	0.01738595043065162
14	286	0.01738595043065162
15	286	0.01738595043065162
17	286	0.01738595043065162
95	191	0.01738595043065162
18	286	0.01738595043065162
86	191	0.01738595043065162
87	191	0.01738595043065162
89	191	0.01738595043065162
90	191	0.01738595043065162
4	286	0.01738595043065162
68	285	0.01738595043065162
48	285	0.01738595043065162
31	192	0.01738595043065162
32	192	0.01738595043065162
33	192	0.01738595043065162
49	285	0.01738595043065162
19	192	0.01738595043065162
6	286	0.01738595043065162
8	286	0.01738595043065162
84	191	0.01738595043065162
6	192	0.01738595043065162
22	192	0.01738595043065162
10	286	0.01738595043065162
26	192	0.01738595043065162
12	192	0.01738595043065162
13	192	0.01738595043065162
14	192	0.01738595043065162
107	285	0.01738595043065162
109	285	0.01738595043065162
65	191	0.01738595043065162
66	191	0.01738595043065162
15	192	0.01738595043065162
17	192	0.01738595043065162
18	192	0.01738595043065162
4	192	0.01738595043065162
40	285	0.01738595043065162
32	320	0.01738595043065162
33	320	0.01738595043065162
41	285	0.01738595043065162
68	320	0.01738595043065162
69	320	0.01738595043065162
70	320	0.01738595043065162
43	285	0.01738595043065162
57	320	0.01738595043065162
26	320	0.01738595043065162
44	285	0.01738595043065162
45	285	0.01738595043065162
46	285	0.01738595043065162
47	285	0.01738595043065162
46	300	0.01738595043065162
31	300	0.01738595043065162
32	300	0.01738595043065162
19	320	0.01738595043065162
33	300	0.01738595043065162
22	320	0.01738595043065162
8	320	0.01738595043065162
10	320	0.01738595043065162
100	285	0.01738595043065162
40	320	0.01738595043065162
101	285	0.01738595043065162
83	286	0.01738595043065162
68	286	0.01738595043065162
40	192	0.01738595043065162
41	192	0.01738595043065162
58	13	0.01738595043065162
31	320	0.01738595043065162
17	320	0.01738595043065162
18	320	0.01738595043065162
69	286	0.01738595043065162
70	286	0.01738595043065162
73	192	0.01738595043065162
81	300	0.01738595043065162
78	89	0.01738595043065162
79	89	0.01738595043065162
80	89	0.01738595043065162
81	89	0.01738595043065162
57	192	0.01738595043065162
8	192	0.01738595043065162
10	192	0.01738595043065162
60	192	0.01738595043065162
61	192	0.01738595043065162
62	192	0.01738595043065162
63	192	0.01738595043065162
44	286	0.01738595043065162
48	192	0.01738595043065162
49	192	0.01738595043065162
65	192	0.01738595043065162
66	192	0.01738595043065162
67	192	0.01738595043065162
104	285	0.01738595043065162
106	285	0.01738595043065162
56	192	0.01738595043065162
58	320	0.01738595043065162
43	192	0.01738595043065162
58	192	0.01738595043065162
59	192	0.01738595043065162
44	192	0.01738595043065162
45	192	0.01738595043065162
46	192	0.01738595043065162
47	192	0.01738595043065162
18	193	0.01738595043065162
19	193	0.01738595043065162
4	193	0.01738595043065162
67	285	0.01738595043065162
6	193	0.01738595043065162
45	286	0.01738595043065162
56	89	0.01738595043065162
57	89	0.01738595043065162
46	286	0.01738595043065162
95	192	0.01738595043065162
96	192	0.01738595043065162
97	192	0.01738595043065162
98	192	0.01738595043065162
84	192	0.01738595043065162
15	193	0.01738595043065162
17	193	0.01738595043065162
86	192	0.01738595043065162
87	192	0.01738595043065162
89	192	0.01738595043065162
90	192	0.01738595043065162
47	286	0.01738595043065162
78	192	0.01738595043065162
48	286	0.01738595043065162
49	286	0.01738595043065162
79	192	0.01738595043065162
80	192	0.01738595043065162
81	192	0.01738595043065162
83	192	0.01738595043065162
68	192	0.01738595043065162
69	192	0.01738595043065162
70	192	0.01738595043065162
79	286	0.01738595043065162
43	193	0.01738595043065162
106	192	0.01738595043065162
107	192	0.01738595043065162
45	193	0.01738595043065162
46	193	0.01738595043065162
47	193	0.01738595043065162
48	193	0.01738595043065162
49	193	0.01738595043065162
70	89	0.01738595043065162
80	286	0.01738595043065162
73	89	0.01738595043065162
60	89	0.01738595043065162
81	286	0.01738595043065162
31	286	0.01738595043065162
40	193	0.01738595043065162
41	193	0.01738595043065162
32	286	0.01738595043065162
65	89	0.01738595043065162
66	89	0.01738595043065162
67	89	0.01738595043065162
33	286	0.01738595043065162
83	89	0.01738595043065162
68	89	0.01738595043065162
69	89	0.01738595043065162
58	89	0.01738595043065162
59	89	0.01738595043065162
12	193	0.01738595043065162
13	193	0.01738595043065162
14	193	0.01738595043065162
61	89	0.01738595043065162
62	89	0.01738595043065162
63	89	0.01738595043065162
59	22	0.01738595043065162
26	193	0.01738595043065162
60	22	0.01738595043065162
78	193	0.01738595043065162
44	193	0.01738595043065162
61	22	0.01738595043065162
62	22	0.01738595043065162
73	286	0.01738595043065162
80	193	0.01738595043065162
81	193	0.01738595043065162
83	193	0.01738595043065162
84	193	0.01738595043065162
69	193	0.01738595043065162
70	193	0.01738595043065162
26	286	0.01738595043065162
22	193	0.01738595043065162
8	193	0.01738595043065162
10	193	0.01738595043065162
109	192	0.01738595043065162
78	286	0.01738595043065162
73	193	0.01738595043065162
61	193	0.01738595043065162
62	193	0.01738595043065162
79	193	0.01738595043065162
4	300	0.01738595043065162
47	300	0.01738595043065162
100	192	0.01738595043065162
101	192	0.01738595043065162
48	300	0.01738595043065162
49	300	0.01738595043065162
104	192	0.01738595043065162
62	300	0.01738595043065162
57	22	0.01738595043065162
65	193	0.01738595043065162
66	193	0.01738595043065162
67	193	0.01738595043065162
68	193	0.01738595043065162
58	22	0.01738595043065162
40	300	0.01738595043065162
13	194	0.01738595043065162
104	193	0.01738595043065162
56	193	0.01738595043065162
57	193	0.01738595043065162
58	193	0.01738595043065162
59	193	0.01738595043065162
60	193	0.01738595043065162
109	193	0.01738595043065162
63	193	0.01738595043065162
41	300	0.01738595043065162
95	193	0.01738595043065162
96	193	0.01738595043065162
43	300	0.01738595043065162
44	300	0.01738595043065162
4	194	0.01738595043065162
101	193	0.01738595043065162
45	300	0.01738595043065162
31	193	0.01738595043065162
32	193	0.01738595043065162
33	193	0.01738595043065162
56	286	0.01738595043065162
57	286	0.01738595043065162
106	193	0.01738595043065162
107	193	0.01738595043065162
58	286	0.01738595043065162
60	286	0.01738595043065162
61	286	0.01738595043065162
62	286	0.01738595043065162
12	320	0.01738595043065162
13	320	0.01738595043065162
14	320	0.01738595043065162
15	320	0.01738595043065162
59	286	0.01738595043065162
109	286	0.01738595043065162
100	286	0.01738595043065162
101	286	0.01738595043065162
66	286	0.01738595043065162
67	286	0.01738595043065162
104	286	0.01738595043065162
106	286	0.01738595043065162
107	286	0.01738595043065162
19	286	0.01738595043065162
6	320	0.01738595043065162
22	286	0.01738595043065162
40	286	0.01738595043065162
41	286	0.01738595043065162
43	286	0.01738595043065162
79	300	0.01738595043065162
80	300	0.01738595043065162
14	194	0.01738595043065162
15	194	0.01738595043065162
17	194	0.01738595043065162
18	194	0.01738595043065162
86	286	0.01738595043065162
87	286	0.01738595043065162
89	286	0.01738595043065162
4	320	0.01738595043065162
90	286	0.01738595043065162
68	22	0.01738595043065162
69	22	0.01738595043065162
70	22	0.01738595043065162
56	194	0.01738595043065162
57	194	0.01738595043065162
58	194	0.01738595043065162
59	194	0.01738595043065162
98	193	0.01738595043065162
100	193	0.01738595043065162
22	300	0.01738595043065162
86	193	0.01738595043065162
87	193	0.01738595043065162
47	194	0.01738595043065162
48	194	0.01738595043065162
49	194	0.01738595043065162
89	193	0.01738595043065162
90	193	0.01738595043065162
26	300	0.01738595043065162
17	300	0.01738595043065162
31	194	0.01738595043065162
32	194	0.01738595043065162
33	194	0.01738595043065162
97	193	0.01738595043065162
56	13	0.01738595043065162
57	13	0.01738595043065162
19	194	0.01738595043065162
18	300	0.01738595043065162
22	194	0.01738595043065162
19	300	0.01738595043065162
26	194	0.01738595043065162
67	22	0.01738595043065162
89	194	0.01738595043065162
90	194	0.01738595043065162
63	286	0.01738595043065162
65	286	0.01738595043065162
78	194	0.01738595043065162
79	194	0.01738595043065162
96	194	0.01738595043065162
97	194	0.01738595043065162
10	194	0.01738595043065162
12	194	0.01738595043065162
80	194	0.01738595043065162
81	194	0.01738595043065162
83	194	0.01738595043065162
84	194	0.01738595043065162
13	300	0.01738595043065162
70	194	0.01738595043065162
67	194	0.01738595043065162
68	194	0.01738595043065162
69	194	0.01738595043065162
14	300	0.01738595043065162
15	300	0.01738595043065162
6	194	0.01738595043065162
8	194	0.01738595043065162
104	38	0.01738595043065162
60	194	0.01738595043065162
61	194	0.01738595043065162
46	194	0.01738595043065162
62	194	0.01738595043065162
63	194	0.01738595043065162
106	38	0.01738595043065162
65	194	0.01738595043065162
66	194	0.01738595043065162
17	195	0.01738595043065162
18	195	0.01738595043065162
19	195	0.01738595043065162
109	38	0.01738595043065162
22	195	0.01738595043065162
6	195	0.01738595043065162
8	195	0.01738595043065162
73	194	0.01738595043065162
104	194	0.01738595043065162
95	38	0.01738595043065162
106	194	0.01738595043065162
10	195	0.01738595043065162
12	195	0.01738595043065162
13	195	0.01738595043065162
14	195	0.01738595043065162
96	38	0.01738595043065162
44	194	0.01738595043065162
45	194	0.01738595043065162
97	38	0.01738595043065162
95	194	0.01738595043065162
98	38	0.01738595043065162
4	195	0.01738595043065162
100	38	0.01738595043065162
101	38	0.01738595043065162
98	194	0.01738595043065162
100	194	0.01738595043065162
101	194	0.01738595043065162
86	194	0.01738595043065162
87	194	0.01738595043065162
40	194	0.01738595043065162
41	194	0.01738595043065162
43	194	0.01738595043065162
48	195	0.01738595043065162
49	195	0.01738595043065162
89	38	0.01738595043065162
90	38	0.01738595043065162
79	38	0.01738595043065162
60	195	0.01738595043065162
61	195	0.01738595043065162
62	195	0.01738595043065162
40	195	0.01738595043065162
41	195	0.01738595043065162
43	195	0.01738595043065162
44	195	0.01738595043065162
45	195	0.01738595043065162
46	195	0.01738595043065162
107	194	0.01738595043065162
109	194	0.01738595043065162
83	195	0.01738595043065162
47	195	0.01738595043065162
31	195	0.01738595043065162
32	195	0.01738595043065162
33	195	0.01738595043065162
80	38	0.01738595043065162
107	38	0.01738595043065162
95	286	0.01738595043065162
15	195	0.01738595043065162
96	286	0.01738595043065162
26	195	0.01738595043065162
97	286	0.01738595043065162
98	286	0.01738595043065162
84	286	0.01738595043065162
80	195	0.01738595043065162
81	195	0.01738595043065162
87	38	0.01738595043065162
79	13	0.01738595043065162
80	13	0.01738595043065162
81	13	0.01738595043065162
83	13	0.01738595043065162
63	38	0.01738595043065162
81	38	0.01738595043065162
83	38	0.01738595043065162
73	13	0.01738595043065162
78	13	0.01738595043065162
63	13	0.01738595043065162
84	38	0.01738595043065162
65	13	0.01738595043065162
90	13	0.01738595043065162
86	38	0.01738595043065162
56	38	0.01738595043065162
69	13	0.01738595043065162
70	13	0.01738595043065162
70	38	0.01738595043065162
73	38	0.01738595043065162
78	38	0.01738595043065162
84	13	0.01738595043065162
62	38	0.01738595043065162
86	13	0.01738595043065162
63	195	0.01738595043065162
44	89	0.01738595043065162
45	89	0.01738595043065162
46	89	0.01738595043065162
47	38	0.01738595043065162
66	13	0.01738595043065162
67	13	0.01738595043065162
68	13	0.01738595043065162
106	195	0.01738595043065162
107	195	0.01738595043065162
109	195	0.01738595043065162
96	195	0.01738595043065162
97	195	0.01738595043065162
98	195	0.01738595043065162
48	38	0.01738595043065162
22	89	0.01738595043065162
66	195	0.01738595043065162
67	195	0.01738595043065162
84	195	0.01738595043065162
65	38	0.01738595043065162
86	195	0.01738595043065162
87	195	0.01738595043065162
73	195	0.01738595043065162
66	38	0.01738595043065162
56	195	0.01738595043065162
57	195	0.01738595043065162
58	195	0.01738595043065162
59	195	0.01738595043065162
78	195	0.01738595043065162
79	195	0.01738595043065162
67	38	0.01738595043065162
65	195	0.01738595043065162
68	38	0.01738595043065162
69	38	0.01738595043065162
57	38	0.01738595043065162
58	38	0.01738595043065162
47	89	0.01738595043065162
68	195	0.01738595043065162
69	195	0.01738595043065162
70	195	0.01738595043065162
59	38	0.01738595043065162
60	38	0.01738595043065162
98	88	0.01738595043065162
17	89	0.01738595043065162
18	89	0.01738595043065162
19	89	0.01738595043065162
4	89	0.01738595043065162
61	38	0.01738595043065162
46	38	0.01738595043065162
40	288	0.01738595043065162
41	288	0.01738595043065162
40	89	0.01738595043065162
10	89	0.01738595043065162
106	88	0.01738595043065162
107	88	0.01738595043065162
109	88	0.01738595043065162
43	288	0.01738595043065162
17	288	0.01738595043065162
31	89	0.01738595043065162
32	89	0.01738595043065162
33	89	0.01738595043065162
18	288	0.01738595043065162
48	89	0.01738595043065162
49	89	0.01738595043065162
19	288	0.01738595043065162
26	89	0.01738595043065162
6	288	0.01738595043065162
49	38	0.01738595043065162
8	288	0.01738595043065162
104	195	0.01738595043065162
41	89	0.01738595043065162
43	89	0.01738595043065162
97	88	0.01738595043065162
83	88	0.01738595043065162
84	88	0.01738595043065162
10	288	0.01738595043065162
86	88	0.01738595043065162
87	88	0.01738595043065162
12	288	0.01738595043065162
13	288	0.01738595043065162
78	88	0.01738595043065162
79	88	0.01738595043065162
80	88	0.01738595043065162
81	88	0.01738595043065162
66	88	0.01738595043065162
67	88	0.01738595043065162
68	88	0.01738595043065162
96	88	0.01738595043065162
14	89	0.01738595043065162
15	89	0.01738595043065162
100	195	0.01738595043065162
101	195	0.01738595043065162
14	288	0.01738595043065162
89	195	0.01738595043065162
90	195	0.01738595043065162
89	88	0.01738595043065162
6	89	0.01738595043065162
8	89	0.01738595043065162
15	288	0.01738595043065162
4	288	0.01738595043065162
40	38	0.01738595043065162
95	195	0.01738595043065162
12	89	0.01738595043065162
13	89	0.01738595043065162
45	288	0.01738595043065162
56	88	0.01738595043065162
57	88	0.01738595043065162
43	88	0.01738595043065162
44	88	0.01738595043065162
45	88	0.01738595043065162
59	88	0.01738595043065162
60	88	0.01738595043065162
47	88	0.01738595043065162
48	88	0.01738595043065162
49	88	0.01738595043065162
33	88	0.01738595043065162
17	38	0.01738595043065162
18	38	0.01738595043065162
40	88	0.01738595043065162
19	38	0.01738595043065162
101	88	0.01738595043065162
47	288	0.01738595043065162
104	88	0.01738595043065162
48	288	0.01738595043065162
49	288	0.01738595043065162
6	300	0.01738595043065162
8	300	0.01738595043065162
46	88	0.01738595043065162
10	300	0.01738595043065162
12	300	0.01738595043065162
90	88	0.01738595043065162
73	22	0.01738595043065162
89	22	0.01738595043065162
90	22	0.01738595043065162
95	88	0.01738595043065162
100	88	0.01738595043065162
13	88	0.01738595043065162
14	88	0.01738595043065162
15	88	0.01738595043065162
95	22	0.01738595043065162
96	22	0.01738595043065162
44	288	0.01738595043065162
31	88	0.01738595043065162
32	88	0.01738595043065162
6	88	0.01738595043065162
18	197	0.01738595043065162
19	197	0.01738595043065162
66	22	0.01738595043065162
22	197	0.01738595043065162
8	88	0.01738595043065162
10	88	0.01738595043065162
12	88	0.01738595043065162
81	22	0.01738595043065162
73	88	0.01738595043065162
83	22	0.01738595043065162
84	22	0.01738595043065162
86	22	0.01738595043065162
58	88	0.01738595043065162
4	88	0.01738595043065162
87	22	0.01738595043065162
61	88	0.01738595043065162
62	88	0.01738595043065162
63	88	0.01738595043065162
80	288	0.01738595043065162
65	88	0.01738595043065162
81	288	0.01738595043065162
69	88	0.01738595043065162
70	88	0.01738595043065162
59	197	0.01738595043065162
44	197	0.01738595043065162
45	197	0.01738595043065162
46	197	0.01738595043065162
83	288	0.01738595043065162
4	197	0.01738595043065162
84	288	0.01738595043065162
6	197	0.01738595043065162
86	288	0.01738595043065162
22	288	0.01738595043065162
40	197	0.01738595043065162
41	197	0.01738595043065162
33	38	0.01738595043065162
56	197	0.01738595043065162
57	197	0.01738595043065162
58	197	0.01738595043065162
73	288	0.01738595043065162
78	288	0.01738595043065162
26	88	0.01738595043065162
63	288	0.01738595043065162
79	288	0.01738595043065162
47	197	0.01738595043065162
48	197	0.01738595043065162
49	197	0.01738595043065162
17	88	0.01738595043065162
18	88	0.01738595043065162
19	88	0.01738595043065162
15	38	0.01738595043065162
22	88	0.01738595043065162
41	88	0.01738595043065162
41	38	0.01738595043065162
43	38	0.01738595043065162
69	197	0.01738595043065162
70	197	0.01738595043065162
73	197	0.01738595043065162
84	197	0.01738595043065162
44	38	0.01738595043065162
86	197	0.01738595043065162
87	197	0.01738595043065162
89	197	0.01738595043065162
65	197	0.01738595043065162
66	197	0.01738595043065162
67	197	0.01738595043065162
79	197	0.01738595043065162
80	197	0.01738595043065162
81	197	0.01738595043065162
83	197	0.01738595043065162
68	197	0.01738595043065162
14	197	0.01738595043065162
15	197	0.01738595043065162
17	197	0.01738595043065162
60	197	0.01738595043065162
61	197	0.01738595043065162
62	197	0.01738595043065162
63	197	0.01738595043065162
45	38	0.01738595043065162
8	197	0.01738595043065162
31	38	0.01738595043065162
32	38	0.01738595043065162
22	38	0.01738595043065162
26	197	0.01738595043065162
10	197	0.01738595043065162
12	197	0.01738595043065162
13	197	0.01738595043065162
26	38	0.01738595043065162
86	87	0.01738595043065162
100	87	0.01738595043065162
101	87	0.01738595043065162
14	38	0.01738595043065162
89	87	0.01738595043065162
90	87	0.01738595043065162
109	288	0.01738595043065162
12	198	0.01738595043065162
109	197	0.01738595043065162
57	288	0.01738595043065162
95	87	0.01738595043065162
80	87	0.01738595043065162
81	87	0.01738595043065162
83	87	0.01738595043065162
84	87	0.01738595043065162
33	197	0.01738595043065162
58	288	0.01738595043065162
87	87	0.01738595043065162
4	198	0.01738595043065162
59	288	0.01738595043065162
6	198	0.01738595043065162
8	198	0.01738595043065162
10	198	0.01738595043065162
90	197	0.01738595043065162
78	197	0.01738595043065162
43	197	0.01738595043065162
60	288	0.01738595043065162
61	288	0.01738595043065162
62	288	0.01738595043065162
31	197	0.01738595043065162
32	197	0.01738595043065162
33	198	0.01738595043065162
87	288	0.01738595043065162
104	288	0.01738595043065162
106	288	0.01738595043065162
95	197	0.01738595043065162
96	197	0.01738595043065162
97	197	0.01738595043065162
98	197	0.01738595043065162
15	198	0.01738595043065162
40	198	0.01738595043065162
41	198	0.01738595043065162
43	198	0.01738595043065162
44	198	0.01738595043065162
107	288	0.01738595043065162
31	198	0.01738595043065162
32	198	0.01738595043065162
98	87	0.01738595043065162
33	288	0.01738595043065162
22	198	0.01738595043065162
26	198	0.01738595043065162
95	288	0.01738595043065162
96	288	0.01738595043065162
13	198	0.01738595043065162
14	198	0.01738595043065162
97	288	0.01738595043065162
104	87	0.01738595043065162
98	288	0.01738595043065162
106	87	0.01738595043065162
107	87	0.01738595043065162
109	87	0.01738595043065162
96	87	0.01738595043065162
97	87	0.01738595043065162
47	198	0.01738595043065162
62	198	0.01738595043065162
63	198	0.01738595043065162
100	288	0.01738595043065162
65	198	0.01738595043065162
66	198	0.01738595043065162
67	198	0.01738595043065162
68	198	0.01738595043065162
101	288	0.01738595043065162
56	198	0.01738595043065162
57	198	0.01738595043065162
58	198	0.01738595043065162
59	198	0.01738595043065162
60	198	0.01738595043065162
45	198	0.01738595043065162
46	198	0.01738595043065162
107	197	0.01738595043065162
48	198	0.01738595043065162
49	198	0.01738595043065162
26	288	0.01738595043065162
46	288	0.01738595043065162
73	87	0.01738595043065162
78	87	0.01738595043065162
79	87	0.01738595043065162
31	288	0.01738595043065162
32	288	0.01738595043065162
100	197	0.01738595043065162
101	197	0.01738595043065162
6	38	0.01738595043065162
104	197	0.01738595043065162
109	22	0.01738595043065162
106	197	0.01738595043065162
104	198	0.01738595043065162
57	87	0.01738595043065162
58	87	0.01738595043065162
59	87	0.01738595043065162
60	87	0.01738595043065162
61	87	0.01738595043065162
62	87	0.01738595043065162
63	87	0.01738595043065162
100	198	0.01738595043065162
49	87	0.01738595043065162
97	22	0.01738595043065162
98	22	0.01738595043065162
13	38	0.01738595043065162
4	38	0.01738595043065162
101	198	0.01738595043065162
89	288	0.01738595043065162
61	198	0.01738595043065162
106	198	0.01738595043065162
107	198	0.01738595043065162
90	288	0.01738595043065162
95	198	0.01738595043065162
96	198	0.01738595043065162
97	198	0.01738595043065162
98	198	0.01738595043065162
56	288	0.01738595043065162
17	198	0.01738595043065162
18	198	0.01738595043065162
19	198	0.01738595043065162
8	38	0.01738595043065162
69	198	0.01738595043065162
70	198	0.01738595043065162
73	198	0.01738595043065162
83	198	0.01738595043065162
84	198	0.01738595043065162
22	199	0.01738595043065162
10	38	0.01738595043065162
26	199	0.01738595043065162
12	38	0.01738595043065162
65	288	0.01738595043065162
86	198	0.01738595043065162
13	199	0.01738595043065162
14	199	0.01738595043065162
15	199	0.01738595043065162
17	199	0.01738595043065162
18	199	0.01738595043065162
19	199	0.01738595043065162
80	198	0.01738595043065162
81	198	0.01738595043065162
66	288	0.01738595043065162
67	288	0.01738595043065162
6	199	0.01738595043065162
8	199	0.01738595043065162
68	288	0.01738595043065162
10	199	0.01738595043065162
12	199	0.01738595043065162
69	288	0.01738595043065162
48	87	0.01738595043065162
65	87	0.01738595043065162
66	87	0.01738595043065162
67	87	0.01738595043065162
68	87	0.01738595043065162
69	87	0.01738595043065162
70	87	0.01738595043065162
56	87	0.01738595043065162
61	199	0.01738595043065162
46	199	0.01738595043065162
47	199	0.01738595043065162
48	199	0.01738595043065162
109	198	0.01738595043065162
70	288	0.01738595043065162
83	298	0.01738595043065162
4	199	0.01738595043065162
84	298	0.01738595043065162
86	298	0.01738595043065162
87	298	0.01738595043065162
40	199	0.01738595043065162
57	199	0.01738595043065162
58	199	0.01738595043065162
59	199	0.01738595043065162
60	199	0.01738595043065162
44	199	0.01738595043065162
45	199	0.01738595043065162
89	298	0.01738595043065162
31	199	0.01738595043065162
32	199	0.01738595043065162
33	199	0.01738595043065162
49	199	0.01738595043065162
90	298	0.01738595043065162
87	198	0.01738595043065162
89	198	0.01738595043065162
90	198	0.01738595043065162
81	298	0.01738595043065162
78	198	0.01738595043065162
79	198	0.01738595043065162
41	199	0.01738595043065162
43	199	0.01738595043065162
78	22	0.01738595043065162
79	22	0.01738595043065162
80	22	0.01738595043065162
65	22	0.01738595043065162
100	22	0.01738595043065162
101	22	0.01738595043065162
106	22	0.01738595043065162
107	22	0.01738595043065162
63	298	0.01738595043065162
48	298	0.01738595043065162
49	298	0.01738595043065162
95	298	0.01738595043065162
80	298	0.01738595043065162
104	22	0.01738595043065162
101	298	0.01738595043065162
104	298	0.01738595043065162
26	298	0.01738595043065162
106	298	0.01738595043065162
107	298	0.01738595043065162
109	298	0.01738595043065162
96	298	0.01738595043065162
97	298	0.01738595043065162
22	298	0.01738595043065162
73	298	0.01738595043065162
32	298	0.01738595043065162
56	199	0.01738595043065162
62	199	0.01738595043065162
63	199	0.01738595043065162
33	298	0.01738595043065162
65	199	0.01738595043065162
89	13	0.01738595043065162
67	298	0.01738595043065162
6	200	0.01738595043065162
8	200	0.01738595043065162
10	200	0.01738595043065162
12	200	0.01738595043065162
13	200	0.01738595043065162
68	298	0.01738595043065162
26	87	0.01738595043065162
69	298	0.01738595043065162
15	298	0.01738595043065162
86	199	0.01738595043065162
87	199	0.01738595043065162
89	199	0.01738595043065162
90	199	0.01738595043065162
19	87	0.01738595043065162
17	298	0.01738595043065162
22	87	0.01738595043065162
70	199	0.01738595043065162
73	199	0.01738595043065162
18	298	0.01738595043065162
19	298	0.01738595043065162
78	199	0.01738595043065162
79	199	0.01738595043065162
80	199	0.01738595043065162
81	199	0.01738595043065162
62	298	0.01738595043065162
78	298	0.01738595043065162
79	298	0.01738595043065162
65	298	0.01738595043065162
66	199	0.01738595043065162
83	199	0.01738595043065162
84	199	0.01738595043065162
66	298	0.01738595043065162
33	200	0.01738595043065162
31	298	0.01738595043065162
22	200	0.01738595043065162
26	200	0.01738595043065162
100	199	0.01738595043065162
101	199	0.01738595043065162
98	298	0.01738595043065162
40	200	0.01738595043065162
41	87	0.01738595043065162
43	87	0.01738595043065162
44	87	0.01738595043065162
45	87	0.01738595043065162
45	200	0.01738595043065162
100	298	0.01738595043065162
31	200	0.01738595043065162
32	200	0.01738595043065162
33	87	0.01738595043065162
8	298	0.01738595043065162
10	298	0.01738595043065162
12	298	0.01738595043065162
67	199	0.01738595043065162
68	199	0.01738595043065162
69	199	0.01738595043065162
40	87	0.01738595043065162
6	291	0.01738595043065162
8	291	0.01738595043065162
31	87	0.01738595043065162
17	87	0.01738595043065162
18	87	0.01738595043065162
46	87	0.01738595043065162
47	87	0.01738595043065162
32	87	0.01738595043065162
10	291	0.01738595043065162
68	200	0.01738595043065162
69	200	0.01738595043065162
12	291	0.01738595043065162
70	298	0.01738595043065162
56	200	0.01738595043065162
57	200	0.01738595043065162
58	200	0.01738595043065162
106	199	0.01738595043065162
60	200	0.01738595043065162
61	200	0.01738595043065162
46	200	0.01738595043065162
47	200	0.01738595043065162
48	200	0.01738595043065162
49	200	0.01738595043065162
56	298	0.01738595043065162
97	199	0.01738595043065162
98	199	0.01738595043065162
57	298	0.01738595043065162
4	200	0.01738595043065162
58	298	0.01738595043065162
59	298	0.01738595043065162
104	199	0.01738595043065162
60	298	0.01738595043065162
41	200	0.01738595043065162
43	200	0.01738595043065162
44	200	0.01738595043065162
107	199	0.01738595043065162
109	199	0.01738595043065162
61	298	0.01738595043065162
95	199	0.01738595043065162
96	199	0.01738595043065162
107	86	0.01738595043065162
109	86	0.01738595043065162
95	86	0.01738595043065162
96	86	0.01738595043065162
97	86	0.01738595043065162
98	86	0.01738595043065162
43	298	0.01738595043065162
100	86	0.01738595043065162
44	298	0.01738595043065162
101	86	0.01738595043065162
104	200	0.01738595043065162
106	200	0.01738595043065162
107	200	0.01738595043065162
109	200	0.01738595043065162
96	200	0.01738595043065162
97	200	0.01738595043065162
67	200	0.01738595043065162
45	298	0.01738595043065162
46	298	0.01738595043065162
14	200	0.01738595043065162
15	200	0.01738595043065162
17	200	0.01738595043065162
18	200	0.01738595043065162
19	200	0.01738595043065162
59	200	0.01738595043065162
70	200	0.01738595043065162
73	200	0.01738595043065162
62	200	0.01738595043065162
63	200	0.01738595043065162
47	298	0.01738595043065162
65	200	0.01738595043065162
66	200	0.01738595043065162
13	291	0.01738595043065162
40	298	0.01738595043065162
41	298	0.01738595043065162
14	291	0.01738595043065162
4	291	0.01738595043065162
56	291	0.01738595043065162
57	291	0.01738595043065162
40	291	0.01738595043065162
41	291	0.01738595043065162
43	291	0.01738595043065162
87	86	0.01738595043065162
44	291	0.01738595043065162
89	86	0.01738595043065162
90	86	0.01738595043065162
45	291	0.01738595043065162
84	200	0.01738595043065162
8	87	0.01738595043065162
10	87	0.01738595043065162
12	87	0.01738595043065162
13	87	0.01738595043065162
14	87	0.01738595043065162
15	87	0.01738595043065162
46	291	0.01738595043065162
47	291	0.01738595043065162
31	291	0.01738595043065162
4	87	0.01738595043065162
32	291	0.01738595043065162
6	87	0.01738595043065162
33	291	0.01738595043065162
104	86	0.01738595043065162
26	291	0.01738595043065162
106	86	0.01738595043065162
66	86	0.01738595043065162
67	86	0.01738595043065162
68	86	0.01738595043065162
69	86	0.01738595043065162
70	86	0.01738595043065162
18	25	0.01738595043065162
19	25	0.01738595043065162
86	86	0.01738595043065162
13	298	0.01738595043065162
14	298	0.01738595043065162
4	298	0.01738595043065162
10	25	0.01738595043065162
12	25	0.01738595043065162
13	25	0.01738595043065162
14	25	0.01738595043065162
65	86	0.01738595043065162
100	200	0.01738595043065162
101	200	0.01738595043065162
15	25	0.01738595043065162
86	200	0.01738595043065162
87	200	0.01738595043065162
89	200	0.01738595043065162
90	200	0.01738595043065162
17	25	0.01738595043065162
6	25	0.01738595043065162
95	200	0.01738595043065162
78	200	0.01738595043065162
79	200	0.01738595043065162
80	200	0.01738595043065162
81	200	0.01738595043065162
83	200	0.01738595043065162
98	200	0.01738595043065162
32	86	0.01738595043065162
33	86	0.01738595043065162
8	25	0.01738595043065162
48	86	0.01738595043065162
49	86	0.01738595043065162
58	291	0.01738595043065162
59	291	0.01738595043065162
40	86	0.01738595043065162
60	291	0.01738595043065162
61	291	0.01738595043065162
62	291	0.01738595043065162
43	86	0.01738595043065162
44	86	0.01738595043065162
45	86	0.01738595043065162
46	86	0.01738595043065162
31	86	0.01738595043065162
80	86	0.01738595043065162
81	86	0.01738595043065162
83	86	0.01738595043065162
84	86	0.01738595043065162
4	25	0.01738595043065162
97	291	0.01738595043065162
98	291	0.01738595043065162
104	291	0.01738595043065162
73	86	0.01738595043065162
48	291	0.01738595043065162
78	86	0.01738595043065162
63	86	0.01738595043065162
49	291	0.01738595043065162
18	291	0.01738595043065162
19	291	0.01738595043065162
79	86	0.01738595043065162
22	291	0.01738595043065162
22	86	0.01738595043065162
106	291	0.01738595043065162
26	86	0.01738595043065162
107	291	0.01738595043065162
109	291	0.01738595043065162
96	291	0.01738595043065162
14	86	0.01738595043065162
15	86	0.01738595043065162
17	86	0.01738595043065162
18	86	0.01738595043065162
19	86	0.01738595043065162
70	291	0.01738595043065162
73	291	0.01738595043065162
6	86	0.01738595043065162
8	86	0.01738595043065162
47	86	0.01738595043065162
10	86	0.01738595043065162
12	86	0.01738595043065162
13	86	0.01738595043065162
78	291	0.01738595043065162
79	291	0.01738595043065162
4	86	0.01738595043065162
12	202	0.01738595043065162
41	86	0.01738595043065162
56	86	0.01738595043065162
57	86	0.01738595043065162
58	86	0.01738595043065162
59	86	0.01738595043065162
60	86	0.01738595043065162
61	86	0.01738595043065162
62	86	0.01738595043065162
15	291	0.01738595043065162
17	291	0.01738595043065162
13	202	0.01738595043065162
14	202	0.01738595043065162
15	202	0.01738595043065162
17	202	0.01738595043065162
18	202	0.01738595043065162
19	202	0.01738595043065162
6	298	0.01738595043065162
63	291	0.01738595043065162
65	291	0.01738595043065162
6	202	0.01738595043065162
8	202	0.01738595043065162
10	202	0.01738595043065162
66	291	0.01738595043065162
67	291	0.01738595043065162
68	291	0.01738595043065162
69	291	0.01738595043065162
95	291	0.01738595043065162
80	291	0.01738595043065162
44	202	0.01738595043065162
45	202	0.01738595043065162
46	202	0.01738595043065162
81	291	0.01738595043065162
83	291	0.01738595043065162
84	291	0.01738595043065162
86	291	0.01738595043065162
87	291	0.01738595043065162
26	25	0.01738595043065162
109	296	0.01738595043065162
22	25	0.01738595043065162
81	296	0.01738595043065162
83	296	0.01738595043065162
22	202	0.01738595043065162
47	202	0.01738595043065162
48	202	0.01738595043065162
49	202	0.01738595043065162
47	25	0.01738595043065162
48	25	0.01738595043065162
40	202	0.01738595043065162
83	202	0.01738595043065162
84	202	0.01738595043065162
49	25	0.01738595043065162
86	296	0.01738595043065162
31	202	0.01738595043065162
32	202	0.01738595043065162
33	202	0.01738595043065162
87	296	0.01738595043065162
62	202	0.01738595043065162
63	202	0.01738595043065162
26	202	0.01738595043065162
40	25	0.01738595043065162
78	202	0.01738595043065162
79	202	0.01738595043065162
80	202	0.01738595043065162
81	202	0.01738595043065162
4	202	0.01738595043065162
41	25	0.01738595043065162
68	202	0.01738595043065162
69	202	0.01738595043065162
70	202	0.01738595043065162
73	202	0.01738595043065162
60	202	0.01738595043065162
61	202	0.01738595043065162
67	202	0.01738595043065162
43	25	0.01738595043065162
79	296	0.01738595043065162
56	202	0.01738595043065162
57	202	0.01738595043065162
80	296	0.01738595043065162
13	203	0.01738595043065162
14	203	0.01738595043065162
59	202	0.01738595043065162
100	291	0.01738595043065162
101	291	0.01738595043065162
89	291	0.01738595043065162
90	291	0.01738595043065162
56	296	0.01738595043065162
65	202	0.01738595043065162
66	202	0.01738595043065162
57	296	0.01738595043065162
58	296	0.01738595043065162
44	25	0.01738595043065162
45	25	0.01738595043065162
109	202	0.01738595043065162
46	25	0.01738595043065162
31	25	0.01738595043065162
58	202	0.01738595043065162
41	202	0.01738595043065162
43	202	0.01738595043065162
4	203	0.01738595043065162
101	202	0.01738595043065162
46	296	0.01738595043065162
104	202	0.01738595043065162
106	202	0.01738595043065162
107	202	0.01738595043065162
47	296	0.01738595043065162
48	296	0.01738595043065162
49	296	0.01738595043065162
67	296	0.01738595043065162
104	296	0.01738595043065162
106	296	0.01738595043065162
107	296	0.01738595043065162
87	13	0.01738595043065162
59	296	0.01738595043065162
104	13	0.01738595043065162
43	296	0.01738595043065162
8	14	0.01738595043065162
10	14	0.01738595043065162
12	14	0.01738595043065162
13	14	0.01738595043065162
14	14	0.01738595043065162
96	13	0.01738595043065162
97	13	0.01738595043065162
98	13	0.01738595043065162
100	13	0.01738595043065162
44	296	0.01738595043065162
4	14	0.01738595043065162
45	296	0.01738595043065162
6	14	0.01738595043065162
15	203	0.01738595043065162
17	203	0.01738595043065162
18	203	0.01738595043065162
89	296	0.01738595043065162
106	13	0.01738595043065162
107	13	0.01738595043065162
109	13	0.01738595043065162
95	13	0.01738595043065162
90	296	0.01738595043065162
78	296	0.01738595043065162
84	296	0.01738595043065162
100	296	0.01738595043065162
56	203	0.01738595043065162
57	203	0.01738595043065162
58	203	0.01738595043065162
59	203	0.01738595043065162
98	202	0.01738595043065162
100	202	0.01738595043065162
101	296	0.01738595043065162
86	202	0.01738595043065162
87	202	0.01738595043065162
47	203	0.01738595043065162
48	203	0.01738595043065162
49	203	0.01738595043065162
32	25	0.01738595043065162
31	203	0.01738595043065162
32	203	0.01738595043065162
33	203	0.01738595043065162
33	25	0.01738595043065162
95	202	0.01738595043065162
96	202	0.01738595043065162
97	202	0.01738595043065162
19	203	0.01738595043065162
22	203	0.01738595043065162
18	296	0.01738595043065162
26	203	0.01738595043065162
95	296	0.01738595043065162
89	202	0.01738595043065162
90	202	0.01738595043065162
96	296	0.01738595043065162
90	203	0.01738595043065162
97	296	0.01738595043065162
98	296	0.01738595043065162
78	203	0.01738595043065162
79	203	0.01738595043065162
96	203	0.01738595043065162
97	203	0.01738595043065162
98	203	0.01738595043065162
12	203	0.01738595043065162
80	203	0.01738595043065162
81	203	0.01738595043065162
83	203	0.01738595043065162
84	203	0.01738595043065162
14	296	0.01738595043065162
70	203	0.01738595043065162
89	203	0.01738595043065162
67	203	0.01738595043065162
68	203	0.01738595043065162
69	203	0.01738595043065162
26	296	0.01738595043065162
31	296	0.01738595043065162
6	203	0.01738595043065162
8	203	0.01738595043065162
10	203	0.01738595043065162
60	203	0.01738595043065162
61	203	0.01738595043065162
46	203	0.01738595043065162
62	203	0.01738595043065162
63	203	0.01738595043065162
32	296	0.01738595043065162
65	203	0.01738595043065162
66	203	0.01738595043065162
87	84	0.01738595043065162
33	296	0.01738595043065162
89	84	0.01738595043065162
90	84	0.01738595043065162
19	296	0.01738595043065162
22	296	0.01738595043065162
104	84	0.01738595043065162
106	84	0.01738595043065162
17	204	0.01738595043065162
18	204	0.01738595043065162
19	204	0.01738595043065162
10	296	0.01738595043065162
97	84	0.01738595043065162
98	84	0.01738595043065162
100	84	0.01738595043065162
101	84	0.01738595043065162
44	203	0.01738595043065162
45	203	0.01738595043065162
12	296	0.01738595043065162
95	203	0.01738595043065162
13	296	0.01738595043065162
66	296	0.01738595043065162
14	204	0.01738595043065162
15	204	0.01738595043065162
15	296	0.01738595043065162
100	203	0.01738595043065162
101	203	0.01738595043065162
86	203	0.01738595043065162
87	203	0.01738595043065162
40	203	0.01738595043065162
41	203	0.01738595043065162
43	203	0.01738595043065162
17	296	0.01738595043065162
4	204	0.01738595043065162
68	296	0.01738595043065162
69	296	0.01738595043065162
104	203	0.01738595043065162
70	296	0.01738595043065162
106	203	0.01738595043065162
107	203	0.01738595043065162
32	204	0.01738595043065162
41	296	0.01738595043065162
109	203	0.01738595043065162
47	204	0.01738595043065162
48	204	0.01738595043065162
49	204	0.01738595043065162
4	294	0.01738595043065162
60	296	0.01738595043065162
61	296	0.01738595043065162
40	204	0.01738595043065162
41	204	0.01738595043065162
43	204	0.01738595043065162
44	204	0.01738595043065162
45	204	0.01738595043065162
46	204	0.01738595043065162
31	204	0.01738595043065162
107	84	0.01738595043065162
109	84	0.01738595043065162
95	84	0.01738595043065162
96	84	0.01738595043065162
73	203	0.01738595043065162
62	296	0.01738595043065162
63	296	0.01738595043065162
65	296	0.01738595043065162
81	204	0.01738595043065162
83	204	0.01738595043065162
84	204	0.01738595043065162
31	294	0.01738595043065162
86	204	0.01738595043065162
87	204	0.01738595043065162
73	204	0.01738595043065162
33	204	0.01738595043065162
79	204	0.01738595043065162
79	25	0.01738595043065162
65	204	0.01738595043065162
66	204	0.01738595043065162
67	204	0.01738595043065162
68	204	0.01738595043065162
69	204	0.01738595043065162
80	204	0.01738595043065162
56	204	0.01738595043065162
57	204	0.01738595043065162
58	204	0.01738595043065162
59	204	0.01738595043065162
60	204	0.01738595043065162
61	204	0.01738595043065162
62	204	0.01738595043065162
78	204	0.01738595043065162
6	204	0.01738595043065162
80	25	0.01738595043065162
8	204	0.01738595043065162
10	204	0.01738595043065162
12	204	0.01738595043065162
13	204	0.01738595043065162
81	25	0.01738595043065162
70	204	0.01738595043065162
83	25	0.01738595043065162
65	84	0.01738595043065162
66	84	0.01738595043065162
67	84	0.01738595043065162
68	84	0.01738595043065162
63	204	0.01738595043065162
79	84	0.01738595043065162
80	84	0.01738595043065162
56	84	0.01738595043065162
57	84	0.01738595043065162
58	84	0.01738595043065162
59	84	0.01738595043065162
60	84	0.01738595043065162
73	84	0.01738595043065162
78	84	0.01738595043065162
63	84	0.01738595043065162
62	84	0.01738595043065162
84	25	0.01738595043065162
86	25	0.01738595043065162
73	296	0.01738595043065162
104	204	0.01738595043065162
69	84	0.01738595043065162
70	84	0.01738595043065162
73	25	0.01738595043065162
78	25	0.01738595043065162
63	25	0.01738595043065162
22	204	0.01738595043065162
26	204	0.01738595043065162
65	25	0.01738595043065162
66	25	0.01738595043065162
67	25	0.01738595043065162
61	84	0.01738595043065162
68	25	0.01738595043065162
95	204	0.01738595043065162
69	25	0.01738595043065162
106	204	0.01738595043065162
107	204	0.01738595043065162
109	204	0.01738595043065162
96	204	0.01738595043065162
97	204	0.01738595043065162
70	25	0.01738595043065162
56	25	0.01738595043065162
57	25	0.01738595043065162
58	25	0.01738595043065162
59	25	0.01738595043065162
89	204	0.01738595043065162
90	204	0.01738595043065162
60	25	0.01738595043065162
10	294	0.01738595043065162
12	294	0.01738595043065162
32	294	0.01738595043065162
33	294	0.01738595043065162
47	84	0.01738595043065162
22	294	0.01738595043065162
26	294	0.01738595043065162
70	294	0.01738595043065162
81	84	0.01738595043065162
83	84	0.01738595043065162
84	84	0.01738595043065162
56	294	0.01738595043065162
86	84	0.01738595043065162
15	294	0.01738595043065162
17	294	0.01738595043065162
18	294	0.01738595043065162
32	84	0.01738595043065162
33	84	0.01738595043065162
48	84	0.01738595043065162
49	84	0.01738595043065162
19	294	0.01738595043065162
6	294	0.01738595043065162
8	294	0.01738595043065162
40	84	0.01738595043065162
63	294	0.01738595043065162
48	294	0.01738595043065162
43	84	0.01738595043065162
44	84	0.01738595043065162
45	84	0.01738595043065162
46	84	0.01738595043065162
13	294	0.01738595043065162
31	84	0.01738595043065162
65	294	0.01738595043065162
66	294	0.01738595043065162
67	294	0.01738595043065162
22	84	0.01738595043065162
26	84	0.01738595043065162
68	294	0.01738595043065162
69	294	0.01738595043065162
57	294	0.01738595043065162
98	204	0.01738595043065162
100	204	0.01738595043065162
101	204	0.01738595043065162
58	294	0.01738595043065162
59	294	0.01738595043065162
60	294	0.01738595043065162
61	294	0.01738595043065162
62	294	0.01738595043065162
49	294	0.01738595043065162
40	294	0.01738595043065162
41	294	0.01738595043065162
43	294	0.01738595043065162
44	294	0.01738595043065162
45	294	0.01738595043065162
46	294	0.01738595043065162
47	294	0.01738595043065162
14	84	0.01738595043065162
15	84	0.01738595043065162
17	84	0.01738595043065162
18	84	0.01738595043065162
19	84	0.01738595043065162
104	25	0.01738595043065162
106	25	0.01738595043065162
107	25	0.01738595043065162
6	84	0.01738595043065162
8	84	0.01738595043065162
10	84	0.01738595043065162
12	84	0.01738595043065162
109	83	0.01738595043065162
109	25	0.01738595043065162
4	84	0.01738595043065162
13	84	0.01738595043065162
41	84	0.01738595043065162
101	83	0.01738595043065162
95	25	0.01738595043065162
104	83	0.01738595043065162
106	83	0.01738595043065162
107	83	0.01738595043065162
97	294	0.01738595043065162
98	294	0.01738595043065162
96	25	0.01738595043065162
97	25	0.01738595043065162
98	25	0.01738595043065162
100	25	0.01738595043065162
101	25	0.01738595043065162
98	83	0.01738595043065162
87	25	0.01738595043065162
14	294	0.01738595043065162
89	25	0.01738595043065162
90	25	0.01738595043065162
96	294	0.01738595043065162
65	295	0.01738595043065162
4	296	0.01738595043065162
61	25	0.01738595043065162
101	13	0.01738595043065162
62	25	0.01738595043065162
8	296	0.01738595043065162
106	295	0.01738595043065162
107	295	0.01738595043065162
109	295	0.01738595043065162
60	295	0.01738595043065162
61	295	0.01738595043065162
62	295	0.01738595043065162
63	295	0.01738595043065162
98	295	0.01738595043065162
100	295	0.01738595043065162
95	83	0.01738595043065162
96	83	0.01738595043065162
97	83	0.01738595043065162
101	295	0.01738595043065162
104	295	0.01738595043065162
6	296	0.01738595043065162
60	83	0.01738595043065162
61	83	0.01738595043065162
70	83	0.01738595043065162
73	83	0.01738595043065162
10	295	0.01738595043065162
12	295	0.01738595043065162
13	295	0.01738595043065162
78	83	0.01738595043065162
14	295	0.01738595043065162
15	295	0.01738595043065162
97	295	0.01738595043065162
48	295	0.01738595043065162
49	295	0.01738595043065162
33	295	0.01738595043065162
40	295	0.01738595043065162
56	295	0.01738595043065162
100	294	0.01738595043065162
101	294	0.01738595043065162
89	294	0.01738595043065162
90	294	0.01738595043065162
95	294	0.01738595043065162
80	294	0.01738595043065162
81	294	0.01738595043065162
83	294	0.01738595043065162
84	294	0.01738595043065162
86	294	0.01738595043065162
87	294	0.01738595043065162
73	294	0.01738595043065162
78	294	0.01738595043065162
40	296	0.01738595043065162
79	294	0.01738595043065162
17	295	0.01738595043065162
18	295	0.01738595043065162
40	83	0.01738595043065162
56	83	0.01738595043065162
57	83	0.01738595043065162
58	83	0.01738595043065162
59	83	0.01738595043065162
44	83	0.01738595043065162
45	83	0.01738595043065162
43	83	0.01738595043065162
19	295	0.01738595043065162
22	295	0.01738595043065162
79	295	0.01738595043065162
80	295	0.01738595043065162
48	83	0.01738595043065162
49	83	0.01738595043065162
81	295	0.01738595043065162
66	295	0.01738595043065162
86	83	0.01738595043065162
87	83	0.01738595043065162
89	83	0.01738595043065162
90	83	0.01738595043065162
67	295	0.01738595043065162
83	295	0.01738595043065162
41	83	0.01738595043065162
79	83	0.01738595043065162
80	83	0.01738595043065162
81	83	0.01738595043065162
83	83	0.01738595043065162
84	83	0.01738595043065162
68	83	0.01738595043065162
69	83	0.01738595043065162
100	83	0.01738595043065162
13	83	0.01738595043065162
14	83	0.01738595043065162
15	83	0.01738595043065162
17	83	0.01738595043065162
18	83	0.01738595043065162
4	83	0.01738595043065162
31	83	0.01738595043065162
32	83	0.01738595043065162
109	82	0.01738595043065162
84	295	0.01738595043065162
6	83	0.01738595043065162
8	83	0.01738595043065162
10	83	0.01738595043065162
104	294	0.01738595043065162
68	295	0.01738595043065162
12	83	0.01738595043065162
69	295	0.01738595043065162
70	295	0.01738595043065162
73	295	0.01738595043065162
58	295	0.01738595043065162
59	295	0.01738595043065162
78	295	0.01738595043065162
109	294	0.01738595043065162
107	82	0.01738595043065162
46	83	0.01738595043065162
47	83	0.01738595043065162
62	83	0.01738595043065162
63	83	0.01738595043065162
4	295	0.01738595043065162
65	83	0.01738595043065162
66	83	0.01738595043065162
67	83	0.01738595043065162
101	82	0.01738595043065162
6	295	0.01738595043065162
104	82	0.01738595043065162
8	295	0.01738595043065162
57	295	0.01738595043065162
43	295	0.01738595043065162
56	82	0.01738595043065162
57	82	0.01738595043065162
44	295	0.01738595043065162
45	295	0.01738595043065162
95	82	0.01738595043065162
96	82	0.01738595043065162
97	82	0.01738595043065162
98	82	0.01738595043065162
46	295	0.01738595043065162
100	82	0.01738595043065162
84	82	0.01738595043065162
47	295	0.01738595043065162
86	82	0.01738595043065162
87	82	0.01738595043065162
89	82	0.01738595043065162
90	82	0.01738595043065162
106	82	0.01738595043065162
106	294	0.01738595043065162
33	83	0.01738595043065162
107	294	0.01738595043065162
19	83	0.01738595043065162
83	119	0.01738595043065162
22	83	0.01738595043065162
26	83	0.01738595043065162
84	119	0.01738595043065162
83	82	0.01738595043065162
59	82	0.01738595043065162
60	82	0.01738595043065162
61	82	0.01738595043065162
62	82	0.01738595043065162
63	82	0.01738595043065162
69	119	0.01738595043065162
65	82	0.01738595043065162
66	82	0.01738595043065162
70	119	0.01738595043065162
101	119	0.01738595043065162
95	295	0.01738595043065162
96	295	0.01738595043065162
109	333	0.01738595043065162
96	333	0.01738595043065162
97	333	0.01738595043065162
58	82	0.01738595043065162
98	333	0.01738595043065162
100	333	0.01738595043065162
31	295	0.01738595043065162
32	295	0.01738595043065162
90	295	0.01738595043065162
87	295	0.01738595043065162
89	295	0.01738595043065162
41	295	0.01738595043065162
26	295	0.01738595043065162
59	119	0.01738595043065162
4	120	0.01738595043065162
104	119	0.01738595043065162
106	119	0.01738595043065162
107	119	0.01738595043065162
6	120	0.01738595043065162
8	120	0.01738595043065162
44	82	0.01738595043065162
45	82	0.01738595043065162
46	82	0.01738595043065162
47	82	0.01738595043065162
48	82	0.01738595043065162
10	120	0.01738595043065162
12	120	0.01738595043065162
18	208	0.01738595043065162
17	82	0.01738595043065162
49	82	0.01738595043065162
13	120	0.01738595043065162
61	119	0.01738595043065162
62	119	0.01738595043065162
40	82	0.01738595043065162
41	82	0.01738595043065162
43	82	0.01738595043065162
81	82	0.01738595043065162
26	82	0.01738595043065162
63	119	0.01738595043065162
65	119	0.01738595043065162
66	119	0.01738595043065162
31	82	0.01738595043065162
32	82	0.01738595043065162
33	82	0.01738595043065162
67	82	0.01738595043065162
68	82	0.01738595043065162
69	82	0.01738595043065162
67	119	0.01738595043065162
73	82	0.01738595043065162
78	82	0.01738595043065162
79	82	0.01738595043065162
80	82	0.01738595043065162
43	14	0.01738595043065162
44	14	0.01738595043065162
32	14	0.01738595043065162
33	14	0.01738595043065162
87	317	0.01738595043065162
89	317	0.01738595043065162
90	317	0.01738595043065162
40	14	0.01738595043065162
41	14	0.01738595043065162
26	14	0.01738595043065162
45	14	0.01738595043065162
46	14	0.01738595043065162
47	14	0.01738595043065162
31	14	0.01738595043065162
19	208	0.01738595043065162
22	208	0.01738595043065162
8	208	0.01738595043065162
10	208	0.01738595043065162
12	208	0.01738595043065162
22	14	0.01738595043065162
56	208	0.01738595043065162
41	208	0.01738595043065162
43	208	0.01738595043065162
44	208	0.01738595043065162
58	208	0.01738595043065162
59	208	0.01738595043065162
60	208	0.01738595043065162
47	208	0.01738595043065162
48	208	0.01738595043065162
32	208	0.01738595043065162
33	208	0.01738595043065162
15	208	0.01738595043065162
17	208	0.01738595043065162
18	82	0.01738595043065162
19	82	0.01738595043065162
22	82	0.01738595043065162
45	208	0.01738595043065162
46	208	0.01738595043065162
13	208	0.01738595043065162
26	208	0.01738595043065162
31	208	0.01738595043065162
98	81	0.01738595043065162
100	81	0.01738595043065162
101	81	0.01738595043065162
15	82	0.01738595043065162
4	82	0.01738595043065162
6	82	0.01738595043065162
95	208	0.01738595043065162
106	81	0.01738595043065162
107	81	0.01738595043065162
109	81	0.01738595043065162
96	81	0.01738595043065162
97	81	0.01738595043065162
4	208	0.01738595043065162
6	208	0.01738595043065162
57	208	0.01738595043065162
89	208	0.01738595043065162
90	208	0.01738595043065162
61	208	0.01738595043065162
62	208	0.01738595043065162
63	208	0.01738595043065162
49	208	0.01738595043065162
14	208	0.01738595043065162
65	208	0.01738595043065162
66	208	0.01738595043065162
67	208	0.01738595043065162
68	208	0.01738595043065162
69	208	0.01738595043065162
96	208	0.01738595043065162
81	208	0.01738595043065162
83	208	0.01738595043065162
10	209	0.01738595043065162
12	209	0.01738595043065162
13	209	0.01738595043065162
14	209	0.01738595043065162
15	209	0.01738595043065162
78	208	0.01738595043065162
79	208	0.01738595043065162
80	208	0.01738595043065162
14	82	0.01738595043065162
4	209	0.01738595043065162
6	209	0.01738595043065162
8	209	0.01738595043065162
70	208	0.01738595043065162
104	81	0.01738595043065162
40	208	0.01738595043065162
8	82	0.01738595043065162
10	82	0.01738595043065162
12	82	0.01738595043065162
13	82	0.01738595043065162
45	209	0.01738595043065162
46	209	0.01738595043065162
106	208	0.01738595043065162
107	208	0.01738595043065162
109	208	0.01738595043065162
97	208	0.01738595043065162
98	208	0.01738595043065162
33	209	0.01738595043065162
101	208	0.01738595043065162
104	208	0.01738595043065162
43	209	0.01738595043065162
44	209	0.01738595043065162
26	209	0.01738595043065162
31	209	0.01738595043065162
47	209	0.01738595043065162
48	209	0.01738595043065162
49	209	0.01738595043065162
84	208	0.01738595043065162
86	208	0.01738595043065162
87	208	0.01738595043065162
73	208	0.01738595043065162
40	209	0.01738595043065162
41	209	0.01738595043065162
22	209	0.01738595043065162
95	209	0.01738595043065162
96	209	0.01738595043065162
97	209	0.01738595043065162
83	209	0.01738595043065162
79	209	0.01738595043065162
80	209	0.01738595043065162
81	209	0.01738595043065162
66	209	0.01738595043065162
32	209	0.01738595043065162
17	209	0.01738595043065162
18	209	0.01738595043065162
19	209	0.01738595043065162
67	209	0.01738595043065162
68	209	0.01738595043065162
69	209	0.01738595043065162
70	209	0.01738595043065162
73	209	0.01738595043065162
58	209	0.01738595043065162
78	209	0.01738595043065162
100	208	0.01738595043065162
59	209	0.01738595043065162
60	209	0.01738595043065162
61	209	0.01738595043065162
62	209	0.01738595043065162
63	209	0.01738595043065162
65	209	0.01738595043065162
84	209	0.01738595043065162
101	209	0.01738595043065162
104	209	0.01738595043065162
90	209	0.01738595043065162
109	209	0.01738595043065162
58	317	0.01738595043065162
107	317	0.01738595043065162
15	14	0.01738595043065162
17	14	0.01738595043065162
18	14	0.01738595043065162
19	14	0.01738595043065162
109	317	0.01738595043065162
100	317	0.01738595043065162
101	317	0.01738595043065162
56	317	0.01738595043065162
57	317	0.01738595043065162
86	317	0.01738595043065162
104	317	0.01738595043065162
106	317	0.01738595043065162
33	210	0.01738595043065162
18	210	0.01738595043065162
19	210	0.01738595043065162
22	210	0.01738595043065162
86	209	0.01738595043065162
87	209	0.01738595043065162
10	210	0.01738595043065162
12	210	0.01738595043065162
13	210	0.01738595043065162
14	210	0.01738595043065162
31	210	0.01738595043065162
32	210	0.01738595043065162
106	209	0.01738595043065162
107	209	0.01738595043065162
15	210	0.01738595043065162
17	210	0.01738595043065162
4	210	0.01738595043065162
6	210	0.01738595043065162
98	209	0.01738595043065162
100	209	0.01738595043065162
56	209	0.01738595043065162
57	209	0.01738595043065162
8	210	0.01738595043065162
59	210	0.01738595043065162
60	210	0.01738595043065162
61	210	0.01738595043065162
62	210	0.01738595043065162
63	210	0.01738595043065162
81	210	0.01738595043065162
67	210	0.01738595043065162
46	210	0.01738595043065162
47	210	0.01738595043065162
65	210	0.01738595043065162
66	210	0.01738595043065162
56	210	0.01738595043065162
57	210	0.01738595043065162
58	210	0.01738595043065162
43	210	0.01738595043065162
44	210	0.01738595043065162
45	210	0.01738595043065162
89	209	0.01738595043065162
26	210	0.01738595043065162
48	210	0.01738595043065162
49	210	0.01738595043065162
89	210	0.01738595043065162
90	210	0.01738595043065162
78	210	0.01738595043065162
79	210	0.01738595043065162
80	210	0.01738595043065162
97	210	0.01738595043065162
98	210	0.01738595043065162
83	210	0.01738595043065162
95	317	0.01738595043065162
96	317	0.01738595043065162
97	317	0.01738595043065162
98	317	0.01738595043065162
83	317	0.01738595043065162
84	317	0.01738595043065162
78	317	0.01738595043065162
79	317	0.01738595043065162
80	317	0.01738595043065162
81	317	0.01738595043065162
67	317	0.01738595043065162
19	317	0.01738595043065162
22	317	0.01738595043065162
68	210	0.01738595043065162
69	210	0.01738595043065162
70	210	0.01738595043065162
68	317	0.01738595043065162
69	317	0.01738595043065162
70	317	0.01738595043065162
73	317	0.01738595043065162
59	317	0.01738595043065162
4	211	0.01738595043065162
6	211	0.01738595043065162
8	211	0.01738595043065162
10	211	0.01738595043065162
107	210	0.01738595043065162
109	210	0.01738595043065162
73	210	0.01738595043065162
95	81	0.01738595043065162
79	81	0.01738595043065162
100	210	0.01738595043065162
101	210	0.01738595043065162
104	210	0.01738595043065162
95	210	0.01738595043065162
96	210	0.01738595043065162
106	210	0.01738595043065162
89	81	0.01738595043065162
90	81	0.01738595043065162
84	210	0.01738595043065162
86	210	0.01738595043065162
87	210	0.01738595043065162
40	210	0.01738595043065162
41	210	0.01738595043065162
63	81	0.01738595043065162
65	81	0.01738595043065162
66	81	0.01738595043065162
80	81	0.01738595043065162
81	81	0.01738595043065162
83	81	0.01738595043065162
84	81	0.01738595043065162
69	81	0.01738595043065162
70	81	0.01738595043065162
46	211	0.01738595043065162
47	211	0.01738595043065162
48	211	0.01738595043065162
49	211	0.01738595043065162
73	81	0.01738595043065162
78	81	0.01738595043065162
41	211	0.01738595043065162
43	211	0.01738595043065162
44	211	0.01738595043065162
45	211	0.01738595043065162
31	211	0.01738595043065162
67	81	0.01738595043065162
68	81	0.01738595043065162
12	211	0.01738595043065162
13	211	0.01738595043065162
14	211	0.01738595043065162
15	211	0.01738595043065162
17	211	0.01738595043065162
18	211	0.01738595043065162
40	211	0.01738595043065162
73	211	0.01738595043065162
62	211	0.01738595043065162
63	211	0.01738595043065162
32	211	0.01738595043065162
33	211	0.01738595043065162
19	211	0.01738595043065162
22	211	0.01738595043065162
26	211	0.01738595043065162
56	211	0.01738595043065162
57	211	0.01738595043065162
80	211	0.01738595043065162
81	211	0.01738595043065162
83	211	0.01738595043065162
84	211	0.01738595043065162
70	211	0.01738595043065162
56	81	0.01738595043065162
57	81	0.01738595043065162
58	81	0.01738595043065162
65	211	0.01738595043065162
66	211	0.01738595043065162
67	211	0.01738595043065162
68	211	0.01738595043065162
69	211	0.01738595043065162
86	81	0.01738595043065162
87	81	0.01738595043065162
58	211	0.01738595043065162
59	211	0.01738595043065162
60	211	0.01738595043065162
61	211	0.01738595043065162
60	81	0.01738595043065162
61	81	0.01738595043065162
62	81	0.01738595043065162
47	81	0.01738595043065162
48	81	0.01738595043065162
49	81	0.01738595043065162
40	81	0.01738595043065162
41	81	0.01738595043065162
43	81	0.01738595043065162
44	81	0.01738595043065162
45	81	0.01738595043065162
46	81	0.01738595043065162
59	81	0.01738595043065162
104	211	0.01738595043065162
106	211	0.01738595043065162
31	81	0.01738595043065162
32	81	0.01738595043065162
33	81	0.01738595043065162
78	211	0.01738595043065162
79	211	0.01738595043065162
4	212	0.01738595043065162
98	316	0.01738595043065162
100	316	0.01738595043065162
101	316	0.01738595043065162
60	317	0.01738595043065162
61	317	0.01738595043065162
62	317	0.01738595043065162
63	317	0.01738595043065162
44	317	0.01738595043065162
45	317	0.01738595043065162
46	317	0.01738595043065162
47	317	0.01738595043065162
48	317	0.01738595043065162
107	316	0.01738595043065162
109	316	0.01738595043065162
40	317	0.01738595043065162
41	317	0.01738595043065162
104	316	0.01738595043065162
43	317	0.01738595043065162
14	212	0.01738595043065162
15	212	0.01738595043065162
17	212	0.01738595043065162
18	212	0.01738595043065162
19	212	0.01738595043065162
18	317	0.01738595043065162
49	317	0.01738595043065162
96	211	0.01738595043065162
97	211	0.01738595043065162
98	211	0.01738595043065162
100	211	0.01738595043065162
40	212	0.01738595043065162
41	212	0.01738595043065162
90	211	0.01738595043065162
107	211	0.01738595043065162
109	211	0.01738595043065162
95	211	0.01738595043065162
22	212	0.01738595043065162
26	212	0.01738595043065162
101	211	0.01738595043065162
86	211	0.01738595043065162
87	211	0.01738595043065162
89	211	0.01738595043065162
65	317	0.01738595043065162
66	317	0.01738595043065162
31	212	0.01738595043065162
32	212	0.01738595043065162
33	212	0.01738595043065162
63	212	0.01738595043065162
65	212	0.01738595043065162
96	212	0.01738595043065162
97	212	0.01738595043065162
98	212	0.01738595043065162
100	212	0.01738595043065162
101	212	0.01738595043065162
56	212	0.01738595043065162
57	212	0.01738595043065162
6	212	0.01738595043065162
8	212	0.01738595043065162
10	212	0.01738595043065162
12	212	0.01738595043065162
13	212	0.01738595043065162
47	212	0.01738595043065162
48	212	0.01738595043065162
49	212	0.01738595043065162
66	212	0.01738595043065162
67	212	0.01738595043065162
68	212	0.01738595043065162
69	212	0.01738595043065162
70	212	0.01738595043065162
43	212	0.01738595043065162
44	212	0.01738595043065162
45	212	0.01738595043065162
58	212	0.01738595043065162
59	212	0.01738595043065162
60	212	0.01738595043065162
61	212	0.01738595043065162
62	212	0.01738595043065162
12	213	0.01738595043065162
13	213	0.01738595043065162
14	213	0.01738595043065162
17	213	0.01738595043065162
18	213	0.01738595043065162
19	213	0.01738595043065162
22	81	0.01738595043065162
26	81	0.01738595043065162
14	81	0.01738595043065162
15	81	0.01738595043065162
10	213	0.01738595043065162
17	81	0.01738595043065162
18	81	0.01738595043065162
19	81	0.01738595043065162
6	81	0.01738595043065162
8	81	0.01738595043065162
46	212	0.01738595043065162
87	212	0.01738595043065162
10	81	0.01738595043065162
12	81	0.01738595043065162
13	81	0.01738595043065162
109	80	0.01738595043065162
4	81	0.01738595043065162
95	212	0.01738595043065162
43	213	0.01738595043065162
44	213	0.01738595043065162
45	213	0.01738595043065162
46	213	0.01738595043065162
47	213	0.01738595043065162
31	213	0.01738595043065162
32	213	0.01738595043065162
109	212	0.01738595043065162
80	212	0.01738595043065162
81	212	0.01738595043065162
33	213	0.01738595043065162
26	213	0.01738595043065162
41	213	0.01738595043065162
78	212	0.01738595043065162
15	213	0.01738595043065162
89	212	0.01738595043065162
90	212	0.01738595043065162
79	212	0.01738595043065162
22	213	0.01738595043065162
8	213	0.01738595043065162
83	212	0.01738595043065162
84	212	0.01738595043065162
86	212	0.01738595043065162
73	212	0.01738595043065162
67	213	0.01738595043065162
68	213	0.01738595043065162
69	213	0.01738595043065162
70	213	0.01738595043065162
56	213	0.01738595043065162
86	213	0.01738595043065162
87	213	0.01738595043065162
73	213	0.01738595043065162
59	213	0.01738595043065162
60	213	0.01738595043065162
61	213	0.01738595043065162
62	213	0.01738595043065162
63	213	0.01738595043065162
101	80	0.01738595043065162
65	213	0.01738595043065162
66	213	0.01738595043065162
6	213	0.01738595043065162
104	212	0.01738595043065162
106	212	0.01738595043065162
107	212	0.01738595043065162
57	213	0.01738595043065162
58	213	0.01738595043065162
48	213	0.01738595043065162
49	213	0.01738595043065162
40	213	0.01738595043065162
4	213	0.01738595043065162
98	80	0.01738595043065162
100	80	0.01738595043065162
86	80	0.01738595043065162
87	80	0.01738595043065162
89	80	0.01738595043065162
90	80	0.01738595043065162
106	213	0.01738595043065162
78	80	0.01738595043065162
79	80	0.01738595043065162
80	80	0.01738595043065162
81	80	0.01738595043065162
83	80	0.01738595043065162
84	80	0.01738595043065162
83	213	0.01738595043065162
84	213	0.01738595043065162
4	214	0.01738595043065162
6	214	0.01738595043065162
104	213	0.01738595043065162
78	213	0.01738595043065162
79	213	0.01738595043065162
80	213	0.01738595043065162
81	213	0.01738595043065162
90	213	0.01738595043065162
107	213	0.01738595043065162
109	213	0.01738595043065162
96	213	0.01738595043065162
97	213	0.01738595043065162
95	213	0.01738595043065162
32	214	0.01738595043065162
33	214	0.01738595043065162
40	214	0.01738595043065162
89	213	0.01738595043065162
97	80	0.01738595043065162
26	214	0.01738595043065162
31	214	0.01738595043065162
104	80	0.01738595043065162
106	80	0.01738595043065162
107	80	0.01738595043065162
95	80	0.01738595043065162
96	80	0.01738595043065162
68	214	0.01738595043065162
17	214	0.01738595043065162
18	214	0.01738595043065162
19	214	0.01738595043065162
22	214	0.01738595043065162
8	214	0.01738595043065162
10	214	0.01738595043065162
60	214	0.01738595043065162
12	214	0.01738595043065162
13	214	0.01738595043065162
14	214	0.01738595043065162
15	214	0.01738595043065162
65	214	0.01738595043065162
66	214	0.01738595043065162
67	214	0.01738595043065162
69	214	0.01738595043065162
70	214	0.01738595043065162
57	214	0.01738595043065162
58	214	0.01738595043065162
59	214	0.01738595043065162
98	213	0.01738595043065162
100	213	0.01738595043065162
101	213	0.01738595043065162
61	214	0.01738595043065162
62	214	0.01738595043065162
63	214	0.01738595043065162
49	214	0.01738595043065162
84	316	0.01738595043065162
86	316	0.01738595043065162
87	316	0.01738595043065162
73	316	0.01738595043065162
78	316	0.01738595043065162
26	317	0.01738595043065162
65	316	0.01738595043065162
66	316	0.01738595043065162
67	316	0.01738595043065162
68	316	0.01738595043065162
69	316	0.01738595043065162
70	316	0.01738595043065162
81	316	0.01738595043065162
83	316	0.01738595043065162
12	317	0.01738595043065162
13	317	0.01738595043065162
14	317	0.01738595043065162
15	317	0.01738595043065162
17	317	0.01738595043065162
79	316	0.01738595043065162
80	316	0.01738595043065162
96	214	0.01738595043065162
81	214	0.01738595043065162
83	214	0.01738595043065162
84	214	0.01738595043065162
86	214	0.01738595043065162
106	316	0.01738595043065162
10	317	0.01738595043065162
44	214	0.01738595043065162
45	214	0.01738595043065162
46	214	0.01738595043065162
59	80	0.01738595043065162
44	80	0.01738595043065162
45	80	0.01738595043065162
46	80	0.01738595043065162
47	80	0.01738595043065162
98	214	0.01738595043065162
100	214	0.01738595043065162
101	214	0.01738595043065162
56	214	0.01738595043065162
41	214	0.01738595043065162
43	214	0.01738595043065162
90	214	0.01738595043065162
95	214	0.01738595043065162
47	214	0.01738595043065162
48	214	0.01738595043065162
97	214	0.01738595043065162
31	317	0.01738595043065162
32	317	0.01738595043065162
33	317	0.01738595043065162
87	214	0.01738595043065162
104	214	0.01738595043065162
89	214	0.01738595043065162
109	214	0.01738595043065162
106	214	0.01738595043065162
107	214	0.01738595043065162
12	80	0.01738595043065162
13	80	0.01738595043065162
62	80	0.01738595043065162
63	80	0.01738595043065162
73	214	0.01738595043065162
78	214	0.01738595043065162
79	214	0.01738595043065162
80	214	0.01738595043065162
68	80	0.01738595043065162
56	80	0.01738595043065162
57	80	0.01738595043065162
58	80	0.01738595043065162
69	80	0.01738595043065162
70	80	0.01738595043065162
73	80	0.01738595043065162
60	80	0.01738595043065162
61	80	0.01738595043065162
48	80	0.01738595043065162
49	80	0.01738595043065162
65	80	0.01738595043065162
66	80	0.01738595043065162
67	80	0.01738595043065162
70	14	0.01738595043065162
4	317	0.01738595043065162
6	317	0.01738595043065162
8	317	0.01738595043065162
33	80	0.01738595043065162
17	80	0.01738595043065162
18	80	0.01738595043065162
62	14	0.01738595043065162
79	14	0.01738595043065162
65	14	0.01738595043065162
66	14	0.01738595043065162
67	14	0.01738595043065162
68	14	0.01738595043065162
69	14	0.01738595043065162
56	14	0.01738595043065162
57	14	0.01738595043065162
58	14	0.01738595043065162
59	14	0.01738595043065162
60	14	0.01738595043065162
61	14	0.01738595043065162
14	80	0.01738595043065162
15	80	0.01738595043065162
97	316	0.01738595043065162
63	14	0.01738595043065162
48	14	0.01738595043065162
49	14	0.01738595043065162
96	79	0.01738595043065162
40	216	0.01738595043065162
41	216	0.01738595043065162
43	216	0.01738595043065162
78	14	0.01738595043065162
45	316	0.01738595043065162
46	316	0.01738595043065162
6	216	0.01738595043065162
8	216	0.01738595043065162
10	216	0.01738595043065162
95	79	0.01738595043065162
31	80	0.01738595043065162
32	80	0.01738595043065162
4	216	0.01738595043065162
19	80	0.01738595043065162
22	80	0.01738595043065162
26	80	0.01738595043065162
10	80	0.01738595043065162
40	80	0.01738595043065162
41	80	0.01738595043065162
43	80	0.01738595043065162
95	316	0.01738595043065162
96	316	0.01738595043065162
44	216	0.01738595043065162
101	79	0.01738595043065162
61	316	0.01738595043065162
62	316	0.01738595043065162
63	316	0.01738595043065162
49	316	0.01738595043065162
89	316	0.01738595043065162
90	316	0.01738595043065162
56	316	0.01738595043065162
40	316	0.01738595043065162
41	316	0.01738595043065162
43	316	0.01738595043065162
44	316	0.01738595043065162
59	316	0.01738595043065162
60	316	0.01738595043065162
47	316	0.01738595043065162
48	316	0.01738595043065162
31	316	0.01738595043065162
32	316	0.01738595043065162
33	316	0.01738595043065162
56	216	0.01738595043065162
18	216	0.01738595043065162
19	216	0.01738595043065162
69	216	0.01738595043065162
70	216	0.01738595043065162
73	216	0.01738595043065162
61	216	0.01738595043065162
6	80	0.01738595043065162
63	216	0.01738595043065162
65	216	0.01738595043065162
66	216	0.01738595043065162
67	216	0.01738595043065162
68	216	0.01738595043065162
109	79	0.01738595043065162
97	79	0.01738595043065162
98	79	0.01738595043065162
100	79	0.01738595043065162
4	80	0.01738595043065162
104	79	0.01738595043065162
89	79	0.01738595043065162
90	79	0.01738595043065162
8	80	0.01738595043065162
106	79	0.01738595043065162
107	79	0.01738595043065162
106	216	0.01738595043065162
107	216	0.01738595043065162
95	216	0.01738595043065162
96	216	0.01738595043065162
97	216	0.01738595043065162
22	216	0.01738595043065162
98	216	0.01738595043065162
100	216	0.01738595043065162
86	216	0.01738595043065162
87	216	0.01738595043065162
89	216	0.01738595043065162
90	216	0.01738595043065162
17	216	0.01738595043065162
31	216	0.01738595043065162
32	216	0.01738595043065162
33	216	0.01738595043065162
62	216	0.01738595043065162
26	216	0.01738595043065162
12	216	0.01738595043065162
13	216	0.01738595043065162
14	216	0.01738595043065162
15	216	0.01738595043065162
6	217	0.01738595043065162
8	217	0.01738595043065162
10	217	0.01738595043065162
12	217	0.01738595043065162
13	217	0.01738595043065162
26	217	0.01738595043065162
4	217	0.01738595043065162
18	217	0.01738595043065162
19	217	0.01738595043065162
58	216	0.01738595043065162
59	216	0.01738595043065162
60	216	0.01738595043065162
45	216	0.01738595043065162
46	216	0.01738595043065162
47	216	0.01738595043065162
48	216	0.01738595043065162
109	216	0.01738595043065162
49	216	0.01738595043065162
101	216	0.01738595043065162
104	216	0.01738595043065162
57	216	0.01738595043065162
32	217	0.01738595043065162
33	217	0.01738595043065162
48	217	0.01738595043065162
49	217	0.01738595043065162
40	217	0.01738595043065162
41	217	0.01738595043065162
83	79	0.01738595043065162
84	79	0.01738595043065162
43	217	0.01738595043065162
44	217	0.01738595043065162
45	217	0.01738595043065162
46	217	0.01738595043065162
31	217	0.01738595043065162
81	216	0.01738595043065162
83	216	0.01738595043065162
84	216	0.01738595043065162
22	217	0.01738595043065162
80	79	0.01738595043065162
81	79	0.01738595043065162
14	217	0.01738595043065162
15	217	0.01738595043065162
17	217	0.01738595043065162
78	216	0.01738595043065162
79	216	0.01738595043065162
80	216	0.01738595043065162
65	79	0.01738595043065162
66	79	0.01738595043065162
67	79	0.01738595043065162
68	79	0.01738595043065162
69	79	0.01738595043065162
70	79	0.01738595043065162
86	79	0.01738595043065162
57	79	0.01738595043065162
58	79	0.01738595043065162
59	79	0.01738595043065162
60	79	0.01738595043065162
61	79	0.01738595043065162
62	79	0.01738595043065162
63	79	0.01738595043065162
87	217	0.01738595043065162
89	217	0.01738595043065162
90	217	0.01738595043065162
79	217	0.01738595043065162
56	79	0.01738595043065162
56	217	0.01738595043065162
57	217	0.01738595043065162
58	217	0.01738595043065162
59	217	0.01738595043065162
60	217	0.01738595043065162
61	217	0.01738595043065162
62	217	0.01738595043065162
47	217	0.01738595043065162
65	217	0.01738595043065162
66	217	0.01738595043065162
67	217	0.01738595043065162
80	217	0.01738595043065162
81	217	0.01738595043065162
83	217	0.01738595043065162
84	217	0.01738595043065162
73	217	0.01738595043065162
78	217	0.01738595043065162
63	217	0.01738595043065162
104	217	0.01738595043065162
68	217	0.01738595043065162
69	217	0.01738595043065162
70	217	0.01738595043065162
87	79	0.01738595043065162
73	79	0.01738595043065162
78	79	0.01738595043065162
79	79	0.01738595043065162
95	217	0.01738595043065162
96	217	0.01738595043065162
97	217	0.01738595043065162
98	217	0.01738595043065162
106	217	0.01738595043065162
107	217	0.01738595043065162
109	217	0.01738595043065162
100	217	0.01738595043065162
101	217	0.01738595043065162
86	217	0.01738595043065162
48	79	0.01738595043065162
49	79	0.01738595043065162
26	79	0.01738595043065162
46	79	0.01738595043065162
47	79	0.01738595043065162
15	316	0.01738595043065162
17	316	0.01738595043065162
73	14	0.01738595043065162
22	79	0.01738595043065162
10	316	0.01738595043065162
12	316	0.01738595043065162
13	316	0.01738595043065162
26	316	0.01738595043065162
58	316	0.01738595043065162
18	316	0.01738595043065162
19	316	0.01738595043065162
22	316	0.01738595043065162
8	316	0.01738595043065162
12	79	0.01738595043065162
13	79	0.01738595043065162
14	79	0.01738595043065162
15	79	0.01738595043065162
17	79	0.01738595043065162
6	79	0.01738595043065162
8	79	0.01738595043065162
10	79	0.01738595043065162
40	79	0.01738595043065162
41	79	0.01738595043065162
43	79	0.01738595043065162
44	79	0.01738595043065162
45	79	0.01738595043065162
4	79	0.01738595043065162
31	79	0.01738595043065162
32	79	0.01738595043065162
33	79	0.01738595043065162
18	79	0.01738595043065162
19	79	0.01738595043065162
90	14	0.01738595043065162
95	14	0.01738595043065162
80	14	0.01738595043065162
97	14	0.01738595043065162
98	14	0.01738595043065162
87	77	0.01738595043065162
81	14	0.01738595043065162
83	14	0.01738595043065162
84	14	0.01738595043065162
86	14	0.01738595043065162
87	14	0.01738595043065162
89	14	0.01738595043065162
6	316	0.01738595043065162
57	316	0.01738595043065162
81	77	0.01738595043065162
83	77	0.01738595043065162
84	77	0.01738595043065162
86	77	0.01738595043065162
14	316	0.01738595043065162
4	316	0.01738595043065162
109	14	0.01738595043065162
89	77	0.01738595043065162
90	77	0.01738595043065162
95	77	0.01738595043065162
79	77	0.01738595043065162
66	314	0.01738595043065162
67	314	0.01738595043065162
68	314	0.01738595043065162
104	14	0.01738595043065162
106	14	0.01738595043065162
107	14	0.01738595043065162
104	314	0.01738595043065162
106	314	0.01738595043065162
107	314	0.01738595043065162
109	314	0.01738595043065162
63	314	0.01738595043065162
65	314	0.01738595043065162
100	14	0.01738595043065162
101	14	0.01738595043065162
96	14	0.01738595043065162
100	314	0.01738595043065162
101	314	0.01738595043065162
22	220	0.01738595043065162
26	220	0.01738595043065162
62	314	0.01738595043065162
78	314	0.01738595043065162
13	220	0.01738595043065162
14	220	0.01738595043065162
15	220	0.01738595043065162
17	220	0.01738595043065162
18	220	0.01738595043065162
19	220	0.01738595043065162
104	77	0.01738595043065162
106	77	0.01738595043065162
107	77	0.01738595043065162
109	77	0.01738595043065162
8	220	0.01738595043065162
10	220	0.01738595043065162
12	220	0.01738595043065162
80	77	0.01738595043065162
96	77	0.01738595043065162
97	77	0.01738595043065162
98	77	0.01738595043065162
100	77	0.01738595043065162
101	77	0.01738595043065162
98	314	0.01738595043065162
43	220	0.01738595043065162
44	220	0.01738595043065162
45	220	0.01738595043065162
46	220	0.01738595043065162
47	220	0.01738595043065162
31	220	0.01738595043065162
32	314	0.01738595043065162
33	314	0.01738595043065162
95	314	0.01738595043065162
96	314	0.01738595043065162
97	314	0.01738595043065162
87	314	0.01738595043065162
89	314	0.01738595043065162
90	314	0.01738595043065162
44	314	0.01738595043065162
31	314	0.01738595043065162
79	314	0.01738595043065162
80	314	0.01738595043065162
81	314	0.01738595043065162
83	314	0.01738595043065162
84	314	0.01738595043065162
69	314	0.01738595043065162
86	314	0.01738595043065162
66	220	0.01738595043065162
67	220	0.01738595043065162
68	220	0.01738595043065162
69	220	0.01738595043065162
70	220	0.01738595043065162
87	220	0.01738595043065162
73	220	0.01738595043065162
58	220	0.01738595043065162
59	220	0.01738595043065162
60	220	0.01738595043065162
61	220	0.01738595043065162
62	220	0.01738595043065162
79	220	0.01738595043065162
65	220	0.01738595043065162
41	220	0.01738595043065162
4	220	0.01738595043065162
6	220	0.01738595043065162
48	220	0.01738595043065162
56	220	0.01738595043065162
57	220	0.01738595043065162
32	220	0.01738595043065162
33	220	0.01738595043065162
49	220	0.01738595043065162
40	220	0.01738595043065162
67	77	0.01738595043065162
68	77	0.01738595043065162
69	77	0.01738595043065162
70	77	0.01738595043065162
56	77	0.01738595043065162
57	77	0.01738595043065162
59	77	0.01738595043065162
60	77	0.01738595043065162
61	77	0.01738595043065162
62	77	0.01738595043065162
47	77	0.01738595043065162
48	77	0.01738595043065162
49	77	0.01738595043065162
86	220	0.01738595043065162
4	221	0.01738595043065162
6	221	0.01738595043065162
104	220	0.01738595043065162
78	220	0.01738595043065162
80	220	0.01738595043065162
81	220	0.01738595043065162
83	220	0.01738595043065162
84	220	0.01738595043065162
101	220	0.01738595043065162
89	220	0.01738595043065162
90	220	0.01738595043065162
106	220	0.01738595043065162
107	220	0.01738595043065162
109	220	0.01738595043065162
95	220	0.01738595043065162
33	221	0.01738595043065162
40	221	0.01738595043065162
41	221	0.01738595043065162
100	220	0.01738595043065162
26	221	0.01738595043065162
31	221	0.01738595043065162
32	221	0.01738595043065162
17	221	0.01738595043065162
18	221	0.01738595043065162
19	221	0.01738595043065162
58	77	0.01738595043065162
63	220	0.01738595043065162
73	77	0.01738595043065162
78	77	0.01738595043065162
63	77	0.01738595043065162
65	77	0.01738595043065162
66	77	0.01738595043065162
58	221	0.01738595043065162
59	221	0.01738595043065162
22	221	0.01738595043065162
8	221	0.01738595043065162
10	221	0.01738595043065162
12	221	0.01738595043065162
13	221	0.01738595043065162
14	221	0.01738595043065162
56	221	0.01738595043065162
57	221	0.01738595043065162
67	221	0.01738595043065162
68	221	0.01738595043065162
69	221	0.01738595043065162
70	221	0.01738595043065162
73	221	0.01738595043065162
47	221	0.01738595043065162
48	221	0.01738595043065162
49	221	0.01738595043065162
60	221	0.01738595043065162
61	221	0.01738595043065162
62	221	0.01738595043065162
63	221	0.01738595043065162
65	221	0.01738595043065162
96	220	0.01738595043065162
97	220	0.01738595043065162
98	220	0.01738595043065162
43	221	0.01738595043065162
44	221	0.01738595043065162
45	221	0.01738595043065162
46	221	0.01738595043065162
40	77	0.01738595043065162
41	77	0.01738595043065162
43	77	0.01738595043065162
44	77	0.01738595043065162
45	77	0.01738595043065162
46	77	0.01738595043065162
31	77	0.01738595043065162
19	77	0.01738595043065162
33	77	0.01738595043065162
22	77	0.01738595043065162
26	77	0.01738595043065162
14	77	0.01738595043065162
15	77	0.01738595043065162
17	77	0.01738595043065162
18	77	0.01738595043065162
15	221	0.01738595043065162
66	221	0.01738595043065162
98	221	0.01738595043065162
100	221	0.01738595043065162
101	221	0.01738595043065162
104	221	0.01738595043065162
90	221	0.01738595043065162
96	221	0.01738595043065162
97	221	0.01738595043065162
83	221	0.01738595043065162
84	221	0.01738595043065162
86	221	0.01738595043065162
87	221	0.01738595043065162
89	221	0.01738595043065162
79	221	0.01738595043065162
80	221	0.01738595043065162
81	221	0.01738595043065162
6	77	0.01738595043065162
8	77	0.01738595043065162
10	77	0.01738595043065162
12	77	0.01738595043065162
95	221	0.01738595043065162
97	76	0.01738595043065162
13	77	0.01738595043065162
4	77	0.01738595043065162
78	221	0.01738595043065162
32	77	0.01738595043065162
104	76	0.01738595043065162
106	76	0.01738595043065162
107	76	0.01738595043065162
109	76	0.01738595043065162
95	76	0.01738595043065162
96	76	0.01738595043065162
8	314	0.01738595043065162
10	314	0.01738595043065162
107	313	0.01738595043065162
109	313	0.01738595043065162
70	314	0.01738595043065162
73	314	0.01738595043065162
61	314	0.01738595043065162
56	314	0.01738595043065162
57	314	0.01738595043065162
58	314	0.01738595043065162
4	314	0.01738595043065162
6	314	0.01738595043065162
60	314	0.01738595043065162
45	314	0.01738595043065162
46	314	0.01738595043065162
47	314	0.01738595043065162
48	314	0.01738595043065162
49	314	0.01738595043065162
43	314	0.01738595043065162
59	314	0.01738595043065162
98	76	0.01738595043065162
100	76	0.01738595043065162
101	76	0.01738595043065162
106	221	0.01738595043065162
107	221	0.01738595043065162
109	221	0.01738595043065162
56	76	0.01738595043065162
57	76	0.01738595043065162
58	76	0.01738595043065162
59	76	0.01738595043065162
60	76	0.01738595043065162
61	76	0.01738595043065162
4	223	0.01738595043065162
87	76	0.01738595043065162
89	76	0.01738595043065162
90	76	0.01738595043065162
78	76	0.01738595043065162
79	76	0.01738595043065162
80	76	0.01738595043065162
81	76	0.01738595043065162
83	76	0.01738595043065162
84	76	0.01738595043065162
70	76	0.01738595043065162
73	76	0.01738595043065162
62	76	0.01738595043065162
86	76	0.01738595043065162
63	76	0.01738595043065162
65	76	0.01738595043065162
66	76	0.01738595043065162
67	76	0.01738595043065162
68	76	0.01738595043065162
69	76	0.01738595043065162
46	223	0.01738595043065162
31	223	0.01738595043065162
32	223	0.01738595043065162
33	223	0.01738595043065162
32	76	0.01738595043065162
45	223	0.01738595043065162
6	223	0.01738595043065162
8	223	0.01738595043065162
10	223	0.01738595043065162
12	223	0.01738595043065162
13	223	0.01738595043065162
63	223	0.01738595043065162
47	223	0.01738595043065162
48	223	0.01738595043065162
49	223	0.01738595043065162
66	223	0.01738595043065162
67	223	0.01738595043065162
68	223	0.01738595043065162
69	223	0.01738595043065162
49	76	0.01738595043065162
59	223	0.01738595043065162
60	223	0.01738595043065162
61	223	0.01738595043065162
62	223	0.01738595043065162
43	76	0.01738595043065162
44	76	0.01738595043065162
45	76	0.01738595043065162
31	76	0.01738595043065162
46	76	0.01738595043065162
47	76	0.01738595043065162
48	76	0.01738595043065162
33	76	0.01738595043065162
40	223	0.01738595043065162
41	223	0.01738595043065162
43	223	0.01738595043065162
44	223	0.01738595043065162
40	76	0.01738595043065162
41	76	0.01738595043065162
107	223	0.01738595043065162
109	223	0.01738595043065162
96	223	0.01738595043065162
6	76	0.01738595043065162
8	76	0.01738595043065162
10	76	0.01738595043065162
14	223	0.01738595043065162
15	223	0.01738595043065162
17	223	0.01738595043065162
104	223	0.01738595043065162
106	223	0.01738595043065162
78	223	0.01738595043065162
79	223	0.01738595043065162
65	223	0.01738595043065162
22	223	0.01738595043065162
26	223	0.01738595043065162
70	223	0.01738595043065162
56	223	0.01738595043065162
57	223	0.01738595043065162
58	223	0.01738595043065162
18	223	0.01738595043065162
19	223	0.01738595043065162
73	223	0.01738595043065162
10	224	0.01738595043065162
86	223	0.01738595043065162
87	223	0.01738595043065162
26	224	0.01738595043065162
32	224	0.01738595043065162
33	224	0.01738595043065162
18	224	0.01738595043065162
19	224	0.01738595043065162
22	224	0.01738595043065162
19	76	0.01738595043065162
4	76	0.01738595043065162
22	76	0.01738595043065162
26	76	0.01738595043065162
12	76	0.01738595043065162
107	75	0.01738595043065162
109	75	0.01738595043065162
13	76	0.01738595043065162
14	76	0.01738595043065162
15	76	0.01738595043065162
17	76	0.01738595043065162
18	76	0.01738595043065162
49	224	0.01738595043065162
65	224	0.01738595043065162
66	224	0.01738595043065162
56	224	0.01738595043065162
57	224	0.01738595043065162
89	223	0.01738595043065162
90	223	0.01738595043065162
43	224	0.01738595043065162
44	224	0.01738595043065162
45	224	0.01738595043065162
46	224	0.01738595043065162
47	224	0.01738595043065162
48	224	0.01738595043065162
83	223	0.01738595043065162
84	223	0.01738595043065162
97	223	0.01738595043065162
98	223	0.01738595043065162
100	223	0.01738595043065162
101	223	0.01738595043065162
31	224	0.01738595043065162
95	223	0.01738595043065162
80	223	0.01738595043065162
81	223	0.01738595043065162
89	224	0.01738595043065162
90	224	0.01738595043065162
78	224	0.01738595043065162
79	224	0.01738595043065162
80	224	0.01738595043065162
81	224	0.01738595043065162
83	224	0.01738595043065162
67	224	0.01738595043065162
68	224	0.01738595043065162
69	224	0.01738595043065162
70	224	0.01738595043065162
73	224	0.01738595043065162
100	75	0.01738595043065162
101	75	0.01738595043065162
12	224	0.01738595043065162
13	224	0.01738595043065162
14	224	0.01738595043065162
15	224	0.01738595043065162
17	224	0.01738595043065162
4	224	0.01738595043065162
58	224	0.01738595043065162
6	224	0.01738595043065162
8	224	0.01738595043065162
59	224	0.01738595043065162
60	224	0.01738595043065162
61	224	0.01738595043065162
62	224	0.01738595043065162
63	224	0.01738595043065162
89	75	0.01738595043065162
90	75	0.01738595043065162
78	75	0.01738595043065162
79	75	0.01738595043065162
80	75	0.01738595043065162
81	75	0.01738595043065162
12	225	0.01738595043065162
13	225	0.01738595043065162
14	225	0.01738595043065162
15	225	0.01738595043065162
17	225	0.01738595043065162
18	225	0.01738595043065162
19	225	0.01738595043065162
4	225	0.01738595043065162
6	225	0.01738595043065162
40	224	0.01738595043065162
41	224	0.01738595043065162
95	224	0.01738595043065162
96	224	0.01738595043065162
97	224	0.01738595043065162
98	224	0.01738595043065162
84	224	0.01738595043065162
86	224	0.01738595043065162
87	224	0.01738595043065162
49	225	0.01738595043065162
40	225	0.01738595043065162
104	224	0.01738595043065162
43	225	0.01738595043065162
44	225	0.01738595043065162
31	225	0.01738595043065162
32	225	0.01738595043065162
33	225	0.01738595043065162
48	225	0.01738595043065162
106	75	0.01738595043065162
95	75	0.01738595043065162
96	75	0.01738595043065162
41	225	0.01738595043065162
97	75	0.01738595043065162
98	75	0.01738595043065162
83	75	0.01738595043065162
84	75	0.01738595043065162
86	75	0.01738595043065162
87	75	0.01738595043065162
104	75	0.01738595043065162
63	225	0.01738595043065162
65	225	0.01738595043065162
79	225	0.01738595043065162
80	225	0.01738595043065162
81	225	0.01738595043065162
83	225	0.01738595043065162
84	225	0.01738595043065162
68	225	0.01738595043065162
69	225	0.01738595043065162
56	225	0.01738595043065162
57	225	0.01738595043065162
58	225	0.01738595043065162
73	225	0.01738595043065162
62	225	0.01738595043065162
109	224	0.01738595043065162
100	224	0.01738595043065162
101	224	0.01738595043065162
66	225	0.01738595043065162
67	225	0.01738595043065162
106	224	0.01738595043065162
107	224	0.01738595043065162
45	225	0.01738595043065162
46	225	0.01738595043065162
47	225	0.01738595043065162
8	225	0.01738595043065162
10	225	0.01738595043065162
101	225	0.01738595043065162
104	225	0.01738595043065162
106	225	0.01738595043065162
107	225	0.01738595043065162
109	225	0.01738595043065162
95	225	0.01738595043065162
96	225	0.01738595043065162
97	225	0.01738595043065162
98	225	0.01738595043065162
100	225	0.01738595043065162
78	225	0.01738595043065162
86	225	0.01738595043065162
87	225	0.01738595043065162
89	225	0.01738595043065162
90	225	0.01738595043065162
70	225	0.01738595043065162
22	225	0.01738595043065162
26	225	0.01738595043065162
15	226	0.01738595043065162
31	226	0.01738595043065162
32	226	0.01738595043065162
33	226	0.01738595043065162
22	226	0.01738595043065162
45	226	0.01738595043065162
6	226	0.01738595043065162
8	226	0.01738595043065162
26	226	0.01738595043065162
14	226	0.01738595043065162
13	226	0.01738595043065162
63	226	0.01738595043065162
65	226	0.01738595043065162
66	226	0.01738595043065162
17	226	0.01738595043065162
18	226	0.01738595043065162
19	226	0.01738595043065162
59	225	0.01738595043065162
60	225	0.01738595043065162
61	225	0.01738595043065162
4	226	0.01738595043065162
10	226	0.01738595043065162
12	226	0.01738595043065162
95	313	0.01738595043065162
96	313	0.01738595043065162
97	313	0.01738595043065162
98	313	0.01738595043065162
86	313	0.01738595043065162
87	313	0.01738595043065162
89	313	0.01738595043065162
90	313	0.01738595043065162
78	313	0.01738595043065162
104	313	0.01738595043065162
106	313	0.01738595043065162
81	313	0.01738595043065162
22	314	0.01738595043065162
26	314	0.01738595043065162
83	313	0.01738595043065162
84	313	0.01738595043065162
46	226	0.01738595043065162
95	226	0.01738595043065162
96	226	0.01738595043065162
97	226	0.01738595043065162
98	226	0.01738595043065162
19	314	0.01738595043065162
79	313	0.01738595043065162
80	313	0.01738595043065162
78	226	0.01738595043065162
67	75	0.01738595043065162
68	75	0.01738595043065162
69	75	0.01738595043065162
70	75	0.01738595043065162
86	226	0.01738595043065162
73	226	0.01738595043065162
67	226	0.01738595043065162
68	226	0.01738595043065162
69	226	0.01738595043065162
70	226	0.01738595043065162
56	226	0.01738595043065162
57	226	0.01738595043065162
58	226	0.01738595043065162
59	226	0.01738595043065162
60	226	0.01738595043065162
61	226	0.01738595043065162
62	226	0.01738595043065162
47	226	0.01738595043065162
48	226	0.01738595043065162
49	226	0.01738595043065162
40	314	0.01738595043065162
41	314	0.01738595043065162
100	226	0.01738595043065162
40	226	0.01738595043065162
41	226	0.01738595043065162
43	226	0.01738595043065162
44	226	0.01738595043065162
48	75	0.01738595043065162
49	75	0.01738595043065162
15	227	0.01738595043065162
66	75	0.01738595043065162
56	75	0.01738595043065162
22	227	0.01738595043065162
8	227	0.01738595043065162
10	227	0.01738595043065162
12	227	0.01738595043065162
44	75	0.01738595043065162
45	75	0.01738595043065162
46	75	0.01738595043065162
47	75	0.01738595043065162
87	226	0.01738595043065162
89	226	0.01738595043065162
90	226	0.01738595043065162
17	227	0.01738595043065162
18	227	0.01738595043065162
19	227	0.01738595043065162
79	226	0.01738595043065162
80	226	0.01738595043065162
81	226	0.01738595043065162
83	226	0.01738595043065162
84	226	0.01738595043065162
101	226	0.01738595043065162
40	227	0.01738595043065162
6	227	0.01738595043065162
104	226	0.01738595043065162
106	226	0.01738595043065162
47	227	0.01738595043065162
31	227	0.01738595043065162
32	227	0.01738595043065162
109	226	0.01738595043065162
48	227	0.01738595043065162
49	227	0.01738595043065162
63	75	0.01738595043065162
65	75	0.01738595043065162
41	227	0.01738595043065162
43	227	0.01738595043065162
44	227	0.01738595043065162
45	227	0.01738595043065162
46	227	0.01738595043065162
57	75	0.01738595043065162
58	75	0.01738595043065162
43	75	0.01738595043065162
73	75	0.01738595043065162
59	75	0.01738595043065162
60	75	0.01738595043065162
61	75	0.01738595043065162
62	75	0.01738595043065162
81	227	0.01738595043065162
83	227	0.01738595043065162
84	227	0.01738595043065162
33	227	0.01738595043065162
78	227	0.01738595043065162
79	227	0.01738595043065162
65	227	0.01738595043065162
66	227	0.01738595043065162
80	227	0.01738595043065162
69	227	0.01738595043065162
70	227	0.01738595043065162
56	227	0.01738595043065162
57	227	0.01738595043065162
58	227	0.01738595043065162
86	227	0.01738595043065162
87	227	0.01738595043065162
73	227	0.01738595043065162
107	226	0.01738595043065162
13	227	0.01738595043065162
14	227	0.01738595043065162
4	227	0.01738595043065162
67	227	0.01738595043065162
68	227	0.01738595043065162
61	227	0.01738595043065162
62	227	0.01738595043065162
63	227	0.01738595043065162
4	228	0.01738595043065162
40	228	0.01738595043065162
6	228	0.01738595043065162
104	227	0.01738595043065162
106	227	0.01738595043065162
107	227	0.01738595043065162
109	227	0.01738595043065162
59	227	0.01738595043065162
60	227	0.01738595043065162
96	227	0.01738595043065162
97	227	0.01738595043065162
98	227	0.01738595043065162
100	227	0.01738595043065162
101	227	0.01738595043065162
26	227	0.01738595043065162
89	227	0.01738595043065162
90	227	0.01738595043065162
95	227	0.01738595043065162
12	314	0.01738595043065162
13	314	0.01738595043065162
14	314	0.01738595043065162
15	314	0.01738595043065162
17	314	0.01738595043065162
18	314	0.01738595043065162
10	75	0.01738595043065162
62	313	0.01738595043065162
63	313	0.01738595043065162
65	313	0.01738595043065162
66	313	0.01738595043065162
56	313	0.01738595043065162
57	313	0.01738595043065162
58	313	0.01738595043065162
43	313	0.01738595043065162
44	313	0.01738595043065162
45	313	0.01738595043065162
46	313	0.01738595043065162
47	313	0.01738595043065162
41	228	0.01738595043065162
26	228	0.01738595043065162
48	313	0.01738595043065162
49	313	0.01738595043065162
56	228	0.01738595043065162
57	228	0.01738595043065162
58	228	0.01738595043065162
59	228	0.01738595043065162
43	228	0.01738595043065162
73	228	0.01738595043065162
60	228	0.01738595043065162
40	75	0.01738595043065162
41	75	0.01738595043065162
31	75	0.01738595043065162
67	228	0.01738595043065162
33	75	0.01738595043065162
18	75	0.01738595043065162
19	75	0.01738595043065162
22	75	0.01738595043065162
26	75	0.01738595043065162
12	75	0.01738595043065162
13	75	0.01738595043065162
14	75	0.01738595043065162
15	75	0.01738595043065162
17	75	0.01738595043065162
33	228	0.01738595043065162
32	75	0.01738595043065162
90	228	0.01738595043065162
78	228	0.01738595043065162
79	228	0.01738595043065162
80	228	0.01738595043065162
81	228	0.01738595043065162
83	228	0.01738595043065162
95	228	0.01738595043065162
17	228	0.01738595043065162
18	228	0.01738595043065162
19	228	0.01738595043065162
22	228	0.01738595043065162
8	228	0.01738595043065162
87	228	0.01738595043065162
89	228	0.01738595043065162
13	228	0.01738595043065162
14	228	0.01738595043065162
15	228	0.01738595043065162
68	228	0.01738595043065162
69	228	0.01738595043065162
70	228	0.01738595043065162
31	228	0.01738595043065162
32	228	0.01738595043065162
61	228	0.01738595043065162
62	228	0.01738595043065162
63	228	0.01738595043065162
65	228	0.01738595043065162
66	228	0.01738595043065162
10	228	0.01738595043065162
12	228	0.01738595043065162
26	229	0.01738595043065162
12	229	0.01738595043065162
13	229	0.01738595043065162
14	229	0.01738595043065162
15	229	0.01738595043065162
104	74	0.01738595043065162
90	74	0.01738595043065162
46	228	0.01738595043065162
47	228	0.01738595043065162
48	228	0.01738595043065162
49	228	0.01738595043065162
100	228	0.01738595043065162
22	229	0.01738595043065162
104	228	0.01738595043065162
106	228	0.01738595043065162
107	228	0.01738595043065162
44	228	0.01738595043065162
45	228	0.01738595043065162
96	228	0.01738595043065162
97	228	0.01738595043065162
98	228	0.01738595043065162
84	228	0.01738595043065162
86	228	0.01738595043065162
101	228	0.01738595043065162
56	229	0.01738595043065162
57	229	0.01738595043065162
58	229	0.01738595043065162
59	229	0.01738595043065162
60	229	0.01738595043065162
61	229	0.01738595043065162
46	229	0.01738595043065162
47	229	0.01738595043065162
8	75	0.01738595043065162
106	74	0.01738595043065162
107	74	0.01738595043065162
48	229	0.01738595043065162
49	229	0.01738595043065162
98	74	0.01738595043065162
100	74	0.01738595043065162
101	74	0.01738595043065162
4	75	0.01738595043065162
6	75	0.01738595043065162
95	74	0.01738595043065162
96	74	0.01738595043065162
97	74	0.01738595043065162
109	74	0.01738595043065162
80	229	0.01738595043065162
81	229	0.01738595043065162
31	229	0.01738595043065162
32	229	0.01738595043065162
33	229	0.01738595043065162
86	229	0.01738595043065162
87	229	0.01738595043065162
70	229	0.01738595043065162
73	229	0.01738595043065162
89	229	0.01738595043065162
90	229	0.01738595043065162
78	229	0.01738595043065162
79	229	0.01738595043065162
4	229	0.01738595043065162
6	229	0.01738595043065162
8	229	0.01738595043065162
83	229	0.01738595043065162
84	229	0.01738595043065162
10	229	0.01738595043065162
109	228	0.01738595043065162
17	229	0.01738595043065162
18	229	0.01738595043065162
19	229	0.01738595043065162
13	230	0.01738595043065162
62	229	0.01738595043065162
63	229	0.01738595043065162
65	229	0.01738595043065162
66	229	0.01738595043065162
104	229	0.01738595043065162
106	229	0.01738595043065162
6	230	0.01738595043065162
8	230	0.01738595043065162
10	230	0.01738595043065162
12	230	0.01738595043065162
109	229	0.01738595043065162
95	229	0.01738595043065162
96	229	0.01738595043065162
97	229	0.01738595043065162
98	229	0.01738595043065162
4	230	0.01738595043065162
40	229	0.01738595043065162
41	229	0.01738595043065162
43	229	0.01738595043065162
44	229	0.01738595043065162
45	229	0.01738595043065162
107	229	0.01738595043065162
22	230	0.01738595043065162
100	229	0.01738595043065162
101	229	0.01738595043065162
40	230	0.01738595043065162
41	230	0.01738595043065162
43	230	0.01738595043065162
15	230	0.01738595043065162
17	230	0.01738595043065162
18	230	0.01738595043065162
46	230	0.01738595043065162
31	230	0.01738595043065162
32	230	0.01738595043065162
33	230	0.01738595043065162
86	74	0.01738595043065162
87	74	0.01738595043065162
26	230	0.01738595043065162
14	230	0.01738595043065162
67	229	0.01738595043065162
68	229	0.01738595043065162
69	229	0.01738595043065162
19	230	0.01738595043065162
81	74	0.01738595043065162
83	74	0.01738595043065162
84	74	0.01738595043065162
89	74	0.01738595043065162
73	74	0.01738595043065162
78	74	0.01738595043065162
79	74	0.01738595043065162
80	74	0.01738595043065162
65	74	0.01738595043065162
66	74	0.01738595043065162
67	74	0.01738595043065162
63	230	0.01738595043065162
68	74	0.01738595043065162
69	74	0.01738595043065162
70	74	0.01738595043065162
57	74	0.01738595043065162
58	74	0.01738595043065162
59	74	0.01738595043065162
60	74	0.01738595043065162
70	230	0.01738595043065162
61	74	0.01738595043065162
62	74	0.01738595043065162
63	74	0.01738595043065162
73	230	0.01738595043065162
78	230	0.01738595043065162
44	230	0.01738595043065162
45	230	0.01738595043065162
65	230	0.01738595043065162
66	230	0.01738595043065162
67	230	0.01738595043065162
68	230	0.01738595043065162
69	230	0.01738595043065162
104	230	0.01738595043065162
56	230	0.01738595043065162
57	230	0.01738595043065162
58	230	0.01738595043065162
109	230	0.01738595043065162
95	230	0.01738595043065162
96	230	0.01738595043065162
97	230	0.01738595043065162
98	230	0.01738595043065162
100	230	0.01738595043065162
48	230	0.01738595043065162
49	230	0.01738595043065162
13	313	0.01738595043065162
14	313	0.01738595043065162
15	313	0.01738595043065162
100	313	0.01738595043065162
101	313	0.01738595043065162
106	230	0.01738595043065162
107	230	0.01738595043065162
101	230	0.01738595043065162
87	230	0.01738595043065162
89	230	0.01738595043065162
90	230	0.01738595043065162
61	313	0.01738595043065162
10	313	0.01738595043065162
12	313	0.01738595043065162
56	74	0.01738595043065162
41	74	0.01738595043065162
79	230	0.01738595043065162
80	230	0.01738595043065162
81	230	0.01738595043065162
83	230	0.01738595043065162
48	74	0.01738595043065162
33	74	0.01738595043065162
86	230	0.01738595043065162
49	74	0.01738595043065162
43	74	0.01738595043065162
44	74	0.01738595043065162
45	74	0.01738595043065162
46	74	0.01738595043065162
47	74	0.01738595043065162
59	230	0.01738595043065162
60	230	0.01738595043065162
61	230	0.01738595043065162
62	230	0.01738595043065162
47	230	0.01738595043065162
40	74	0.01738595043065162
26	74	0.01738595043065162
14	231	0.01738595043065162
31	74	0.01738595043065162
32	74	0.01738595043065162
26	231	0.01738595043065162
15	231	0.01738595043065162
60	231	0.01738595043065162
61	231	0.01738595043065162
19	231	0.01738595043065162
22	231	0.01738595043065162
8	231	0.01738595043065162
10	231	0.01738595043065162
12	231	0.01738595043065162
13	231	0.01738595043065162
40	231	0.01738595043065162
41	231	0.01738595043065162
4	231	0.01738595043065162
6	231	0.01738595043065162
57	231	0.01738595043065162
58	231	0.01738595043065162
59	231	0.01738595043065162
84	230	0.01738595043065162
62	231	0.01738595043065162
63	231	0.01738595043065162
48	231	0.01738595043065162
49	231	0.01738595043065162
56	231	0.01738595043065162
10	74	0.01738595043065162
43	231	0.01738595043065162
44	231	0.01738595043065162
45	231	0.01738595043065162
46	231	0.01738595043065162
47	231	0.01738595043065162
31	231	0.01738595043065162
32	231	0.01738595043065162
17	74	0.01738595043065162
18	74	0.01738595043065162
19	74	0.01738595043065162
22	74	0.01738595043065162
8	74	0.01738595043065162
95	231	0.01738595043065162
96	231	0.01738595043065162
12	74	0.01738595043065162
13	74	0.01738595043065162
14	74	0.01738595043065162
15	74	0.01738595043065162
4	74	0.01738595043065162
17	231	0.01738595043065162
18	231	0.01738595043065162
6	74	0.01738595043065162
89	231	0.01738595043065162
90	231	0.01738595043065162
84	231	0.01738595043065162
86	231	0.01738595043065162
87	231	0.01738595043065162
73	231	0.01738595043065162
78	231	0.01738595043065162
79	231	0.01738595043065162
65	231	0.01738595043065162
66	231	0.01738595043065162
67	231	0.01738595043065162
68	231	0.01738595043065162
69	231	0.01738595043065162
70	231	0.01738595043065162
81	231	0.01738595043065162
83	231	0.01738595043065162
15	232	0.01738595043065162
80	231	0.01738595043065162
33	231	0.01738595043065162
10	232	0.01738595043065162
12	232	0.01738595043065162
13	232	0.01738595043065162
14	232	0.01738595043065162
41	232	0.01738595043065162
104	231	0.01738595043065162
44	232	0.01738595043065162
45	232	0.01738595043065162
46	232	0.01738595043065162
47	232	0.01738595043065162
48	232	0.01738595043065162
49	232	0.01738595043065162
8	313	0.01738595043065162
67	313	0.01738595043065162
68	313	0.01738595043065162
69	313	0.01738595043065162
70	313	0.01738595043065162
73	313	0.01738595043065162
59	313	0.01738595043065162
60	313	0.01738595043065162
41	313	0.01738595043065162
26	313	0.01738595043065162
4	313	0.01738595043065162
6	313	0.01738595043065162
40	232	0.01738595043065162
22	313	0.01738595043065162
33	313	0.01738595043065162
40	313	0.01738595043065162
78	232	0.01738595043065162
18	232	0.01738595043065162
79	232	0.01738595043065162
80	232	0.01738595043065162
81	232	0.01738595043065162
83	232	0.01738595043065162
68	232	0.01738595043065162
69	232	0.01738595043065162
70	232	0.01738595043065162
17	232	0.01738595043065162
4	232	0.01738595043065162
6	232	0.01738595043065162
8	232	0.01738595043065162
106	231	0.01738595043065162
107	231	0.01738595043065162
109	231	0.01738595043065162
97	231	0.01738595043065162
98	231	0.01738595043065162
100	231	0.01738595043065162
101	231	0.01738595043065162
100	232	0.01738595043065162
101	232	0.01738595043065162
66	232	0.01738595043065162
67	232	0.01738595043065162
56	232	0.01738595043065162
57	232	0.01738595043065162
106	232	0.01738595043065162
107	232	0.01738595043065162
109	232	0.01738595043065162
31	232	0.01738595043065162
32	232	0.01738595043065162
33	232	0.01738595043065162
104	232	0.01738595043065162
19	232	0.01738595043065162
22	232	0.01738595043065162
43	232	0.01738595043065162
26	232	0.01738595043065162
12	233	0.01738595043065162
13	233	0.01738595043065162
89	232	0.01738595043065162
90	232	0.01738595043065162
31	233	0.01738595043065162
32	233	0.01738595043065162
33	233	0.01738595043065162
6	233	0.01738595043065162
22	233	0.01738595043065162
26	233	0.01738595043065162
65	232	0.01738595043065162
14	233	0.01738595043065162
15	233	0.01738595043065162
17	233	0.01738595043065162
18	233	0.01738595043065162
19	233	0.01738595043065162
4	233	0.01738595043065162
58	232	0.01738595043065162
59	232	0.01738595043065162
73	232	0.01738595043065162
60	232	0.01738595043065162
61	232	0.01738595043065162
62	232	0.01738595043065162
63	232	0.01738595043065162
69	233	0.01738595043065162
56	233	0.01738595043065162
57	233	0.01738595043065162
58	233	0.01738595043065162
59	233	0.01738595043065162
60	233	0.01738595043065162
8	233	0.01738595043065162
61	233	0.01738595043065162
46	233	0.01738595043065162
47	233	0.01738595043065162
48	233	0.01738595043065162
49	233	0.01738595043065162
68	233	0.01738595043065162
87	232	0.01738595043065162
40	233	0.01738595043065162
41	233	0.01738595043065162
43	233	0.01738595043065162
44	233	0.01738595043065162
45	233	0.01738595043065162
109	72	0.01738595043065162
95	232	0.01738595043065162
96	232	0.01738595043065162
97	232	0.01738595043065162
98	232	0.01738595043065162
84	232	0.01738595043065162
86	232	0.01738595043065162
96	72	0.01738595043065162
97	72	0.01738595043065162
98	72	0.01738595043065162
100	72	0.01738595043065162
101	72	0.01738595043065162
89	72	0.01738595043065162
90	72	0.01738595043065162
95	233	0.01738595043065162
95	72	0.01738595043065162
97	233	0.01738595043065162
98	233	0.01738595043065162
100	233	0.01738595043065162
101	233	0.01738595043065162
86	233	0.01738595043065162
87	233	0.01738595043065162
86	72	0.01738595043065162
87	72	0.01738595043065162
10	233	0.01738595043065162
62	233	0.01738595043065162
63	233	0.01738595043065162
65	233	0.01738595043065162
66	233	0.01738595043065162
67	233	0.01738595043065162
96	233	0.01738595043065162
78	233	0.01738595043065162
79	233	0.01738595043065162
80	233	0.01738595043065162
81	233	0.01738595043065162
84	233	0.01738595043065162
70	233	0.01738595043065162
73	233	0.01738595043065162
89	233	0.01738595043065162
90	233	0.01738595043065162
78	72	0.01738595043065162
79	72	0.01738595043065162
83	233	0.01738595043065162
104	72	0.01738595043065162
106	72	0.01738595043065162
107	72	0.01738595043065162
104	233	0.01738595043065162
106	233	0.01738595043065162
107	233	0.01738595043065162
109	233	0.01738595043065162
67	72	0.01738595043065162
68	72	0.01738595043065162
56	72	0.01738595043065162
57	72	0.01738595043065162
58	72	0.01738595043065162
14	16	0.01738595043065162
15	16	0.01738595043065162
31	313	0.01738595043065162
32	313	0.01738595043065162
17	313	0.01738595043065162
18	313	0.01738595043065162
19	313	0.01738595043065162
6	16	0.01738595043065162
22	16	0.01738595043065162
26	16	0.01738595043065162
12	16	0.01738595043065162
13	16	0.01738595043065162
8	16	0.01738595043065162
10	16	0.01738595043065162
17	16	0.01738595043065162
18	16	0.01738595043065162
4	16	0.01738595043065162
43	72	0.01738595043065162
44	72	0.01738595043065162
31	72	0.01738595043065162
32	72	0.01738595043065162
47	72	0.01738595043065162
48	72	0.01738595043065162
22	72	0.01738595043065162
26	72	0.01738595043065162
40	72	0.01738595043065162
41	72	0.01738595043065162
66	72	0.01738595043065162
80	72	0.01738595043065162
81	72	0.01738595043065162
83	72	0.01738595043065162
84	72	0.01738595043065162
69	72	0.01738595043065162
70	72	0.01738595043065162
33	72	0.01738595043065162
59	72	0.01738595043065162
60	72	0.01738595043065162
73	72	0.01738595043065162
61	72	0.01738595043065162
62	72	0.01738595043065162
63	72	0.01738595043065162
65	72	0.01738595043065162
107	71	0.01738595043065162
109	71	0.01738595043065162
12	72	0.01738595043065162
13	72	0.01738595043065162
14	72	0.01738595043065162
15	72	0.01738595043065162
17	72	0.01738595043065162
18	72	0.01738595043065162
104	71	0.01738595043065162
4	72	0.01738595043065162
6	72	0.01738595043065162
8	72	0.01738595043065162
10	72	0.01738595043065162
106	71	0.01738595043065162
45	72	0.01738595043065162
46	72	0.01738595043065162
98	71	0.01738595043065162
100	71	0.01738595043065162
101	71	0.01738595043065162
49	72	0.01738595043065162
19	72	0.01738595043065162
58	16	0.01738595043065162
59	16	0.01738595043065162
95	71	0.01738595043065162
49	16	0.01738595043065162
66	16	0.01738595043065162
67	16	0.01738595043065162
56	16	0.01738595043065162
57	16	0.01738595043065162
41	16	0.01738595043065162
43	16	0.01738595043065162
44	16	0.01738595043065162
45	16	0.01738595043065162
46	16	0.01738595043065162
47	16	0.01738595043065162
48	16	0.01738595043065162
90	71	0.01738595043065162
19	16	0.01738595043065162
40	16	0.01738595043065162
69	71	0.01738595043065162
70	71	0.01738595043065162
73	71	0.01738595043065162
58	71	0.01738595043065162
12	236	0.01738595043065162
13	236	0.01738595043065162
14	236	0.01738595043065162
15	236	0.01738595043065162
17	236	0.01738595043065162
18	236	0.01738595043065162
86	71	0.01738595043065162
87	71	0.01738595043065162
6	236	0.01738595043065162
8	236	0.01738595043065162
10	236	0.01738595043065162
66	71	0.01738595043065162
67	71	0.01738595043065162
68	71	0.01738595043065162
96	71	0.01738595043065162
97	71	0.01738595043065162
83	71	0.01738595043065162
84	71	0.01738595043065162
89	71	0.01738595043065162
78	71	0.01738595043065162
79	71	0.01738595043065162
80	71	0.01738595043065162
81	71	0.01738595043065162
59	236	0.01738595043065162
60	236	0.01738595043065162
46	71	0.01738595043065162
47	71	0.01738595043065162
48	71	0.01738595043065162
49	71	0.01738595043065162
33	71	0.01738595043065162
40	71	0.01738595043065162
41	71	0.01738595043065162
56	236	0.01738595043065162
57	236	0.01738595043065162
58	236	0.01738595043065162
19	236	0.01738595043065162
4	236	0.01738595043065162
22	236	0.01738595043065162
26	236	0.01738595043065162
70	236	0.01738595043065162
33	236	0.01738595043065162
86	236	0.01738595043065162
87	236	0.01738595043065162
89	236	0.01738595043065162
90	236	0.01738595043065162
78	236	0.01738595043065162
79	236	0.01738595043065162
80	236	0.01738595043065162
81	236	0.01738595043065162
83	236	0.01738595043065162
84	236	0.01738595043065162
69	236	0.01738595043065162
45	71	0.01738595043065162
59	71	0.01738595043065162
60	71	0.01738595043065162
61	71	0.01738595043065162
62	71	0.01738595043065162
63	71	0.01738595043065162
65	71	0.01738595043065162
56	71	0.01738595043065162
57	71	0.01738595043065162
43	71	0.01738595043065162
44	71	0.01738595043065162
26	71	0.01738595043065162
101	236	0.01738595043065162
104	236	0.01738595043065162
106	236	0.01738595043065162
107	236	0.01738595043065162
95	236	0.01738595043065162
96	236	0.01738595043065162
97	236	0.01738595043065162
98	236	0.01738595043065162
100	236	0.01738595043065162
32	236	0.01738595043065162
45	236	0.01738595043065162
46	236	0.01738595043065162
47	236	0.01738595043065162
48	236	0.01738595043065162
49	236	0.01738595043065162
40	236	0.01738595043065162
41	236	0.01738595043065162
43	236	0.01738595043065162
44	236	0.01738595043065162
31	236	0.01738595043065162
4	71	0.01738595043065162
6	71	0.01738595043065162
8	71	0.01738595043065162
22	71	0.01738595043065162
10	71	0.01738595043065162
73	236	0.01738595043065162
61	236	0.01738595043065162
62	236	0.01738595043065162
63	236	0.01738595043065162
65	236	0.01738595043065162
66	236	0.01738595043065162
67	236	0.01738595043065162
68	236	0.01738595043065162
109	236	0.01738595043065162
31	71	0.01738595043065162
32	71	0.01738595043065162
17	71	0.01738595043065162
18	71	0.01738595043065162
19	71	0.01738595043065162
12	71	0.01738595043065162
13	71	0.01738595043065162
14	71	0.01738595043065162
15	71	0.01738595043065162
106	69	0.01738595043065162
107	69	0.01738595043065162
109	69	0.01738595043065162
95	69	0.01738595043065162
101	69	0.01738595043065162
104	69	0.01738595043065162
96	69	0.01738595043065162
97	69	0.01738595043065162
98	69	0.01738595043065162
100	69	0.01738595043065162
22	238	0.01738595043065162
10	238	0.01738595043065162
26	238	0.01738595043065162
4	238	0.01738595043065162
31	238	0.01738595043065162
32	238	0.01738595043065162
17	238	0.01738595043065162
18	238	0.01738595043065162
19	238	0.01738595043065162
12	238	0.01738595043065162
13	238	0.01738595043065162
14	238	0.01738595043065162
15	238	0.01738595043065162
6	238	0.01738595043065162
8	238	0.01738595043065162
59	238	0.01738595043065162
60	238	0.01738595043065162
61	238	0.01738595043065162
62	238	0.01738595043065162
63	238	0.01738595043065162
49	238	0.01738595043065162
65	238	0.01738595043065162
66	238	0.01738595043065162
56	238	0.01738595043065162
57	238	0.01738595043065162
41	238	0.01738595043065162
58	238	0.01738595043065162
43	238	0.01738595043065162
44	238	0.01738595043065162
45	238	0.01738595043065162
46	238	0.01738595043065162
47	238	0.01738595043065162
48	238	0.01738595043065162
33	238	0.01738595043065162
40	238	0.01738595043065162
101	311	0.01738595043065162
31	16	0.01738595043065162
32	16	0.01738595043065162
33	16	0.01738595043065162
79	16	0.01738595043065162
80	16	0.01738595043065162
89	16	0.01738595043065162
90	16	0.01738595043065162
107	311	0.01738595043065162
109	311	0.01738595043065162
100	311	0.01738595043065162
68	16	0.01738595043065162
69	16	0.01738595043065162
70	16	0.01738595043065162
73	16	0.01738595043065162
104	311	0.01738595043065162
106	311	0.01738595043065162
78	16	0.01738595043065162
73	238	0.01738595043065162
87	69	0.01738595043065162
89	69	0.01738595043065162
90	69	0.01738595043065162
65	16	0.01738595043065162
81	16	0.01738595043065162
83	16	0.01738595043065162
17	239	0.01738595043065162
18	239	0.01738595043065162
4	239	0.01738595043065162
6	239	0.01738595043065162
8	239	0.01738595043065162
66	69	0.01738595043065162
67	69	0.01738595043065162
95	238	0.01738595043065162
96	238	0.01738595043065162
97	238	0.01738595043065162
98	238	0.01738595043065162
83	238	0.01738595043065162
84	238	0.01738595043065162
86	238	0.01738595043065162
87	238	0.01738595043065162
89	238	0.01738595043065162
90	238	0.01738595043065162
78	238	0.01738595043065162
79	238	0.01738595043065162
80	238	0.01738595043065162
81	238	0.01738595043065162
67	238	0.01738595043065162
68	238	0.01738595043065162
69	238	0.01738595043065162
70	238	0.01738595043065162
41	239	0.01738595043065162
43	239	0.01738595043065162
45	239	0.01738595043065162
46	239	0.01738595043065162
47	239	0.01738595043065162
48	239	0.01738595043065162
78	69	0.01738595043065162
79	69	0.01738595043065162
80	69	0.01738595043065162
81	69	0.01738595043065162
83	69	0.01738595043065162
84	69	0.01738595043065162
40	239	0.01738595043065162
70	69	0.01738595043065162
73	69	0.01738595043065162
62	69	0.01738595043065162
63	69	0.01738595043065162
65	69	0.01738595043065162
68	69	0.01738595043065162
69	69	0.01738595043065162
12	239	0.01738595043065162
13	239	0.01738595043065162
14	239	0.01738595043065162
15	239	0.01738595043065162
86	69	0.01738595043065162
83	239	0.01738595043065162
68	239	0.01738595043065162
69	239	0.01738595043065162
70	239	0.01738595043065162
26	239	0.01738595043065162
78	239	0.01738595043065162
60	239	0.01738595043065162
61	239	0.01738595043065162
62	239	0.01738595043065162
63	239	0.01738595043065162
65	239	0.01738595043065162
81	239	0.01738595043065162
44	239	0.01738595043065162
10	239	0.01738595043065162
107	238	0.01738595043065162
109	238	0.01738595043065162
73	239	0.01738595043065162
49	239	0.01738595043065162
100	238	0.01738595043065162
101	238	0.01738595043065162
104	238	0.01738595043065162
106	238	0.01738595043065162
59	239	0.01738595043065162
109	239	0.01738595043065162
100	239	0.01738595043065162
101	239	0.01738595043065162
86	239	0.01738595043065162
87	239	0.01738595043065162
104	239	0.01738595043065162
106	239	0.01738595043065162
107	239	0.01738595043065162
22	239	0.01738595043065162
95	239	0.01738595043065162
96	239	0.01738595043065162
97	239	0.01738595043065162
98	239	0.01738595043065162
84	239	0.01738595043065162
79	239	0.01738595043065162
80	239	0.01738595043065162
31	239	0.01738595043065162
32	239	0.01738595043065162
33	239	0.01738595043065162
19	239	0.01738595043065162
22	240	0.01738595043065162
26	240	0.01738595043065162
89	239	0.01738595043065162
90	239	0.01738595043065162
14	240	0.01738595043065162
15	240	0.01738595043065162
17	240	0.01738595043065162
18	240	0.01738595043065162
19	240	0.01738595043065162
32	240	0.01738595043065162
33	240	0.01738595043065162
6	240	0.01738595043065162
8	240	0.01738595043065162
10	240	0.01738595043065162
62	240	0.01738595043065162
12	240	0.01738595043065162
13	240	0.01738595043065162
66	239	0.01738595043065162
67	239	0.01738595043065162
56	239	0.01738595043065162
57	239	0.01738595043065162
58	239	0.01738595043065162
4	240	0.01738595043065162
45	240	0.01738595043065162
63	240	0.01738595043065162
65	240	0.01738595043065162
66	240	0.01738595043065162
67	240	0.01738595043065162
68	240	0.01738595043065162
69	240	0.01738595043065162
56	240	0.01738595043065162
57	240	0.01738595043065162
58	240	0.01738595043065162
59	240	0.01738595043065162
60	240	0.01738595043065162
61	240	0.01738595043065162
57	69	0.01738595043065162
58	69	0.01738595043065162
46	240	0.01738595043065162
47	240	0.01738595043065162
48	240	0.01738595043065162
49	240	0.01738595043065162
31	240	0.01738595043065162
40	240	0.01738595043065162
41	240	0.01738595043065162
43	240	0.01738595043065162
44	240	0.01738595043065162
56	69	0.01738595043065162
46	69	0.01738595043065162
47	69	0.01738595043065162
48	69	0.01738595043065162
49	69	0.01738595043065162
8	241	0.01738595043065162
10	241	0.01738595043065162
12	241	0.01738595043065162
40	69	0.01738595043065162
41	69	0.01738595043065162
43	69	0.01738595043065162
44	69	0.01738595043065162
59	69	0.01738595043065162
60	69	0.01738595043065162
61	69	0.01738595043065162
31	69	0.01738595043065162
32	69	0.01738595043065162
33	69	0.01738595043065162
95	240	0.01738595043065162
96	240	0.01738595043065162
97	240	0.01738595043065162
98	240	0.01738595043065162
100	240	0.01738595043065162
101	240	0.01738595043065162
86	240	0.01738595043065162
87	240	0.01738595043065162
45	69	0.01738595043065162
61	16	0.01738595043065162
62	16	0.01738595043065162
63	16	0.01738595043065162
4	241	0.01738595043065162
14	241	0.01738595043065162
15	241	0.01738595043065162
17	241	0.01738595043065162
104	16	0.01738595043065162
67	311	0.01738595043065162
68	311	0.01738595043065162
69	311	0.01738595043065162
70	311	0.01738595043065162
73	311	0.01738595043065162
109	16	0.01738595043065162
60	16	0.01738595043065162
95	16	0.01738595043065162
96	16	0.01738595043065162
100	16	0.01738595043065162
101	16	0.01738595043065162
13	241	0.01738595043065162
106	16	0.01738595043065162
107	16	0.01738595043065162
22	69	0.01738595043065162
43	241	0.01738595043065162
44	241	0.01738595043065162
45	241	0.01738595043065162
46	241	0.01738595043065162
31	241	0.01738595043065162
32	241	0.01738595043065162
80	240	0.01738595043065162
22	241	0.01738595043065162
26	241	0.01738595043065162
70	240	0.01738595043065162
73	240	0.01738595043065162
89	240	0.01738595043065162
90	240	0.01738595043065162
78	240	0.01738595043065162
79	240	0.01738595043065162
18	241	0.01738595043065162
19	241	0.01738595043065162
6	241	0.01738595043065162
81	240	0.01738595043065162
83	240	0.01738595043065162
84	240	0.01738595043065162
4	69	0.01738595043065162
81	241	0.01738595043065162
83	241	0.01738595043065162
84	241	0.01738595043065162
47	241	0.01738595043065162
86	241	0.01738595043065162
87	241	0.01738595043065162
73	241	0.01738595043065162
78	241	0.01738595043065162
79	241	0.01738595043065162
80	241	0.01738595043065162
41	241	0.01738595043065162
104	240	0.01738595043065162
106	240	0.01738595043065162
107	240	0.01738595043065162
109	240	0.01738595043065162
33	241	0.01738595043065162
48	241	0.01738595043065162
49	241	0.01738595043065162
40	241	0.01738595043065162
106	241	0.01738595043065162
107	241	0.01738595043065162
109	241	0.01738595043065162
97	241	0.01738595043065162
98	241	0.01738595043065162
100	241	0.01738595043065162
101	241	0.01738595043065162
58	241	0.01738595043065162
104	241	0.01738595043065162
89	241	0.01738595043065162
90	241	0.01738595043065162
95	241	0.01738595043065162
26	69	0.01738595043065162
14	69	0.01738595043065162
15	69	0.01738595043065162
17	69	0.01738595043065162
18	69	0.01738595043065162
19	69	0.01738595043065162
6	69	0.01738595043065162
8	69	0.01738595043065162
10	69	0.01738595043065162
12	69	0.01738595043065162
13	69	0.01738595043065162
78	68	0.01738595043065162
79	68	0.01738595043065162
80	68	0.01738595043065162
95	68	0.01738595043065162
96	68	0.01738595043065162
97	68	0.01738595043065162
98	68	0.01738595043065162
84	68	0.01738595043065162
87	68	0.01738595043065162
89	68	0.01738595043065162
90	68	0.01738595043065162
67	241	0.01738595043065162
68	241	0.01738595043065162
69	241	0.01738595043065162
70	241	0.01738595043065162
56	241	0.01738595043065162
57	241	0.01738595043065162
81	68	0.01738595043065162
83	68	0.01738595043065162
59	241	0.01738595043065162
60	241	0.01738595043065162
61	241	0.01738595043065162
62	241	0.01738595043065162
63	241	0.01738595043065162
65	241	0.01738595043065162
66	241	0.01738595043065162
96	311	0.01738595043065162
97	311	0.01738595043065162
98	311	0.01738595043065162
83	311	0.01738595043065162
84	311	0.01738595043065162
47	311	0.01738595043065162
48	311	0.01738595043065162
49	311	0.01738595043065162
81	311	0.01738595043065162
95	311	0.01738595043065162
107	68	0.01738595043065162
109	68	0.01738595043065162
70	68	0.01738595043065162
100	68	0.01738595043065162
101	68	0.01738595043065162
86	68	0.01738595043065162
96	241	0.01738595043065162
104	68	0.01738595043065162
106	68	0.01738595043065162
68	68	0.01738595043065162
69	68	0.01738595043065162
56	68	0.01738595043065162
57	68	0.01738595043065162
58	68	0.01738595043065162
86	16	0.01738595043065162
87	16	0.01738595043065162
61	68	0.01738595043065162
46	68	0.01738595043065162
47	68	0.01738595043065162
48	68	0.01738595043065162
49	68	0.01738595043065162
41	311	0.01738595043065162
43	311	0.01738595043065162
44	311	0.01738595043065162
45	311	0.01738595043065162
46	311	0.01738595043065162
97	16	0.01738595043065162
98	16	0.01738595043065162
84	16	0.01738595043065162
32	311	0.01738595043065162
33	311	0.01738595043065162
40	311	0.01738595043065162
56	311	0.01738595043065162
57	311	0.01738595043065162
58	311	0.01738595043065162
18	68	0.01738595043065162
19	68	0.01738595043065162
67	68	0.01738595043065162
59	68	0.01738595043065162
60	68	0.01738595043065162
73	68	0.01738595043065162
62	68	0.01738595043065162
63	68	0.01738595043065162
65	68	0.01738595043065162
66	68	0.01738595043065162
87	311	0.01738595043065162
89	311	0.01738595043065162
90	311	0.01738595043065162
78	311	0.01738595043065162
79	311	0.01738595043065162
80	311	0.01738595043065162
26	68	0.01738595043065162
18	17	0.01738595043065162
22	17	0.01738595043065162
26	17	0.01738595043065162
86	311	0.01738595043065162
10	17	0.01738595043065162
12	17	0.01738595043065162
13	17	0.01738595043065162
14	17	0.01738595043065162
15	17	0.01738595043065162
17	17	0.01738595043065162
19	17	0.01738595043065162
4	17	0.01738595043065162
6	17	0.01738595043065162
8	17	0.01738595043065162
40	68	0.01738595043065162
41	68	0.01738595043065162
43	68	0.01738595043065162
44	68	0.01738595043065162
45	68	0.01738595043065162
32	68	0.01738595043065162
33	68	0.01738595043065162
22	68	0.01738595043065162
12	68	0.01738595043065162
13	68	0.01738595043065162
14	68	0.01738595043065162
15	68	0.01738595043065162
17	68	0.01738595043065162
31	68	0.01738595043065162
97	67	0.01738595043065162
98	67	0.01738595043065162
100	67	0.01738595043065162
101	67	0.01738595043065162
104	67	0.01738595043065162
95	67	0.01738595043065162
96	67	0.01738595043065162
106	67	0.01738595043065162
107	67	0.01738595043065162
4	68	0.01738595043065162
6	68	0.01738595043065162
8	68	0.01738595043065162
10	68	0.01738595043065162
109	67	0.01738595043065162
87	67	0.01738595043065162
84	67	0.01738595043065162
86	67	0.01738595043065162
73	67	0.01738595043065162
59	67	0.01738595043065162
60	67	0.01738595043065162
61	67	0.01738595043065162
62	67	0.01738595043065162
63	67	0.01738595043065162
65	67	0.01738595043065162
66	67	0.01738595043065162
43	67	0.01738595043065162
44	67	0.01738595043065162
45	67	0.01738595043065162
49	67	0.01738595043065162
56	67	0.01738595043065162
57	67	0.01738595043065162
58	67	0.01738595043065162
90	67	0.01738595043065162
78	67	0.01738595043065162
79	67	0.01738595043065162
46	67	0.01738595043065162
47	67	0.01738595043065162
48	67	0.01738595043065162
80	67	0.01738595043065162
81	67	0.01738595043065162
83	67	0.01738595043065162
67	67	0.01738595043065162
68	67	0.01738595043065162
69	67	0.01738595043065162
70	67	0.01738595043065162
89	67	0.01738595043065162
31	67	0.01738595043065162
32	67	0.01738595043065162
33	67	0.01738595043065162
19	67	0.01738595043065162
22	67	0.01738595043065162
26	67	0.01738595043065162
12	67	0.01738595043065162
13	67	0.01738595043065162
14	67	0.01738595043065162
15	67	0.01738595043065162
17	67	0.01738595043065162
18	67	0.01738595043065162
4	67	0.01738595043065162
6	67	0.01738595043065162
8	67	0.01738595043065162
10	67	0.01738595043065162
109	65	0.01738595043065162
96	65	0.01738595043065162
97	65	0.01738595043065162
98	65	0.01738595043065162
100	65	0.01738595043065162
40	67	0.01738595043065162
41	67	0.01738595043065162
104	65	0.01738595043065162
106	65	0.01738595043065162
107	65	0.01738595043065162
101	65	0.01738595043065162
89	65	0.01738595043065162
90	65	0.01738595043065162
95	65	0.01738595043065162
80	65	0.01738595043065162
81	65	0.01738595043065162
83	65	0.01738595043065162
84	65	0.01738595043065162
86	65	0.01738595043065162
87	65	0.01738595043065162
73	65	0.01738595043065162
78	65	0.01738595043065162
79	65	0.01738595043065162
65	65	0.01738595043065162
66	65	0.01738595043065162
67	65	0.01738595043065162
68	65	0.01738595043065162
69	65	0.01738595043065162
70	65	0.01738595043065162
56	65	0.01738595043065162
57	65	0.01738595043065162
58	65	0.01738595043065162
59	65	0.01738595043065162
60	65	0.01738595043065162
61	65	0.01738595043065162
59	311	0.01738595043065162
60	311	0.01738595043065162
61	311	0.01738595043065162
62	311	0.01738595043065162
63	311	0.01738595043065162
65	311	0.01738595043065162
66	311	0.01738595043065162
31	311	0.01738595043065162
17	311	0.01738595043065162
18	311	0.01738595043065162
19	311	0.01738595043065162
43	17	0.01738595043065162
44	17	0.01738595043065162
8	311	0.01738595043065162
10	311	0.01738595043065162
12	311	0.01738595043065162
13	311	0.01738595043065162
14	311	0.01738595043065162
15	311	0.01738595043065162
26	311	0.01738595043065162
33	17	0.01738595043065162
22	311	0.01738595043065162
62	65	0.01738595043065162
63	65	0.01738595043065162
32	65	0.01738595043065162
33	65	0.01738595043065162
26	65	0.01738595043065162
31	65	0.01738595043065162
10	65	0.01738595043065162
12	65	0.01738595043065162
13	65	0.01738595043065162
14	65	0.01738595043065162
15	65	0.01738595043065162
6	65	0.01738595043065162
104	64	0.01738595043065162
106	64	0.01738595043065162
107	64	0.01738595043065162
8	65	0.01738595043065162
48	65	0.01738595043065162
49	65	0.01738595043065162
4	65	0.01738595043065162
40	65	0.01738595043065162
41	65	0.01738595043065162
43	65	0.01738595043065162
44	65	0.01738595043065162
45	65	0.01738595043065162
46	65	0.01738595043065162
47	65	0.01738595043065162
84	64	0.01738595043065162
86	64	0.01738595043065162
73	64	0.01738595043065162
78	64	0.01738595043065162
63	64	0.01738595043065162
89	64	0.01738595043065162
66	64	0.01738595043065162
67	64	0.01738595043065162
68	64	0.01738595043065162
69	64	0.01738595043065162
70	64	0.01738595043065162
81	64	0.01738595043065162
83	64	0.01738595043065162
65	64	0.01738595043065162
17	65	0.01738595043065162
18	65	0.01738595043065162
19	65	0.01738595043065162
22	65	0.01738595043065162
46	64	0.01738595043065162
31	64	0.01738595043065162
32	64	0.01738595043065162
33	64	0.01738595043065162
48	64	0.01738595043065162
49	64	0.01738595043065162
15	64	0.01738595043065162
17	64	0.01738595043065162
18	64	0.01738595043065162
44	64	0.01738595043065162
45	64	0.01738595043065162
96	64	0.01738595043065162
97	64	0.01738595043065162
98	64	0.01738595043065162
100	64	0.01738595043065162
101	64	0.01738595043065162
87	64	0.01738595043065162
26	64	0.01738595043065162
90	64	0.01738595043065162
79	64	0.01738595043065162
80	64	0.01738595043065162
109	64	0.01738595043065162
95	64	0.01738595043065162
104	62	0.01738595043065162
106	62	0.01738595043065162
14	64	0.01738595043065162
96	62	0.01738595043065162
97	62	0.01738595043065162
98	62	0.01738595043065162
100	62	0.01738595043065162
101	62	0.01738595043065162
59	64	0.01738595043065162
60	64	0.01738595043065162
61	64	0.01738595043065162
62	64	0.01738595043065162
47	64	0.01738595043065162
107	62	0.01738595043065162
109	62	0.01738595043065162
95	62	0.01738595043065162
40	64	0.01738595043065162
41	64	0.01738595043065162
43	64	0.01738595043065162
56	64	0.01738595043065162
57	64	0.01738595043065162
58	64	0.01738595043065162
87	62	0.01738595043065162
89	62	0.01738595043065162
6	64	0.01738595043065162
8	64	0.01738595043065162
10	64	0.01738595043065162
12	64	0.01738595043065162
13	64	0.01738595043065162
4	64	0.01738595043065162
19	64	0.01738595043065162
22	64	0.01738595043065162
86	62	0.01738595043065162
73	62	0.01738595043065162
78	62	0.01738595043065162
63	62	0.01738595043065162
90	62	0.01738595043065162
65	62	0.01738595043065162
66	62	0.01738595043065162
67	62	0.01738595043065162
68	62	0.01738595043065162
69	62	0.01738595043065162
70	62	0.01738595043065162
79	62	0.01738595043065162
80	62	0.01738595043065162
81	62	0.01738595043065162
83	62	0.01738595043065162
84	62	0.01738595043065162
63	17	0.01738595043065162
4	311	0.01738595043065162
6	311	0.01738595043065162
31	17	0.01738595043065162
66	17	0.01738595043065162
67	17	0.01738595043065162
68	17	0.01738595043065162
56	17	0.01738595043065162
57	17	0.01738595043065162
61	17	0.01738595043065162
62	17	0.01738595043065162
59	17	0.01738595043065162
60	17	0.01738595043065162
45	17	0.01738595043065162
46	17	0.01738595043065162
47	17	0.01738595043065162
48	17	0.01738595043065162
49	17	0.01738595043065162
65	17	0.01738595043065162
33	62	0.01738595043065162
41	17	0.01738595043065162
58	17	0.01738595043065162
62	62	0.01738595043065162
10	62	0.01738595043065162
107	61	0.01738595043065162
109	61	0.01738595043065162
56	62	0.01738595043065162
57	62	0.01738595043065162
58	62	0.01738595043065162
59	62	0.01738595043065162
60	62	0.01738595043065162
61	62	0.01738595043065162
31	62	0.01738595043065162
32	62	0.01738595043065162
46	62	0.01738595043065162
47	62	0.01738595043065162
48	62	0.01738595043065162
49	62	0.01738595043065162
32	17	0.01738595043065162
40	62	0.01738595043065162
41	62	0.01738595043065162
43	62	0.01738595043065162
44	62	0.01738595043065162
45	62	0.01738595043065162
100	61	0.01738595043065162
101	61	0.01738595043065162
14	62	0.01738595043065162
8	62	0.01738595043065162
22	62	0.01738595043065162
26	62	0.01738595043065162
12	62	0.01738595043065162
13	62	0.01738595043065162
15	62	0.01738595043065162
17	62	0.01738595043065162
18	62	0.01738595043065162
19	62	0.01738595043065162
4	62	0.01738595043065162
6	62	0.01738595043065162
32	250	0.01738595043065162
33	250	0.01738595043065162
19	250	0.01738595043065162
22	250	0.01738595043065162
78	61	0.01738595043065162
31	250	0.01738595043065162
56	250	0.01738595043065162
57	250	0.01738595043065162
58	250	0.01738595043065162
59	250	0.01738595043065162
60	250	0.01738595043065162
61	250	0.01738595043065162
62	250	0.01738595043065162
63	250	0.01738595043065162
95	61	0.01738595043065162
96	61	0.01738595043065162
97	61	0.01738595043065162
98	61	0.01738595043065162
67	250	0.01738595043065162
86	61	0.01738595043065162
87	61	0.01738595043065162
89	61	0.01738595043065162
90	61	0.01738595043065162
104	61	0.01738595043065162
106	61	0.01738595043065162
79	61	0.01738595043065162
80	61	0.01738595043065162
81	61	0.01738595043065162
83	61	0.01738595043065162
84	61	0.01738595043065162
98	250	0.01738595043065162
84	250	0.01738595043065162
86	250	0.01738595043065162
87	250	0.01738595043065162
40	250	0.01738595043065162
41	250	0.01738595043065162
89	250	0.01738595043065162
90	250	0.01738595043065162
78	250	0.01738595043065162
79	250	0.01738595043065162
95	250	0.01738595043065162
96	250	0.01738595043065162
97	250	0.01738595043065162
8	250	0.01738595043065162
26	250	0.01738595043065162
10	250	0.01738595043065162
12	250	0.01738595043065162
13	250	0.01738595043065162
14	250	0.01738595043065162
15	250	0.01738595043065162
17	250	0.01738595043065162
65	250	0.01738595043065162
66	250	0.01738595043065162
18	250	0.01738595043065162
4	250	0.01738595043065162
6	250	0.01738595043065162
109	250	0.01738595043065162
12	251	0.01738595043065162
13	251	0.01738595043065162
14	251	0.01738595043065162
15	251	0.01738595043065162
17	251	0.01738595043065162
106	250	0.01738595043065162
107	250	0.01738595043065162
4	251	0.01738595043065162
6	251	0.01738595043065162
8	251	0.01738595043065162
10	251	0.01738595043065162
48	250	0.01738595043065162
49	250	0.01738595043065162
100	250	0.01738595043065162
101	250	0.01738595043065162
104	250	0.01738595043065162
43	250	0.01738595043065162
44	250	0.01738595043065162
45	250	0.01738595043065162
46	250	0.01738595043065162
47	250	0.01738595043065162
41	251	0.01738595043065162
43	251	0.01738595043065162
44	251	0.01738595043065162
31	251	0.01738595043065162
32	251	0.01738595043065162
45	251	0.01738595043065162
22	251	0.01738595043065162
26	251	0.01738595043065162
66	61	0.01738595043065162
40	251	0.01738595043065162
73	250	0.01738595043065162
67	61	0.01738595043065162
68	61	0.01738595043065162
69	61	0.01738595043065162
70	61	0.01738595043065162
73	61	0.01738595043065162
58	61	0.01738595043065162
33	251	0.01738595043065162
18	251	0.01738595043065162
19	251	0.01738595043065162
80	250	0.01738595043065162
81	250	0.01738595043065162
83	250	0.01738595043065162
68	250	0.01738595043065162
69	250	0.01738595043065162
70	250	0.01738595043065162
56	61	0.01738595043065162
57	61	0.01738595043065162
41	61	0.01738595043065162
43	61	0.01738595043065162
44	61	0.01738595043065162
59	61	0.01738595043065162
46	61	0.01738595043065162
47	61	0.01738595043065162
48	61	0.01738595043065162
78	251	0.01738595043065162
79	251	0.01738595043065162
80	251	0.01738595043065162
81	251	0.01738595043065162
84	251	0.01738595043065162
69	251	0.01738595043065162
70	251	0.01738595043065162
73	251	0.01738595043065162
61	251	0.01738595043065162
62	251	0.01738595043065162
63	251	0.01738595043065162
45	61	0.01738595043065162
46	251	0.01738595043065162
47	251	0.01738595043065162
48	251	0.01738595043065162
49	251	0.01738595043065162
83	251	0.01738595043065162
59	251	0.01738595043065162
60	251	0.01738595043065162
109	251	0.01738595043065162
101	251	0.01738595043065162
104	251	0.01738595043065162
65	251	0.01738595043065162
106	251	0.01738595043065162
107	251	0.01738595043065162
95	251	0.01738595043065162
96	251	0.01738595043065162
97	251	0.01738595043065162
58	251	0.01738595043065162
100	251	0.01738595043065162
86	251	0.01738595043065162
87	251	0.01738595043065162
89	251	0.01738595043065162
90	251	0.01738595043065162
60	61	0.01738595043065162
61	61	0.01738595043065162
62	61	0.01738595043065162
63	61	0.01738595043065162
65	61	0.01738595043065162
49	61	0.01738595043065162
98	251	0.01738595043065162
40	61	0.01738595043065162
26	61	0.01738595043065162
81	17	0.01738595043065162
83	17	0.01738595043065162
84	17	0.01738595043065162
69	17	0.01738595043065162
15	53	0.01738595043065162
31	61	0.01738595043065162
32	61	0.01738595043065162
17	61	0.01738595043065162
18	61	0.01738595043065162
33	61	0.01738595043065162
22	61	0.01738595043065162
8	61	0.01738595043065162
10	61	0.01738595043065162
12	61	0.01738595043065162
13	61	0.01738595043065162
14	61	0.01738595043065162
66	251	0.01738595043065162
67	251	0.01738595043065162
68	251	0.01738595043065162
56	251	0.01738595043065162
57	251	0.01738595043065162
15	61	0.01738595043065162
19	61	0.01738595043065162
4	18	0.01738595043065162
101	17	0.01738595043065162
6	18	0.01738595043065162
40	17	0.01738595043065162
96	17	0.01738595043065162
104	17	0.01738595043065162
106	17	0.01738595043065162
107	17	0.01738595043065162
98	17	0.01738595043065162
100	17	0.01738595043065162
86	17	0.01738595043065162
87	17	0.01738595043065162
70	17	0.01738595043065162
89	17	0.01738595043065162
90	17	0.01738595043065162
78	17	0.01738595043065162
79	17	0.01738595043065162
80	17	0.01738595043065162
97	17	0.01738595043065162
4	61	0.01738595043065162
6	61	0.01738595043065162
104	60	0.01738595043065162
4	253	0.01738595043065162
106	60	0.01738595043065162
107	60	0.01738595043065162
109	60	0.01738595043065162
95	60	0.01738595043065162
96	60	0.01738595043065162
97	60	0.01738595043065162
98	60	0.01738595043065162
95	17	0.01738595043065162
100	60	0.01738595043065162
101	60	0.01738595043065162
87	60	0.01738595043065162
89	60	0.01738595043065162
90	60	0.01738595043065162
8	18	0.01738595043065162
10	18	0.01738595043065162
12	18	0.01738595043065162
109	17	0.01738595043065162
73	17	0.01738595043065162
19	18	0.01738595043065162
13	18	0.01738595043065162
14	18	0.01738595043065162
15	18	0.01738595043065162
17	18	0.01738595043065162
18	18	0.01738595043065162
10	253	0.01738595043065162
12	253	0.01738595043065162
13	253	0.01738595043065162
48	18	0.01738595043065162
49	18	0.01738595043065162
40	18	0.01738595043065162
41	18	0.01738595043065162
43	18	0.01738595043065162
44	18	0.01738595043065162
45	18	0.01738595043065162
31	18	0.01738595043065162
32	18	0.01738595043065162
33	18	0.01738595043065162
6	253	0.01738595043065162
8	253	0.01738595043065162
22	18	0.01738595043065162
26	18	0.01738595043065162
59	253	0.01738595043065162
44	253	0.01738595043065162
45	253	0.01738595043065162
46	253	0.01738595043065162
47	253	0.01738595043065162
48	253	0.01738595043065162
49	253	0.01738595043065162
33	253	0.01738595043065162
84	253	0.01738595043065162
40	253	0.01738595043065162
41	253	0.01738595043065162
43	253	0.01738595043065162
26	253	0.01738595043065162
31	253	0.01738595043065162
32	253	0.01738595043065162
14	253	0.01738595043065162
15	253	0.01738595043065162
17	253	0.01738595043065162
18	253	0.01738595043065162
19	253	0.01738595043065162
22	253	0.01738595043065162
81	253	0.01738595043065162
83	253	0.01738595043065162
68	253	0.01738595043065162
69	253	0.01738595043065162
86	253	0.01738595043065162
87	253	0.01738595043065162
89	253	0.01738595043065162
60	253	0.01738595043065162
61	253	0.01738595043065162
62	253	0.01738595043065162
78	253	0.01738595043065162
79	253	0.01738595043065162
80	253	0.01738595043065162
65	253	0.01738595043065162
66	253	0.01738595043065162
67	253	0.01738595043065162
4	254	0.01738595043065162
6	254	0.01738595043065162
70	253	0.01738595043065162
73	253	0.01738595043065162
56	253	0.01738595043065162
57	253	0.01738595043065162
58	253	0.01738595043065162
63	253	0.01738595043065162
109	253	0.01738595043065162
41	254	0.01738595043065162
43	254	0.01738595043065162
44	254	0.01738595043065162
100	253	0.01738595043065162
101	253	0.01738595043065162
104	253	0.01738595043065162
106	253	0.01738595043065162
8	254	0.01738595043065162
10	254	0.01738595043065162
107	253	0.01738595043065162
95	253	0.01738595043065162
96	253	0.01738595043065162
97	253	0.01738595043065162
98	253	0.01738595043065162
90	253	0.01738595043065162
79	60	0.01738595043065162
80	60	0.01738595043065162
81	60	0.01738595043065162
83	60	0.01738595043065162
84	60	0.01738595043065162
86	60	0.01738595043065162
73	18	0.01738595043065162
46	18	0.01738595043065162
33	254	0.01738595043065162
58	60	0.01738595043065162
59	60	0.01738595043065162
60	60	0.01738595043065162
61	60	0.01738595043065162
68	18	0.01738595043065162
69	18	0.01738595043065162
83	18	0.01738595043065162
84	18	0.01738595043065162
70	18	0.01738595043065162
60	18	0.01738595043065162
61	18	0.01738595043065162
62	18	0.01738595043065162
63	18	0.01738595043065162
65	18	0.01738595043065162
66	18	0.01738595043065162
67	18	0.01738595043065162
31	254	0.01738595043065162
32	254	0.01738595043065162
47	18	0.01738595043065162
56	18	0.01738595043065162
57	18	0.01738595043065162
58	18	0.01738595043065162
59	18	0.01738595043065162
57	254	0.01738595043065162
73	254	0.01738595043065162
62	254	0.01738595043065162
63	254	0.01738595043065162
65	254	0.01738595043065162
106	235	0.017385125669864724
60	235	0.017385125669864724
109	235	0.017385125669864724
48	235	0.017385125669864724
13	235	0.017385125669864724
10	235	0.017385125669864724
4	235	0.017385125669864724
61	235	0.017385125669864724
73	235	0.017385125669864724
41	235	0.017385125669864724
68	235	0.017385125669864724
33	235	0.017385125669864724
6	235	0.017385125669864724
45	235	0.017385125669864724
58	235	0.017385125669864724
67	235	0.017385125669864724
17	235	0.017385125669864724
83	235	0.017385125669864724
66	235	0.017385125669864724
44	235	0.017385125669864724
81	235	0.017385125669864724
46	235	0.017385125669864724
43	235	0.017385125669864724
40	235	0.017385125669864724
8	235	0.017385125669864724
59	235	0.017385125669864724
101	235	0.017385125669864724
62	235	0.017385125669864724
31	235	0.017385125669864724
15	235	0.017385125669864724
70	235	0.017385125669864724
104	235	0.017385125669864724
84	235	0.017385125669864724
14	235	0.017385125669864724
26	235	0.017385125669864724
80	235	0.017385125669864724
32	235	0.017385125669864724
69	235	0.017385125669864724
65	235	0.017385125669864724
49	235	0.017385125669864724
57	235	0.017385125669864724
18	235	0.017385125669864724
63	235	0.017385125669864724
19	235	0.017385125669864724
100	235	0.017385125669864724
97	235	0.017385125669864724
90	235	0.017385125669864724
96	235	0.017385125669864724
89	235	0.017385125669864724
87	235	0.017385125669864724
12	235	0.017385125669864724
86	235	0.017385125669864724
22	235	0.017385125669864724
78	235	0.017385125669864724
95	235	0.017385125669864724
56	235	0.017385125669864724
98	235	0.017385125669864724
79	235	0.017385125669864724
47	235	0.017385125669864724
107	235	0.017385125669864724
9	3	0.017384848555631934
9	9	0.017384848555631934
9	5	0.017384848555631934
9	4	0.017384848555631934
108	22	0.017384735622415926
74	22	0.017384735622415926
102	59	0.017384716782956142
71	59	0.017384716782956142
55	10	0.017383566293887927
99	54	0.01738119422469939
93	143	0.017381033107684487
68	39	0.01737993831254704
36	146	0.017379685954664065
72	146	0.017379685954664065
76	146	0.017379685954664065
35	4	0.017379447254289273
20	9	0.017379447254289273
20	4	0.017379447254289273
52	9	0.017379447254289273
52	5	0.017379447254289273
35	5	0.017379447254289273
20	5	0.017379447254289273
35	3	0.017379447254289273
20	3	0.017379447254289273
35	0	0.017379447254289273
52	3	0.017379447254289273
52	0	0.017379447254289273
20	0	0.017379447254289273
35	9	0.017379447254289273
52	4	0.017379447254289273
16	11	0.01737924192102497
72	11	0.01737924192102497
76	11	0.01737924192102497
36	11	0.01737924192102497
76	86	0.017378344932463364
28	46	0.01737759171904173
20	46	0.01737759171904173
88	50	0.01737700393724505
88	84	0.01737700393724505
88	123	0.01737700393724505
88	111	0.01737700393724505
88	133	0.01737700393724505
9	125	0.017376561510278995
99	86	0.017375985493784198
77	162	0.017374779078226536
75	162	0.017374779078226536
54	210	0.017374149576210727
54	304	0.017374149576210727
29	179	0.017374020455445765
44	37	0.01737115898751726
94	33	0.017369693500903654
5	33	0.017369693500903654
92	33	0.017369693500903654
2	33	0.017369693500903654
55	33	0.017369693500903654
38	33	0.017369693500903654
103	43	0.01736701273291613
60	215	0.01735805591981417
5	40	0.017355234266552017
5	297	0.017355234266552017
5	153	0.017355234266552017
94	153	0.017355234266552017
92	36	0.017355234266552017
28	36	0.017355234266552017
92	242	0.017355234266552017
5	137	0.017355234266552017
92	153	0.017355234266552017
94	297	0.017355234266552017
28	137	0.017355234266552017
92	40	0.017355234266552017
94	242	0.017355234266552017
28	297	0.017355234266552017
28	153	0.017355234266552017
28	242	0.017355234266552017
5	36	0.017355234266552017
28	40	0.017355234266552017
94	36	0.017355234266552017
94	137	0.017355234266552017
92	297	0.017355234266552017
5	242	0.017355234266552017
94	40	0.017355234266552017
92	137	0.017355234266552017
37	300	0.017342204511120816
91	132	0.01733883454432858
53	139	0.017330649658593295
9	139	0.017330649658593295
36	120	0.01732892857084785
76	120	0.01732892857084785
72	120	0.01732892857084785
85	301	0.017324254951933064
0	109	0.017319526383315083
99	189	0.017302161536588995
99	166	0.017302161536588995
99	181	0.017302161536588995
78	39	0.017299049769257696
35	222	0.017291906311804408
20	222	0.017291906311804408
52	222	0.017291906311804408
28	73	0.017286502999755825
27	73	0.017286502999755825
103	287	0.017286502999755825
92	287	0.017286502999755825
55	234	0.017286502999755825
94	287	0.017286502999755825
38	287	0.017286502999755825
55	287	0.017286502999755825
5	287	0.017286502999755825
28	287	0.017286502999755825
94	24	0.017286502999755825
27	287	0.017286502999755825
2	287	0.017286502999755825
55	73	0.017286502999755825
5	234	0.017286502999755825
94	73	0.017286502999755825
5	66	0.017286502999755825
92	73	0.017286502999755825
103	73	0.017286502999755825
5	78	0.017286502999755825
27	24	0.017286502999755825
2	78	0.017286502999755825
28	78	0.017286502999755825
27	78	0.017286502999755825
38	78	0.017286502999755825
55	78	0.017286502999755825
38	24	0.017286502999755825
92	78	0.017286502999755825
2	66	0.017286502999755825
103	78	0.017286502999755825
5	85	0.017286502999755825
94	78	0.017286502999755825
5	70	0.017286502999755825
2	70	0.017286502999755825
27	70	0.017286502999755825
92	274	0.017286502999755825
38	234	0.017286502999755825
103	274	0.017286502999755825
103	154	0.017286502999755825
38	70	0.017286502999755825
55	70	0.017286502999755825
28	70	0.017286502999755825
28	274	0.017286502999755825
92	24	0.017286502999755825
27	154	0.017286502999755825
28	154	0.017286502999755825
27	274	0.017286502999755825
38	274	0.017286502999755825
94	274	0.017286502999755825
55	274	0.017286502999755825
55	24	0.017286502999755825
2	85	0.017286502999755825
94	70	0.017286502999755825
92	70	0.017286502999755825
28	24	0.017286502999755825
103	70	0.017286502999755825
5	274	0.017286502999755825
94	66	0.017286502999755825
94	234	0.017286502999755825
92	66	0.017286502999755825
55	154	0.017286502999755825
38	154	0.017286502999755825
103	66	0.017286502999755825
2	154	0.017286502999755825
5	154	0.017286502999755825
2	73	0.017286502999755825
5	24	0.017286502999755825
38	66	0.017286502999755825
94	85	0.017286502999755825
92	85	0.017286502999755825
103	24	0.017286502999755825
2	234	0.017286502999755825
55	85	0.017286502999755825
103	85	0.017286502999755825
28	66	0.017286502999755825
2	274	0.017286502999755825
92	234	0.017286502999755825
103	234	0.017286502999755825
92	154	0.017286502999755825
27	66	0.017286502999755825
94	154	0.017286502999755825
38	85	0.017286502999755825
27	85	0.017286502999755825
2	24	0.017286502999755825
28	85	0.017286502999755825
28	234	0.017286502999755825
27	234	0.017286502999755825
55	66	0.017286502999755825
38	73	0.017286502999755825
5	73	0.017286502999755825
85	63	0.017278453130363452
64	63	0.017278453130363452
20	63	0.017278453130363452
35	63	0.017278453130363452
50	63	0.017278453130363452
52	63	0.017278453130363452
30	63	0.017278453130363452
65	157	0.017274777673836936
81	157	0.017274777673836936
76	332	0.01727179625871028
25	9	0.01726730541464101
25	4	0.01726730541464101
25	0	0.01726730541464101
25	3	0.01726730541464101
25	5	0.01726730541464101
1	42	0.017263753535701636
1	41	0.017263753535701636
1	30	0.017263753535701636
1	37	0.017263753535701636
88	95	0.017261625658802758
88	119	0.017261625658802758
88	132	0.017261625658802758
88	130	0.017261625658802758
88	100	0.017261625658802758
88	70	0.017261625658802758
88	224	0.017261625658802758
88	116	0.017261625658802758
88	86	0.017261625658802758
88	281	0.017261625658802758
88	55	0.017261625658802758
88	120	0.017261625658802758
88	223	0.017261625658802758
88	102	0.017261625658802758
88	51	0.017261625658802758
88	238	0.017261625658802758
88	77	0.017261625658802758
88	332	0.017261625658802758
88	104	0.017261625658802758
88	64	0.017261625658802758
88	101	0.017261625658802758
88	90	0.017261625658802758
88	58	0.017261625658802758
88	129	0.017261625658802758
7	229	0.017260803502703134
29	72	0.017252799971925817
29	90	0.017252799971925817
63	293	0.017247688236713115
56	244	0.017247688236713115
19	319	0.017247688236713115
19	244	0.017247688236713115
59	246	0.017247688236713115
95	246	0.017247688236713115
59	145	0.017247688236713115
49	244	0.017247688236713115
57	246	0.017247688236713115
80	244	0.017247688236713115
95	145	0.017247688236713115
32	246	0.017247688236713115
106	145	0.017247688236713115
107	145	0.017247688236713115
100	293	0.017247688236713115
95	293	0.017247688236713115
107	293	0.017247688236713115
106	293	0.017247688236713115
56	246	0.017247688236713115
78	244	0.017247688236713115
100	145	0.017247688236713115
60	293	0.017247688236713115
49	145	0.017247688236713115
80	145	0.017247688236713115
49	319	0.017247688236713115
56	243	0.017247688236713115
57	243	0.017247688236713115
8	319	0.017247688236713115
59	293	0.017247688236713115
107	243	0.017247688236713115
43	319	0.017247688236713115
19	11	0.017247688236713115
19	243	0.017247688236713115
60	145	0.017247688236713115
33	244	0.017247688236713115
73	145	0.017247688236713115
78	145	0.017247688236713115
19	246	0.017247688236713115
57	293	0.017247688236713115
80	246	0.017247688236713115
95	244	0.017247688236713115
78	246	0.017247688236713115
60	246	0.017247688236713115
33	246	0.017247688236713115
80	243	0.017247688236713115
56	293	0.017247688236713115
8	293	0.017247688236713115
26	145	0.017247688236713115
100	246	0.017247688236713115
106	243	0.017247688236713115
32	244	0.017247688236713115
73	319	0.017247688236713115
78	319	0.017247688236713115
107	244	0.017247688236713115
80	293	0.017247688236713115
78	293	0.017247688236713115
26	293	0.017247688236713115
59	243	0.017247688236713115
62	293	0.017247688236713115
26	244	0.017247688236713115
62	243	0.017247688236713115
26	246	0.017247688236713115
43	244	0.017247688236713115
100	243	0.017247688236713115
43	243	0.017247688236713115
33	293	0.017247688236713115
26	11	0.017247688236713115
63	243	0.017247688236713115
8	243	0.017247688236713115
59	244	0.017247688236713115
73	246	0.017247688236713115
19	293	0.017247688236713115
26	243	0.017247688236713115
60	244	0.017247688236713115
8	244	0.017247688236713115
33	319	0.017247688236713115
63	246	0.017247688236713115
26	319	0.017247688236713115
8	145	0.017247688236713115
60	243	0.017247688236713115
73	243	0.017247688236713115
62	246	0.017247688236713115
49	246	0.017247688236713115
19	145	0.017247688236713115
78	243	0.017247688236713115
62	244	0.017247688236713115
33	243	0.017247688236713115
62	145	0.017247688236713115
63	145	0.017247688236713115
32	243	0.017247688236713115
43	145	0.017247688236713115
49	243	0.017247688236713115
33	11	0.017247688236713115
106	246	0.017247688236713115
8	11	0.017247688236713115
56	11	0.017247688236713115
57	11	0.017247688236713115
59	11	0.017247688236713115
63	11	0.017247688236713115
49	11	0.017247688236713115
73	244	0.017247688236713115
43	11	0.017247688236713115
32	11	0.017247688236713115
106	11	0.017247688236713115
107	11	0.017247688236713115
95	11	0.017247688236713115
78	11	0.017247688236713115
80	11	0.017247688236713115
62	11	0.017247688236713115
73	11	0.017247688236713115
60	11	0.017247688236713115
100	11	0.017247688236713115
57	244	0.017247688236713115
100	21	0.017247688236713115
62	21	0.017247688236713115
95	21	0.017247688236713115
107	21	0.017247688236713115
106	21	0.017247688236713115
49	21	0.017247688236713115
107	246	0.017247688236713115
80	21	0.017247688236713115
57	21	0.017247688236713115
56	21	0.017247688236713115
43	293	0.017247688236713115
63	21	0.017247688236713115
78	21	0.017247688236713115
73	21	0.017247688236713115
60	21	0.017247688236713115
59	21	0.017247688236713115
19	21	0.017247688236713115
57	145	0.017247688236713115
43	246	0.017247688236713115
32	145	0.017247688236713115
73	293	0.017247688236713115
95	243	0.017247688236713115
33	21	0.017247688236713115
32	21	0.017247688236713115
43	21	0.017247688236713115
26	21	0.017247688236713115
33	145	0.017247688236713115
32	319	0.017247688236713115
32	293	0.017247688236713115
95	319	0.017247688236713115
8	21	0.017247688236713115
60	319	0.017247688236713115
62	319	0.017247688236713115
56	145	0.017247688236713115
56	319	0.017247688236713115
57	319	0.017247688236713115
59	319	0.017247688236713115
8	246	0.017247688236713115
100	244	0.017247688236713115
63	244	0.017247688236713115
106	319	0.017247688236713115
107	319	0.017247688236713115
80	319	0.017247688236713115
63	319	0.017247688236713115
106	244	0.017247688236713115
100	319	0.017247688236713115
49	293	0.017247688236713115
52	142	0.01722840833085078
52	244	0.01722840833085078
20	205	0.01722840833085078
52	279	0.01722840833085078
35	243	0.01722840833085078
52	218	0.01722840833085078
20	142	0.01722840833085078
20	244	0.01722840833085078
20	279	0.01722840833085078
35	205	0.01722840833085078
20	11	0.01722840833085078
20	318	0.01722840833085078
35	142	0.01722840833085078
35	279	0.01722840833085078
35	11	0.01722840833085078
35	145	0.01722840833085078
35	218	0.01722840833085078
20	293	0.01722840833085078
20	319	0.01722840833085078
35	293	0.01722840833085078
20	218	0.01722840833085078
35	319	0.01722840833085078
20	243	0.01722840833085078
52	246	0.01722840833085078
52	145	0.01722840833085078
20	145	0.01722840833085078
35	246	0.01722840833085078
52	318	0.01722840833085078
52	319	0.01722840833085078
35	318	0.01722840833085078
20	246	0.01722840833085078
52	243	0.01722840833085078
35	244	0.01722840833085078
52	205	0.01722840833085078
52	293	0.01722840833085078
52	11	0.01722840833085078
21	12	0.017218701199574728
21	17	0.017218701199574728
29	279	0.017199035419527494
31	1	0.017159489182419232
28	133	0.01713626137326564
55	101	0.01713626137326564
103	206	0.01713626137326564
94	58	0.01713626137326564
92	58	0.01713626137326564
103	58	0.01713626137326564
55	133	0.01713626137326564
92	206	0.01713626137326564
94	206	0.01713626137326564
2	122	0.01713626137326564
5	122	0.01713626137326564
38	91	0.01713626137326564
5	58	0.01713626137326564
2	331	0.01713626137326564
103	91	0.01713626137326564
92	91	0.01713626137326564
55	206	0.01713626137326564
94	91	0.01713626137326564
55	91	0.01713626137326564
28	91	0.01713626137326564
2	58	0.01713626137326564
5	331	0.01713626137326564
92	28	0.01713626137326564
38	122	0.01713626137326564
2	91	0.01713626137326564
5	91	0.01713626137326564
27	122	0.01713626137326564
28	122	0.01713626137326564
55	122	0.01713626137326564
38	28	0.01713626137326564
103	122	0.01713626137326564
92	122	0.01713626137326564
94	122	0.01713626137326564
103	28	0.01713626137326564
28	58	0.01713626137326564
27	58	0.01713626137326564
38	58	0.01713626137326564
5	101	0.01713626137326564
55	58	0.01713626137326564
27	28	0.01713626137326564
2	101	0.01713626137326564
94	331	0.01713626137326564
55	28	0.01713626137326564
103	331	0.01713626137326564
92	331	0.01713626137326564
94	28	0.01713626137326564
2	28	0.01713626137326564
2	206	0.01713626137326564
5	206	0.01713626137326564
28	331	0.01713626137326564
27	331	0.01713626137326564
38	101	0.01713626137326564
2	133	0.01713626137326564
5	28	0.01713626137326564
27	101	0.01713626137326564
28	101	0.01713626137326564
5	133	0.01713626137326564
38	206	0.01713626137326564
27	206	0.01713626137326564
103	133	0.01713626137326564
28	206	0.01713626137326564
92	101	0.01713626137326564
92	133	0.01713626137326564
94	133	0.01713626137326564
103	101	0.01713626137326564
94	101	0.01713626137326564
2	196	0.01713626137326564
5	196	0.01713626137326564
28	196	0.01713626137326564
38	196	0.01713626137326564
27	196	0.01713626137326564
38	331	0.01713626137326564
55	196	0.01713626137326564
55	331	0.01713626137326564
94	196	0.01713626137326564
38	133	0.01713626137326564
103	196	0.01713626137326564
92	196	0.01713626137326564
27	133	0.01713626137326564
28	28	0.01713626137326564
27	91	0.01713626137326564
7	90	0.01712843941440144
25	2	0.017124036959006803
26	2	0.017118829496466106
5	2	0.017118829496466106
59	2	0.017118829496466106
27	2	0.017118829496466106
78	2	0.017118829496466106
2	2	0.017118829496466106
49	2	0.017118829496466106
94	2	0.017118829496466106
107	2	0.017118829496466106
62	2	0.017118829496466106
60	2	0.017118829496466106
38	2	0.017118829496466106
52	110	0.017113695123714242
50	110	0.017113695123714242
20	110	0.017113695123714242
64	110	0.017113695123714242
85	110	0.017113695123714242
12	35	0.017074615208066194
71	225	0.01707421266003574
102	225	0.01707421266003574
64	30	0.01706409034287052
80	30	0.01706409034287052
99	238	0.01705852603998714
102	263	0.01703882096379006
102	275	0.01703882096379006
71	275	0.01703882096379006
71	263	0.01703882096379006
30	4	0.01703765953336772
30	0	0.01703765953336772
50	5	0.01703765953336772
64	5	0.01703765953336772
64	4	0.01703765953336772
64	9	0.01703765953336772
30	9	0.01703765953336772
30	5	0.01703765953336772
64	3	0.01703765953336772
85	5	0.01703765953336772
50	3	0.01703765953336772
85	0	0.01703765953336772
85	9	0.01703765953336772
85	4	0.01703765953336772
50	0	0.01703765953336772
64	0	0.01703765953336772
85	3	0.01703765953336772
30	3	0.01703765953336772
50	9	0.01703765953336772
50	4	0.01703765953336772
28	77	0.017034471248875922
55	61	0.017034471248875922
5	129	0.017034471248875922
94	86	0.017034471248875922
2	129	0.017034471248875922
28	272	0.017034471248875922
55	128	0.017034471248875922
92	115	0.017034471248875922
94	115	0.017034471248875922
103	128	0.017034471248875922
27	86	0.017034471248875922
2	116	0.017034471248875922
28	86	0.017034471248875922
103	115	0.017034471248875922
103	129	0.017034471248875922
27	272	0.017034471248875922
92	129	0.017034471248875922
94	221	0.017034471248875922
5	86	0.017034471248875922
38	129	0.017034471248875922
92	221	0.017034471248875922
2	86	0.017034471248875922
27	129	0.017034471248875922
28	129	0.017034471248875922
92	332	0.017034471248875922
5	236	0.017034471248875922
38	227	0.017034471248875922
27	212	0.017034471248875922
94	129	0.017034471248875922
5	210	0.017034471248875922
2	202	0.017034471248875922
5	130	0.017034471248875922
92	233	0.017034471248875922
55	129	0.017034471248875922
38	77	0.017034471248875922
2	236	0.017034471248875922
2	130	0.017034471248875922
38	130	0.017034471248875922
92	130	0.017034471248875922
94	271	0.017034471248875922
27	130	0.017034471248875922
28	130	0.017034471248875922
92	271	0.017034471248875922
27	251	0.017034471248875922
38	271	0.017034471248875922
55	130	0.017034471248875922
38	202	0.017034471248875922
5	131	0.017034471248875922
28	202	0.017034471248875922
94	130	0.017034471248875922
5	272	0.017034471248875922
103	130	0.017034471248875922
27	202	0.017034471248875922
5	202	0.017034471248875922
38	131	0.017034471248875922
28	131	0.017034471248875922
55	202	0.017034471248875922
55	115	0.017034471248875922
28	203	0.017034471248875922
55	267	0.017034471248875922
55	131	0.017034471248875922
2	272	0.017034471248875922
2	131	0.017034471248875922
94	202	0.017034471248875922
2	132	0.017034471248875922
27	64	0.017034471248875922
5	132	0.017034471248875922
103	131	0.017034471248875922
28	64	0.017034471248875922
94	131	0.017034471248875922
27	131	0.017034471248875922
92	131	0.017034471248875922
55	332	0.017034471248875922
2	203	0.017034471248875922
103	202	0.017034471248875922
55	271	0.017034471248875922
103	332	0.017034471248875922
28	251	0.017034471248875922
103	13	0.017034471248875922
27	115	0.017034471248875922
28	115	0.017034471248875922
2	14	0.017034471248875922
38	115	0.017034471248875922
5	14	0.017034471248875922
92	132	0.017034471248875922
94	132	0.017034471248875922
27	132	0.017034471248875922
28	132	0.017034471248875922
55	132	0.017034471248875922
38	203	0.017034471248875922
55	203	0.017034471248875922
103	114	0.017034471248875922
5	115	0.017034471248875922
38	132	0.017034471248875922
2	115	0.017034471248875922
27	203	0.017034471248875922
55	114	0.017034471248875922
92	202	0.017034471248875922
92	203	0.017034471248875922
103	132	0.017034471248875922
94	250	0.017034471248875922
92	114	0.017034471248875922
94	114	0.017034471248875922
2	114	0.017034471248875922
5	114	0.017034471248875922
2	134	0.017034471248875922
5	134	0.017034471248875922
5	271	0.017034471248875922
92	113	0.017034471248875922
27	114	0.017034471248875922
28	114	0.017034471248875922
2	271	0.017034471248875922
5	203	0.017034471248875922
38	134	0.017034471248875922
92	250	0.017034471248875922
38	114	0.017034471248875922
27	134	0.017034471248875922
28	134	0.017034471248875922
94	113	0.017034471248875922
55	134	0.017034471248875922
103	113	0.017034471248875922
92	134	0.017034471248875922
103	134	0.017034471248875922
103	84	0.017034471248875922
94	134	0.017034471248875922
94	203	0.017034471248875922
92	84	0.017034471248875922
94	84	0.017034471248875922
38	113	0.017034471248875922
55	113	0.017034471248875922
55	204	0.017034471248875922
27	113	0.017034471248875922
28	113	0.017034471248875922
5	113	0.017034471248875922
5	204	0.017034471248875922
103	203	0.017034471248875922
2	113	0.017034471248875922
103	250	0.017034471248875922
103	112	0.017034471248875922
92	112	0.017034471248875922
94	112	0.017034471248875922
38	112	0.017034471248875922
2	251	0.017034471248875922
94	332	0.017034471248875922
5	251	0.017034471248875922
27	332	0.017034471248875922
27	112	0.017034471248875922
28	112	0.017034471248875922
2	204	0.017034471248875922
92	304	0.017034471248875922
38	136	0.017034471248875922
2	304	0.017034471248875922
94	217	0.017034471248875922
55	84	0.017034471248875922
55	112	0.017034471248875922
55	136	0.017034471248875922
38	204	0.017034471248875922
27	204	0.017034471248875922
28	204	0.017034471248875922
5	136	0.017034471248875922
28	136	0.017034471248875922
2	136	0.017034471248875922
94	204	0.017034471248875922
103	136	0.017034471248875922
38	16	0.017034471248875922
5	250	0.017034471248875922
92	217	0.017034471248875922
2	250	0.017034471248875922
27	136	0.017034471248875922
103	204	0.017034471248875922
92	204	0.017034471248875922
94	71	0.017034471248875922
2	112	0.017034471248875922
5	112	0.017034471248875922
94	136	0.017034471248875922
27	304	0.017034471248875922
92	71	0.017034471248875922
92	136	0.017034471248875922
103	111	0.017034471248875922
92	111	0.017034471248875922
94	111	0.017034471248875922
92	208	0.017034471248875922
5	332	0.017034471248875922
27	77	0.017034471248875922
27	16	0.017034471248875922
2	54	0.017034471248875922
2	332	0.017034471248875922
94	53	0.017034471248875922
2	210	0.017034471248875922
27	271	0.017034471248875922
94	210	0.017034471248875922
38	84	0.017034471248875922
55	16	0.017034471248875922
38	111	0.017034471248875922
38	250	0.017034471248875922
103	316	0.017034471248875922
28	271	0.017034471248875922
55	111	0.017034471248875922
2	111	0.017034471248875922
5	111	0.017034471248875922
27	111	0.017034471248875922
28	111	0.017034471248875922
27	84	0.017034471248875922
28	84	0.017034471248875922
28	332	0.017034471248875922
55	304	0.017034471248875922
103	109	0.017034471248875922
38	332	0.017034471248875922
28	250	0.017034471248875922
28	304	0.017034471248875922
27	250	0.017034471248875922
92	61	0.017034471248875922
38	304	0.017034471248875922
5	7	0.017034471248875922
5	84	0.017034471248875922
2	7	0.017034471248875922
5	139	0.017034471248875922
2	84	0.017034471248875922
103	83	0.017034471248875922
27	139	0.017034471248875922
55	250	0.017034471248875922
92	109	0.017034471248875922
94	109	0.017034471248875922
2	305	0.017034471248875922
94	212	0.017034471248875922
2	139	0.017034471248875922
103	53	0.017034471248875922
38	139	0.017034471248875922
28	139	0.017034471248875922
5	54	0.017034471248875922
38	109	0.017034471248875922
103	139	0.017034471248875922
94	139	0.017034471248875922
55	139	0.017034471248875922
27	140	0.017034471248875922
28	140	0.017034471248875922
94	61	0.017034471248875922
55	109	0.017034471248875922
38	140	0.017034471248875922
5	305	0.017034471248875922
92	139	0.017034471248875922
28	305	0.017034471248875922
5	109	0.017034471248875922
27	305	0.017034471248875922
94	140	0.017034471248875922
2	109	0.017034471248875922
55	140	0.017034471248875922
92	140	0.017034471248875922
92	53	0.017034471248875922
2	140	0.017034471248875922
5	140	0.017034471248875922
103	140	0.017034471248875922
94	83	0.017034471248875922
27	109	0.017034471248875922
28	109	0.017034471248875922
103	108	0.017034471248875922
28	54	0.017034471248875922
55	108	0.017034471248875922
92	108	0.017034471248875922
94	108	0.017034471248875922
27	54	0.017034471248875922
38	7	0.017034471248875922
38	54	0.017034471248875922
28	7	0.017034471248875922
5	62	0.017034471248875922
28	62	0.017034471248875922
27	62	0.017034471248875922
27	7	0.017034471248875922
28	269	0.017034471248875922
27	269	0.017034471248875922
55	7	0.017034471248875922
38	83	0.017034471248875922
38	269	0.017034471248875922
94	269	0.017034471248875922
28	83	0.017034471248875922
92	269	0.017034471248875922
38	72	0.017034471248875922
103	269	0.017034471248875922
103	61	0.017034471248875922
92	83	0.017034471248875922
5	83	0.017034471248875922
38	305	0.017034471248875922
27	83	0.017034471248875922
2	72	0.017034471248875922
55	83	0.017034471248875922
103	226	0.017034471248875922
38	108	0.017034471248875922
27	108	0.017034471248875922
28	108	0.017034471248875922
94	304	0.017034471248875922
28	317	0.017034471248875922
103	82	0.017034471248875922
5	227	0.017034471248875922
103	304	0.017034471248875922
55	82	0.017034471248875922
92	82	0.017034471248875922
94	82	0.017034471248875922
2	83	0.017034471248875922
92	212	0.017034471248875922
55	227	0.017034471248875922
103	210	0.017034471248875922
5	72	0.017034471248875922
103	211	0.017034471248875922
103	71	0.017034471248875922
94	214	0.017034471248875922
55	62	0.017034471248875922
38	62	0.017034471248875922
2	62	0.017034471248875922
92	216	0.017034471248875922
94	226	0.017034471248875922
55	269	0.017034471248875922
92	214	0.017034471248875922
5	269	0.017034471248875922
5	212	0.017034471248875922
92	226	0.017034471248875922
28	217	0.017034471248875922
55	221	0.017034471248875922
2	212	0.017034471248875922
92	330	0.017034471248875922
38	217	0.017034471248875922
55	214	0.017034471248875922
103	214	0.017034471248875922
2	269	0.017034471248875922
38	213	0.017034471248875922
2	108	0.017034471248875922
55	17	0.017034471248875922
5	108	0.017034471248875922
103	107	0.017034471248875922
55	75	0.017034471248875922
103	330	0.017034471248875922
94	107	0.017034471248875922
5	144	0.017034471248875922
28	17	0.017034471248875922
5	311	0.017034471248875922
28	72	0.017034471248875922
55	107	0.017034471248875922
38	82	0.017034471248875922
92	107	0.017034471248875922
27	82	0.017034471248875922
28	82	0.017034471248875922
27	72	0.017034471248875922
2	211	0.017034471248875922
94	62	0.017034471248875922
27	330	0.017034471248875922
28	330	0.017034471248875922
27	266	0.017034471248875922
94	330	0.017034471248875922
38	330	0.017034471248875922
28	266	0.017034471248875922
27	144	0.017034471248875922
28	144	0.017034471248875922
92	62	0.017034471248875922
94	268	0.017034471248875922
92	268	0.017034471248875922
55	268	0.017034471248875922
103	268	0.017034471248875922
38	107	0.017034471248875922
28	268	0.017034471248875922
28	107	0.017034471248875922
27	268	0.017034471248875922
38	208	0.017034471248875922
27	107	0.017034471248875922
5	107	0.017034471248875922
2	144	0.017034471248875922
27	211	0.017034471248875922
38	81	0.017034471248875922
2	107	0.017034471248875922
38	144	0.017034471248875922
55	54	0.017034471248875922
103	81	0.017034471248875922
2	268	0.017034471248875922
103	144	0.017034471248875922
27	306	0.017034471248875922
28	306	0.017034471248875922
2	226	0.017034471248875922
94	144	0.017034471248875922
94	81	0.017034471248875922
2	16	0.017034471248875922
5	268	0.017034471248875922
55	305	0.017034471248875922
2	65	0.017034471248875922
5	64	0.017034471248875922
28	221	0.017034471248875922
5	65	0.017034471248875922
94	305	0.017034471248875922
103	64	0.017034471248875922
55	77	0.017034471248875922
27	221	0.017034471248875922
55	144	0.017034471248875922
55	266	0.017034471248875922
38	267	0.017034471248875922
103	72	0.017034471248875922
92	313	0.017034471248875922
94	313	0.017034471248875922
103	305	0.017034471248875922
94	267	0.017034471248875922
103	106	0.017034471248875922
28	267	0.017034471248875922
92	144	0.017034471248875922
92	72	0.017034471248875922
27	267	0.017034471248875922
92	106	0.017034471248875922
94	106	0.017034471248875922
94	266	0.017034471248875922
103	267	0.017034471248875922
38	268	0.017034471248875922
94	233	0.017034471248875922
5	208	0.017034471248875922
94	72	0.017034471248875922
27	217	0.017034471248875922
5	16	0.017034471248875922
92	267	0.017034471248875922
38	221	0.017034471248875922
38	314	0.017034471248875922
5	209	0.017034471248875922
2	81	0.017034471248875922
94	220	0.017034471248875922
2	217	0.017034471248875922
28	146	0.017034471248875922
55	226	0.017034471248875922
5	217	0.017034471248875922
55	217	0.017034471248875922
5	267	0.017034471248875922
103	216	0.017034471248875922
2	146	0.017034471248875922
5	146	0.017034471248875922
55	72	0.017034471248875922
92	220	0.017034471248875922
2	8	0.017034471248875922
55	330	0.017034471248875922
55	64	0.017034471248875922
92	7	0.017034471248875922
94	7	0.017034471248875922
2	64	0.017034471248875922
103	7	0.017034471248875922
103	220	0.017034471248875922
103	62	0.017034471248875922
5	211	0.017034471248875922
55	146	0.017034471248875922
94	64	0.017034471248875922
94	54	0.017034471248875922
92	54	0.017034471248875922
27	146	0.017034471248875922
92	64	0.017034471248875922
103	54	0.017034471248875922
38	146	0.017034471248875922
103	146	0.017034471248875922
2	221	0.017034471248875922
92	266	0.017034471248875922
27	314	0.017034471248875922
5	81	0.017034471248875922
2	317	0.017034471248875922
2	267	0.017034471248875922
2	209	0.017034471248875922
94	209	0.017034471248875922
5	221	0.017034471248875922
55	106	0.017034471248875922
38	106	0.017034471248875922
27	106	0.017034471248875922
28	106	0.017034471248875922
103	233	0.017034471248875922
103	266	0.017034471248875922
92	146	0.017034471248875922
38	64	0.017034471248875922
94	146	0.017034471248875922
2	148	0.017034471248875922
2	330	0.017034471248875922
5	330	0.017034471248875922
38	266	0.017034471248875922
2	106	0.017034471248875922
2	120	0.017034471248875922
103	105	0.017034471248875922
5	106	0.017034471248875922
92	105	0.017034471248875922
94	105	0.017034471248875922
94	265	0.017034471248875922
92	265	0.017034471248875922
103	119	0.017034471248875922
27	8	0.017034471248875922
5	120	0.017034471248875922
27	148	0.017034471248875922
28	148	0.017034471248875922
5	148	0.017034471248875922
28	295	0.017034471248875922
55	65	0.017034471248875922
38	148	0.017034471248875922
28	65	0.017034471248875922
94	295	0.017034471248875922
28	8	0.017034471248875922
92	295	0.017034471248875922
5	266	0.017034471248875922
27	65	0.017034471248875922
38	65	0.017034471248875922
5	8	0.017034471248875922
103	328	0.017034471248875922
28	265	0.017034471248875922
55	8	0.017034471248875922
94	148	0.017034471248875922
27	265	0.017034471248875922
103	265	0.017034471248875922
103	333	0.017034471248875922
27	105	0.017034471248875922
28	105	0.017034471248875922
2	149	0.017034471248875922
5	149	0.017034471248875922
103	148	0.017034471248875922
55	148	0.017034471248875922
2	55	0.017034471248875922
92	148	0.017034471248875922
2	266	0.017034471248875922
55	105	0.017034471248875922
55	149	0.017034471248875922
38	105	0.017034471248875922
5	295	0.017034471248875922
55	220	0.017034471248875922
27	149	0.017034471248875922
28	149	0.017034471248875922
2	295	0.017034471248875922
5	55	0.017034471248875922
5	105	0.017034471248875922
38	149	0.017034471248875922
55	265	0.017034471248875922
94	294	0.017034471248875922
92	149	0.017034471248875922
94	149	0.017034471248875922
92	294	0.017034471248875922
103	294	0.017034471248875922
92	104	0.017034471248875922
2	311	0.017034471248875922
94	104	0.017034471248875922
55	295	0.017034471248875922
38	295	0.017034471248875922
27	317	0.017034471248875922
2	105	0.017034471248875922
28	81	0.017034471248875922
27	81	0.017034471248875922
38	233	0.017034471248875922
28	226	0.017034471248875922
27	226	0.017034471248875922
5	296	0.017034471248875922
2	265	0.017034471248875922
103	295	0.017034471248875922
28	311	0.017034471248875922
27	311	0.017034471248875922
55	81	0.017034471248875922
38	265	0.017034471248875922
103	104	0.017034471248875922
38	296	0.017034471248875922
103	149	0.017034471248875922
27	216	0.017034471248875922
5	151	0.017034471248875922
2	296	0.017034471248875922
94	317	0.017034471248875922
55	104	0.017034471248875922
94	25	0.017034471248875922
92	25	0.017034471248875922
5	220	0.017034471248875922
2	151	0.017034471248875922
38	226	0.017034471248875922
28	294	0.017034471248875922
5	265	0.017034471248875922
2	220	0.017034471248875922
55	233	0.017034471248875922
103	55	0.017034471248875922
28	55	0.017034471248875922
103	25	0.017034471248875922
27	55	0.017034471248875922
38	55	0.017034471248875922
55	294	0.017034471248875922
92	225	0.017034471248875922
28	233	0.017034471248875922
55	55	0.017034471248875922
27	233	0.017034471248875922
94	65	0.017034471248875922
92	65	0.017034471248875922
28	216	0.017034471248875922
103	65	0.017034471248875922
27	294	0.017034471248875922
27	225	0.017034471248875922
38	294	0.017034471248875922
5	233	0.017034471248875922
38	151	0.017034471248875922
27	151	0.017034471248875922
28	151	0.017034471248875922
28	67	0.017034471248875922
103	151	0.017034471248875922
92	151	0.017034471248875922
94	151	0.017034471248875922
27	67	0.017034471248875922
2	213	0.017034471248875922
38	56	0.017034471248875922
38	104	0.017034471248875922
27	104	0.017034471248875922
28	104	0.017034471248875922
55	25	0.017034471248875922
94	103	0.017034471248875922
2	104	0.017034471248875922
92	103	0.017034471248875922
92	317	0.017034471248875922
94	225	0.017034471248875922
55	151	0.017034471248875922
94	55	0.017034471248875922
5	152	0.017034471248875922
92	55	0.017034471248875922
38	152	0.017034471248875922
2	152	0.017034471248875922
92	263	0.017034471248875922
55	152	0.017034471248875922
5	104	0.017034471248875922
103	103	0.017034471248875922
28	152	0.017034471248875922
5	294	0.017034471248875922
55	103	0.017034471248875922
27	152	0.017034471248875922
2	294	0.017034471248875922
103	152	0.017034471248875922
5	56	0.017034471248875922
92	152	0.017034471248875922
94	152	0.017034471248875922
38	103	0.017034471248875922
27	103	0.017034471248875922
38	8	0.017034471248875922
5	103	0.017034471248875922
103	102	0.017034471248875922
2	103	0.017034471248875922
28	103	0.017034471248875922
94	8	0.017034471248875922
38	328	0.017034471248875922
94	328	0.017034471248875922
92	8	0.017034471248875922
55	102	0.017034471248875922
94	102	0.017034471248875922
92	102	0.017034471248875922
2	56	0.017034471248875922
94	263	0.017034471248875922
27	102	0.017034471248875922
2	102	0.017034471248875922
5	102	0.017034471248875922
38	102	0.017034471248875922
28	296	0.017034471248875922
27	296	0.017034471248875922
28	102	0.017034471248875922
28	56	0.017034471248875922
27	56	0.017034471248875922
92	328	0.017034471248875922
94	296	0.017034471248875922
92	296	0.017034471248875922
2	328	0.017034471248875922
27	232	0.017034471248875922
55	328	0.017034471248875922
5	328	0.017034471248875922
92	100	0.017034471248875922
103	100	0.017034471248875922
94	56	0.017034471248875922
94	100	0.017034471248875922
27	328	0.017034471248875922
28	328	0.017034471248875922
92	327	0.017034471248875922
38	100	0.017034471248875922
55	100	0.017034471248875922
28	100	0.017034471248875922
103	296	0.017034471248875922
5	67	0.017034471248875922
38	156	0.017034471248875922
27	156	0.017034471248875922
28	156	0.017034471248875922
92	56	0.017034471248875922
5	156	0.017034471248875922
2	156	0.017034471248875922
55	56	0.017034471248875922
55	296	0.017034471248875922
2	67	0.017034471248875922
38	67	0.017034471248875922
55	156	0.017034471248875922
103	232	0.017034471248875922
27	100	0.017034471248875922
5	100	0.017034471248875922
103	225	0.017034471248875922
2	100	0.017034471248875922
5	226	0.017034471248875922
28	232	0.017034471248875922
2	233	0.017034471248875922
103	156	0.017034471248875922
92	156	0.017034471248875922
94	156	0.017034471248875922
103	291	0.017034471248875922
103	317	0.017034471248875922
94	232	0.017034471248875922
92	232	0.017034471248875922
38	25	0.017034471248875922
55	208	0.017034471248875922
94	216	0.017034471248875922
55	232	0.017034471248875922
55	327	0.017034471248875922
55	291	0.017034471248875922
103	327	0.017034471248875922
28	25	0.017034471248875922
27	25	0.017034471248875922
55	67	0.017034471248875922
103	263	0.017034471248875922
94	291	0.017034471248875922
92	291	0.017034471248875922
103	231	0.017034471248875922
28	314	0.017034471248875922
92	314	0.017034471248875922
27	295	0.017034471248875922
103	56	0.017034471248875922
5	25	0.017034471248875922
55	263	0.017034471248875922
103	98	0.017034471248875922
92	98	0.017034471248875922
94	98	0.017034471248875922
2	25	0.017034471248875922
94	327	0.017034471248875922
27	327	0.017034471248875922
28	327	0.017034471248875922
103	8	0.017034471248875922
5	298	0.017034471248875922
38	327	0.017034471248875922
2	298	0.017034471248875922
28	291	0.017034471248875922
27	291	0.017034471248875922
38	291	0.017034471248875922
27	98	0.017034471248875922
28	98	0.017034471248875922
5	327	0.017034471248875922
2	225	0.017034471248875922
2	263	0.017034471248875922
94	326	0.017034471248875922
103	326	0.017034471248875922
27	263	0.017034471248875922
38	98	0.017034471248875922
38	14	0.017034471248875922
5	291	0.017034471248875922
2	291	0.017034471248875922
27	159	0.017034471248875922
28	159	0.017034471248875922
55	98	0.017034471248875922
2	159	0.017034471248875922
5	159	0.017034471248875922
2	98	0.017034471248875922
5	98	0.017034471248875922
103	97	0.017034471248875922
55	159	0.017034471248875922
28	263	0.017034471248875922
38	326	0.017034471248875922
2	327	0.017034471248875922
28	326	0.017034471248875922
38	263	0.017034471248875922
38	159	0.017034471248875922
92	159	0.017034471248875922
94	159	0.017034471248875922
103	262	0.017034471248875922
55	97	0.017034471248875922
92	97	0.017034471248875922
94	97	0.017034471248875922
5	263	0.017034471248875922
92	305	0.017034471248875922
5	232	0.017034471248875922
38	97	0.017034471248875922
55	317	0.017034471248875922
55	306	0.017034471248875922
38	298	0.017034471248875922
103	159	0.017034471248875922
92	326	0.017034471248875922
5	326	0.017034471248875922
5	161	0.017034471248875922
2	232	0.017034471248875922
2	326	0.017034471248875922
28	298	0.017034471248875922
27	161	0.017034471248875922
28	161	0.017034471248875922
27	298	0.017034471248875922
94	79	0.017034471248875922
27	97	0.017034471248875922
28	97	0.017034471248875922
5	97	0.017034471248875922
92	79	0.017034471248875922
2	161	0.017034471248875922
94	314	0.017034471248875922
5	68	0.017034471248875922
55	161	0.017034471248875922
94	298	0.017034471248875922
92	298	0.017034471248875922
38	161	0.017034471248875922
55	298	0.017034471248875922
55	225	0.017034471248875922
2	97	0.017034471248875922
103	161	0.017034471248875922
92	161	0.017034471248875922
94	161	0.017034471248875922
5	162	0.017034471248875922
103	22	0.017034471248875922
55	326	0.017034471248875922
92	262	0.017034471248875922
38	262	0.017034471248875922
92	96	0.017034471248875922
103	298	0.017034471248875922
94	96	0.017034471248875922
55	162	0.017034471248875922
55	288	0.017034471248875922
94	262	0.017034471248875922
2	162	0.017034471248875922
38	162	0.017034471248875922
27	162	0.017034471248875922
28	162	0.017034471248875922
103	198	0.017034471248875922
94	198	0.017034471248875922
103	96	0.017034471248875922
55	119	0.017034471248875922
2	163	0.017034471248875922
5	38	0.017034471248875922
2	38	0.017034471248875922
5	163	0.017034471248875922
55	198	0.017034471248875922
103	60	0.017034471248875922
103	162	0.017034471248875922
92	162	0.017034471248875922
94	288	0.017034471248875922
94	162	0.017034471248875922
92	288	0.017034471248875922
38	163	0.017034471248875922
27	163	0.017034471248875922
28	163	0.017034471248875922
55	262	0.017034471248875922
5	57	0.017034471248875922
28	288	0.017034471248875922
2	57	0.017034471248875922
27	326	0.017034471248875922
92	119	0.017034471248875922
55	163	0.017034471248875922
5	61	0.017034471248875922
27	199	0.017034471248875922
2	61	0.017034471248875922
27	120	0.017034471248875922
55	325	0.017034471248875922
103	288	0.017034471248875922
28	120	0.017034471248875922
94	76	0.017034471248875922
92	163	0.017034471248875922
55	96	0.017034471248875922
103	163	0.017034471248875922
28	57	0.017034471248875922
27	57	0.017034471248875922
28	38	0.017034471248875922
27	38	0.017034471248875922
94	67	0.017034471248875922
92	67	0.017034471248875922
94	119	0.017034471248875922
5	199	0.017034471248875922
103	67	0.017034471248875922
5	80	0.017034471248875922
2	262	0.017034471248875922
38	288	0.017034471248875922
2	68	0.017034471248875922
28	262	0.017034471248875922
27	96	0.017034471248875922
27	262	0.017034471248875922
5	273	0.017034471248875922
28	199	0.017034471248875922
5	262	0.017034471248875922
38	119	0.017034471248875922
38	313	0.017034471248875922
92	261	0.017034471248875922
94	22	0.017034471248875922
92	22	0.017034471248875922
28	68	0.017034471248875922
94	163	0.017034471248875922
27	68	0.017034471248875922
38	68	0.017034471248875922
103	95	0.017034471248875922
5	96	0.017034471248875922
55	57	0.017034471248875922
5	300	0.017034471248875922
2	80	0.017034471248875922
2	273	0.017034471248875922
38	38	0.017034471248875922
2	96	0.017034471248875922
2	199	0.017034471248875922
5	288	0.017034471248875922
38	96	0.017034471248875922
2	288	0.017034471248875922
38	232	0.017034471248875922
28	96	0.017034471248875922
5	313	0.017034471248875922
94	95	0.017034471248875922
28	220	0.017034471248875922
94	261	0.017034471248875922
94	236	0.017034471248875922
38	120	0.017034471248875922
2	53	0.017034471248875922
103	261	0.017034471248875922
2	165	0.017034471248875922
5	165	0.017034471248875922
55	261	0.017034471248875922
55	120	0.017034471248875922
38	199	0.017034471248875922
2	313	0.017034471248875922
38	165	0.017034471248875922
27	165	0.017034471248875922
28	313	0.017034471248875922
5	17	0.017034471248875922
94	260	0.017034471248875922
92	260	0.017034471248875922
27	313	0.017034471248875922
94	208	0.017034471248875922
55	311	0.017034471248875922
92	95	0.017034471248875922
92	17	0.017034471248875922
28	165	0.017034471248875922
103	120	0.017034471248875922
55	38	0.017034471248875922
28	119	0.017034471248875922
55	165	0.017034471248875922
38	261	0.017034471248875922
27	121	0.017034471248875922
103	77	0.017034471248875922
38	57	0.017034471248875922
55	95	0.017034471248875922
27	17	0.017034471248875922
38	95	0.017034471248875922
103	325	0.017034471248875922
55	216	0.017034471248875922
27	325	0.017034471248875922
28	325	0.017034471248875922
94	286	0.017034471248875922
55	211	0.017034471248875922
94	38	0.017034471248875922
92	38	0.017034471248875922
103	165	0.017034471248875922
94	75	0.017034471248875922
28	121	0.017034471248875922
55	166	0.017034471248875922
27	166	0.017034471248875922
28	166	0.017034471248875922
92	75	0.017034471248875922
92	165	0.017034471248875922
94	165	0.017034471248875922
92	325	0.017034471248875922
94	325	0.017034471248875922
55	80	0.017034471248875922
5	82	0.017034471248875922
94	166	0.017034471248875922
103	38	0.017034471248875922
92	120	0.017034471248875922
2	166	0.017034471248875922
5	166	0.017034471248875922
92	198	0.017034471248875922
2	167	0.017034471248875922
5	167	0.017034471248875922
38	17	0.017034471248875922
28	225	0.017034471248875922
2	121	0.017034471248875922
92	166	0.017034471248875922
28	209	0.017034471248875922
28	300	0.017034471248875922
27	300	0.017034471248875922
38	166	0.017034471248875922
28	167	0.017034471248875922
5	53	0.017034471248875922
103	236	0.017034471248875922
38	167	0.017034471248875922
5	119	0.017034471248875922
27	167	0.017034471248875922
5	121	0.017034471248875922
28	261	0.017034471248875922
27	286	0.017034471248875922
27	261	0.017034471248875922
55	167	0.017034471248875922
103	166	0.017034471248875922
38	286	0.017034471248875922
27	95	0.017034471248875922
94	273	0.017034471248875922
2	119	0.017034471248875922
103	272	0.017034471248875922
2	325	0.017034471248875922
5	325	0.017034471248875922
92	286	0.017034471248875922
94	227	0.017034471248875922
94	120	0.017034471248875922
94	57	0.017034471248875922
94	60	0.017034471248875922
38	121	0.017034471248875922
103	286	0.017034471248875922
28	286	0.017034471248875922
92	57	0.017034471248875922
92	227	0.017034471248875922
103	260	0.017034471248875922
94	272	0.017034471248875922
27	168	0.017034471248875922
2	95	0.017034471248875922
5	95	0.017034471248875922
2	168	0.017034471248875922
55	121	0.017034471248875922
2	261	0.017034471248875922
103	167	0.017034471248875922
55	286	0.017034471248875922
92	167	0.017034471248875922
103	224	0.017034471248875922
94	167	0.017034471248875922
92	121	0.017034471248875922
5	261	0.017034471248875922
92	311	0.017034471248875922
55	168	0.017034471248875922
94	121	0.017034471248875922
2	300	0.017034471248875922
28	95	0.017034471248875922
38	311	0.017034471248875922
28	168	0.017034471248875922
92	272	0.017034471248875922
92	94	0.017034471248875922
94	94	0.017034471248875922
5	168	0.017034471248875922
38	225	0.017034471248875922
94	168	0.017034471248875922
103	76	0.017034471248875922
92	168	0.017034471248875922
94	80	0.017034471248875922
38	168	0.017034471248875922
103	94	0.017034471248875922
103	168	0.017034471248875922
55	212	0.017034471248875922
28	210	0.017034471248875922
55	169	0.017034471248875922
103	80	0.017034471248875922
2	286	0.017034471248875922
38	169	0.017034471248875922
103	285	0.017034471248875922
5	169	0.017034471248875922
55	273	0.017034471248875922
94	231	0.017034471248875922
92	231	0.017034471248875922
2	169	0.017034471248875922
55	68	0.017034471248875922
2	170	0.017034471248875922
94	224	0.017034471248875922
103	169	0.017034471248875922
5	170	0.017034471248875922
38	300	0.017034471248875922
92	169	0.017034471248875922
27	119	0.017034471248875922
94	169	0.017034471248875922
92	118	0.017034471248875922
27	169	0.017034471248875922
28	169	0.017034471248875922
92	224	0.017034471248875922
103	68	0.017034471248875922
103	121	0.017034471248875922
27	170	0.017034471248875922
28	170	0.017034471248875922
38	224	0.017034471248875922
2	74	0.017034471248875922
38	170	0.017034471248875922
103	118	0.017034471248875922
38	285	0.017034471248875922
27	220	0.017034471248875922
5	225	0.017034471248875922
55	94	0.017034471248875922
92	80	0.017034471248875922
5	286	0.017034471248875922
94	311	0.017034471248875922
38	273	0.017034471248875922
94	259	0.017034471248875922
55	333	0.017034471248875922
92	259	0.017034471248875922
38	325	0.017034471248875922
5	18	0.017034471248875922
38	333	0.017034471248875922
103	17	0.017034471248875922
28	260	0.017034471248875922
55	71	0.017034471248875922
27	260	0.017034471248875922
2	18	0.017034471248875922
38	220	0.017034471248875922
2	285	0.017034471248875922
55	260	0.017034471248875922
38	260	0.017034471248875922
103	314	0.017034471248875922
38	71	0.017034471248875922
5	77	0.017034471248875922
55	251	0.017034471248875922
27	227	0.017034471248875922
38	118	0.017034471248875922
103	170	0.017034471248875922
92	170	0.017034471248875922
5	285	0.017034471248875922
92	285	0.017034471248875922
27	210	0.017034471248875922
94	170	0.017034471248875922
38	231	0.017034471248875922
5	74	0.017034471248875922
55	170	0.017034471248875922
2	171	0.017034471248875922
5	171	0.017034471248875922
103	57	0.017034471248875922
28	214	0.017034471248875922
27	118	0.017034471248875922
103	14	0.017034471248875922
27	214	0.017034471248875922
55	171	0.017034471248875922
55	259	0.017034471248875922
94	285	0.017034471248875922
38	211	0.017034471248875922
28	285	0.017034471248875922
27	285	0.017034471248875922
28	118	0.017034471248875922
5	260	0.017034471248875922
2	260	0.017034471248875922
55	199	0.017034471248875922
27	209	0.017034471248875922
55	231	0.017034471248875922
94	118	0.017034471248875922
5	118	0.017034471248875922
94	284	0.017034471248875922
2	118	0.017034471248875922
92	284	0.017034471248875922
103	213	0.017034471248875922
27	208	0.017034471248875922
103	284	0.017034471248875922
55	118	0.017034471248875922
55	316	0.017034471248875922
92	68	0.017034471248875922
38	214	0.017034471248875922
55	285	0.017034471248875922
55	300	0.017034471248875922
27	123	0.017034471248875922
2	224	0.017034471248875922
5	231	0.017034471248875922
2	123	0.017034471248875922
94	68	0.017034471248875922
28	259	0.017034471248875922
27	171	0.017034471248875922
28	171	0.017034471248875922
2	172	0.017034471248875922
103	171	0.017034471248875922
27	259	0.017034471248875922
92	209	0.017034471248875922
38	171	0.017034471248875922
103	75	0.017034471248875922
38	172	0.017034471248875922
92	171	0.017034471248875922
2	82	0.017034471248875922
27	172	0.017034471248875922
28	172	0.017034471248875922
94	77	0.017034471248875922
103	241	0.017034471248875922
92	77	0.017034471248875922
5	224	0.017034471248875922
5	172	0.017034471248875922
28	231	0.017034471248875922
55	172	0.017034471248875922
27	231	0.017034471248875922
94	171	0.017034471248875922
103	259	0.017034471248875922
5	228	0.017034471248875922
27	87	0.017034471248875922
38	123	0.017034471248875922
28	123	0.017034471248875922
103	323	0.017034471248875922
27	61	0.017034471248875922
103	227	0.017034471248875922
5	12	0.017034471248875922
92	199	0.017034471248875922
5	173	0.017034471248875922
27	173	0.017034471248875922
103	172	0.017034471248875922
94	258	0.017034471248875922
2	173	0.017034471248875922
92	172	0.017034471248875922
28	69	0.017034471248875922
94	172	0.017034471248875922
27	69	0.017034471248875922
103	79	0.017034471248875922
55	284	0.017034471248875922
92	258	0.017034471248875922
94	241	0.017034471248875922
38	173	0.017034471248875922
55	173	0.017034471248875922
28	173	0.017034471248875922
92	241	0.017034471248875922
2	231	0.017034471248875922
5	316	0.017034471248875922
103	209	0.017034471248875922
2	316	0.017034471248875922
38	74	0.017034471248875922
92	173	0.017034471248875922
94	213	0.017034471248875922
103	283	0.017034471248875922
2	12	0.017034471248875922
55	123	0.017034471248875922
94	223	0.017034471248875922
55	241	0.017034471248875922
2	174	0.017034471248875922
28	12	0.017034471248875922
92	223	0.017034471248875922
38	53	0.017034471248875922
38	12	0.017034471248875922
94	316	0.017034471248875922
94	306	0.017034471248875922
5	284	0.017034471248875922
55	258	0.017034471248875922
28	74	0.017034471248875922
27	174	0.017034471248875922
38	174	0.017034471248875922
27	74	0.017034471248875922
27	94	0.017034471248875922
28	94	0.017034471248875922
2	259	0.017034471248875922
103	240	0.017034471248875922
5	174	0.017034471248875922
38	94	0.017034471248875922
28	284	0.017034471248875922
27	284	0.017034471248875922
55	174	0.017034471248875922
103	173	0.017034471248875922
5	241	0.017034471248875922
38	284	0.017034471248875922
55	74	0.017034471248875922
94	173	0.017034471248875922
94	93	0.017034471248875922
103	117	0.017034471248875922
103	223	0.017034471248875922
28	174	0.017034471248875922
103	300	0.017034471248875922
27	175	0.017034471248875922
28	175	0.017034471248875922
38	22	0.017034471248875922
38	259	0.017034471248875922
92	316	0.017034471248875922
5	69	0.017034471248875922
5	94	0.017034471248875922
103	174	0.017034471248875922
2	94	0.017034471248875922
103	93	0.017034471248875922
92	213	0.017034471248875922
5	175	0.017034471248875922
92	174	0.017034471248875922
2	69	0.017034471248875922
94	174	0.017034471248875922
55	22	0.017034471248875922
55	175	0.017034471248875922
103	258	0.017034471248875922
2	306	0.017034471248875922
28	22	0.017034471248875922
38	175	0.017034471248875922
92	175	0.017034471248875922
27	22	0.017034471248875922
94	175	0.017034471248875922
94	300	0.017034471248875922
92	300	0.017034471248875922
2	175	0.017034471248875922
2	77	0.017034471248875922
27	12	0.017034471248875922
94	230	0.017034471248875922
28	14	0.017034471248875922
92	117	0.017034471248875922
55	323	0.017034471248875922
38	210	0.017034471248875922
38	323	0.017034471248875922
92	323	0.017034471248875922
5	306	0.017034471248875922
94	323	0.017034471248875922
94	117	0.017034471248875922
38	176	0.017034471248875922
92	306	0.017034471248875922
27	176	0.017034471248875922
28	176	0.017034471248875922
5	22	0.017034471248875922
2	22	0.017034471248875922
92	240	0.017034471248875922
2	176	0.017034471248875922
5	176	0.017034471248875922
28	213	0.017034471248875922
27	213	0.017034471248875922
2	258	0.017034471248875922
38	80	0.017034471248875922
103	175	0.017034471248875922
103	176	0.017034471248875922
55	176	0.017034471248875922
28	241	0.017034471248875922
92	176	0.017034471248875922
27	241	0.017034471248875922
94	176	0.017034471248875922
94	283	0.017034471248875922
92	283	0.017034471248875922
2	284	0.017034471248875922
55	224	0.017034471248875922
55	12	0.017034471248875922
38	241	0.017034471248875922
28	258	0.017034471248875922
27	93	0.017034471248875922
28	93	0.017034471248875922
27	258	0.017034471248875922
92	93	0.017034471248875922
38	93	0.017034471248875922
38	283	0.017034471248875922
92	230	0.017034471248875922
28	211	0.017034471248875922
2	323	0.017034471248875922
5	323	0.017034471248875922
38	258	0.017034471248875922
55	283	0.017034471248875922
94	14	0.017034471248875922
5	259	0.017034471248875922
92	16	0.017034471248875922
92	14	0.017034471248875922
55	93	0.017034471248875922
28	80	0.017034471248875922
5	178	0.017034471248875922
5	93	0.017034471248875922
5	283	0.017034471248875922
27	323	0.017034471248875922
28	323	0.017034471248875922
2	241	0.017034471248875922
2	283	0.017034471248875922
38	306	0.017034471248875922
92	123	0.017034471248875922
94	123	0.017034471248875922
5	123	0.017034471248875922
38	178	0.017034471248875922
2	178	0.017034471248875922
103	212	0.017034471248875922
2	93	0.017034471248875922
103	217	0.017034471248875922
103	16	0.017034471248875922
28	61	0.017034471248875922
28	283	0.017034471248875922
27	283	0.017034471248875922
94	322	0.017034471248875922
103	322	0.017034471248875922
2	17	0.017034471248875922
103	123	0.017034471248875922
94	178	0.017034471248875922
27	178	0.017034471248875922
28	178	0.017034471248875922
2	124	0.017034471248875922
38	302	0.017034471248875922
94	16	0.017034471248875922
55	178	0.017034471248875922
92	92	0.017034471248875922
94	92	0.017034471248875922
55	223	0.017034471248875922
5	124	0.017034471248875922
94	281	0.017034471248875922
38	200	0.017034471248875922
2	179	0.017034471248875922
103	178	0.017034471248875922
92	281	0.017034471248875922
103	230	0.017034471248875922
103	281	0.017034471248875922
103	92	0.017034471248875922
55	179	0.017034471248875922
92	178	0.017034471248875922
103	257	0.017034471248875922
38	179	0.017034471248875922
94	179	0.017034471248875922
92	179	0.017034471248875922
28	212	0.017034471248875922
5	179	0.017034471248875922
55	124	0.017034471248875922
27	179	0.017034471248875922
28	179	0.017034471248875922
28	273	0.017034471248875922
38	124	0.017034471248875922
27	124	0.017034471248875922
28	333	0.017034471248875922
2	180	0.017034471248875922
38	87	0.017034471248875922
27	273	0.017034471248875922
28	322	0.017034471248875922
92	322	0.017034471248875922
28	87	0.017034471248875922
2	333	0.017034471248875922
5	258	0.017034471248875922
27	80	0.017034471248875922
55	302	0.017034471248875922
27	322	0.017034471248875922
38	180	0.017034471248875922
27	333	0.017034471248875922
5	302	0.017034471248875922
55	180	0.017034471248875922
2	302	0.017034471248875922
5	333	0.017034471248875922
5	180	0.017034471248875922
103	179	0.017034471248875922
94	257	0.017034471248875922
92	210	0.017034471248875922
27	180	0.017034471248875922
103	180	0.017034471248875922
92	180	0.017034471248875922
55	200	0.017034471248875922
94	180	0.017034471248875922
28	180	0.017034471248875922
38	257	0.017034471248875922
28	76	0.017034471248875922
27	76	0.017034471248875922
55	230	0.017034471248875922
5	125	0.017034471248875922
2	181	0.017034471248875922
5	181	0.017034471248875922
28	124	0.017034471248875922
28	281	0.017034471248875922
2	48	0.017034471248875922
38	61	0.017034471248875922
28	224	0.017034471248875922
5	48	0.017034471248875922
55	181	0.017034471248875922
27	224	0.017034471248875922
94	240	0.017034471248875922
92	333	0.017034471248875922
38	181	0.017034471248875922
2	59	0.017034471248875922
27	181	0.017034471248875922
28	181	0.017034471248875922
27	48	0.017034471248875922
2	200	0.017034471248875922
103	306	0.017034471248875922
94	333	0.017034471248875922
55	92	0.017034471248875922
92	181	0.017034471248875922
103	181	0.017034471248875922
55	322	0.017034471248875922
92	12	0.017034471248875922
5	200	0.017034471248875922
38	322	0.017034471248875922
27	288	0.017034471248875922
2	182	0.017034471248875922
5	281	0.017034471248875922
27	182	0.017034471248875922
2	281	0.017034471248875922
38	182	0.017034471248875922
92	257	0.017034471248875922
94	181	0.017034471248875922
103	199	0.017034471248875922
38	69	0.017034471248875922
55	182	0.017034471248875922
5	182	0.017034471248875922
38	228	0.017034471248875922
27	223	0.017034471248875922
27	281	0.017034471248875922
55	117	0.017034471248875922
55	69	0.017034471248875922
55	48	0.017034471248875922
38	48	0.017034471248875922
38	281	0.017034471248875922
103	182	0.017034471248875922
92	182	0.017034471248875922
28	230	0.017034471248875922
94	182	0.017034471248875922
28	182	0.017034471248875922
27	230	0.017034471248875922
2	76	0.017034471248875922
38	92	0.017034471248875922
27	92	0.017034471248875922
28	92	0.017034471248875922
55	281	0.017034471248875922
27	183	0.017034471248875922
28	183	0.017034471248875922
55	79	0.017034471248875922
55	240	0.017034471248875922
2	183	0.017034471248875922
5	183	0.017034471248875922
38	240	0.017034471248875922
38	183	0.017034471248875922
28	223	0.017034471248875922
5	257	0.017034471248875922
55	257	0.017034471248875922
5	76	0.017034471248875922
28	117	0.017034471248875922
2	216	0.017034471248875922
94	199	0.017034471248875922
28	48	0.017034471248875922
38	117	0.017034471248875922
2	92	0.017034471248875922
5	92	0.017034471248875922
27	117	0.017034471248875922
55	183	0.017034471248875922
2	125	0.017034471248875922
38	230	0.017034471248875922
55	239	0.017034471248875922
103	124	0.017034471248875922
92	124	0.017034471248875922
94	124	0.017034471248875922
55	256	0.017034471248875922
27	200	0.017034471248875922
103	183	0.017034471248875922
28	229	0.017034471248875922
92	256	0.017034471248875922
28	257	0.017034471248875922
5	322	0.017034471248875922
38	125	0.017034471248875922
94	12	0.017034471248875922
27	257	0.017034471248875922
2	322	0.017034471248875922
2	184	0.017034471248875922
5	184	0.017034471248875922
27	125	0.017034471248875922
28	125	0.017034471248875922
92	125	0.017034471248875922
55	184	0.017034471248875922
27	240	0.017034471248875922
92	183	0.017034471248875922
55	210	0.017034471248875922
94	183	0.017034471248875922
28	302	0.017034471248875922
27	302	0.017034471248875922
38	184	0.017034471248875922
94	125	0.017034471248875922
5	214	0.017034471248875922
5	216	0.017034471248875922
5	240	0.017034471248875922
5	230	0.017034471248875922
28	200	0.017034471248875922
55	125	0.017034471248875922
103	90	0.017034471248875922
2	214	0.017034471248875922
5	185	0.017034471248875922
27	184	0.017034471248875922
28	184	0.017034471248875922
94	256	0.017034471248875922
2	185	0.017034471248875922
103	184	0.017034471248875922
92	184	0.017034471248875922
94	184	0.017034471248875922
38	212	0.017034471248875922
28	185	0.017034471248875922
38	185	0.017034471248875922
94	48	0.017034471248875922
92	48	0.017034471248875922
27	185	0.017034471248875922
103	12	0.017034471248875922
28	240	0.017034471248875922
5	79	0.017034471248875922
2	126	0.017034471248875922
92	185	0.017034471248875922
94	116	0.017034471248875922
103	48	0.017034471248875922
55	185	0.017034471248875922
2	49	0.017034471248875922
27	13	0.017034471248875922
28	13	0.017034471248875922
92	251	0.017034471248875922
5	13	0.017034471248875922
5	49	0.017034471248875922
103	208	0.017034471248875922
103	229	0.017034471248875922
2	13	0.017034471248875922
103	256	0.017034471248875922
94	90	0.017034471248875922
38	216	0.017034471248875922
38	76	0.017034471248875922
28	49	0.017034471248875922
2	257	0.017034471248875922
2	186	0.017034471248875922
103	185	0.017034471248875922
2	230	0.017034471248875922
92	239	0.017034471248875922
94	211	0.017034471248875922
94	185	0.017034471248875922
92	90	0.017034471248875922
103	239	0.017034471248875922
5	126	0.017034471248875922
2	79	0.017034471248875922
27	186	0.017034471248875922
28	186	0.017034471248875922
55	186	0.017034471248875922
38	49	0.017034471248875922
5	186	0.017034471248875922
27	49	0.017034471248875922
55	229	0.017034471248875922
92	186	0.017034471248875922
2	229	0.017034471248875922
2	240	0.017034471248875922
2	117	0.017034471248875922
103	278	0.017034471248875922
2	187	0.017034471248875922
5	187	0.017034471248875922
92	18	0.017034471248875922
94	186	0.017034471248875922
94	239	0.017034471248875922
27	14	0.017034471248875922
38	186	0.017034471248875922
103	186	0.017034471248875922
103	18	0.017034471248875922
55	49	0.017034471248875922
103	238	0.017034471248875922
27	187	0.017034471248875922
28	187	0.017034471248875922
5	59	0.017034471248875922
94	49	0.017034471248875922
94	18	0.017034471248875922
38	187	0.017034471248875922
55	187	0.017034471248875922
5	117	0.017034471248875922
27	59	0.017034471248875922
27	256	0.017034471248875922
103	116	0.017034471248875922
2	228	0.017034471248875922
103	125	0.017034471248875922
55	90	0.017034471248875922
103	187	0.017034471248875922
38	90	0.017034471248875922
27	126	0.017034471248875922
2	239	0.017034471248875922
92	187	0.017034471248875922
5	229	0.017034471248875922
55	188	0.017034471248875922
94	187	0.017034471248875922
92	278	0.017034471248875922
38	278	0.017034471248875922
27	188	0.017034471248875922
28	188	0.017034471248875922
94	278	0.017034471248875922
28	256	0.017034471248875922
28	59	0.017034471248875922
92	229	0.017034471248875922
92	49	0.017034471248875922
38	256	0.017034471248875922
103	320	0.017034471248875922
5	278	0.017034471248875922
55	320	0.017034471248875922
2	188	0.017034471248875922
5	223	0.017034471248875922
2	223	0.017034471248875922
103	49	0.017034471248875922
92	211	0.017034471248875922
2	278	0.017034471248875922
94	69	0.017034471248875922
5	188	0.017034471248875922
2	256	0.017034471248875922
5	189	0.017034471248875922
5	50	0.017034471248875922
38	59	0.017034471248875922
38	188	0.017034471248875922
28	278	0.017034471248875922
27	278	0.017034471248875922
94	188	0.017034471248875922
28	50	0.017034471248875922
92	188	0.017034471248875922
27	50	0.017034471248875922
38	189	0.017034471248875922
27	189	0.017034471248875922
28	189	0.017034471248875922
5	256	0.017034471248875922
94	74	0.017034471248875922
92	74	0.017034471248875922
5	75	0.017034471248875922
2	189	0.017034471248875922
38	239	0.017034471248875922
2	75	0.017034471248875922
103	74	0.017034471248875922
38	229	0.017034471248875922
55	189	0.017034471248875922
92	126	0.017034471248875922
55	278	0.017034471248875922
28	316	0.017034471248875922
28	60	0.017034471248875922
103	188	0.017034471248875922
27	60	0.017034471248875922
28	239	0.017034471248875922
27	90	0.017034471248875922
28	90	0.017034471248875922
5	90	0.017034471248875922
94	126	0.017034471248875922
27	239	0.017034471248875922
28	53	0.017034471248875922
38	223	0.017034471248875922
38	50	0.017034471248875922
55	50	0.017034471248875922
38	13	0.017034471248875922
55	59	0.017034471248875922
27	316	0.017034471248875922
92	189	0.017034471248875922
92	59	0.017034471248875922
94	189	0.017034471248875922
38	209	0.017034471248875922
55	190	0.017034471248875922
55	126	0.017034471248875922
103	189	0.017034471248875922
2	50	0.017034471248875922
92	320	0.017034471248875922
38	79	0.017034471248875922
94	320	0.017034471248875922
92	116	0.017034471248875922
27	190	0.017034471248875922
28	190	0.017034471248875922
94	190	0.017034471248875922
103	228	0.017034471248875922
2	303	0.017034471248875922
2	190	0.017034471248875922
103	302	0.017034471248875922
5	190	0.017034471248875922
92	254	0.017034471248875922
2	191	0.017034471248875922
5	191	0.017034471248875922
38	316	0.017034471248875922
94	59	0.017034471248875922
38	190	0.017034471248875922
92	190	0.017034471248875922
5	303	0.017034471248875922
94	238	0.017034471248875922
92	238	0.017034471248875922
38	191	0.017034471248875922
27	191	0.017034471248875922
28	191	0.017034471248875922
103	59	0.017034471248875922
27	53	0.017034471248875922
55	14	0.017034471248875922
38	303	0.017034471248875922
94	89	0.017034471248875922
2	90	0.017034471248875922
2	60	0.017034471248875922
92	89	0.017034471248875922
92	228	0.017034471248875922
5	239	0.017034471248875922
103	190	0.017034471248875922
94	276	0.017034471248875922
103	191	0.017034471248875922
5	60	0.017034471248875922
55	191	0.017034471248875922
28	79	0.017034471248875922
2	192	0.017034471248875922
103	89	0.017034471248875922
94	50	0.017034471248875922
92	191	0.017034471248875922
92	50	0.017034471248875922
94	191	0.017034471248875922
103	254	0.017034471248875922
27	192	0.017034471248875922
28	192	0.017034471248875922
92	76	0.017034471248875922
38	60	0.017034471248875922
92	200	0.017034471248875922
27	79	0.017034471248875922
103	311	0.017034471248875922
5	213	0.017034471248875922
103	50	0.017034471248875922
5	192	0.017034471248875922
103	126	0.017034471248875922
27	229	0.017034471248875922
27	320	0.017034471248875922
28	320	0.017034471248875922
2	208	0.017034471248875922
55	76	0.017034471248875922
92	69	0.017034471248875922
5	51	0.017034471248875922
38	126	0.017034471248875922
2	51	0.017034471248875922
38	320	0.017034471248875922
103	276	0.017034471248875922
28	16	0.017034471248875922
38	192	0.017034471248875922
38	238	0.017034471248875922
27	254	0.017034471248875922
94	254	0.017034471248875922
55	213	0.017034471248875922
28	51	0.017034471248875922
55	192	0.017034471248875922
5	193	0.017034471248875922
55	89	0.017034471248875922
94	192	0.017034471248875922
27	51	0.017034471248875922
92	192	0.017034471248875922
38	51	0.017034471248875922
28	126	0.017034471248875922
55	238	0.017034471248875922
94	302	0.017034471248875922
38	193	0.017034471248875922
92	302	0.017034471248875922
38	254	0.017034471248875922
94	228	0.017034471248875922
27	193	0.017034471248875922
28	193	0.017034471248875922
92	276	0.017034471248875922
92	86	0.017034471248875922
55	60	0.017034471248875922
55	254	0.017034471248875922
2	238	0.017034471248875922
2	193	0.017034471248875922
27	276	0.017034471248875922
103	192	0.017034471248875922
38	276	0.017034471248875922
55	276	0.017034471248875922
55	193	0.017034471248875922
28	194	0.017034471248875922
94	193	0.017034471248875922
28	276	0.017034471248875922
2	194	0.017034471248875922
103	193	0.017034471248875922
55	18	0.017034471248875922
5	238	0.017034471248875922
28	236	0.017034471248875922
27	238	0.017034471248875922
38	75	0.017034471248875922
2	276	0.017034471248875922
55	13	0.017034471248875922
38	116	0.017034471248875922
55	275	0.017034471248875922
5	127	0.017034471248875922
5	276	0.017034471248875922
28	238	0.017034471248875922
28	275	0.017034471248875922
27	275	0.017034471248875922
103	69	0.017034471248875922
5	320	0.017034471248875922
2	87	0.017034471248875922
94	275	0.017034471248875922
5	87	0.017034471248875922
2	127	0.017034471248875922
92	275	0.017034471248875922
103	86	0.017034471248875922
94	253	0.017034471248875922
103	275	0.017034471248875922
2	320	0.017034471248875922
27	127	0.017034471248875922
92	253	0.017034471248875922
38	194	0.017034471248875922
55	194	0.017034471248875922
103	253	0.017034471248875922
92	193	0.017034471248875922
28	254	0.017034471248875922
94	251	0.017034471248875922
28	75	0.017034471248875922
27	194	0.017034471248875922
92	194	0.017034471248875922
2	254	0.017034471248875922
55	253	0.017034471248875922
27	236	0.017034471248875922
5	194	0.017034471248875922
5	254	0.017034471248875922
28	71	0.017034471248875922
27	71	0.017034471248875922
27	75	0.017034471248875922
55	116	0.017034471248875922
94	194	0.017034471248875922
2	195	0.017034471248875922
5	195	0.017034471248875922
103	194	0.017034471248875922
103	271	0.017034471248875922
103	127	0.017034471248875922
38	272	0.017034471248875922
38	195	0.017034471248875922
55	195	0.017034471248875922
103	251	0.017034471248875922
27	195	0.017034471248875922
28	195	0.017034471248875922
2	275	0.017034471248875922
94	13	0.017034471248875922
55	127	0.017034471248875922
55	236	0.017034471248875922
38	275	0.017034471248875922
94	127	0.017034471248875922
92	13	0.017034471248875922
55	51	0.017034471248875922
55	209	0.017034471248875922
38	127	0.017034471248875922
2	253	0.017034471248875922
92	127	0.017034471248875922
28	127	0.017034471248875922
55	86	0.017034471248875922
28	128	0.017034471248875922
103	200	0.017034471248875922
103	51	0.017034471248875922
28	253	0.017034471248875922
5	128	0.017034471248875922
38	251	0.017034471248875922
94	200	0.017034471248875922
5	275	0.017034471248875922
2	89	0.017034471248875922
5	89	0.017034471248875922
27	253	0.017034471248875922
38	253	0.017034471248875922
38	89	0.017034471248875922
28	89	0.017034471248875922
94	51	0.017034471248875922
55	228	0.017034471248875922
27	18	0.017034471248875922
27	89	0.017034471248875922
2	128	0.017034471248875922
2	227	0.017034471248875922
5	314	0.017034471248875922
28	303	0.017034471248875922
28	116	0.017034471248875922
103	195	0.017034471248875922
92	195	0.017034471248875922
27	303	0.017034471248875922
94	195	0.017034471248875922
55	88	0.017034471248875922
103	313	0.017034471248875922
38	88	0.017034471248875922
28	228	0.017034471248875922
103	88	0.017034471248875922
27	228	0.017034471248875922
55	272	0.017034471248875922
5	116	0.017034471248875922
92	88	0.017034471248875922
28	18	0.017034471248875922
94	88	0.017034471248875922
94	303	0.017034471248875922
2	88	0.017034471248875922
2	71	0.017034471248875922
38	317	0.017034471248875922
38	18	0.017034471248875922
27	128	0.017034471248875922
5	88	0.017034471248875922
55	303	0.017034471248875922
103	221	0.017034471248875922
2	197	0.017034471248875922
5	197	0.017034471248875922
38	197	0.017034471248875922
55	197	0.017034471248875922
55	53	0.017034471248875922
38	86	0.017034471248875922
27	88	0.017034471248875922
28	88	0.017034471248875922
5	304	0.017034471248875922
38	128	0.017034471248875922
92	128	0.017034471248875922
92	81	0.017034471248875922
92	51	0.017034471248875922
94	17	0.017034471248875922
94	229	0.017034471248875922
55	314	0.017034471248875922
2	314	0.017034471248875922
103	87	0.017034471248875922
92	87	0.017034471248875922
94	87	0.017034471248875922
5	71	0.017034471248875922
5	198	0.017034471248875922
27	197	0.017034471248875922
28	197	0.017034471248875922
94	128	0.017034471248875922
92	197	0.017034471248875922
103	273	0.017034471248875922
94	197	0.017034471248875922
92	60	0.017034471248875922
27	116	0.017034471248875922
27	198	0.017034471248875922
28	198	0.017034471248875922
28	227	0.017034471248875922
28	208	0.017034471248875922
55	313	0.017034471248875922
38	236	0.017034471248875922
92	273	0.017034471248875922
92	236	0.017034471248875922
38	198	0.017034471248875922
2	198	0.017034471248875922
103	197	0.017034471248875922
92	303	0.017034471248875922
103	303	0.017034471248875922
5	317	0.017034471248875922
5	253	0.017034471248875922
55	87	0.017034471248875922
0	275	0.01703106629183372
51	57	0.017015770761148165
16	169	0.0170117094581321
16	326	0.017009356219677925
72	54	0.017008964796004555
76	54	0.017008964796004555
36	54	0.017008964796004555
39	115	0.017001994128844684
39	118	0.017001994128844684
39	124	0.017001994128844684
39	79	0.017001994128844684
39	82	0.017001994128844684
39	110	0.017001994128844684
39	85	0.017001994128844684
39	73	0.017001994128844684
39	106	0.017001994128844684
39	66	0.017001994128844684
39	103	0.017001994128844684
39	81	0.017001994128844684
39	61	0.017001994128844684
39	98	0.017001994128844684
39	117	0.017001994128844684
39	72	0.017001994128844684
39	113	0.017001994128844684
39	121	0.017001994128844684
18	143	0.017001886644546185
54	200	0.01699846370654466
108	218	0.016967001299595073
74	218	0.016967001299595073
91	72	0.016906384790786967
35	235	0.01690301468791457
85	235	0.01690301468791457
20	235	0.01690301468791457
50	235	0.01690301468791457
52	235	0.01690301468791457
30	235	0.01690301468791457
64	235	0.01690301468791457
0	206	0.016895167511846904
11	304	0.016895098487756728
11	210	0.016895098487756728
20	28	0.01688411024358122
20	206	0.01688411024358122
50	28	0.01688411024358122
50	133	0.01688411024358122
35	58	0.01688411024358122
20	133	0.01688411024358122
30	331	0.01688411024358122
50	58	0.01688411024358122
35	331	0.01688411024358122
50	91	0.01688411024358122
52	91	0.01688411024358122
52	196	0.01688411024358122
35	91	0.01688411024358122
50	196	0.01688411024358122
52	133	0.01688411024358122
30	133	0.01688411024358122
52	58	0.01688411024358122
30	91	0.01688411024358122
20	331	0.01688411024358122
35	133	0.01688411024358122
30	101	0.01688411024358122
50	101	0.01688411024358122
20	196	0.01688411024358122
30	196	0.01688411024358122
52	28	0.01688411024358122
30	206	0.01688411024358122
35	206	0.01688411024358122
30	58	0.01688411024358122
50	331	0.01688411024358122
20	101	0.01688411024358122
20	58	0.01688411024358122
50	206	0.01688411024358122
52	206	0.01688411024358122
35	28	0.01688411024358122
52	331	0.01688411024358122
35	196	0.01688411024358122
30	28	0.01688411024358122
35	101	0.01688411024358122
20	91	0.01688411024358122
52	101	0.01688411024358122
29	291	0.01684691755436546
64	24	0.01684243532326297
52	24	0.01684243532326297
35	73	0.01684243532326297
35	66	0.01684243532326297
85	66	0.01684243532326297
30	66	0.01684243532326297
20	66	0.01684243532326297
64	66	0.01684243532326297
50	66	0.01684243532326297
52	66	0.01684243532326297
85	85	0.01684243532326297
64	85	0.01684243532326297
52	85	0.01684243532326297
50	85	0.01684243532326297
35	85	0.01684243532326297
30	85	0.01684243532326297
20	85	0.01684243532326297
50	234	0.01684243532326297
52	234	0.01684243532326297
20	234	0.01684243532326297
35	234	0.01684243532326297
30	234	0.01684243532326297
85	234	0.01684243532326297
64	234	0.01684243532326297
20	274	0.01684243532326297
85	70	0.01684243532326297
50	274	0.01684243532326297
52	274	0.01684243532326297
30	274	0.01684243532326297
35	274	0.01684243532326297
30	70	0.01684243532326297
64	70	0.01684243532326297
50	70	0.01684243532326297
52	70	0.01684243532326297
35	70	0.01684243532326297
85	274	0.01684243532326297
64	274	0.01684243532326297
20	70	0.01684243532326297
85	78	0.01684243532326297
52	78	0.01684243532326297
50	78	0.01684243532326297
35	78	0.01684243532326297
30	78	0.01684243532326297
20	78	0.01684243532326297
64	78	0.01684243532326297
85	73	0.01684243532326297
64	73	0.01684243532326297
50	73	0.01684243532326297
52	73	0.01684243532326297
30	287	0.01684243532326297
64	287	0.01684243532326297
52	287	0.01684243532326297
35	287	0.01684243532326297
20	287	0.01684243532326297
85	287	0.01684243532326297
50	287	0.01684243532326297
30	73	0.01684243532326297
20	73	0.01684243532326297
30	24	0.01684243532326297
35	24	0.01684243532326297
20	24	0.01684243532326297
85	24	0.01684243532326297
50	24	0.01684243532326297
0	186	0.016808448244557128
72	274	0.01677510699526229
36	274	0.01677510699526229
20	120	0.01675940976195797
52	119	0.01675940976195797
52	191	0.01675940976195797
35	173	0.01675940976195797
85	173	0.01675940976195797
64	173	0.01675940976195797
30	284	0.01675940976195797
30	120	0.01675940976195797
85	333	0.01675940976195797
64	333	0.01675940976195797
35	119	0.01675940976195797
64	120	0.01675940976195797
30	119	0.01675940976195797
35	120	0.01675940976195797
52	210	0.01675940976195797
85	50	0.01675940976195797
50	119	0.01675940976195797
30	121	0.01675940976195797
20	121	0.01675940976195797
85	120	0.01675940976195797
50	120	0.01675940976195797
52	120	0.01675940976195797
20	60	0.01675940976195797
64	121	0.01675940976195797
50	259	0.01675940976195797
35	121	0.01675940976195797
50	121	0.01675940976195797
52	121	0.01675940976195797
85	121	0.01675940976195797
20	119	0.01675940976195797
64	50	0.01675940976195797
30	333	0.01675940976195797
30	185	0.01675940976195797
52	14	0.01675940976195797
35	333	0.01675940976195797
85	89	0.01675940976195797
85	76	0.01675940976195797
35	303	0.01675940976195797
20	191	0.01675940976195797
30	118	0.01675940976195797
50	118	0.01675940976195797
35	118	0.01675940976195797
85	118	0.01675940976195797
30	191	0.01675940976195797
64	118	0.01675940976195797
52	118	0.01675940976195797
20	123	0.01675940976195797
35	123	0.01675940976195797
20	118	0.01675940976195797
50	123	0.01675940976195797
52	123	0.01675940976195797
30	123	0.01675940976195797
35	191	0.01675940976195797
85	123	0.01675940976195797
85	117	0.01675940976195797
64	123	0.01675940976195797
64	117	0.01675940976195797
20	124	0.01675940976195797
50	124	0.01675940976195797
52	124	0.01675940976195797
35	124	0.01675940976195797
20	333	0.01675940976195797
64	259	0.01675940976195797
64	302	0.01675940976195797
64	124	0.01675940976195797
52	333	0.01675940976195797
85	124	0.01675940976195797
30	117	0.01675940976195797
30	124	0.01675940976195797
52	241	0.01675940976195797
20	125	0.01675940976195797
50	117	0.01675940976195797
52	117	0.01675940976195797
35	117	0.01675940976195797
50	125	0.01675940976195797
30	125	0.01675940976195797
35	125	0.01675940976195797
64	125	0.01675940976195797
52	125	0.01675940976195797
20	117	0.01675940976195797
50	191	0.01675940976195797
85	116	0.01675940976195797
20	126	0.01675940976195797
85	125	0.01675940976195797
85	126	0.01675940976195797
50	212	0.01675940976195797
64	116	0.01675940976195797
35	126	0.01675940976195797
50	126	0.01675940976195797
52	126	0.01675940976195797
30	126	0.01675940976195797
50	116	0.01675940976195797
52	116	0.01675940976195797
64	126	0.01675940976195797
50	241	0.01675940976195797
64	127	0.01675940976195797
20	12	0.01675940976195797
20	127	0.01675940976195797
35	190	0.01675940976195797
50	127	0.01675940976195797
52	127	0.01675940976195797
30	12	0.01675940976195797
35	127	0.01675940976195797
52	60	0.01675940976195797
35	12	0.01675940976195797
30	127	0.01675940976195797
30	128	0.01675940976195797
30	116	0.01675940976195797
30	224	0.01675940976195797
64	190	0.01675940976195797
50	128	0.01675940976195797
30	76	0.01675940976195797
64	128	0.01675940976195797
20	128	0.01675940976195797
85	127	0.01675940976195797
35	128	0.01675940976195797
35	174	0.01675940976195797
30	74	0.01675940976195797
85	128	0.01675940976195797
35	116	0.01675940976195797
20	116	0.01675940976195797
85	80	0.01675940976195797
85	228	0.01675940976195797
35	50	0.01675940976195797
52	128	0.01675940976195797
50	190	0.01675940976195797
85	115	0.01675940976195797
64	76	0.01675940976195797
30	129	0.01675940976195797
35	129	0.01675940976195797
20	129	0.01675940976195797
85	238	0.01675940976195797
35	94	0.01675940976195797
85	332	0.01675940976195797
35	186	0.01675940976195797
85	190	0.01675940976195797
30	94	0.01675940976195797
20	278	0.01675940976195797
52	212	0.01675940976195797
30	190	0.01675940976195797
64	129	0.01675940976195797
50	129	0.01675940976195797
52	129	0.01675940976195797
50	333	0.01675940976195797
35	209	0.01675940976195797
35	22	0.01675940976195797
85	129	0.01675940976195797
50	130	0.01675940976195797
35	130	0.01675940976195797
30	130	0.01675940976195797
20	130	0.01675940976195797
85	189	0.01675940976195797
64	130	0.01675940976195797
52	130	0.01675940976195797
64	115	0.01675940976195797
85	130	0.01675940976195797
20	94	0.01675940976195797
50	174	0.01675940976195797
52	190	0.01675940976195797
50	131	0.01675940976195797
30	131	0.01675940976195797
52	115	0.01675940976195797
85	131	0.01675940976195797
35	131	0.01675940976195797
20	131	0.01675940976195797
30	278	0.01675940976195797
52	131	0.01675940976195797
64	209	0.01675940976195797
64	131	0.01675940976195797
30	223	0.01675940976195797
30	132	0.01675940976195797
64	59	0.01675940976195797
30	13	0.01675940976195797
52	59	0.01675940976195797
20	190	0.01675940976195797
50	50	0.01675940976195797
52	13	0.01675940976195797
20	173	0.01675940976195797
35	132	0.01675940976195797
50	332	0.01675940976195797
52	332	0.01675940976195797
50	115	0.01675940976195797
35	115	0.01675940976195797
30	115	0.01675940976195797
20	115	0.01675940976195797
20	212	0.01675940976195797
30	173	0.01675940976195797
64	284	0.01675940976195797
64	258	0.01675940976195797
20	132	0.01675940976195797
64	132	0.01675940976195797
50	132	0.01675940976195797
52	132	0.01675940976195797
85	114	0.01675940976195797
85	132	0.01675940976195797
52	114	0.01675940976195797
35	114	0.01675940976195797
50	114	0.01675940976195797
52	173	0.01675940976195797
64	114	0.01675940976195797
30	114	0.01675940976195797
85	113	0.01675940976195797
20	114	0.01675940976195797
64	134	0.01675940976195797
52	134	0.01675940976195797
85	134	0.01675940976195797
20	134	0.01675940976195797
30	134	0.01675940976195797
35	134	0.01675940976195797
64	113	0.01675940976195797
50	134	0.01675940976195797
50	113	0.01675940976195797
35	113	0.01675940976195797
20	113	0.01675940976195797
30	174	0.01675940976195797
52	113	0.01675940976195797
85	112	0.01675940976195797
52	74	0.01675940976195797
30	113	0.01675940976195797
20	332	0.01675940976195797
50	284	0.01675940976195797
35	332	0.01675940976195797
35	208	0.01675940976195797
50	173	0.01675940976195797
52	284	0.01675940976195797
85	172	0.01675940976195797
50	172	0.01675940976195797
64	112	0.01675940976195797
50	112	0.01675940976195797
35	112	0.01675940976195797
52	112	0.01675940976195797
30	112	0.01675940976195797
50	74	0.01675940976195797
20	284	0.01675940976195797
52	136	0.01675940976195797
30	136	0.01675940976195797
50	136	0.01675940976195797
85	300	0.01675940976195797
64	172	0.01675940976195797
85	136	0.01675940976195797
35	136	0.01675940976195797
20	136	0.01675940976195797
64	136	0.01675940976195797
85	111	0.01675940976195797
20	112	0.01675940976195797
52	172	0.01675940976195797
20	172	0.01675940976195797
20	174	0.01675940976195797
64	332	0.01675940976195797
35	172	0.01675940976195797
64	300	0.01675940976195797
20	69	0.01675940976195797
30	172	0.01675940976195797
64	174	0.01675940976195797
35	74	0.01675940976195797
30	175	0.01675940976195797
20	259	0.01675940976195797
20	111	0.01675940976195797
35	111	0.01675940976195797
30	111	0.01675940976195797
64	111	0.01675940976195797
50	111	0.01675940976195797
52	111	0.01675940976195797
35	212	0.01675940976195797
30	171	0.01675940976195797
64	224	0.01675940976195797
30	332	0.01675940976195797
64	316	0.01675940976195797
52	22	0.01675940976195797
50	22	0.01675940976195797
85	171	0.01675940976195797
64	22	0.01675940976195797
20	175	0.01675940976195797
35	259	0.01675940976195797
85	77	0.01675940976195797
85	241	0.01675940976195797
64	171	0.01675940976195797
30	259	0.01675940976195797
50	316	0.01675940976195797
20	285	0.01675940976195797
52	174	0.01675940976195797
35	214	0.01675940976195797
50	175	0.01675940976195797
52	175	0.01675940976195797
85	68	0.01675940976195797
20	139	0.01675940976195797
52	285	0.01675940976195797
85	109	0.01675940976195797
85	230	0.01675940976195797
50	139	0.01675940976195797
52	139	0.01675940976195797
35	139	0.01675940976195797
30	139	0.01675940976195797
35	109	0.01675940976195797
64	139	0.01675940976195797
20	140	0.01675940976195797
20	22	0.01675940976195797
20	260	0.01675940976195797
64	109	0.01675940976195797
50	109	0.01675940976195797
52	109	0.01675940976195797
35	140	0.01675940976195797
64	212	0.01675940976195797
52	140	0.01675940976195797
30	140	0.01675940976195797
85	139	0.01675940976195797
20	109	0.01675940976195797
85	174	0.01675940976195797
50	140	0.01675940976195797
85	140	0.01675940976195797
64	140	0.01675940976195797
50	208	0.01675940976195797
30	109	0.01675940976195797
64	314	0.01675940976195797
35	175	0.01675940976195797
85	284	0.01675940976195797
85	108	0.01675940976195797
30	22	0.01675940976195797
50	7	0.01675940976195797
30	285	0.01675940976195797
52	259	0.01675940976195797
30	7	0.01675940976195797
35	7	0.01675940976195797
20	7	0.01675940976195797
20	108	0.01675940976195797
85	170	0.01675940976195797
30	82	0.01675940976195797
52	50	0.01675940976195797
50	108	0.01675940976195797
52	108	0.01675940976195797
64	108	0.01675940976195797
50	306	0.01675940976195797
52	171	0.01675940976195797
85	175	0.01675940976195797
64	241	0.01675940976195797
35	171	0.01675940976195797
85	240	0.01675940976195797
50	171	0.01675940976195797
35	13	0.01675940976195797
64	7	0.01675940976195797
52	7	0.01675940976195797
64	306	0.01675940976195797
35	223	0.01675940976195797
50	323	0.01675940976195797
50	13	0.01675940976195797
35	285	0.01675940976195797
85	285	0.01675940976195797
20	90	0.01675940976195797
20	306	0.01675940976195797
50	170	0.01675940976195797
35	284	0.01675940976195797
30	50	0.01675940976195797
64	170	0.01675940976195797
30	60	0.01675940976195797
35	90	0.01675940976195797
30	214	0.01675940976195797
35	108	0.01675940976195797
20	171	0.01675940976195797
30	108	0.01675940976195797
64	278	0.01675940976195797
50	229	0.01675940976195797
52	229	0.01675940976195797
52	278	0.01675940976195797
30	90	0.01675940976195797
52	189	0.01675940976195797
52	170	0.01675940976195797
20	74	0.01675940976195797
50	260	0.01675940976195797
35	260	0.01675940976195797
50	189	0.01675940976195797
64	285	0.01675940976195797
52	323	0.01675940976195797
64	189	0.01675940976195797
30	49	0.01675940976195797
35	220	0.01675940976195797
20	189	0.01675940976195797
30	260	0.01675940976195797
30	189	0.01675940976195797
52	94	0.01675940976195797
64	317	0.01675940976195797
35	189	0.01675940976195797
85	188	0.01675940976195797
50	59	0.01675940976195797
35	59	0.01675940976195797
20	240	0.01675940976195797
85	259	0.01675940976195797
35	188	0.01675940976195797
52	330	0.01675940976195797
20	241	0.01675940976195797
50	330	0.01675940976195797
64	185	0.01675940976195797
64	69	0.01675940976195797
85	330	0.01675940976195797
35	323	0.01675940976195797
35	176	0.01675940976195797
64	107	0.01675940976195797
50	285	0.01675940976195797
64	330	0.01675940976195797
50	94	0.01675940976195797
20	50	0.01675940976195797
35	224	0.01675940976195797
35	107	0.01675940976195797
30	176	0.01675940976195797
20	170	0.01675940976195797
64	175	0.01675940976195797
64	94	0.01675940976195797
85	107	0.01675940976195797
35	170	0.01675940976195797
30	170	0.01675940976195797
20	330	0.01675940976195797
30	144	0.01675940976195797
35	144	0.01675940976195797
20	144	0.01675940976195797
35	316	0.01675940976195797
52	107	0.01675940976195797
30	169	0.01675940976195797
30	107	0.01675940976195797
50	107	0.01675940976195797
85	14	0.01675940976195797
20	80	0.01675940976195797
64	176	0.01675940976195797
85	283	0.01675940976195797
50	144	0.01675940976195797
52	144	0.01675940976195797
30	300	0.01675940976195797
85	260	0.01675940976195797
50	176	0.01675940976195797
20	107	0.01675940976195797
35	300	0.01675940976195797
50	68	0.01675940976195797
85	144	0.01675940976195797
52	68	0.01675940976195797
50	169	0.01675940976195797
64	169	0.01675940976195797
52	316	0.01675940976195797
85	16	0.01675940976195797
85	169	0.01675940976195797
85	168	0.01675940976195797
52	260	0.01675940976195797
52	176	0.01675940976195797
52	169	0.01675940976195797
30	210	0.01675940976195797
64	144	0.01675940976195797
85	224	0.01675940976195797
50	286	0.01675940976195797
35	232	0.01675940976195797
35	169	0.01675940976195797
30	286	0.01675940976195797
20	169	0.01675940976195797
64	168	0.01675940976195797
20	220	0.01675940976195797
35	286	0.01675940976195797
50	225	0.01675940976195797
52	225	0.01675940976195797
35	80	0.01675940976195797
30	213	0.01675940976195797
85	94	0.01675940976195797
30	168	0.01675940976195797
85	176	0.01675940976195797
85	106	0.01675940976195797
30	95	0.01675940976195797
20	176	0.01675940976195797
20	95	0.01675940976195797
52	168	0.01675940976195797
50	168	0.01675940976195797
50	300	0.01675940976195797
52	300	0.01675940976195797
85	167	0.01675940976195797
52	286	0.01675940976195797
85	323	0.01675940976195797
20	168	0.01675940976195797
35	168	0.01675940976195797
20	286	0.01675940976195797
50	167	0.01675940976195797
52	167	0.01675940976195797
64	167	0.01675940976195797
30	167	0.01675940976195797
64	12	0.01675940976195797
20	167	0.01675940976195797
50	12	0.01675940976195797
35	167	0.01675940976195797
35	261	0.01675940976195797
52	12	0.01675940976195797
20	261	0.01675940976195797
30	93	0.01675940976195797
85	7	0.01675940976195797
30	146	0.01675940976195797
35	330	0.01675940976195797
85	54	0.01675940976195797
85	166	0.01675940976195797
30	14	0.01675940976195797
64	68	0.01675940976195797
20	300	0.01675940976195797
35	166	0.01675940976195797
85	93	0.01675940976195797
30	225	0.01675940976195797
20	146	0.01675940976195797
35	146	0.01675940976195797
50	146	0.01675940976195797
52	146	0.01675940976195797
64	146	0.01675940976195797
64	106	0.01675940976195797
35	106	0.01675940976195797
35	283	0.01675940976195797
35	241	0.01675940976195797
85	146	0.01675940976195797
64	93	0.01675940976195797
50	106	0.01675940976195797
52	106	0.01675940976195797
64	286	0.01675940976195797
30	106	0.01675940976195797
20	106	0.01675940976195797
52	224	0.01675940976195797
85	258	0.01675940976195797
50	64	0.01675940976195797
52	64	0.01675940976195797
50	210	0.01675940976195797
52	314	0.01675940976195797
64	213	0.01675940976195797
30	241	0.01675940976195797
85	214	0.01675940976195797
64	260	0.01675940976195797
30	209	0.01675940976195797
64	216	0.01675940976195797
20	16	0.01675940976195797
30	323	0.01675940976195797
35	268	0.01675940976195797
52	65	0.01675940976195797
64	166	0.01675940976195797
50	166	0.01675940976195797
50	65	0.01675940976195797
85	165	0.01675940976195797
35	17	0.01675940976195797
20	17	0.01675940976195797
20	178	0.01675940976195797
52	283	0.01675940976195797
30	267	0.01675940976195797
52	166	0.01675940976195797
64	266	0.01675940976195797
20	166	0.01675940976195797
50	283	0.01675940976195797
20	214	0.01675940976195797
85	267	0.01675940976195797
35	258	0.01675940976195797
20	59	0.01675940976195797
30	166	0.01675940976195797
20	165	0.01675940976195797
52	95	0.01675940976195797
20	14	0.01675940976195797
85	286	0.01675940976195797
50	95	0.01675940976195797
20	268	0.01675940976195797
85	185	0.01675940976195797
52	266	0.01675940976195797
50	224	0.01675940976195797
30	80	0.01675940976195797
50	226	0.01675940976195797
35	95	0.01675940976195797
85	75	0.01675940976195797
50	93	0.01675940976195797
50	217	0.01675940976195797
64	95	0.01675940976195797
85	72	0.01675940976195797
85	38	0.01675940976195797
50	216	0.01675940976195797
52	305	0.01675940976195797
64	54	0.01675940976195797
35	93	0.01675940976195797
20	64	0.01675940976195797
50	305	0.01675940976195797
52	165	0.01675940976195797
85	62	0.01675940976195797
52	217	0.01675940976195797
20	210	0.01675940976195797
52	226	0.01675940976195797
64	267	0.01675940976195797
30	258	0.01675940976195797
52	93	0.01675940976195797
50	165	0.01675940976195797
64	62	0.01675940976195797
35	81	0.01675940976195797
30	165	0.01675940976195797
64	323	0.01675940976195797
85	226	0.01675940976195797
30	72	0.01675940976195797
64	165	0.01675940976195797
52	81	0.01675940976195797
64	261	0.01675940976195797
30	261	0.01675940976195797
64	38	0.01675940976195797
35	165	0.01675940976195797
50	261	0.01675940976195797
52	261	0.01675940976195797
50	54	0.01675940976195797
52	54	0.01675940976195797
64	283	0.01675940976195797
20	313	0.01675940976195797
52	288	0.01675940976195797
20	288	0.01675940976195797
85	95	0.01675940976195797
50	38	0.01675940976195797
52	38	0.01675940976195797
30	96	0.01675940976195797
30	68	0.01675940976195797
85	261	0.01675940976195797
52	77	0.01675940976195797
52	96	0.01675940976195797
30	268	0.01675940976195797
50	96	0.01675940976195797
64	225	0.01675940976195797
35	68	0.01675940976195797
20	38	0.01675940976195797
64	268	0.01675940976195797
20	68	0.01675940976195797
50	268	0.01675940976195797
52	268	0.01675940976195797
85	163	0.01675940976195797
35	313	0.01675940976195797
52	208	0.01675940976195797
52	216	0.01675940976195797
20	323	0.01675940976195797
85	322	0.01675940976195797
85	22	0.01675940976195797
20	267	0.01675940976195797
85	288	0.01675940976195797
20	96	0.01675940976195797
35	96	0.01675940976195797
64	96	0.01675940976195797
64	288	0.01675940976195797
20	262	0.01675940976195797
30	38	0.01675940976195797
50	288	0.01675940976195797
35	38	0.01675940976195797
85	208	0.01675940976195797
30	266	0.01675940976195797
52	317	0.01675940976195797
64	163	0.01675940976195797
50	163	0.01675940976195797
35	288	0.01675940976195797
20	326	0.01675940976195797
52	163	0.01675940976195797
30	61	0.01675940976195797
30	288	0.01675940976195797
20	163	0.01675940976195797
30	163	0.01675940976195797
35	163	0.01675940976195797
50	178	0.01675940976195797
35	162	0.01675940976195797
35	72	0.01675940976195797
20	72	0.01675940976195797
50	75	0.01675940976195797
30	162	0.01675940976195797
64	162	0.01675940976195797
52	262	0.01675940976195797
35	82	0.01675940976195797
64	17	0.01675940976195797
64	77	0.01675940976195797
20	269	0.01675940976195797
85	96	0.01675940976195797
52	75	0.01675940976195797
85	162	0.01675940976195797
20	305	0.01675940976195797
30	17	0.01675940976195797
35	239	0.01675940976195797
30	217	0.01675940976195797
52	162	0.01675940976195797
35	213	0.01675940976195797
50	188	0.01675940976195797
52	188	0.01675940976195797
30	262	0.01675940976195797
30	316	0.01675940976195797
20	229	0.01675940976195797
35	217	0.01675940976195797
35	187	0.01675940976195797
85	298	0.01675940976195797
20	162	0.01675940976195797
64	64	0.01675940976195797
35	262	0.01675940976195797
50	262	0.01675940976195797
64	72	0.01675940976195797
50	162	0.01675940976195797
52	187	0.01675940976195797
35	62	0.01675940976195797
64	161	0.01675940976195797
85	161	0.01675940976195797
35	314	0.01675940976195797
50	298	0.01675940976195797
52	269	0.01675940976195797
52	298	0.01675940976195797
85	59	0.01675940976195797
20	13	0.01675940976195797
50	269	0.01675940976195797
35	269	0.01675940976195797
85	69	0.01675940976195797
20	227	0.01675940976195797
35	161	0.01675940976195797
30	161	0.01675940976195797
64	188	0.01675940976195797
52	178	0.01675940976195797
52	161	0.01675940976195797
85	268	0.01675940976195797
50	161	0.01675940976195797
85	262	0.01675940976195797
20	97	0.01675940976195797
35	97	0.01675940976195797
20	161	0.01675940976195797
20	298	0.01675940976195797
64	82	0.01675940976195797
64	97	0.01675940976195797
64	305	0.01675940976195797
35	229	0.01675940976195797
20	83	0.01675940976195797
35	83	0.01675940976195797
35	298	0.01675940976195797
85	82	0.01675940976195797
52	82	0.01675940976195797
50	82	0.01675940976195797
52	306	0.01675940976195797
30	64	0.01675940976195797
64	83	0.01675940976195797
30	298	0.01675940976195797
30	178	0.01675940976195797
30	97	0.01675940976195797
50	62	0.01675940976195797
52	62	0.01675940976195797
52	83	0.01675940976195797
85	305	0.01675940976195797
30	317	0.01675940976195797
85	67	0.01675940976195797
64	298	0.01675940976195797
20	93	0.01675940976195797
52	97	0.01675940976195797
85	79	0.01675940976195797
30	62	0.01675940976195797
20	314	0.01675940976195797
20	217	0.01675940976195797
30	305	0.01675940976195797
85	220	0.01675940976195797
85	97	0.01675940976195797
50	72	0.01675940976195797
52	72	0.01675940976195797
50	97	0.01675940976195797
85	83	0.01675940976195797
85	159	0.01675940976195797
50	83	0.01675940976195797
35	159	0.01675940976195797
35	263	0.01675940976195797
85	326	0.01675940976195797
35	326	0.01675940976195797
50	322	0.01675940976195797
30	326	0.01675940976195797
30	83	0.01675940976195797
52	258	0.01675940976195797
50	258	0.01675940976195797
52	326	0.01675940976195797
50	326	0.01675940976195797
52	159	0.01675940976195797
50	159	0.01675940976195797
20	62	0.01675940976195797
30	263	0.01675940976195797
64	159	0.01675940976195797
30	59	0.01675940976195797
30	269	0.01675940976195797
50	256	0.01675940976195797
20	98	0.01675940976195797
50	98	0.01675940976195797
30	283	0.01675940976195797
52	98	0.01675940976195797
20	159	0.01675940976195797
85	269	0.01675940976195797
52	322	0.01675940976195797
20	263	0.01675940976195797
30	159	0.01675940976195797
30	239	0.01675940976195797
30	54	0.01675940976195797
64	326	0.01675940976195797
35	98	0.01675940976195797
30	327	0.01675940976195797
64	49	0.01675940976195797
35	54	0.01675940976195797
52	320	0.01675940976195797
50	214	0.01675940976195797
52	256	0.01675940976195797
64	262	0.01675940976195797
35	250	0.01675940976195797
50	232	0.01675940976195797
35	291	0.01675940976195797
85	239	0.01675940976195797
20	250	0.01675940976195797
52	186	0.01675940976195797
64	327	0.01675940976195797
35	306	0.01675940976195797
20	54	0.01675940976195797
30	98	0.01675940976195797
64	67	0.01675940976195797
64	98	0.01675940976195797
85	98	0.01675940976195797
64	178	0.01675940976195797
64	263	0.01675940976195797
64	269	0.01675940976195797
35	327	0.01675940976195797
52	263	0.01675940976195797
64	233	0.01675940976195797
20	25	0.01675940976195797
50	263	0.01675940976195797
20	291	0.01675940976195797
35	304	0.01675940976195797
85	304	0.01675940976195797
30	291	0.01675940976195797
64	291	0.01675940976195797
50	67	0.01675940976195797
35	67	0.01675940976195797
52	67	0.01675940976195797
35	305	0.01675940976195797
20	81	0.01675940976195797
85	291	0.01675940976195797
20	327	0.01675940976195797
50	320	0.01675940976195797
52	327	0.01675940976195797
50	291	0.01675940976195797
64	304	0.01675940976195797
52	291	0.01675940976195797
30	314	0.01675940976195797
50	327	0.01675940976195797
52	214	0.01675940976195797
52	232	0.01675940976195797
64	239	0.01675940976195797
50	185	0.01675940976195797
64	320	0.01675940976195797
20	188	0.01675940976195797
85	296	0.01675940976195797
85	178	0.01675940976195797
30	188	0.01675940976195797
50	25	0.01675940976195797
52	25	0.01675940976195797
20	328	0.01675940976195797
35	14	0.01675940976195797
85	317	0.01675940976195797
35	25	0.01675940976195797
85	156	0.01675940976195797
30	232	0.01675940976195797
52	267	0.01675940976195797
20	156	0.01675940976195797
52	250	0.01675940976195797
85	186	0.01675940976195797
85	61	0.01675940976195797
35	178	0.01675940976195797
85	90	0.01675940976195797
20	84	0.01675940976195797
50	186	0.01675940976195797
30	256	0.01675940976195797
50	278	0.01675940976195797
50	304	0.01675940976195797
52	304	0.01675940976195797
35	278	0.01675940976195797
20	100	0.01675940976195797
30	25	0.01675940976195797
35	302	0.01675940976195797
20	208	0.01675940976195797
20	213	0.01675940976195797
20	67	0.01675940976195797
64	156	0.01675940976195797
52	156	0.01675940976195797
30	304	0.01675940976195797
30	179	0.01675940976195797
30	250	0.01675940976195797
64	229	0.01675940976195797
85	187	0.01675940976195797
52	76	0.01675940976195797
50	76	0.01675940976195797
35	256	0.01675940976195797
35	84	0.01675940976195797
85	250	0.01675940976195797
20	79	0.01675940976195797
35	179	0.01675940976195797
30	271	0.01675940976195797
20	256	0.01675940976195797
30	84	0.01675940976195797
50	156	0.01675940976195797
50	16	0.01675940976195797
50	227	0.01675940976195797
52	227	0.01675940976195797
20	271	0.01675940976195797
52	16	0.01675940976195797
85	314	0.01675940976195797
52	185	0.01675940976195797
52	84	0.01675940976195797
52	296	0.01675940976195797
64	75	0.01675940976195797
50	84	0.01675940976195797
30	156	0.01675940976195797
20	232	0.01675940976195797
50	81	0.01675940976195797
85	84	0.01675940976195797
35	100	0.01675940976195797
52	100	0.01675940976195797
85	278	0.01675940976195797
85	81	0.01675940976195797
64	79	0.01675940976195797
20	304	0.01675940976195797
85	212	0.01675940976195797
35	156	0.01675940976195797
50	296	0.01675940976195797
30	226	0.01675940976195797
64	250	0.01675940976195797
30	100	0.01675940976195797
50	100	0.01675940976195797
64	187	0.01675940976195797
20	239	0.01675940976195797
85	327	0.01675940976195797
50	49	0.01675940976195797
85	100	0.01675940976195797
85	92	0.01675940976195797
30	328	0.01675940976195797
64	100	0.01675940976195797
52	328	0.01675940976195797
30	204	0.01675940976195797
35	204	0.01675940976195797
50	328	0.01675940976195797
52	90	0.01675940976195797
20	77	0.01675940976195797
85	216	0.01675940976195797
20	283	0.01675940976195797
64	84	0.01675940976195797
35	102	0.01675940976195797
30	102	0.01675940976195797
30	296	0.01675940976195797
20	296	0.01675940976195797
64	204	0.01675940976195797
85	204	0.01675940976195797
64	102	0.01675940976195797
20	102	0.01675940976195797
52	223	0.01675940976195797
52	204	0.01675940976195797
50	250	0.01675940976195797
50	204	0.01675940976195797
52	102	0.01675940976195797
64	179	0.01675940976195797
50	102	0.01675940976195797
85	102	0.01675940976195797
20	204	0.01675940976195797
64	203	0.01675940976195797
20	179	0.01675940976195797
20	203	0.01675940976195797
52	230	0.01675940976195797
85	203	0.01675940976195797
85	8	0.01675940976195797
35	328	0.01675940976195797
35	203	0.01675940976195797
30	203	0.01675940976195797
85	202	0.01675940976195797
52	203	0.01675940976195797
50	203	0.01675940976195797
35	103	0.01675940976195797
50	103	0.01675940976195797
30	251	0.01675940976195797
64	271	0.01675940976195797
30	103	0.01675940976195797
50	271	0.01675940976195797
52	271	0.01675940976195797
50	230	0.01675940976195797
52	179	0.01675940976195797
52	8	0.01675940976195797
64	202	0.01675940976195797
52	202	0.01675940976195797
35	202	0.01675940976195797
35	251	0.01675940976195797
20	251	0.01675940976195797
30	202	0.01675940976195797
85	328	0.01675940976195797
50	202	0.01675940976195797
20	202	0.01675940976195797
20	103	0.01675940976195797
64	328	0.01675940976195797
20	302	0.01675940976195797
85	179	0.01675940976195797
35	180	0.01675940976195797
20	180	0.01675940976195797
30	306	0.01675940976195797
50	179	0.01675940976195797
35	77	0.01675940976195797
30	152	0.01675940976195797
85	271	0.01675940976195797
64	103	0.01675940976195797
52	103	0.01675940976195797
35	271	0.01675940976195797
85	227	0.01675940976195797
50	209	0.01675940976195797
35	227	0.01675940976195797
20	322	0.01675940976195797
20	152	0.01675940976195797
64	152	0.01675940976195797
85	263	0.01675940976195797
20	86	0.01675940976195797
64	227	0.01675940976195797
30	86	0.01675940976195797
85	209	0.01675940976195797
30	272	0.01675940976195797
50	223	0.01675940976195797
52	61	0.01675940976195797
35	322	0.01675940976195797
20	76	0.01675940976195797
64	86	0.01675940976195797
30	77	0.01675940976195797
30	313	0.01675940976195797
30	227	0.01675940976195797
64	53	0.01675940976195797
52	302	0.01675940976195797
64	80	0.01675940976195797
64	296	0.01675940976195797
50	302	0.01675940976195797
85	71	0.01675940976195797
85	86	0.01675940976195797
85	152	0.01675940976195797
85	64	0.01675940976195797
52	152	0.01675940976195797
85	313	0.01675940976195797
85	53	0.01675940976195797
50	61	0.01675940976195797
85	210	0.01675940976195797
50	90	0.01675940976195797
52	257	0.01675940976195797
50	317	0.01675940976195797
35	317	0.01675940976195797
50	257	0.01675940976195797
52	86	0.01675940976195797
50	86	0.01675940976195797
35	152	0.01675940976195797
85	25	0.01675940976195797
35	210	0.01675940976195797
35	86	0.01675940976195797
52	209	0.01675940976195797
35	71	0.01675940976195797
50	251	0.01675940976195797
52	251	0.01675940976195797
64	322	0.01675940976195797
50	152	0.01675940976195797
64	16	0.01675940976195797
64	272	0.01675940976195797
52	180	0.01675940976195797
50	272	0.01675940976195797
52	272	0.01675940976195797
85	103	0.01675940976195797
64	230	0.01675940976195797
52	151	0.01675940976195797
64	25	0.01675940976195797
85	217	0.01675940976195797
64	251	0.01675940976195797
20	186	0.01675940976195797
20	224	0.01675940976195797
35	272	0.01675940976195797
20	82	0.01675940976195797
30	233	0.01675940976195797
50	151	0.01675940976195797
50	180	0.01675940976195797
20	258	0.01675940976195797
64	74	0.01675940976195797
85	55	0.01675940976195797
64	151	0.01675940976195797
30	180	0.01675940976195797
35	53	0.01675940976195797
20	53	0.01675940976195797
85	302	0.01675940976195797
64	180	0.01675940976195797
20	104	0.01675940976195797
85	180	0.01675940976195797
30	104	0.01675940976195797
85	251	0.01675940976195797
30	181	0.01675940976195797
64	181	0.01675940976195797
30	281	0.01675940976195797
35	104	0.01675940976195797
85	151	0.01675940976195797
85	200	0.01675940976195797
30	151	0.01675940976195797
64	200	0.01675940976195797
20	200	0.01675940976195797
20	236	0.01675940976195797
64	90	0.01675940976195797
20	272	0.01675940976195797
64	61	0.01675940976195797
30	67	0.01675940976195797
35	151	0.01675940976195797
20	233	0.01675940976195797
50	181	0.01675940976195797
50	200	0.01675940976195797
52	200	0.01675940976195797
85	320	0.01675940976195797
35	236	0.01675940976195797
85	236	0.01675940976195797
30	87	0.01675940976195797
20	151	0.01675940976195797
35	87	0.01675940976195797
30	273	0.01675940976195797
50	55	0.01675940976195797
30	200	0.01675940976195797
35	200	0.01675940976195797
52	181	0.01675940976195797
50	71	0.01675940976195797
20	273	0.01675940976195797
64	217	0.01675940976195797
52	55	0.01675940976195797
64	232	0.01675940976195797
85	199	0.01675940976195797
35	75	0.01675940976195797
35	61	0.01675940976195797
20	61	0.01675940976195797
50	80	0.01675940976195797
30	216	0.01675940976195797
64	214	0.01675940976195797
85	65	0.01675940976195797
50	53	0.01675940976195797
52	53	0.01675940976195797
85	225	0.01675940976195797
52	69	0.01675940976195797
20	87	0.01675940976195797
35	199	0.01675940976195797
20	317	0.01675940976195797
64	199	0.01675940976195797
30	53	0.01675940976195797
85	257	0.01675940976195797
64	65	0.01675940976195797
64	71	0.01675940976195797
35	55	0.01675940976195797
35	225	0.01675940976195797
20	225	0.01675940976195797
20	181	0.01675940976195797
35	216	0.01675940976195797
52	71	0.01675940976195797
64	220	0.01675940976195797
20	216	0.01675940976195797
20	18	0.01675940976195797
85	316	0.01675940976195797
50	273	0.01675940976195797
35	273	0.01675940976195797
35	69	0.01675940976195797
52	273	0.01675940976195797
35	226	0.01675940976195797
30	55	0.01675940976195797
64	295	0.01675940976195797
52	104	0.01675940976195797
35	181	0.01675940976195797
50	104	0.01675940976195797
20	226	0.01675940976195797
50	265	0.01675940976195797
64	92	0.01675940976195797
35	296	0.01675940976195797
52	265	0.01675940976195797
20	265	0.01675940976195797
85	272	0.01675940976195797
30	265	0.01675940976195797
50	233	0.01675940976195797
20	49	0.01675940976195797
52	233	0.01675940976195797
64	104	0.01675940976195797
50	187	0.01675940976195797
85	17	0.01675940976195797
52	80	0.01675940976195797
64	55	0.01675940976195797
64	226	0.01675940976195797
50	17	0.01675940976195797
52	17	0.01675940976195797
50	220	0.01675940976195797
35	295	0.01675940976195797
85	273	0.01675940976195797
50	199	0.01675940976195797
52	236	0.01675940976195797
30	199	0.01675940976195797
85	104	0.01675940976195797
50	92	0.01675940976195797
52	199	0.01675940976195797
20	48	0.01675940976195797
85	265	0.01675940976195797
20	105	0.01675940976195797
20	199	0.01675940976195797
30	228	0.01675940976195797
85	198	0.01675940976195797
64	81	0.01675940976195797
35	265	0.01675940976195797
64	273	0.01675940976195797
64	208	0.01675940976195797
20	198	0.01675940976195797
35	233	0.01675940976195797
20	187	0.01675940976195797
52	87	0.01675940976195797
52	220	0.01675940976195797
64	313	0.01675940976195797
35	49	0.01675940976195797
52	149	0.01675940976195797
50	87	0.01675940976195797
50	313	0.01675940976195797
50	149	0.01675940976195797
52	313	0.01675940976195797
20	295	0.01675940976195797
50	236	0.01675940976195797
64	265	0.01675940976195797
52	198	0.01675940976195797
50	198	0.01675940976195797
64	87	0.01675940976195797
64	198	0.01675940976195797
85	295	0.01675940976195797
35	149	0.01675940976195797
30	208	0.01675940976195797
20	55	0.01675940976195797
52	92	0.01675940976195797
85	12	0.01675940976195797
35	198	0.01675940976195797
30	198	0.01675940976195797
64	281	0.01675940976195797
50	295	0.01675940976195797
30	236	0.01675940976195797
30	69	0.01675940976195797
30	197	0.01675940976195797
35	197	0.01675940976195797
85	87	0.01675940976195797
52	295	0.01675940976195797
85	181	0.01675940976195797
52	197	0.01675940976195797
20	149	0.01675940976195797
85	223	0.01675940976195797
85	149	0.01675940976195797
20	71	0.01675940976195797
64	186	0.01675940976195797
30	81	0.01675940976195797
30	187	0.01675940976195797
64	197	0.01675940976195797
85	197	0.01675940976195797
85	306	0.01675940976195797
20	88	0.01675940976195797
52	105	0.01675940976195797
50	105	0.01675940976195797
35	18	0.01675940976195797
50	197	0.01675940976195797
50	88	0.01675940976195797
35	267	0.01675940976195797
50	18	0.01675940976195797
52	303	0.01675940976195797
64	88	0.01675940976195797
52	18	0.01675940976195797
20	223	0.01675940976195797
20	197	0.01675940976195797
30	88	0.01675940976195797
20	182	0.01675940976195797
85	281	0.01675940976195797
85	182	0.01675940976195797
64	149	0.01675940976195797
64	148	0.01675940976195797
20	316	0.01675940976195797
30	18	0.01675940976195797
50	303	0.01675940976195797
35	105	0.01675940976195797
52	88	0.01675940976195797
64	236	0.01675940976195797
35	88	0.01675940976195797
30	149	0.01675940976195797
50	239	0.01675940976195797
85	119	0.01675940976195797
85	303	0.01675940976195797
30	105	0.01675940976195797
50	77	0.01675940976195797
20	209	0.01675940976195797
35	65	0.01675940976195797
30	303	0.01675940976195797
85	88	0.01675940976195797
64	105	0.01675940976195797
35	89	0.01675940976195797
50	8	0.01675940976195797
20	8	0.01675940976195797
20	303	0.01675940976195797
30	295	0.01675940976195797
85	232	0.01675940976195797
64	8	0.01675940976195797
30	186	0.01675940976195797
30	8	0.01675940976195797
50	69	0.01675940976195797
30	89	0.01675940976195797
50	253	0.01675940976195797
35	148	0.01675940976195797
35	253	0.01675940976195797
30	148	0.01675940976195797
35	182	0.01675940976195797
52	148	0.01675940976195797
50	182	0.01675940976195797
30	65	0.01675940976195797
85	148	0.01675940976195797
50	89	0.01675940976195797
50	148	0.01675940976195797
30	330	0.01675940976195797
20	148	0.01675940976195797
50	266	0.01675940976195797
35	8	0.01675940976195797
30	220	0.01675940976195797
85	105	0.01675940976195797
52	182	0.01675940976195797
35	266	0.01675940976195797
20	230	0.01675940976195797
20	266	0.01675940976195797
64	119	0.01675940976195797
64	195	0.01675940976195797
50	267	0.01675940976195797
35	64	0.01675940976195797
20	185	0.01675940976195797
85	195	0.01675940976195797
20	89	0.01675940976195797
64	223	0.01675940976195797
30	253	0.01675940976195797
85	13	0.01675940976195797
85	266	0.01675940976195797
85	233	0.01675940976195797
52	48	0.01675940976195797
50	51	0.01675940976195797
52	51	0.01675940976195797
20	253	0.01675940976195797
20	65	0.01675940976195797
30	212	0.01675940976195797
64	13	0.01675940976195797
35	275	0.01675940976195797
64	210	0.01675940976195797
85	49	0.01675940976195797
30	195	0.01675940976195797
85	253	0.01675940976195797
50	48	0.01675940976195797
50	213	0.01675940976195797
85	51	0.01675940976195797
35	195	0.01675940976195797
52	195	0.01675940976195797
64	182	0.01675940976195797
50	195	0.01675940976195797
52	213	0.01675940976195797
35	281	0.01675940976195797
20	275	0.01675940976195797
50	314	0.01675940976195797
50	281	0.01675940976195797
30	240	0.01675940976195797
20	195	0.01675940976195797
64	194	0.01675940976195797
64	275	0.01675940976195797
30	71	0.01675940976195797
52	240	0.01675940976195797
50	240	0.01675940976195797
20	194	0.01675940976195797
30	182	0.01675940976195797
52	253	0.01675940976195797
85	194	0.01675940976195797
64	253	0.01675940976195797
35	92	0.01675940976195797
30	75	0.01675940976195797
35	194	0.01675940976195797
64	51	0.01675940976195797
30	194	0.01675940976195797
30	254	0.01675940976195797
85	74	0.01675940976195797
85	193	0.01675940976195797
52	228	0.01675940976195797
52	194	0.01675940976195797
50	194	0.01675940976195797
30	92	0.01675940976195797
52	281	0.01675940976195797
64	257	0.01675940976195797
30	275	0.01675940976195797
85	60	0.01675940976195797
20	276	0.01675940976195797
20	92	0.01675940976195797
30	230	0.01675940976195797
85	275	0.01675940976195797
20	75	0.01675940976195797
35	183	0.01675940976195797
30	238	0.01675940976195797
30	183	0.01675940976195797
85	18	0.01675940976195797
52	79	0.01675940976195797
50	275	0.01675940976195797
52	275	0.01675940976195797
64	18	0.01675940976195797
52	276	0.01675940976195797
85	48	0.01675940976195797
35	79	0.01675940976195797
35	193	0.01675940976195797
20	183	0.01675940976195797
20	281	0.01675940976195797
50	183	0.01675940976195797
20	238	0.01675940976195797
64	240	0.01675940976195797
20	257	0.01675940976195797
35	228	0.01675940976195797
64	254	0.01675940976195797
50	276	0.01675940976195797
64	193	0.01675940976195797
35	48	0.01675940976195797
64	60	0.01675940976195797
64	183	0.01675940976195797
30	48	0.01675940976195797
50	193	0.01675940976195797
85	229	0.01675940976195797
52	183	0.01675940976195797
20	193	0.01675940976195797
30	193	0.01675940976195797
52	239	0.01675940976195797
64	303	0.01675940976195797
35	230	0.01675940976195797
64	238	0.01675940976195797
30	229	0.01675940976195797
52	89	0.01675940976195797
30	257	0.01675940976195797
64	89	0.01675940976195797
85	183	0.01675940976195797
52	193	0.01675940976195797
20	228	0.01675940976195797
50	238	0.01675940976195797
64	276	0.01675940976195797
52	238	0.01675940976195797
30	322	0.01675940976195797
50	184	0.01675940976195797
85	192	0.01675940976195797
35	184	0.01675940976195797
35	51	0.01675940976195797
52	184	0.01675940976195797
50	254	0.01675940976195797
52	254	0.01675940976195797
52	192	0.01675940976195797
30	51	0.01675940976195797
64	192	0.01675940976195797
85	276	0.01675940976195797
64	14	0.01675940976195797
20	51	0.01675940976195797
64	256	0.01675940976195797
20	254	0.01675940976195797
35	238	0.01675940976195797
30	276	0.01675940976195797
30	302	0.01675940976195797
35	276	0.01675940976195797
85	184	0.01675940976195797
30	184	0.01675940976195797
64	48	0.01675940976195797
30	16	0.01675940976195797
20	184	0.01675940976195797
20	320	0.01675940976195797
85	256	0.01675940976195797
64	184	0.01675940976195797
64	228	0.01675940976195797
35	254	0.01675940976195797
35	16	0.01675940976195797
35	257	0.01675940976195797
85	254	0.01675940976195797
30	320	0.01675940976195797
50	60	0.01675940976195797
35	185	0.01675940976195797
52	49	0.01675940976195797
35	240	0.01675940976195797
35	320	0.01675940976195797
50	14	0.01675940976195797
64	191	0.01675940976195797
30	192	0.01675940976195797
50	79	0.01675940976195797
35	76	0.01675940976195797
35	60	0.01675940976195797
20	192	0.01675940976195797
35	192	0.01675940976195797
50	192	0.01675940976195797
85	191	0.01675940976195797
85	213	0.01675940976195797
30	79	0.01675940976195797
50	228	0.01675940976195797
31	138	0.01675664484585066
65	138	0.01675664484585066
81	138	0.01675664484585066
36	232	0.016751172297141476
72	232	0.016751172297141476
76	232	0.016751172297141476
65	29	0.016728595447377235
81	29	0.016728595447377235
105	235	0.01670401345239196
25	235	0.01670401345239196
90	237	0.016665621417029174
13	237	0.016665621417029174
6	237	0.016665621417029174
45	237	0.016665621417029174
46	237	0.016665621417029174
14	237	0.016665621417029174
66	237	0.016665621417029174
81	237	0.016665621417029174
65	237	0.016665621417029174
79	237	0.016665621417029174
10	237	0.016665621417029174
96	237	0.016665621417029174
67	237	0.016665621417029174
15	237	0.016665621417029174
87	237	0.016665621417029174
17	237	0.016665621417029174
89	237	0.016665621417029174
40	237	0.016665621417029174
18	237	0.016665621417029174
22	237	0.016665621417029174
86	237	0.016665621417029174
48	237	0.016665621417029174
47	237	0.016665621417029174
109	237	0.016665621417029174
12	237	0.016665621417029174
101	237	0.016665621417029174
4	237	0.016665621417029174
61	237	0.016665621417029174
69	237	0.016665621417029174
68	237	0.016665621417029174
41	237	0.016665621417029174
44	237	0.016665621417029174
104	237	0.016665621417029174
58	237	0.016665621417029174
70	237	0.016665621417029174
98	237	0.016665621417029174
83	237	0.016665621417029174
84	237	0.016665621417029174
31	237	0.016665621417029174
97	237	0.016665621417029174
39	0	0.01665184569905089
78	299	0.01664450028086276
72	272	0.016639430611628637
76	272	0.016639430611628637
36	272	0.016639430611628637
88	89	0.01663572344474717
88	88	0.01663572344474717
88	305	0.01663572344474717
91	118	0.016617703846979175
91	117	0.016617703846979175
91	82	0.016617703846979175
41	47	0.016592968708379695
44	47	0.016592968708379695
25	145	0.016561023049496706
25	293	0.016561023049496706
25	142	0.016561023049496706
105	145	0.016561023049496706
105	249	0.016561023049496706
105	279	0.016561023049496706
25	243	0.016561023049496706
25	279	0.016561023049496706
25	249	0.016561023049496706
25	318	0.016561023049496706
25	248	0.016561023049496706
105	142	0.016561023049496706
105	293	0.016561023049496706
25	205	0.016561023049496706
105	248	0.016561023049496706
105	243	0.016561023049496706
105	205	0.016561023049496706
105	11	0.016561023049496706
25	11	0.016561023049496706
105	318	0.016561023049496706
75	275	0.0165294721774409
77	275	0.0165294721774409
0	48	0.016507616304382553
75	326	0.016490656353369208
77	326	0.016490656353369208
77	263	0.01648731561463531
75	263	0.01648731561463531
99	104	0.01647884554864894
99	98	0.01647884554864894
99	79	0.01647884554864894
64	237	0.016461755942279336
30	237	0.016461755942279336
50	237	0.016461755942279336
85	237	0.016461755942279336
47	157	0.01645838960228037
4	329	0.01645838960228037
4	157	0.01645838960228037
47	329	0.01645838960228037
7	296	0.016455570108005874
98	329	0.016435826035342195
75	188	0.016390206324074414
77	188	0.016390206324074414
36	279	0.016367746851093185
72	279	0.016367746851093185
31	280	0.016320922728591907
6	280	0.016320922728591907
50	280	0.016320922728591907
12	280	0.016320922728591907
81	280	0.016320922728591907
83	280	0.016320922728591907
65	280	0.016320922728591907
50	15	0.016290346484966654
85	215	0.01627855766724698
99	263	0.01627212928030025
0	296	0.016271012074471767
0	225	0.016271012074471767
0	183	0.016271012074471767
75	250	0.01625930073722021
91	250	0.01625930073722021
65	137	0.0161649469194605
31	137	0.0161649469194605
31	297	0.0161649469194605
65	297	0.0161649469194605
81	36	0.0161649469194605
31	153	0.0161649469194605
65	153	0.0161649469194605
81	297	0.0161649469194605
81	242	0.0161649469194605
31	242	0.0161649469194605
31	40	0.0161649469194605
65	36	0.0161649469194605
81	153	0.0161649469194605
65	242	0.0161649469194605
65	40	0.0161649469194605
81	40	0.0161649469194605
31	36	0.0161649469194605
81	137	0.0161649469194605
71	288	0.01615724316718563
102	288	0.01615724316718563
7	320	0.01610467613510879
103	248	0.016094132078510265
103	249	0.016094132078510265
55	289	0.016094132078510265
103	289	0.016094132078510265
55	249	0.016094132078510265
55	248	0.016094132078510265
103	150	0.016094132078510265
55	150	0.016094132078510265
65	301	0.01606478376365127
31	301	0.01606478376365127
81	301	0.01606478376365127
72	322	0.016004210498227592
98	141	0.015986703075751976
103	244	0.01595935461703832
55	244	0.01595935461703832
103	246	0.01595935461703832
55	243	0.01595935461703832
55	293	0.01595935461703832
103	293	0.01595935461703832
55	246	0.01595935461703832
103	11	0.01595935461703832
103	319	0.01595935461703832
55	319	0.01595935461703832
55	21	0.01595935461703832
103	145	0.01595935461703832
103	243	0.01595935461703832
55	11	0.01595935461703832
103	21	0.01595935461703832
55	145	0.01595935461703832
99	188	0.01595273167653741
31	35	0.015947141949286592
7	148	0.01590532722376262
102	246	0.015905236327923348
71	246	0.015905236327923348
102	145	0.015905236327923348
71	145	0.015905236327923348
108	95	0.01589477121456263
37	11	0.015879573932632042
71	63	0.01587422912956313
22	319	0.015864336053651434
31	319	0.015864336053651434
70	21	0.015864336053651434
65	21	0.015864336053651434
61	21	0.015864336053651434
58	11	0.015864336053651434
44	11	0.015864336053651434
45	11	0.015864336053651434
58	21	0.015864336053651434
46	11	0.015864336053651434
83	11	0.015864336053651434
44	244	0.015864336053651434
47	11	0.015864336053651434
69	319	0.015864336053651434
70	319	0.015864336053651434
97	11	0.015864336053651434
48	11	0.015864336053651434
104	243	0.015864336053651434
46	244	0.015864336053651434
101	243	0.015864336053651434
4	244	0.015864336053651434
109	243	0.015864336053651434
13	244	0.015864336053651434
12	244	0.015864336053651434
10	244	0.015864336053651434
98	319	0.015864336053651434
79	11	0.015864336053651434
97	319	0.015864336053651434
96	319	0.015864336053651434
67	243	0.015864336053651434
97	243	0.015864336053651434
45	244	0.015864336053651434
66	243	0.015864336053651434
6	244	0.015864336053651434
104	246	0.015864336053651434
65	243	0.015864336053651434
84	11	0.015864336053651434
68	243	0.015864336053651434
14	244	0.015864336053651434
15	21	0.015864336053651434
14	21	0.015864336053651434
13	21	0.015864336053651434
12	21	0.015864336053651434
90	319	0.015864336053651434
48	244	0.015864336053651434
79	319	0.015864336053651434
87	319	0.015864336053651434
98	11	0.015864336053651434
17	145	0.015864336053651434
18	145	0.015864336053651434
22	145	0.015864336053651434
6	145	0.015864336053651434
10	145	0.015864336053651434
12	145	0.015864336053651434
13	145	0.015864336053651434
14	145	0.015864336053651434
4	145	0.015864336053651434
15	145	0.015864336053651434
89	319	0.015864336053651434
40	145	0.015864336053651434
41	145	0.015864336053651434
58	145	0.015864336053651434
47	145	0.015864336053651434
31	145	0.015864336053651434
48	145	0.015864336053651434
44	145	0.015864336053651434
45	145	0.015864336053651434
46	145	0.015864336053651434
89	145	0.015864336053651434
90	145	0.015864336053651434
84	145	0.015864336053651434
86	145	0.015864336053651434
61	145	0.015864336053651434
96	243	0.015864336053651434
81	145	0.015864336053651434
83	145	0.015864336053651434
87	145	0.015864336053651434
79	145	0.015864336053651434
65	145	0.015864336053651434
98	21	0.015864336053651434
13	319	0.015864336053651434
66	21	0.015864336053651434
86	11	0.015864336053651434
61	244	0.015864336053651434
18	319	0.015864336053651434
17	319	0.015864336053651434
4	319	0.015864336053651434
40	246	0.015864336053651434
90	11	0.015864336053651434
15	319	0.015864336053651434
101	21	0.015864336053651434
12	319	0.015864336053651434
109	21	0.015864336053651434
10	319	0.015864336053651434
14	319	0.015864336053651434
22	244	0.015864336053651434
47	243	0.015864336053651434
81	11	0.015864336053651434
40	244	0.015864336053651434
104	21	0.015864336053651434
86	243	0.015864336053651434
86	21	0.015864336053651434
89	21	0.015864336053651434
84	319	0.015864336053651434
65	11	0.015864336053651434
81	319	0.015864336053651434
31	246	0.015864336053651434
104	244	0.015864336053651434
81	246	0.015864336053651434
41	244	0.015864336053651434
109	244	0.015864336053651434
90	243	0.015864336053651434
40	11	0.015864336053651434
15	244	0.015864336053651434
17	244	0.015864336053651434
18	244	0.015864336053651434
67	21	0.015864336053651434
47	244	0.015864336053651434
66	246	0.015864336053651434
65	244	0.015864336053651434
66	244	0.015864336053651434
67	244	0.015864336053651434
68	244	0.015864336053651434
69	244	0.015864336053651434
70	244	0.015864336053651434
79	244	0.015864336053651434
81	244	0.015864336053651434
46	243	0.015864336053651434
83	244	0.015864336053651434
84	244	0.015864336053651434
90	21	0.015864336053651434
79	21	0.015864336053651434
90	246	0.015864336053651434
81	21	0.015864336053651434
96	21	0.015864336053651434
83	21	0.015864336053651434
87	21	0.015864336053651434
68	21	0.015864336053651434
69	21	0.015864336053651434
89	246	0.015864336053651434
67	246	0.015864336053651434
68	246	0.015864336053651434
48	243	0.015864336053651434
109	319	0.015864336053651434
86	319	0.015864336053651434
89	244	0.015864336053651434
90	244	0.015864336053651434
45	243	0.015864336053651434
87	11	0.015864336053651434
101	319	0.015864336053651434
46	293	0.015864336053651434
47	293	0.015864336053651434
48	293	0.015864336053651434
58	244	0.015864336053651434
89	11	0.015864336053651434
13	293	0.015864336053651434
14	293	0.015864336053651434
15	293	0.015864336053651434
17	293	0.015864336053651434
18	293	0.015864336053651434
4	293	0.015864336053651434
6	293	0.015864336053651434
22	243	0.015864336053651434
31	244	0.015864336053651434
86	244	0.015864336053651434
96	244	0.015864336053651434
83	246	0.015864336053651434
84	246	0.015864336053651434
97	244	0.015864336053651434
98	244	0.015864336053651434
101	244	0.015864336053651434
40	243	0.015864336053651434
87	244	0.015864336053651434
61	319	0.015864336053651434
14	11	0.015864336053651434
22	293	0.015864336053651434
86	246	0.015864336053651434
40	293	0.015864336053651434
41	293	0.015864336053651434
13	11	0.015864336053651434
44	293	0.015864336053651434
45	293	0.015864336053651434
81	293	0.015864336053651434
83	293	0.015864336053651434
84	293	0.015864336053651434
31	293	0.015864336053651434
87	246	0.015864336053651434
13	243	0.015864336053651434
14	243	0.015864336053651434
15	243	0.015864336053651434
12	11	0.015864336053651434
17	243	0.015864336053651434
79	293	0.015864336053651434
18	243	0.015864336053651434
10	293	0.015864336053651434
70	293	0.015864336053651434
66	293	0.015864336053651434
67	293	0.015864336053651434
68	293	0.015864336053651434
69	293	0.015864336053651434
97	21	0.015864336053651434
47	319	0.015864336053651434
22	11	0.015864336053651434
84	21	0.015864336053651434
58	293	0.015864336053651434
98	243	0.015864336053651434
18	11	0.015864336053651434
61	293	0.015864336053651434
31	243	0.015864336053651434
47	21	0.015864336053651434
65	293	0.015864336053651434
96	11	0.015864336053651434
104	293	0.015864336053651434
48	319	0.015864336053651434
17	11	0.015864336053651434
15	11	0.015864336053651434
109	293	0.015864336053651434
10	11	0.015864336053651434
96	293	0.015864336053651434
97	293	0.015864336053651434
98	293	0.015864336053651434
101	293	0.015864336053651434
86	293	0.015864336053651434
87	293	0.015864336053651434
89	293	0.015864336053651434
58	319	0.015864336053651434
4	243	0.015864336053651434
6	243	0.015864336053651434
6	319	0.015864336053651434
22	21	0.015864336053651434
48	21	0.015864336053651434
10	243	0.015864336053651434
12	243	0.015864336053651434
44	243	0.015864336053651434
41	243	0.015864336053651434
104	319	0.015864336053651434
41	11	0.015864336053651434
40	319	0.015864336053651434
68	319	0.015864336053651434
89	243	0.015864336053651434
87	243	0.015864336053651434
41	319	0.015864336053651434
67	319	0.015864336053651434
66	319	0.015864336053651434
90	293	0.015864336053651434
101	246	0.015864336053651434
44	319	0.015864336053651434
40	21	0.015864336053651434
45	319	0.015864336053651434
61	246	0.015864336053651434
46	319	0.015864336053651434
96	246	0.015864336053651434
18	21	0.015864336053651434
98	145	0.015864336053651434
83	319	0.015864336053651434
4	21	0.015864336053651434
31	11	0.015864336053651434
17	21	0.015864336053651434
58	243	0.015864336053651434
6	21	0.015864336053651434
44	246	0.015864336053651434
45	246	0.015864336053651434
46	246	0.015864336053651434
10	21	0.015864336053651434
47	246	0.015864336053651434
48	246	0.015864336053651434
31	21	0.015864336053651434
45	21	0.015864336053651434
58	246	0.015864336053651434
97	145	0.015864336053651434
79	246	0.015864336053651434
44	21	0.015864336053651434
65	246	0.015864336053651434
96	145	0.015864336053651434
17	246	0.015864336053651434
18	246	0.015864336053651434
22	246	0.015864336053651434
69	246	0.015864336053651434
41	21	0.015864336053651434
70	246	0.015864336053651434
66	11	0.015864336053651434
12	246	0.015864336053651434
13	246	0.015864336053651434
81	243	0.015864336053651434
14	246	0.015864336053651434
4	246	0.015864336053651434
6	246	0.015864336053651434
83	243	0.015864336053651434
84	243	0.015864336053651434
65	319	0.015864336053651434
61	243	0.015864336053651434
69	243	0.015864336053651434
15	246	0.015864336053651434
70	243	0.015864336053651434
101	11	0.015864336053651434
46	21	0.015864336053651434
101	145	0.015864336053651434
67	11	0.015864336053651434
41	246	0.015864336053651434
104	145	0.015864336053651434
10	246	0.015864336053651434
109	145	0.015864336053651434
4	11	0.015864336053651434
70	145	0.015864336053651434
79	243	0.015864336053651434
104	11	0.015864336053651434
109	11	0.015864336053651434
69	145	0.015864336053651434
68	145	0.015864336053651434
61	11	0.015864336053651434
70	11	0.015864336053651434
67	145	0.015864336053651434
66	145	0.015864336053651434
109	246	0.015864336053651434
69	11	0.015864336053651434
68	11	0.015864336053651434
97	246	0.015864336053651434
98	246	0.015864336053651434
6	11	0.015864336053651434
12	293	0.015864336053651434
37	71	0.015841200600608653
29	220	0.01580546898761046
69	289	0.015802056393423147
70	289	0.015802056393423147
58	289	0.015802056393423147
68	289	0.015802056393423147
96	289	0.015802056393423147
109	289	0.015802056393423147
87	289	0.015802056393423147
89	289	0.015802056393423147
79	289	0.015802056393423147
101	289	0.015802056393423147
104	289	0.015802056393423147
90	289	0.015802056393423147
81	289	0.015802056393423147
97	289	0.015802056393423147
98	289	0.015802056393423147
83	289	0.015802056393423147
84	289	0.015802056393423147
86	289	0.015802056393423147
31	289	0.015802056393423147
40	289	0.015802056393423147
41	289	0.015802056393423147
17	289	0.015802056393423147
15	289	0.015802056393423147
40	248	0.015802056393423147
41	248	0.015802056393423147
44	248	0.015802056393423147
6	248	0.015802056393423147
10	248	0.015802056393423147
12	248	0.015802056393423147
31	248	0.015802056393423147
58	248	0.015802056393423147
61	248	0.015802056393423147
47	248	0.015802056393423147
48	248	0.015802056393423147
45	248	0.015802056393423147
46	248	0.015802056393423147
89	248	0.015802056393423147
87	248	0.015802056393423147
97	150	0.015802056393423147
96	150	0.015802056393423147
90	150	0.015802056393423147
104	150	0.015802056393423147
17	248	0.015802056393423147
101	150	0.015802056393423147
98	150	0.015802056393423147
109	150	0.015802056393423147
18	248	0.015802056393423147
83	150	0.015802056393423147
31	150	0.015802056393423147
90	248	0.015802056393423147
79	248	0.015802056393423147
81	248	0.015802056393423147
83	248	0.015802056393423147
40	150	0.015802056393423147
48	150	0.015802056393423147
69	150	0.015802056393423147
84	248	0.015802056393423147
68	150	0.015802056393423147
67	150	0.015802056393423147
44	150	0.015802056393423147
4	248	0.015802056393423147
22	248	0.015802056393423147
41	150	0.015802056393423147
13	248	0.015802056393423147
86	150	0.015802056393423147
84	150	0.015802056393423147
47	150	0.015802056393423147
46	150	0.015802056393423147
45	150	0.015802056393423147
14	248	0.015802056393423147
15	248	0.015802056393423147
87	249	0.015802056393423147
6	150	0.015802056393423147
65	150	0.015802056393423147
61	150	0.015802056393423147
69	248	0.015802056393423147
58	150	0.015802056393423147
70	150	0.015802056393423147
70	248	0.015802056393423147
66	150	0.015802056393423147
81	150	0.015802056393423147
79	150	0.015802056393423147
10	249	0.015802056393423147
89	150	0.015802056393423147
87	150	0.015802056393423147
12	249	0.015802056393423147
17	150	0.015802056393423147
86	248	0.015802056393423147
6	249	0.015802056393423147
104	248	0.015802056393423147
65	248	0.015802056393423147
66	248	0.015802056393423147
67	248	0.015802056393423147
68	248	0.015802056393423147
96	248	0.015802056393423147
10	150	0.015802056393423147
97	248	0.015802056393423147
98	248	0.015802056393423147
101	248	0.015802056393423147
22	150	0.015802056393423147
13	249	0.015802056393423147
18	150	0.015802056393423147
14	249	0.015802056393423147
4	249	0.015802056393423147
109	248	0.015802056393423147
4	150	0.015802056393423147
15	150	0.015802056393423147
14	289	0.015802056393423147
14	150	0.015802056393423147
13	289	0.015802056393423147
40	249	0.015802056393423147
41	249	0.015802056393423147
44	249	0.015802056393423147
45	249	0.015802056393423147
13	150	0.015802056393423147
12	150	0.015802056393423147
79	249	0.015802056393423147
65	249	0.015802056393423147
66	249	0.015802056393423147
12	289	0.015802056393423147
46	249	0.015802056393423147
10	289	0.015802056393423147
22	289	0.015802056393423147
22	249	0.015802056393423147
86	249	0.015802056393423147
47	249	0.015802056393423147
31	249	0.015802056393423147
4	289	0.015802056393423147
15	249	0.015802056393423147
17	249	0.015802056393423147
18	249	0.015802056393423147
67	249	0.015802056393423147
18	289	0.015802056393423147
69	249	0.015802056393423147
70	249	0.015802056393423147
58	249	0.015802056393423147
61	249	0.015802056393423147
48	249	0.015802056393423147
109	249	0.015802056393423147
97	249	0.015802056393423147
98	249	0.015802056393423147
101	249	0.015802056393423147
68	249	0.015802056393423147
89	249	0.015802056393423147
90	249	0.015802056393423147
96	249	0.015802056393423147
81	249	0.015802056393423147
83	249	0.015802056393423147
84	249	0.015802056393423147
6	289	0.015802056393423147
104	249	0.015802056393423147
61	289	0.015802056393423147
65	289	0.015802056393423147
44	289	0.015802056393423147
45	289	0.015802056393423147
66	289	0.015802056393423147
67	289	0.015802056393423147
46	289	0.015802056393423147
47	289	0.015802056393423147
48	289	0.015802056393423147
50	2	0.015797923044862112
30	2	0.015797923044862112
77	109	0.015791125280874795
39	218	0.01578352144814544
22	215	0.015769215921358045
70	2	0.01576100319571226
69	2	0.01576100319571226
101	2	0.01576100319571226
68	2	0.01576100319571226
67	2	0.01576100319571226
61	2	0.01576100319571226
98	2	0.01576100319571226
55	2	0.01576100319571226
22	2	0.01576100319571226
31	2	0.01576100319571226
17	2	0.01576100319571226
44	2	0.01576100319571226
41	2	0.01576100319571226
40	2	0.01576100319571226
14	2	0.01576100319571226
13	2	0.01576100319571226
48	2	0.01576100319571226
46	2	0.01576100319571226
58	2	0.01576100319571226
96	2	0.01576100319571226
18	215	0.015755497378049776
99	262	0.015749034188800342
26	10	0.015730192487502764
7	204	0.01571186358649314
45	26	0.015697051637880412
36	18	0.015675247930617718
76	192	0.015675247930617718
72	18	0.015675247930617718
76	18	0.015675247930617718
72	192	0.015675247930617718
36	192	0.015675247930617718
51	262	0.015644014320822592
51	179	0.015644014320822592
51	241	0.015644014320822592
51	300	0.015644014320822592
51	315	0.015644014320822592
51	187	0.015644014320822592
51	48	0.015644014320822592
51	182	0.015644014320822592
51	181	0.015644014320822592
51	136	0.015644014320822592
51	189	0.015644014320822592
51	323	0.015644014320822592
51	306	0.015644014320822592
51	183	0.015644014320822592
51	286	0.015644014320822592
51	176	0.015644014320822592
51	185	0.015644014320822592
51	208	0.015644014320822592
51	232	0.015644014320822592
51	263	0.015644014320822592
51	298	0.015644014320822592
51	316	0.015644014320822592
51	7	0.015644014320822592
51	274	0.015644014320822592
51	296	0.015644014320822592
51	225	0.015644014320822592
51	308	0.015644014320822592
51	236	0.015644014320822592
51	214	0.015644014320822592
51	220	0.015644014320822592
51	166	0.015644014320822592
51	275	0.015644014320822592
51	87	0.015644014320822592
51	322	0.015644014320822592
51	178	0.015644014320822592
51	209	0.015644014320822592
51	188	0.015644014320822592
51	24	0.015644014320822592
51	174	0.015644014320822592
51	180	0.015644014320822592
51	333	0.015644014320822592
51	195	0.015644014320822592
9	12	0.015609630875313404
9	17	0.015609630875313404
97	29	0.015602432146822455
72	238	0.015581084046800387
36	238	0.015581084046800387
76	238	0.015581084046800387
39	208	0.015578023313442596
7	218	0.015547664446038684
105	89	0.015536004009897953
25	208	0.015536004009897953
105	259	0.015536004009897953
105	254	0.015536004009897953
105	316	0.015536004009897953
105	285	0.015536004009897953
105	179	0.015536004009897953
105	271	0.015536004009897953
105	58	0.015536004009897953
25	64	0.015536004009897953
105	86	0.015536004009897953
25	229	0.015536004009897953
25	28	0.015536004009897953
105	180	0.015536004009897953
105	251	0.015536004009897953
25	236	0.015536004009897953
105	199	0.015536004009897953
105	227	0.015536004009897953
25	100	0.015536004009897953
105	191	0.015536004009897953
105	228	0.015536004009897953
25	273	0.015536004009897953
105	190	0.015536004009897953
105	192	0.015536004009897953
105	217	0.015536004009897953
105	232	0.015536004009897953
25	87	0.015536004009897953
105	272	0.015536004009897953
25	181	0.015536004009897953
105	225	0.015536004009897953
105	296	0.015536004009897953
25	185	0.015536004009897953
25	232	0.015536004009897953
105	12	0.015536004009897953
25	210	0.015536004009897953
105	17	0.015536004009897953
25	286	0.015536004009897953
105	212	0.015536004009897953
105	49	0.015536004009897953
25	91	0.015536004009897953
105	236	0.015536004009897953
105	260	0.015536004009897953
105	233	0.015536004009897953
25	328	0.015536004009897953
25	48	0.015536004009897953
105	306	0.015536004009897953
25	199	0.015536004009897953
25	71	0.015536004009897953
105	60	0.015536004009897953
105	303	0.015536004009897953
105	197	0.015536004009897953
105	208	0.015536004009897953
105	87	0.015536004009897953
25	182	0.015536004009897953
25	191	0.015536004009897953
25	197	0.015536004009897953
105	273	0.015536004009897953
105	100	0.015536004009897953
105	70	0.015536004009897953
105	28	0.015536004009897953
105	51	0.015536004009897953
25	88	0.015536004009897953
25	224	0.015536004009897953
25	228	0.015536004009897953
105	88	0.015536004009897953
25	18	0.015536004009897953
105	181	0.015536004009897953
25	101	0.015536004009897953
105	167	0.015536004009897953
25	89	0.015536004009897953
25	303	0.015536004009897953
25	223	0.015536004009897953
25	253	0.015536004009897953
105	274	0.015536004009897953
25	296	0.015536004009897953
105	101	0.015536004009897953
25	96	0.015536004009897953
25	102	0.015536004009897953
105	91	0.015536004009897953
105	300	0.015536004009897953
25	172	0.015536004009897953
25	257	0.015536004009897953
25	317	0.015536004009897953
105	209	0.015536004009897953
25	38	0.015536004009897953
25	275	0.015536004009897953
105	163	0.015536004009897953
25	69	0.015536004009897953
105	288	0.015536004009897953
25	254	0.015536004009897953
25	75	0.015536004009897953
25	288	0.015536004009897953
25	326	0.015536004009897953
105	171	0.015536004009897953
25	163	0.015536004009897953
105	328	0.015536004009897953
25	276	0.015536004009897953
25	230	0.015536004009897953
105	14	0.015536004009897953
105	162	0.015536004009897953
105	102	0.015536004009897953
25	95	0.015536004009897953
25	173	0.015536004009897953
105	96	0.015536004009897953
25	187	0.015536004009897953
25	162	0.015536004009897953
25	320	0.015536004009897953
105	161	0.015536004009897953
105	22	0.015536004009897953
105	314	0.015536004009897953
25	120	0.015536004009897953
105	120	0.015536004009897953
25	119	0.015536004009897953
105	333	0.015536004009897953
105	116	0.015536004009897953
105	283	0.015536004009897953
25	127	0.015536004009897953
105	127	0.015536004009897953
105	286	0.015536004009897953
25	128	0.015536004009897953
25	116	0.015536004009897953
105	128	0.015536004009897953
25	174	0.015536004009897953
105	240	0.015536004009897953
105	129	0.015536004009897953
105	298	0.015536004009897953
25	129	0.015536004009897953
25	130	0.015536004009897953
105	130	0.015536004009897953
25	161	0.015536004009897953
25	131	0.015536004009897953
105	59	0.015536004009897953
105	276	0.015536004009897953
105	173	0.015536004009897953
105	131	0.015536004009897953
25	194	0.015536004009897953
105	77	0.015536004009897953
25	284	0.015536004009897953
25	97	0.015536004009897953
25	214	0.015536004009897953
105	332	0.015536004009897953
25	333	0.015536004009897953
105	266	0.015536004009897953
25	132	0.015536004009897953
105	132	0.015536004009897953
25	167	0.015536004009897953
25	332	0.015536004009897953
25	136	0.015536004009897953
25	281	0.015536004009897953
25	193	0.015536004009897953
105	136	0.015536004009897953
105	317	0.015536004009897953
105	174	0.015536004009897953
25	298	0.015536004009897953
25	300	0.015536004009897953
105	331	0.015536004009897953
25	104	0.015536004009897953
25	259	0.015536004009897953
25	175	0.015536004009897953
25	331	0.015536004009897953
25	274	0.015536004009897953
105	258	0.015536004009897953
25	140	0.015536004009897953
105	140	0.015536004009897953
105	69	0.015536004009897953
105	108	0.015536004009897953
105	182	0.015536004009897953
25	233	0.015536004009897953
105	330	0.015536004009897953
25	22	0.015536004009897953
25	12	0.015536004009897953
25	7	0.015536004009897953
25	240	0.015536004009897953
105	189	0.015536004009897953
105	302	0.015536004009897953
25	90	0.015536004009897953
25	189	0.015536004009897953
105	166	0.015536004009897953
25	108	0.015536004009897953
105	48	0.015536004009897953
25	166	0.015536004009897953
105	107	0.015536004009897953
105	38	0.015536004009897953
105	75	0.015536004009897953
25	176	0.015536004009897953
105	188	0.015536004009897953
25	330	0.015536004009897953
25	144	0.015536004009897953
25	190	0.015536004009897953
105	144	0.015536004009897953
25	107	0.015536004009897953
25	55	0.015536004009897953
105	176	0.015536004009897953
105	170	0.015536004009897953
105	7	0.015536004009897953
105	25	0.015536004009897953
25	146	0.015536004009897953
25	225	0.015536004009897953
25	70	0.015536004009897953
25	24	0.015536004009897953
25	287	0.015536004009897953
105	146	0.015536004009897953
25	171	0.015536004009897953
105	55	0.015536004009897953
105	262	0.015536004009897953
25	216	0.015536004009897953
105	267	0.015536004009897953
105	220	0.015536004009897953
25	258	0.015536004009897953
25	267	0.015536004009897953
25	16	0.015536004009897953
25	17	0.015536004009897953
25	238	0.015536004009897953
105	64	0.015536004009897953
105	239	0.015536004009897953
105	305	0.015536004009897953
25	263	0.015536004009897953
25	217	0.015536004009897953
25	306	0.015536004009897953
25	285	0.015536004009897953
25	323	0.015536004009897953
105	16	0.015536004009897953
25	60	0.015536004009897953
25	226	0.015536004009897953
25	268	0.015536004009897953
25	209	0.015536004009897953
105	195	0.015536004009897953
105	268	0.015536004009897953
25	269	0.015536004009897953
105	193	0.015536004009897953
25	314	0.015536004009897953
25	266	0.015536004009897953
105	175	0.015536004009897953
105	97	0.015536004009897953
25	213	0.015536004009897953
105	229	0.015536004009897953
25	260	0.015536004009897953
105	104	0.015536004009897953
25	13	0.015536004009897953
25	316	0.015536004009897953
25	278	0.015536004009897953
105	213	0.015536004009897953
105	304	0.015536004009897953
105	275	0.015536004009897953
105	223	0.015536004009897953
105	206	0.015536004009897953
105	226	0.015536004009897953
25	241	0.015536004009897953
105	269	0.015536004009897953
25	234	0.015536004009897953
25	206	0.015536004009897953
25	220	0.015536004009897953
105	71	0.015536004009897953
25	239	0.015536004009897953
105	234	0.015536004009897953
105	326	0.015536004009897953
105	322	0.015536004009897953
25	283	0.015536004009897953
25	14	0.015536004009897953
25	291	0.015536004009897953
25	54	0.015536004009897953
25	183	0.015536004009897953
105	216	0.015536004009897953
105	256	0.015536004009897953
105	194	0.015536004009897953
25	250	0.015536004009897953
105	8	0.015536004009897953
105	320	0.015536004009897953
25	327	0.015536004009897953
25	192	0.015536004009897953
25	305	0.015536004009897953
105	18	0.015536004009897953
25	49	0.015536004009897953
25	212	0.015536004009897953
25	195	0.015536004009897953
25	188	0.015536004009897953
25	178	0.015536004009897953
25	59	0.015536004009897953
25	271	0.015536004009897953
105	185	0.015536004009897953
105	24	0.015536004009897953
105	187	0.015536004009897953
105	214	0.015536004009897953
105	186	0.015536004009897953
105	291	0.015536004009897953
25	186	0.015536004009897953
25	256	0.015536004009897953
25	105	0.015536004009897953
105	241	0.015536004009897953
105	278	0.015536004009897953
25	51	0.015536004009897953
25	304	0.015536004009897953
105	250	0.015536004009897953
105	210	0.015536004009897953
105	230	0.015536004009897953
105	178	0.015536004009897953
105	183	0.015536004009897953
105	172	0.015536004009897953
105	281	0.015536004009897953
105	203	0.015536004009897953
105	263	0.015536004009897953
25	170	0.015536004009897953
105	54	0.015536004009897953
105	257	0.015536004009897953
25	203	0.015536004009897953
105	13	0.015536004009897953
25	179	0.015536004009897953
105	284	0.015536004009897953
105	95	0.015536004009897953
25	251	0.015536004009897953
25	77	0.015536004009897953
105	253	0.015536004009897953
105	295	0.015536004009897953
105	68	0.015536004009897953
105	287	0.015536004009897953
25	58	0.015536004009897953
105	323	0.015536004009897953
25	227	0.015536004009897953
25	169	0.015536004009897953
25	86	0.015536004009897953
25	295	0.015536004009897953
25	68	0.015536004009897953
25	322	0.015536004009897953
25	8	0.015536004009897953
105	119	0.015536004009897953
25	272	0.015536004009897953
25	180	0.015536004009897953
25	25	0.015536004009897953
105	224	0.015536004009897953
105	169	0.015536004009897953
105	327	0.015536004009897953
25	302	0.015536004009897953
105	238	0.015536004009897953
105	90	0.015536004009897953
25	262	0.015536004009897953
105	105	0.015536004009897953
12	10	0.015534979669012385
83	10	0.015534979669012385
81	10	0.015534979669012385
98	10	0.015534979669012385
61	10	0.015534979669012385
31	10	0.015534979669012385
6	10	0.015534979669012385
65	10	0.015534979669012385
36	79	0.015527530248145016
76	79	0.015527530248145016
76	60	0.015527530248145016
36	104	0.015527530248145016
76	92	0.015527530248145016
76	98	0.015527530248145016
72	98	0.015527530248145016
36	60	0.015527530248145016
36	98	0.015527530248145016
36	92	0.015527530248145016
76	104	0.015527530248145016
72	60	0.015527530248145016
72	92	0.015527530248145016
72	104	0.015527530248145016
72	79	0.015527530248145016
99	203	0.015512581233752314
102	216	0.01549551111483607
71	216	0.01549551111483607
102	71	0.01549551111483607
71	71	0.01549551111483607
72	140	0.015491995900537429
36	140	0.015491995900537429
29	167	0.015465291753330786
43	207	0.015462651819060024
4	207	0.015462651819060024
70	207	0.015462651819060024
47	207	0.015462651819060024
46	299	0.01544687402666894
26	299	0.01544687402666894
103	222	0.015445386098179078
55	222	0.015445386098179078
0	305	0.015428561044308538
68	6	0.015414339005687948
84	6	0.015414339005687948
97	6	0.015414339005687948
18	6	0.015414339005687948
29	181	0.015409880599438062
29	166	0.015409880599438062
29	189	0.015409880599438062
9	293	0.01539615408352378
53	293	0.01539615408352378
16	254	0.015385084618988952
47	299	0.015381812624027286
74	14	0.015374533285892781
108	14	0.015374533285892781
77	253	0.015363319610407213
75	253	0.015363319610407213
109	34	0.015362600635176742
14	34	0.015362600635176742
12	279	0.01534783164925601
79	279	0.01534783164925601
81	279	0.01534783164925601
70	279	0.01534783164925601
61	279	0.01534783164925601
83	279	0.01534783164925601
84	279	0.01534783164925601
69	279	0.01534783164925601
18	205	0.01534783164925601
45	279	0.01534783164925601
46	279	0.01534783164925601
47	279	0.01534783164925601
48	279	0.01534783164925601
96	279	0.01534783164925601
97	279	0.01534783164925601
98	279	0.01534783164925601
86	279	0.01534783164925601
87	279	0.01534783164925601
89	279	0.01534783164925601
90	279	0.01534783164925601
58	279	0.01534783164925601
109	218	0.01534783164925601
65	279	0.01534783164925601
66	279	0.01534783164925601
67	279	0.01534783164925601
68	279	0.01534783164925601
109	279	0.01534783164925601
101	279	0.01534783164925601
104	279	0.01534783164925601
83	218	0.01534783164925601
84	218	0.01534783164925601
86	218	0.01534783164925601
97	218	0.01534783164925601
98	218	0.01534783164925601
101	218	0.01534783164925601
90	218	0.01534783164925601
96	218	0.01534783164925601
81	218	0.01534783164925601
87	218	0.01534783164925601
45	318	0.01534783164925601
70	218	0.01534783164925601
58	218	0.01534783164925601
61	218	0.01534783164925601
44	279	0.01534783164925601
104	218	0.01534783164925601
89	218	0.01534783164925601
4	142	0.01534783164925601
31	142	0.01534783164925601
12	142	0.01534783164925601
65	142	0.01534783164925601
66	142	0.01534783164925601
67	142	0.01534783164925601
68	142	0.01534783164925601
58	142	0.01534783164925601
61	142	0.01534783164925601
47	142	0.01534783164925601
48	142	0.01534783164925601
87	142	0.01534783164925601
89	142	0.01534783164925601
90	142	0.01534783164925601
40	142	0.01534783164925601
41	142	0.01534783164925601
44	142	0.01534783164925601
45	142	0.01534783164925601
46	142	0.01534783164925601
79	142	0.01534783164925601
81	142	0.01534783164925601
83	142	0.01534783164925601
84	142	0.01534783164925601
86	142	0.01534783164925601
98	142	0.01534783164925601
101	142	0.01534783164925601
22	142	0.01534783164925601
13	142	0.01534783164925601
14	142	0.01534783164925601
69	142	0.01534783164925601
70	142	0.01534783164925601
15	142	0.01534783164925601
17	142	0.01534783164925601
58	318	0.01534783164925601
18	142	0.01534783164925601
6	142	0.01534783164925601
10	142	0.01534783164925601
96	142	0.01534783164925601
97	142	0.01534783164925601
109	142	0.01534783164925601
104	142	0.01534783164925601
46	318	0.01534783164925601
47	318	0.01534783164925601
67	318	0.01534783164925601
66	318	0.01534783164925601
65	318	0.01534783164925601
61	318	0.01534783164925601
10	318	0.01534783164925601
6	318	0.01534783164925601
31	318	0.01534783164925601
4	318	0.01534783164925601
18	318	0.01534783164925601
17	318	0.01534783164925601
15	318	0.01534783164925601
14	318	0.01534783164925601
13	318	0.01534783164925601
70	318	0.01534783164925601
69	318	0.01534783164925601
12	318	0.01534783164925601
22	318	0.01534783164925601
48	318	0.01534783164925601
86	205	0.01534783164925601
84	205	0.01534783164925601
83	205	0.01534783164925601
90	205	0.01534783164925601
104	205	0.01534783164925601
79	205	0.01534783164925601
89	205	0.01534783164925601
87	205	0.01534783164925601
97	205	0.01534783164925601
96	205	0.01534783164925601
79	318	0.01534783164925601
90	318	0.01534783164925601
89	318	0.01534783164925601
86	318	0.01534783164925601
98	318	0.01534783164925601
97	318	0.01534783164925601
96	318	0.01534783164925601
84	318	0.01534783164925601
83	318	0.01534783164925601
81	318	0.01534783164925601
44	318	0.01534783164925601
41	318	0.01534783164925601
40	318	0.01534783164925601
87	318	0.01534783164925601
81	205	0.01534783164925601
101	205	0.01534783164925601
98	205	0.01534783164925601
109	205	0.01534783164925601
48	205	0.01534783164925601
47	205	0.01534783164925601
46	205	0.01534783164925601
45	205	0.01534783164925601
44	205	0.01534783164925601
61	205	0.01534783164925601
58	205	0.01534783164925601
70	205	0.01534783164925601
69	205	0.01534783164925601
66	205	0.01534783164925601
65	205	0.01534783164925601
68	205	0.01534783164925601
67	205	0.01534783164925601
10	205	0.01534783164925601
22	205	0.01534783164925601
41	205	0.01534783164925601
40	205	0.01534783164925601
15	205	0.01534783164925601
14	205	0.01534783164925601
13	205	0.01534783164925601
12	205	0.01534783164925601
17	205	0.01534783164925601
31	205	0.01534783164925601
6	205	0.01534783164925601
4	205	0.01534783164925601
68	318	0.01534783164925601
12	218	0.01534783164925601
13	218	0.01534783164925601
14	218	0.01534783164925601
15	218	0.01534783164925601
104	318	0.01534783164925601
101	318	0.01534783164925601
10	218	0.01534783164925601
109	318	0.01534783164925601
4	218	0.01534783164925601
6	218	0.01534783164925601
79	218	0.01534783164925601
65	218	0.01534783164925601
66	218	0.01534783164925601
41	218	0.01534783164925601
44	218	0.01534783164925601
45	218	0.01534783164925601
46	218	0.01534783164925601
47	218	0.01534783164925601
48	218	0.01534783164925601
40	218	0.01534783164925601
31	218	0.01534783164925601
17	218	0.01534783164925601
18	218	0.01534783164925601
22	218	0.01534783164925601
69	218	0.01534783164925601
67	218	0.01534783164925601
68	218	0.01534783164925601
10	279	0.01534783164925601
13	279	0.01534783164925601
14	279	0.01534783164925601
15	279	0.01534783164925601
17	279	0.01534783164925601
18	279	0.01534783164925601
4	279	0.01534783164925601
6	279	0.01534783164925601
40	279	0.01534783164925601
41	279	0.01534783164925601
31	279	0.01534783164925601
22	279	0.01534783164925601
37	49	0.01533834731076279
68	299	0.015312926279688157
29	253	0.015302477537058426
103	142	0.01528899642773602
55	218	0.01528899642773602
55	142	0.01528899642773602
55	279	0.01528899642773602
103	218	0.01528899642773602
55	205	0.01528899642773602
103	205	0.01528899642773602
55	318	0.01528899642773602
103	318	0.01528899642773602
103	279	0.01528899642773602
0	288	0.015262744749652465
39	105	0.015202154625981262
39	87	0.015202154625981262
76	281	0.015195428642610526
36	281	0.015195428642610526
72	281	0.015195428642610526
93	0	0.015195188914122344
93	5	0.015195188914122344
93	4	0.015195188914122344
93	3	0.015195188914122344
93	9	0.015195188914122344
48	222	0.015179268735169959
98	222	0.015179268735169959
58	222	0.015179268735169959
90	222	0.015179268735169959
101	222	0.015179268735169959
83	222	0.015179268735169959
65	222	0.015179268735169959
96	222	0.015179268735169959
47	222	0.015179268735169959
31	222	0.015179268735169959
87	222	0.015179268735169959
66	222	0.015179268735169959
14	222	0.015179268735169959
86	222	0.015179268735169959
41	222	0.015179268735169959
84	222	0.015179268735169959
67	222	0.015179268735169959
61	222	0.015179268735169959
79	222	0.015179268735169959
6	222	0.015179268735169959
97	222	0.015179268735169959
12	222	0.015179268735169959
81	222	0.015179268735169959
13	222	0.015179268735169959
22	222	0.015179268735169959
68	222	0.015179268735169959
109	222	0.015179268735169959
10	222	0.015179268735169959
44	222	0.015179268735169959
4	222	0.015179268735169959
89	222	0.015179268735169959
18	222	0.015179268735169959
45	222	0.015179268735169959
40	222	0.015179268735169959
46	222	0.015179268735169959
69	222	0.015179268735169959
17	222	0.015179268735169959
70	222	0.015179268735169959
104	222	0.015179268735169959
15	222	0.015179268735169959
71	88	0.015165416976832512
84	141	0.015122522998403255
84	252	0.015122522998403255
64	279	0.015120721995690516
64	319	0.015120721995690516
64	244	0.015120721995690516
50	246	0.015120721995690516
64	246	0.015120721995690516
64	145	0.015120721995690516
50	293	0.015120721995690516
64	205	0.015120721995690516
50	279	0.015120721995690516
30	244	0.015120721995690516
30	218	0.015120721995690516
50	205	0.015120721995690516
30	205	0.015120721995690516
50	243	0.015120721995690516
50	244	0.015120721995690516
30	279	0.015120721995690516
85	293	0.015120721995690516
30	11	0.015120721995690516
50	145	0.015120721995690516
85	218	0.015120721995690516
64	293	0.015120721995690516
64	243	0.015120721995690516
30	145	0.015120721995690516
64	11	0.015120721995690516
85	243	0.015120721995690516
85	279	0.015120721995690516
85	142	0.015120721995690516
30	293	0.015120721995690516
64	142	0.015120721995690516
50	142	0.015120721995690516
85	205	0.015120721995690516
85	318	0.015120721995690516
64	218	0.015120721995690516
85	11	0.015120721995690516
85	319	0.015120721995690516
30	142	0.015120721995690516
50	319	0.015120721995690516
30	243	0.015120721995690516
30	319	0.015120721995690516
85	244	0.015120721995690516
30	318	0.015120721995690516
50	318	0.015120721995690516
64	318	0.015120721995690516
50	11	0.015120721995690516
30	246	0.015120721995690516
50	218	0.015120721995690516
85	246	0.015120721995690516
85	145	0.015120721995690516
37	128	0.015086852089292535
85	249	0.015084106412941988
64	150	0.015084106412941988
85	248	0.015084106412941988
50	248	0.015084106412941988
64	248	0.015084106412941988
30	249	0.015084106412941988
85	150	0.015084106412941988
30	150	0.015084106412941988
50	249	0.015084106412941988
64	249	0.015084106412941988
50	150	0.015084106412941988
30	248	0.015084106412941988
21	192	0.015056983501046346
45	299	0.01505537122403987
36	248	0.015051672734287078
72	248	0.015051672734287078
76	248	0.015051672734287078
85	222	0.015044554055334855
30	222	0.015044554055334855
50	222	0.015044554055334855
64	222	0.015044554055334855
93	279	0.015007002927222499
93	318	0.015007002927222499
93	142	0.015007002927222499
93	205	0.015007002927222499
71	127	0.01499298657412627
102	127	0.01499298657412627
93	21	0.01496430073930438
93	293	0.01496430073930438
93	243	0.01496430073930438
93	11	0.01496430073930438
93	248	0.01496430073930438
93	249	0.01496430073930438
93	145	0.01496430073930438
93	222	0.014961961530786294
91	127	0.014949537466051035
0	248	0.014921248477017443
98	26	0.014887773040326142
1	3	0.014879230682959961
1	5	0.014879230682959961
1	4	0.014879230682959961
1	0	0.014879230682959961
1	9	0.014879230682959961
1	222	0.01486214270673508
68	99	0.014846323334250603
101	99	0.014846323334250603
67	99	0.014846323334250603
41	99	0.014846323334250603
90	99	0.014846323334250603
40	99	0.014846323334250603
15	99	0.014846323334250603
104	99	0.014846323334250603
14	99	0.014846323334250603
13	99	0.014846323334250603
10	99	0.014846323334250603
26	99	0.014846323334250603
89	99	0.014846323334250603
22	99	0.014846323334250603
87	99	0.014846323334250603
17	99	0.014846323334250603
86	99	0.014846323334250603
84	99	0.014846323334250603
97	99	0.014846323334250603
4	99	0.014846323334250603
48	99	0.014846323334250603
109	99	0.014846323334250603
47	99	0.014846323334250603
96	99	0.014846323334250603
46	99	0.014846323334250603
44	99	0.014846323334250603
43	99	0.014846323334250603
58	99	0.014846323334250603
70	99	0.014846323334250603
57	99	0.014846323334250603
18	99	0.014846323334250603
69	99	0.014846323334250603
66	99	0.014846323334250603
79	99	0.014846323334250603
73	99	0.014846323334250603
1	145	0.014843341364219952
1	142	0.014843341364219952
1	205	0.014843341364219952
1	318	0.014843341364219952
1	293	0.014843341364219952
1	243	0.014843341364219952
1	248	0.014843341364219952
1	11	0.014843341364219952
1	249	0.014843341364219952
1	279	0.014843341364219952
76	73	0.014837905518704553
18	201	0.01482783688934873
97	201	0.01482783688934873
17	290	0.01482783688934873
17	201	0.01482783688934873
26	201	0.01482783688934873
84	201	0.01482783688934873
86	201	0.01482783688934873
90	201	0.01482783688934873
18	290	0.01482783688934873
46	201	0.01482783688934873
96	201	0.01482783688934873
73	201	0.01482783688934873
69	201	0.01482783688934873
101	201	0.01482783688934873
57	290	0.01482783688934873
58	290	0.01482783688934873
46	290	0.01482783688934873
47	290	0.01482783688934873
104	201	0.01482783688934873
109	201	0.01482783688934873
87	201	0.01482783688934873
89	201	0.01482783688934873
22	201	0.01482783688934873
79	201	0.01482783688934873
48	290	0.01482783688934873
40	290	0.01482783688934873
41	290	0.01482783688934873
43	290	0.01482783688934873
44	290	0.01482783688934873
66	201	0.01482783688934873
15	164	0.01482783688934873
67	201	0.01482783688934873
68	201	0.01482783688934873
58	201	0.01482783688934873
70	201	0.01482783688934873
69	164	0.01482783688934873
84	290	0.01482783688934873
70	290	0.01482783688934873
73	290	0.01482783688934873
66	290	0.01482783688934873
68	164	0.01482783688934873
69	290	0.01482783688934873
67	164	0.01482783688934873
66	164	0.01482783688934873
73	164	0.01482783688934873
87	290	0.01482783688934873
89	290	0.01482783688934873
90	290	0.01482783688934873
79	290	0.01482783688934873
97	164	0.01482783688934873
96	164	0.01482783688934873
14	164	0.01482783688934873
101	164	0.01482783688934873
67	290	0.01482783688934873
68	290	0.01482783688934873
109	164	0.01482783688934873
14	201	0.01482783688934873
44	201	0.01482783688934873
104	164	0.01482783688934873
70	164	0.01482783688934873
4	201	0.01482783688934873
104	290	0.01482783688934873
86	164	0.01482783688934873
109	290	0.01482783688934873
96	290	0.01482783688934873
97	290	0.01482783688934873
101	290	0.01482783688934873
84	164	0.01482783688934873
79	164	0.01482783688934873
90	164	0.01482783688934873
47	201	0.01482783688934873
89	164	0.01482783688934873
87	164	0.01482783688934873
17	164	0.01482783688934873
86	290	0.01482783688934873
4	290	0.01482783688934873
10	290	0.01482783688934873
44	164	0.01482783688934873
43	164	0.01482783688934873
41	164	0.01482783688934873
40	164	0.01482783688934873
48	164	0.01482783688934873
47	164	0.01482783688934873
15	201	0.01482783688934873
46	164	0.01482783688934873
58	164	0.01482783688934873
22	290	0.01482783688934873
26	290	0.01482783688934873
13	290	0.01482783688934873
57	164	0.01482783688934873
14	290	0.01482783688934873
22	164	0.01482783688934873
48	201	0.01482783688934873
26	164	0.01482783688934873
40	201	0.01482783688934873
13	164	0.01482783688934873
57	201	0.01482783688934873
41	201	0.01482783688934873
15	290	0.01482783688934873
13	201	0.01482783688934873
10	164	0.01482783688934873
4	164	0.01482783688934873
10	201	0.01482783688934873
43	201	0.01482783688934873
18	164	0.01482783688934873
10	312	0.014823444502711187
71	261	0.014806934890685165
71	281	0.014806934890685165
102	320	0.014806934890685165
102	254	0.014806934890685165
71	18	0.014806934890685165
71	254	0.014806934890685165
102	261	0.014806934890685165
102	192	0.014806934890685165
71	192	0.014806934890685165
102	281	0.014806934890685165
71	320	0.014806934890685165
102	18	0.014806934890685165
102	169	0.014806934890685165
71	169	0.014806934890685165
99	220	0.014806244671976589
7	253	0.014779566548052485
99	106	0.01477109849178444
9	194	0.014727458936909351
93	235	0.014705167439917219
1	2	0.014701205731793282
75	67	0.014699145210561546
77	67	0.014699145210561546
77	72	0.0146936567805692
93	162	0.014678637814438854
93	16	0.014678637814438854
93	14	0.014678637814438854
93	266	0.014678637814438854
93	209	0.014678637814438854
93	267	0.014678637814438854
93	146	0.014678637814438854
93	7	0.014678637814438854
93	96	0.014678637814438854
93	283	0.014678637814438854
93	176	0.014678637814438854
93	144	0.014678637814438854
93	240	0.014678637814438854
93	262	0.014678637814438854
93	330	0.014678637814438854
93	107	0.014678637814438854
93	306	0.014678637814438854
93	323	0.014678637814438854
93	161	0.014678637814438854
93	230	0.014678637814438854
93	314	0.014678637814438854
93	300	0.014678637814438854
93	298	0.014678637814438854
93	175	0.014678637814438854
93	108	0.014678637814438854
93	140	0.014678637814438854
93	174	0.014678637814438854
93	213	0.014678637814438854
93	316	0.014678637814438854
93	305	0.014678637814438854
93	331	0.014678637814438854
93	136	0.014678637814438854
93	173	0.014678637814438854
93	132	0.014678637814438854
93	131	0.014678637814438854
93	130	0.014678637814438854
93	129	0.014678637814438854
93	332	0.014678637814438854
93	128	0.014678637814438854
93	127	0.014678637814438854
93	223	0.014678637814438854
93	97	0.014678637814438854
93	116	0.014678637814438854
93	333	0.014678637814438854
93	120	0.014678637814438854
93	119	0.014678637814438854
93	186	0.014678637814438854
93	241	0.014678637814438854
93	18	0.014678637814438854
93	258	0.014678637814438854
93	326	0.014678637814438854
93	211	0.014678637814438854
93	172	0.014678637814438854
93	69	0.014678637814438854
93	188	0.014678637814438854
93	239	0.014678637814438854
93	90	0.014678637814438854
93	185	0.014678637814438854
93	285	0.014678637814438854
93	24	0.014678637814438854
93	77	0.014678637814438854
93	189	0.014678637814438854
93	171	0.014678637814438854
93	320	0.014678637814438854
93	254	0.014678637814438854
93	190	0.014678637814438854
93	59	0.014678637814438854
93	238	0.014678637814438854
93	228	0.014678637814438854
93	89	0.014678637814438854
93	48	0.014678637814438854
93	291	0.014678637814438854
93	49	0.014678637814438854
93	68	0.014678637814438854
93	276	0.014678637814438854
93	12	0.014678637814438854
93	256	0.014678637814438854
93	284	0.014678637814438854
93	191	0.014678637814438854
93	216	0.014678637814438854
93	232	0.014678637814438854
93	102	0.014678637814438854
93	183	0.014678637814438854
93	192	0.014678637814438854
93	170	0.014678637814438854
93	302	0.014678637814438854
93	91	0.014678637814438854
93	259	0.014678637814438854
93	327	0.014678637814438854
93	311	0.014678637814438854
93	100	0.014678637814438854
93	56	0.014678637814438854
93	28	0.014678637814438854
93	296	0.014678637814438854
93	328	0.014678637814438854
93	193	0.014678637814438854
93	101	0.014678637814438854
93	220	0.014678637814438854
93	263	0.014678637814438854
93	275	0.014678637814438854
93	253	0.014678637814438854
93	169	0.014678637814438854
93	224	0.014678637814438854
93	194	0.014678637814438854
93	64	0.014678637814438854
93	182	0.014678637814438854
93	8	0.014678637814438854
93	13	0.014678637814438854
93	274	0.014678637814438854
93	187	0.014678637814438854
93	54	0.014678637814438854
93	51	0.014678637814438854
93	195	0.014678637814438854
93	236	0.014678637814438854
93	88	0.014678637814438854
93	303	0.014678637814438854
93	167	0.014678637814438854
93	278	0.014678637814438854
93	70	0.014678637814438854
93	181	0.014678637814438854
93	257	0.014678637814438854
93	17	0.014678637814438854
93	60	0.014678637814438854
93	55	0.014678637814438854
93	197	0.014678637814438854
93	57	0.014678637814438854
93	87	0.014678637814438854
93	273	0.014678637814438854
93	227	0.014678637814438854
93	286	0.014678637814438854
93	272	0.014678637814438854
93	199	0.014678637814438854
93	210	0.014678637814438854
93	58	0.014678637814438854
93	166	0.014678637814438854
93	317	0.014678637814438854
93	225	0.014678637814438854
93	251	0.014678637814438854
93	180	0.014678637814438854
93	75	0.014678637814438854
93	229	0.014678637814438854
93	25	0.014678637814438854
93	38	0.014678637814438854
93	86	0.014678637814438854
93	208	0.014678637814438854
93	322	0.014678637814438854
93	271	0.014678637814438854
93	179	0.014678637814438854
93	260	0.014678637814438854
93	104	0.014678637814438854
93	203	0.014678637814438854
93	233	0.014678637814438854
93	250	0.014678637814438854
93	287	0.014678637814438854
93	95	0.014678637814438854
93	281	0.014678637814438854
93	217	0.014678637814438854
93	71	0.014678637814438854
93	163	0.014678637814438854
93	22	0.014678637814438854
93	234	0.014678637814438854
93	295	0.014678637814438854
93	178	0.014678637814438854
93	269	0.014678637814438854
93	212	0.014678637814438854
93	206	0.014678637814438854
93	304	0.014678637814438854
93	105	0.014678637814438854
93	214	0.014678637814438854
93	226	0.014678637814438854
93	268	0.014678637814438854
93	288	0.014678637814438854
93	2	0.014671720410882475
74	291	0.014667974196983857
26	282	0.014650939673798827
17	282	0.014650939673798827
97	282	0.014650939673798827
66	282	0.014650939673798827
69	282	0.014650939673798827
96	282	0.014650939673798827
46	282	0.014650939673798827
41	282	0.014650939673798827
68	282	0.014650939673798827
44	282	0.014650939673798827
84	282	0.014650939673798827
91	119	0.014635443758671011
91	83	0.014635443758671011
36	106	0.014628514506115655
72	66	0.014628514506115655
36	66	0.014628514506115655
76	66	0.014628514506115655
72	106	0.014628514506115655
76	106	0.014628514506115655
74	185	0.014590982097099681
77	185	0.014590982097099681
108	185	0.014590982097099681
91	185	0.014590982097099681
75	185	0.014590982097099681
76	242	0.014587111835305946
36	242	0.014587111835305946
16	242	0.014587111835305946
72	242	0.014587111835305946
9	199	0.014584943883163292
53	199	0.014584943883163292
37	238	0.014574738764492693
37	25	0.014574738764492693
88	0	0.014555933956974436
99	246	0.014552519469622221
37	184	0.014451662401199139
29	283	0.014429979455961708
74	203	0.014404621524852375
108	203	0.014404621524852375
46	6	0.014367774608144795
96	6	0.014367774608144795
44	6	0.014367774608144795
67	6	0.014367774608144795
13	6	0.014367774608144795
14	6	0.014367774608144795
58	6	0.014367774608144795
41	6	0.014367774608144795
70	6	0.014367774608144795
69	6	0.014367774608144795
101	6	0.014367774608144795
40	6	0.014367774608144795
48	6	0.014367774608144795
17	6	0.014367774608144795
7	67	0.014359175085640764
91	288	0.014339371670673673
108	288	0.014339371670673673
74	288	0.014339371670673673
6	177	0.014336197964818432
1	235	0.014305946441620572
16	214	0.014283891169409162
29	193	0.014277492081629225
72	206	0.014243717142791296
76	206	0.014243717142791296
16	206	0.014243717142791296
36	206	0.014243717142791296
75	239	0.014243599050581486
91	239	0.014243599050581486
41	292	0.01422279507089242
84	292	0.01422279507089242
17	292	0.01422279507089242
68	292	0.01422279507089242
44	292	0.01422279507089242
97	292	0.01422279507089242
66	292	0.01422279507089242
69	292	0.01422279507089242
96	292	0.01422279507089242
26	292	0.01422279507089242
46	292	0.01422279507089242
91	103	0.01419011617746199
82	286	0.014169708974912393
82	166	0.014169708974912393
82	172	0.014169708974912393
1	185	0.01416489058114381
1	267	0.01416489058114381
1	192	0.01416489058114381
1	320	0.01416489058114381
1	223	0.01416489058114381
1	170	0.01416489058114381
1	169	0.01416489058114381
1	285	0.01416489058114381
1	254	0.01416489058114381
1	253	0.01416489058114381
1	303	0.01416489058114381
1	58	0.01416489058114381
1	286	0.01416489058114381
1	291	0.01416489058114381
1	229	0.01416489058114381
1	70	0.01416489058114381
1	187	0.01416489058114381
1	220	0.01416489058114381
1	71	0.01416489058114381
1	239	0.01416489058114381
1	240	0.01416489058114381
1	314	0.01416489058114381
1	195	0.01416489058114381
1	208	0.01416489058114381
1	275	0.01416489058114381
1	257	0.01416489058114381
1	234	0.01416489058114381
1	316	0.01416489058114381
1	230	0.01416489058114381
1	89	0.01416489058114381
1	119	0.01416489058114381
1	95	0.01416489058114381
1	322	0.01416489058114381
1	327	0.01416489058114381
1	12	0.01416489058114381
1	214	0.01416489058114381
1	13	0.01416489058114381
1	88	0.01416489058114381
1	60	0.01416489058114381
1	333	0.01416489058114381
1	90	0.01416489058114381
1	197	0.01416489058114381
1	233	0.01416489058114381
1	104	0.01416489058114381
1	281	0.01416489058114381
1	287	0.01416489058114381
1	127	0.01416489058114381
1	182	0.01416489058114381
1	172	0.01416489058114381
1	274	0.01416489058114381
1	199	0.01416489058114381
1	174	0.01416489058114381
1	213	0.01416489058114381
1	128	0.01416489058114381
1	18	0.01416489058114381
1	129	0.01416489058114381
1	116	0.01416489058114381
1	28	0.01416489058114381
1	167	0.01416489058114381
1	193	0.01416489058114381
1	259	0.01416489058114381
1	130	0.01416489058114381
1	191	0.01416489058114381
1	131	0.01416489058114381
1	48	0.01416489058114381
1	181	0.01416489058114381
1	228	0.01416489058114381
1	273	0.01416489058114381
1	132	0.01416489058114381
1	100	0.01416489058114381
1	136	0.01416489058114381
1	332	0.01416489058114381
1	216	0.01416489058114381
1	24	0.01416489058114381
1	59	0.01416489058114381
1	87	0.01416489058114381
1	300	0.01416489058114381
1	166	0.01416489058114381
1	7	0.01416489058114381
1	302	0.01416489058114381
1	227	0.01416489058114381
1	317	0.01416489058114381
1	238	0.01416489058114381
1	140	0.01416489058114381
1	210	0.01416489058114381
1	69	0.01416489058114381
1	236	0.01416489058114381
1	186	0.01416489058114381
1	86	0.01416489058114381
1	326	0.01416489058114381
1	306	0.01416489058114381
1	224	0.01416489058114381
1	22	0.01416489058114381
1	161	0.01416489058114381
1	180	0.01416489058114381
1	175	0.01416489058114381
1	278	0.01416489058114381
1	97	0.01416489058114381
1	272	0.01416489058114381
1	260	0.01416489058114381
1	203	0.01416489058114381
1	331	0.01416489058114381
1	296	0.01416489058114381
1	105	0.01416489058114381
1	14	0.01416489058114381
1	108	0.01416489058114381
1	101	0.01416489058114381
1	190	0.01416489058114381
1	64	0.01416489058114381
1	194	0.01416489058114381
1	77	0.01416489058114381
1	271	0.01416489058114381
1	176	0.01416489058114381
1	107	0.01416489058114381
1	295	0.01416489058114381
1	144	0.01416489058114381
1	25	0.01416489058114381
1	179	0.01416489058114381
1	258	0.01416489058114381
1	251	0.01416489058114381
1	284	0.01416489058114381
1	328	0.01416489058114381
1	178	0.01416489058114381
1	146	0.01416489058114381
1	288	0.01416489058114381
1	68	0.01416489058114381
1	91	0.01416489058114381
1	54	0.01416489058114381
1	8	0.01416489058114381
1	96	0.01416489058114381
1	162	0.01416489058114381
1	304	0.01416489058114381
1	217	0.01416489058114381
1	266	0.01416489058114381
1	323	0.01416489058114381
1	55	0.01416489058114381
1	163	0.01416489058114381
1	38	0.01416489058114381
1	17	0.01416489058114381
1	16	0.01416489058114381
1	305	0.01416489058114381
1	268	0.01416489058114381
1	226	0.01416489058114381
1	283	0.01416489058114381
1	241	0.01416489058114381
1	212	0.01416489058114381
1	269	0.01416489058114381
1	189	0.01416489058114381
1	298	0.01416489058114381
1	250	0.01416489058114381
1	256	0.01416489058114381
1	209	0.01416489058114381
1	173	0.01416489058114381
1	183	0.01416489058114381
1	262	0.01416489058114381
1	206	0.01416489058114381
1	75	0.01416489058114381
1	171	0.01416489058114381
1	188	0.01416489058114381
1	263	0.01416489058114381
1	232	0.01416489058114381
1	225	0.01416489058114381
1	102	0.01416489058114381
1	120	0.01416489058114381
1	276	0.01416489058114381
1	49	0.01416489058114381
1	51	0.01416489058114381
1	330	0.01416489058114381
71	296	0.014156863778560106
7	333	0.014142372444103395
108	145	0.014127087450728115
99	145	0.014127087450728115
57	39	0.014120926880528399
39	68	0.01411557250634984
39	91	0.01411557250634984
39	131	0.01411557250634984
39	60	0.01411557250634984
39	107	0.01411557250634984
39	108	0.01411557250634984
0	57	0.014112200467497343
0	272	0.014112200467497343
0	96	0.014112200467497343
79	34	0.014103419468522834
7	186	0.014087084387233906
99	91	0.014053820644786523
13	34	0.014035466651704498
99	14	0.014021538645838121
102	259	0.014016846544195553
18	219	0.014015835834807311
18	155	0.014015835834807311
75	220	0.014013792998456487
77	220	0.014013792998456487
76	91	0.01400432425559197
37	145	0.01398538305372292
12	147	0.01396289588636693
32	147	0.01396289588636693
98	147	0.01396289588636693
91	242	0.013942663323509632
74	242	0.013942663323509632
23	0	0.013887144452638495
77	218	0.013844303518778878
75	218	0.013844303518778878
75	203	0.013819631962224606
77	203	0.013819631962224606
6	252	0.013800334305685618
70	299	0.013792151488238409
71	274	0.013776550320363587
50	143	0.013766463401683035
91	70	0.013725932871138295
108	262	0.013663453435029704
74	262	0.013663453435029704
75	262	0.013663453435029704
91	262	0.013663453435029704
0	279	0.013655537983883454
99	51	0.013651040109763911
99	112	0.013651040109763911
75	112	0.013651040109763911
75	51	0.013651040109763911
36	89	0.013580389588985355
76	89	0.013580389588985355
72	89	0.013580389588985355
91	246	0.013576489006493853
108	246	0.013576489006493853
74	246	0.013576489006493853
92	143	0.013566830676636948
5	143	0.013566830676636948
94	143	0.013566830676636948
28	143	0.013566830676636948
24	239	0.013539448275262066
97	160	0.013511419179765196
83	160	0.013511419179765196
31	160	0.013511419179765196
6	160	0.013511419179765196
81	160	0.013511419179765196
50	160	0.013511419179765196
12	160	0.013511419179765196
65	160	0.013511419179765196
68	160	0.013511419179765196
18	160	0.013511419179765196
84	160	0.013511419179765196
13	245	0.013485919987873624
87	47	0.01347994561988213
37	97	0.013466010395944337
37	87	0.013466010395944337
0	295	0.013451629124168632
0	169	0.013451629124168632
0	192	0.013451629124168632
0	254	0.013451629124168632
0	18	0.013451629124168632
0	320	0.013451629124168632
76	51	0.013428537620719916
16	51	0.013428537620719916
72	51	0.013428537620719916
72	112	0.013428537620719916
16	112	0.013428537620719916
36	112	0.013428537620719916
76	112	0.013428537620719916
36	51	0.013428537620719916
44	310	0.013416779974087804
77	121	0.01341479819760713
56	41	0.013390759091444325
106	41	0.013390759091444325
59	41	0.013390759091444325
8	41	0.013390759091444325
95	41	0.013390759091444325
62	41	0.013390759091444325
107	41	0.013390759091444325
100	41	0.013390759091444325
33	41	0.013390759091444325
49	41	0.013390759091444325
19	41	0.013390759091444325
63	41	0.013390759091444325
24	12	0.013371608254151603
24	17	0.013371608254151603
102	91	0.013358561359502823
36	62	0.013350052357178633
72	62	0.013350052357178633
18	147	0.013323221506772061
16	67	0.013303335787995748
9	220	0.013296798903224643
53	220	0.013296798903224643
39	142	0.013291510529011572
39	293	0.013291510529011572
39	205	0.013291510529011572
109	245	0.013288200087938034
18	177	0.013263408656884992
6	155	0.013244324448158238
6	219	0.013244324448158238
104	215	0.01323672156021738
67	215	0.01323672156021738
97	20	0.01321612898001677
93	301	0.013215004312963723
110	326	0.013197310394481708
16	132	0.013177280387229016
84	19	0.013177249618524362
66	19	0.013177249618524362
44	19	0.013177249618524362
69	19	0.013177249618524362
97	19	0.013177249618524362
68	19	0.013177249618524362
96	19	0.013177249618524362
26	19	0.013177249618524362
41	19	0.013177249618524362
46	19	0.013177249618524362
17	19	0.013177249618524362
36	57	0.013174352553015828
72	57	0.013174352553015828
78	26	0.013173691746685322
7	213	0.013170097790523496
111	227	0.013152763759352544
111	193	0.013152763759352544
37	275	0.013144321495324412
57	1	0.013142087553870328
91	240	0.013118986042985949
50	297	0.01310654230242883
93	40	0.013088306636353512
93	36	0.013088306636353512
18	280	0.013022747734503851
68	280	0.013022747734503851
97	280	0.013022747734503851
84	280	0.013022747734503851
28	41	0.013009861288575819
28	37	0.013009861288575819
28	42	0.013009861288575819
53	275	0.012985226083115458
9	275	0.012985226083115458
71	236	0.012978222041669691
50	35	0.012956540093615772
89	160	0.012942262313183565
85	160	0.012942262313183565
4	160	0.012942262313183565
15	160	0.012942262313183565
79	160	0.012942262313183565
98	160	0.012942262313183565
104	160	0.012942262313183565
69	160	0.012942262313183565
48	160	0.012942262313183565
47	160	0.012942262313183565
66	160	0.012942262313183565
67	160	0.012942262313183565
40	160	0.012942262313183565
87	160	0.012942262313183565
86	160	0.012942262313183565
101	160	0.012942262313183565
58	160	0.012942262313183565
46	160	0.012942262313183565
10	160	0.012942262313183565
44	160	0.012942262313183565
70	160	0.012942262313183565
41	160	0.012942262313183565
109	160	0.012942262313183565
96	160	0.012942262313183565
13	160	0.012942262313183565
14	160	0.012942262313183565
17	160	0.012942262313183565
90	160	0.012942262313183565
108	90	0.012924096696028628
39	272	0.012911088271516493
39	257	0.012911088271516493
39	258	0.012911088271516493
39	213	0.012911088271516493
39	96	0.012911088271516493
39	314	0.012911088271516493
39	100	0.012911088271516493
39	217	0.012911088271516493
39	285	0.012911088271516493
39	17	0.012911088271516493
39	227	0.012911088271516493
39	69	0.012911088271516493
39	239	0.012911088271516493
39	303	0.012911088271516493
39	256	0.012911088271516493
39	238	0.012911088271516493
39	199	0.012911088271516493
39	14	0.012911088271516493
39	194	0.012911088271516493
39	49	0.012911088271516493
39	233	0.012911088271516493
39	102	0.012911088271516493
39	234	0.012911088271516493
39	276	0.012911088271516493
39	163	0.012911088271516493
39	193	0.012911088271516493
39	210	0.012911088271516493
39	161	0.012911088271516493
39	57	0.012911088271516493
39	173	0.012911088271516493
39	327	0.012911088271516493
39	25	0.012911088271516493
39	226	0.012911088271516493
39	266	0.012911088271516493
39	128	0.012911088271516493
39	259	0.012911088271516493
39	304	0.012911088271516493
39	172	0.012911088271516493
39	130	0.012911088271516493
39	283	0.012911088271516493
39	203	0.012911088271516493
39	190	0.012911088271516493
39	175	0.012911088271516493
39	268	0.012911088271516493
37	216	0.012899536972600578
62	310	0.01282487238937258
63	310	0.01282487238937258
49	310	0.01282487238937258
59	310	0.01282487238937258
95	310	0.01282487238937258
106	310	0.01282487238937258
8	310	0.01282487238937258
19	310	0.01282487238937258
33	310	0.01282487238937258
56	310	0.01282487238937258
100	310	0.01282487238937258
107	310	0.01282487238937258
28	155	0.012780953950846724
94	155	0.012780953950846724
92	155	0.012780953950846724
5	155	0.012780953950846724
5	219	0.012780953950846724
28	219	0.012780953950846724
94	219	0.012780953950846724
92	219	0.012780953950846724
0	125	0.012777830210450373
85	252	0.012756741269703024
16	253	0.012748014332046219
51	64	0.012736245162635457
51	70	0.012736245162635457
51	130	0.012736245162635457
51	77	0.012736245162635457
51	95	0.012736245162635457
51	101	0.012736245162635457
51	104	0.012736245162635457
51	51	0.012736245162635457
51	102	0.012736245162635457
51	58	0.012736245162635457
51	100	0.012736245162635457
51	86	0.012736245162635457
51	281	0.012736245162635457
51	332	0.012736245162635457
51	90	0.012736245162635457
51	132	0.012736245162635457
51	224	0.012736245162635457
51	116	0.012736245162635457
51	119	0.012736245162635457
51	120	0.012736245162635457
51	55	0.012736245162635457
51	223	0.012736245162635457
51	129	0.012736245162635457
51	238	0.012736245162635457
46	158	0.012734471841044006
44	52	0.012734471841044006
46	52	0.012734471841044006
41	158	0.012734471841044006
41	52	0.012734471841044006
68	158	0.012734471841044006
66	158	0.012734471841044006
69	158	0.012734471841044006
69	15	0.012734471841044006
44	15	0.012734471841044006
17	52	0.012734471841044006
26	158	0.012734471841044006
41	15	0.012734471841044006
44	158	0.012734471841044006
97	23	0.012734471841044006
66	15	0.012734471841044006
84	23	0.012734471841044006
26	15	0.012734471841044006
17	15	0.012734471841044006
96	52	0.012734471841044006
68	23	0.012734471841044006
84	52	0.012734471841044006
68	52	0.012734471841044006
69	52	0.012734471841044006
97	52	0.012734471841044006
26	52	0.012734471841044006
66	52	0.012734471841044006
96	158	0.012734471841044006
84	158	0.012734471841044006
41	23	0.012734471841044006
66	23	0.012734471841044006
46	23	0.012734471841044006
17	158	0.012734471841044006
26	23	0.012734471841044006
46	15	0.012734471841044006
97	158	0.012734471841044006
17	23	0.012734471841044006
69	23	0.012734471841044006
44	23	0.012734471841044006
84	15	0.012734471841044006
96	15	0.012734471841044006
96	23	0.012734471841044006
68	15	0.012734471841044006
97	15	0.012734471841044006
111	192	0.012685434852833018
24	192	0.012685434852833018
24	194	0.012685434852833018
111	304	0.012685434852833018
111	194	0.012685434852833018
24	304	0.012685434852833018
24	285	0.012685434852833018
111	285	0.012685434852833018
16	296	0.012685329762821764
76	296	0.012685329762821764
36	252	0.0126616285855418
72	252	0.0126616285855418
50	147	0.012632881567973455
26	39	0.012629837133739451
41	39	0.012629837133739451
17	39	0.012629837133739451
96	39	0.012629837133739451
46	39	0.012629837133739451
66	39	0.012629837133739451
69	39	0.012629837133739451
44	39	0.012629837133739451
71	78	0.012599131739880422
0	185	0.012578648579605873
58	310	0.012530460603972877
40	310	0.012530460603972877
48	310	0.012530460603972877
86	310	0.012530460603972877
37	127	0.012520134468424074
36	86	0.01251456991862961
72	86	0.01251456991862961
7	326	0.012501400792445378
47	147	0.012499109121682759
4	147	0.012499109121682759
43	147	0.012499109121682759
70	147	0.012499109121682759
71	295	0.012433809225671005
43	310	0.012409741643460278
90	310	0.012409741643460278
51	76	0.012396379727167126
51	74	0.012396379727167126
51	67	0.012396379727167126
51	83	0.012396379727167126
51	92	0.012396379727167126
51	112	0.012396379727167126
21	175	0.012394803982970007
21	285	0.012394803982970007
21	317	0.012394803982970007
21	190	0.012394803982970007
21	288	0.012394803982970007
78	207	0.01238248095292181
45	207	0.01238248095292181
49	207	0.01238248095292181
33	207	0.01238248095292181
8	207	0.01238248095292181
59	207	0.01238248095292181
56	207	0.01238248095292181
100	207	0.01238248095292181
107	207	0.01238248095292181
62	207	0.01238248095292181
63	207	0.01238248095292181
19	207	0.01238248095292181
106	207	0.01238248095292181
95	207	0.01238248095292181
22	10	0.01234715698855974
40	10	0.01234715698855974
13	10	0.01234715698855974
44	10	0.01234715698855974
41	10	0.01234715698855974
46	10	0.01234715698855974
68	10	0.01234715698855974
67	10	0.01234715698855974
70	10	0.01234715698855974
69	10	0.01234715698855974
48	10	0.01234715698855974
58	10	0.01234715698855974
101	10	0.01234715698855974
84	10	0.01234715698855974
97	10	0.01234715698855974
14	10	0.01234715698855974
17	10	0.01234715698855974
18	10	0.01234715698855974
96	10	0.01234715698855974
37	186	0.012318265941047148
94	329	0.012301873351983359
92	329	0.012301873351983359
28	329	0.012301873351983359
94	157	0.012301873351983359
28	157	0.012301873351983359
5	157	0.012301873351983359
5	329	0.012301873351983359
92	157	0.012301873351983359
23	285	0.012249092265068763
23	192	0.012249092265068763
18	141	0.01224874328247873
18	252	0.01224874328247873
92	215	0.012231226674659031
28	215	0.012231226674659031
5	215	0.012231226674659031
94	215	0.012231226674659031
77	115	0.012200709957277216
72	221	0.012193806538243562
36	221	0.012193806538243562
77	214	0.012190355531032745
99	229	0.012177520916382011
37	107	0.012169513034575648
37	68	0.012169513034575648
76	145	0.012167902740339421
72	145	0.012167902740339421
36	145	0.012167902740339421
72	127	0.012166427638613645
13	280	0.01216185358105583
70	280	0.01216185358105583
69	280	0.01216185358105583
66	280	0.01216185358105583
58	280	0.01216185358105583
40	280	0.01216185358105583
86	280	0.01216185358105583
109	280	0.01216185358105583
87	280	0.01216185358105583
104	280	0.01216185358105583
79	280	0.01216185358105583
14	280	0.01216185358105583
17	280	0.01216185358105583
96	280	0.01216185358105583
10	280	0.01216185358105583
101	280	0.01216185358105583
4	280	0.01216185358105583
67	280	0.01216185358105583
48	280	0.01216185358105583
47	280	0.01216185358105583
41	280	0.01216185358105583
44	280	0.01216185358105583
46	280	0.01216185358105583
89	280	0.01216185358105583
90	280	0.01216185358105583
15	280	0.01216185358105583
99	248	0.012155107340720284
29	16	0.012129293855255118
46	1	0.012111499877143616
44	1	0.012111499877143616
41	1	0.012111499877143616
17	1	0.012111499877143616
96	1	0.012111499877143616
68	1	0.012111499877143616
26	1	0.012111499877143616
66	1	0.012111499877143616
69	1	0.012111499877143616
59	26	0.012107218982243845
62	26	0.012107218982243845
63	26	0.012107218982243845
33	26	0.012107218982243845
19	26	0.012107218982243845
100	26	0.012107218982243845
95	26	0.012107218982243845
107	26	0.012107218982243845
8	26	0.012107218982243845
106	26	0.012107218982243845
49	26	0.012107218982243845
56	26	0.012107218982243845
37	53	0.012106434672811701
91	130	0.01209789650870933
72	275	0.012095307707188538
36	275	0.012095307707188538
76	275	0.012095307707188538
37	225	0.01205474935542541
77	300	0.012049437617797915
75	300	0.012049437617797915
37	148	0.012038574986018674
7	251	0.012035925973546711
50	26	0.012035296926465846
37	248	0.0120232333250067
37	91	0.012006753635541484
16	218	0.011993855092829788
29	269	0.011978617042156674
29	240	0.011978617042156674
29	171	0.011978617042156674
29	162	0.011978617042156674
29	170	0.011978617042156674
98	207	0.011972621712239825
12	207	0.011972621712239825
61	207	0.011972621712239825
32	207	0.011972621712239825
6	207	0.011972621712239825
108	269	0.011965984687948482
74	269	0.011965984687948482
39	182	0.011964492626577157
39	232	0.011964492626577157
39	178	0.011964492626577157
39	180	0.011964492626577157
37	93	0.011939667781680765
37	94	0.011939667781680765
37	111	0.011939667781680765
102	214	0.011857459832933319
7	183	0.011851286961550753
108	193	0.0118464606908637
74	193	0.0118464606908637
96	26	0.011821077859187781
66	26	0.011821077859187781
69	26	0.011821077859187781
7	275	0.011818851294947188
37	296	0.011801141868818466
0	101	0.011775110060857666
72	61	0.011758317904076835
72	85	0.011758317904076835
36	124	0.011758317904076835
72	129	0.011758317904076835
76	61	0.011758317904076835
36	129	0.011758317904076835
16	124	0.011758317904076835
16	85	0.011758317904076835
16	61	0.011758317904076835
36	61	0.011758317904076835
76	129	0.011758317904076835
76	124	0.011758317904076835
72	124	0.011758317904076835
36	85	0.011758317904076835
76	85	0.011758317904076835
72	113	0.011758317904076835
16	113	0.011758317904076835
36	113	0.011758317904076835
16	129	0.011758317904076835
76	113	0.011758317904076835
99	113	0.011740730821220322
99	61	0.011740730821220322
75	113	0.011740730821220322
75	61	0.011740730821220322
75	129	0.011740730821220322
75	85	0.011740730821220322
99	129	0.011740730821220322
99	85	0.011740730821220322
15	299	0.01172258406384483
87	299	0.01172258406384483
89	299	0.01172258406384483
97	157	0.011720512796279656
97	329	0.011720512796279656
99	193	0.011700087412431706
72	229	0.011696669416406926
76	229	0.011696669416406926
36	229	0.011696669416406926
75	248	0.011645199914507114
77	248	0.011645199914507114
7	276	0.011635926330071409
72	83	0.011632154862502861
72	119	0.011632154862502861
103	321	0.011621049560458865
5	321	0.011621049560458865
94	321	0.011621049560458865
38	321	0.011621049560458865
2	321	0.011621049560458865
27	321	0.011621049560458865
28	321	0.011621049560458865
55	321	0.011621049560458865
92	321	0.011621049560458865
102	279	0.01157269835682579
37	288	0.01156588182122772
100	277	0.011531015053283095
106	277	0.011531015053283095
107	277	0.011531015053283095
33	277	0.011531015053283095
19	277	0.011531015053283095
59	277	0.011531015053283095
56	277	0.011531015053283095
8	277	0.011531015053283095
49	277	0.011531015053283095
63	277	0.011531015053283095
62	277	0.011531015053283095
95	277	0.011531015053283095
61	143	0.011526564134437632
6	143	0.011526564134437632
37	246	0.011481006183742948
40	321	0.011476796070501461
58	321	0.011476796070501461
45	321	0.011476796070501461
69	321	0.011476796070501461
84	321	0.011476796070501461
101	321	0.011476796070501461
100	321	0.011476796070501461
106	321	0.011476796070501461
104	321	0.011476796070501461
97	321	0.011476796070501461
98	321	0.011476796070501461
95	321	0.011476796070501461
96	321	0.011476796070501461
33	321	0.011476796070501461
41	321	0.011476796070501461
43	321	0.011476796070501461
26	321	0.011476796070501461
14	321	0.011476796070501461
15	321	0.011476796070501461
44	321	0.011476796070501461
59	321	0.011476796070501461
46	321	0.011476796070501461
12	321	0.011476796070501461
10	321	0.011476796070501461
22	321	0.011476796070501461
4	321	0.011476796070501461
13	321	0.011476796070501461
107	321	0.011476796070501461
68	321	0.011476796070501461
8	321	0.011476796070501461
6	321	0.011476796070501461
61	321	0.011476796070501461
63	321	0.011476796070501461
87	321	0.011476796070501461
73	321	0.011476796070501461
86	321	0.011476796070501461
83	321	0.011476796070501461
78	321	0.011476796070501461
67	321	0.011476796070501461
81	321	0.011476796070501461
79	321	0.011476796070501461
18	321	0.011476796070501461
89	321	0.011476796070501461
19	321	0.011476796070501461
47	321	0.011476796070501461
17	321	0.011476796070501461
70	321	0.011476796070501461
32	321	0.011476796070501461
31	321	0.011476796070501461
62	321	0.011476796070501461
57	321	0.011476796070501461
49	321	0.011476796070501461
48	321	0.011476796070501461
66	321	0.011476796070501461
109	321	0.011476796070501461
90	321	0.011476796070501461
56	321	0.011476796070501461
65	321	0.011476796070501461
102	49	0.011467407100256347
71	128	0.011467407100256347
102	128	0.011467407100256347
71	49	0.011467407100256347
16	295	0.01144734270518293
76	295	0.01144734270518293
99	118	0.011443917899583166
75	82	0.011443917899583166
75	117	0.011443917899583166
99	117	0.011443917899583166
75	118	0.011443917899583166
99	82	0.011443917899583166
77	206	0.011442523652412226
70	29	0.011431992920427063
43	29	0.011431992920427063
72	102	0.011382565998995101
36	122	0.011354269011870307
72	122	0.011354269011870307
109	310	0.011348473828916945
52	321	0.011347213038356087
20	321	0.011347213038356087
50	321	0.011347213038356087
85	321	0.011347213038356087
64	321	0.011347213038356087
70	20	0.011299061289063819
43	20	0.011299061289063819
36	320	0.01128547395159643
76	320	0.01128547395159643
72	320	0.01128547395159643
37	305	0.011266538136021806
36	109	0.011258564843515548
72	109	0.011258564843515548
85	177	0.011231795101416567
44	299	0.011231525285970994
73	46	0.011202869736140932
71	188	0.011182107817357716
102	188	0.011182107817357716
71	122	0.011177743127574049
16	121	0.01116158817905638
9	285	0.011161515460094194
9	304	0.011161515460094194
108	12	0.011158960707509423
74	12	0.011158960707509423
91	254	0.011144164979897323
91	169	0.011143018275351772
37	208	0.011115599166642056
91	230	0.011086308259490585
91	314	0.011081907538376672
76	288	0.01105366216630958
72	288	0.01105366216630958
36	288	0.01105366216630958
94	147	0.010994822678247355
5	147	0.010994822678247355
28	147	0.010994822678247355
92	147	0.010994822678247355
56	299	0.010990365547469945
100	299	0.010990365547469945
106	299	0.010990365547469945
62	299	0.010990365547469945
107	299	0.010990365547469945
19	299	0.010990365547469945
8	299	0.010990365547469945
33	299	0.010990365547469945
63	299	0.010990365547469945
49	299	0.010990365547469945
59	299	0.010990365547469945
95	299	0.010990365547469945
75	14	0.010979261147413082
36	118	0.010976012066952439
76	118	0.010976012066952439
16	117	0.010976012066952439
36	117	0.010976012066952439
76	117	0.010976012066952439
16	82	0.010976012066952439
36	81	0.010976012066952439
16	81	0.010976012066952439
72	82	0.010976012066952439
76	82	0.010976012066952439
72	118	0.010976012066952439
16	118	0.010976012066952439
36	82	0.010976012066952439
72	117	0.010976012066952439
72	81	0.010976012066952439
76	81	0.010976012066952439
7	250	0.010966749390480396
77	131	0.010956625037473838
74	317	0.010954621303118068
108	317	0.010954621303118068
71	269	0.010893203614117258
102	269	0.010893203614117258
73	310	0.010868411251413815
102	161	0.01086355072497216
102	57	0.01086355072497216
102	193	0.01086355072497216
102	163	0.01086355072497216
102	233	0.01086355072497216
102	14	0.01086355072497216
102	65	0.01086355072497216
39	101	0.010854458813554183
10	34	0.010846820128314283
68	26	0.010830550094412897
37	18	0.01078151778989942
37	320	0.01078151778989942
37	254	0.01078151778989942
37	192	0.01078151778989942
37	169	0.01078151778989942
99	326	0.010724444247075847
85	155	0.010721271383384107
85	219	0.010721271383384107
5	20	0.010712299704873675
92	20	0.010712299704873675
94	20	0.010712299704873675
28	20	0.010712299704873675
7	206	0.010705049458163507
75	103	0.01070154706093132
99	103	0.01070154706093132
28	30	0.010695965456030763
7	220	0.010687580362247501
9	239	0.01068172568337333
29	67	0.010664303092444948
99	269	0.010657607832724264
92	29	0.010653708254050886
5	29	0.010653708254050886
28	29	0.010653708254050886
94	29	0.010653708254050886
37	272	0.010639298935897688
37	96	0.010639298935897688
3	11	0.010626524234380272
3	142	0.010626524234380272
3	318	0.010626524234380272
3	246	0.010626524234380272
3	145	0.010626524234380272
3	293	0.010626524234380272
3	243	0.010626524234380272
3	205	0.010626524234380272
3	218	0.010626524234380272
37	295	0.010602807730311014
7	281	0.010584845591778328
3	0	0.01055000682893915
32	157	0.01054647569402265
77	269	0.010545479148596937
75	269	0.010545479148596937
16	90	0.010506640205449665
91	283	0.010468288517102254
75	283	0.010468288517102254
99	72	0.010461930215660815
0	322	0.010452754860017352
41	138	0.010431885139332825
46	138	0.010431885139332825
66	138	0.010431885139332825
96	138	0.010431885139332825
97	138	0.010431885139332825
26	138	0.010431885139332825
69	138	0.010431885139332825
68	138	0.010431885139332825
44	138	0.010431885139332825
17	138	0.010431885139332825
12	157	0.010408174670311366
24	209	0.010403282047682767
111	214	0.010403282047682767
24	14	0.010403282047682767
24	214	0.010403282047682767
111	14	0.010403282047682767
111	209	0.010403282047682767
51	0	0.010384844692632521
26	143	0.010355274219268478
41	143	0.010355274219268478
44	143	0.010355274219268478
96	143	0.010355274219268478
69	143	0.010355274219268478
66	143	0.010355274219268478
68	143	0.010355274219268478
97	143	0.010355274219268478
17	143	0.010355274219268478
46	143	0.010355274219268478
108	314	0.01035472755184775
28	141	0.010354263411663948
92	141	0.010354263411663948
94	141	0.010354263411663948
5	141	0.010354263411663948
5	252	0.010354263411663948
92	252	0.010354263411663948
28	252	0.010354263411663948
94	252	0.010354263411663948
7	192	0.010341409275648292
7	18	0.010341409275648292
102	332	0.010306203412954129
77	22	0.010299636456050986
73	34	0.010283873410669147
16	115	0.010282065459372823
76	115	0.010282065459372823
16	103	0.010282065459372823
76	103	0.010282065459372823
37	140	0.010273759280399924
37	57	0.010268435779183146
36	70	0.010254143051232767
76	70	0.010254143051232767
16	70	0.010254143051232767
72	70	0.010254143051232767
75	193	0.010204724089431391
91	225	0.010154987973485666
108	225	0.010154987973485666
74	225	0.010154987973485666
29	142	0.010118991767413552
29	173	0.010118991767413552
29	161	0.010118991767413552
29	234	0.010118991767413552
29	172	0.010118991767413552
29	286	0.010118991767413552
41	301	0.01010087242587872
17	301	0.01010087242587872
66	301	0.01010087242587872
69	301	0.01010087242587872
96	301	0.01010087242587872
46	301	0.01010087242587872
44	301	0.01010087242587872
68	301	0.01010087242587872
26	301	0.01010087242587872
97	301	0.01010087242587872
37	332	0.010094478314351268
32	252	0.010060043390972849
111	278	0.010036288754664542
7	288	0.009994593357584272
51	133	0.009972007598550842
51	111	0.009972007598550842
51	84	0.009972007598550842
51	123	0.009972007598550842
51	50	0.009972007598550842
0	114	0.009957392610682635
77	90	0.009953390076608651
75	90	0.009953390076608651
99	213	0.009939434168046529
99	217	0.009939434168046529
108	16	0.009939419565862641
74	16	0.009939419565862641
51	305	0.009920947743784771
51	89	0.009920947743784771
51	88	0.009920947743784771
76	326	0.009911275551965363
36	326	0.009911275551965363
72	326	0.009911275551965363
44	46	0.009906173116148413
57	35	0.009878376889908348
9	250	0.00982195151498798
53	169	0.00982195151498798
53	250	0.00982195151498798
9	169	0.00982195151498798
23	170	0.009819609016842793
23	173	0.009819609016842793
23	161	0.009819609016842793
23	176	0.009819609016842793
77	250	0.009786974461289177
76	186	0.00977887086941886
72	186	0.00977887086941886
36	186	0.00977887086941886
31	157	0.009774040891630127
88	261	0.009768387413919588
77	70	0.009757657308968142
99	70	0.009757657308968142
75	70	0.009757657308968142
36	187	0.009740723440464743
76	187	0.009740723440464743
72	187	0.009740723440464743
99	317	0.009733082997664391
37	108	0.00972646108828164
68	40	0.009718297118250197
69	137	0.009718297118250197
46	137	0.009718297118250197
44	36	0.009718297118250197
41	40	0.009718297118250197
46	40	0.009718297118250197
96	137	0.009718297118250197
68	137	0.009718297118250197
17	137	0.009718297118250197
26	137	0.009718297118250197
66	36	0.009718297118250197
17	36	0.009718297118250197
97	137	0.009718297118250197
69	297	0.009718297118250197
68	297	0.009718297118250197
66	297	0.009718297118250197
96	297	0.009718297118250197
97	297	0.009718297118250197
26	36	0.009718297118250197
41	36	0.009718297118250197
26	40	0.009718297118250197
66	40	0.009718297118250197
69	40	0.009718297118250197
44	40	0.009718297118250197
96	36	0.009718297118250197
26	153	0.009718297118250197
26	297	0.009718297118250197
41	137	0.009718297118250197
46	242	0.009718297118250197
26	242	0.009718297118250197
41	242	0.009718297118250197
66	242	0.009718297118250197
96	242	0.009718297118250197
68	242	0.009718297118250197
69	242	0.009718297118250197
46	297	0.009718297118250197
44	153	0.009718297118250197
46	153	0.009718297118250197
17	153	0.009718297118250197
41	153	0.009718297118250197
66	137	0.009718297118250197
46	36	0.009718297118250197
44	242	0.009718297118250197
44	137	0.009718297118250197
68	36	0.009718297118250197
69	36	0.009718297118250197
17	297	0.009718297118250197
97	36	0.009718297118250197
96	40	0.009718297118250197
17	40	0.009718297118250197
96	153	0.009718297118250197
97	153	0.009718297118250197
66	153	0.009718297118250197
68	153	0.009718297118250197
69	153	0.009718297118250197
17	242	0.009718297118250197
97	40	0.009718297118250197
97	242	0.009718297118250197
44	297	0.009718297118250197
41	297	0.009718297118250197
31	155	0.009683114824445891
65	219	0.009683114824445891
81	155	0.009683114824445891
31	219	0.009683114824445891
81	219	0.009683114824445891
65	155	0.009683114824445891
72	246	0.009673663717676414
76	246	0.009673663717676414
36	246	0.009673663717676414
0	187	0.009668662082142218
0	262	0.009668662082142218
16	14	0.00966743059829159
37	55	0.009651708158837756
61	20	0.009645935575025487
99	12	0.009637170358913781
90	34	0.009622396787757895
88	272	0.009618423650506011
88	257	0.009618423650506011
88	234	0.009618423650506011
88	230	0.009618423650506011
88	140	0.009618423650506011
88	49	0.009618423650506011
88	233	0.009618423650506011
88	276	0.009618423650506011
88	317	0.009618423650506011
88	254	0.009618423650506011
88	330	0.009618423650506011
88	144	0.009618423650506011
88	203	0.009618423650506011
88	229	0.009618423650506011
88	303	0.009618423650506011
88	271	0.009618423650506011
88	226	0.009618423650506011
88	227	0.009618423650506011
88	288	0.009618423650506011
88	22	0.009618423650506011
88	239	0.009618423650506011
88	69	0.009618423650506011
88	17	0.009618423650506011
88	190	0.009618423650506011
88	162	0.009618423650506011
88	96	0.009618423650506011
88	266	0.009618423650506011
88	253	0.009618423650506011
88	217	0.009618423650506011
88	327	0.009618423650506011
88	170	0.009618423650506011
88	285	0.009618423650506011
88	171	0.009618423650506011
88	268	0.009618423650506011
88	269	0.009618423650506011
88	172	0.009618423650506011
88	25	0.009618423650506011
88	175	0.009618423650506011
88	284	0.009618423650506011
88	14	0.009618423650506011
88	256	0.009618423650506011
88	314	0.009618423650506011
88	18	0.009618423650506011
88	71	0.009618423650506011
88	12	0.009618423650506011
88	283	0.009618423650506011
88	210	0.009618423650506011
88	328	0.009618423650506011
88	213	0.009618423650506011
88	291	0.009618423650506011
88	194	0.009618423650506011
88	167	0.009618423650506011
88	163	0.009618423650506011
88	199	0.009618423650506011
88	197	0.009618423650506011
88	212	0.009618423650506011
88	193	0.009618423650506011
88	161	0.009618423650506011
88	75	0.009618423650506011
88	169	0.009618423650506011
88	16	0.009618423650506011
88	320	0.009618423650506011
88	146	0.009618423650506011
88	240	0.009618423650506011
88	173	0.009618423650506011
88	54	0.009618423650506011
88	260	0.009618423650506011
88	97	0.009618423650506011
88	304	0.009618423650506011
88	259	0.009618423650506011
88	128	0.009618423650506011
88	258	0.009618423650506011
88	326	0.009618423650506011
88	250	0.009618423650506011
88	287	0.009618423650506011
88	192	0.009618423650506011
88	216	0.009618423650506011
88	295	0.009618423650506011
82	206	0.009597372602643811
82	167	0.009597372602643811
61	29	0.009557928152838204
70	26	0.00955495738269928
43	26	0.00955495738269928
31	177	0.009544115421024506
65	177	0.009544115421024506
81	177	0.009544115421024506
108	142	0.00954188625625174
74	234	0.00954188625625174
108	234	0.00954188625625174
74	142	0.00954188625625174
46	35	0.0095408513076573
17	35	0.0095408513076573
68	35	0.0095408513076573
69	35	0.0095408513076573
41	35	0.0095408513076573
96	35	0.0095408513076573
66	35	0.0095408513076573
44	35	0.0095408513076573
26	35	0.0095408513076573
0	69	0.009530501403745855
102	248	0.009488534120484386
71	248	0.009488534120484386
82	193	0.00948831006620619
77	117	0.009483428263991265
77	82	0.009483428263991265
77	118	0.009483428263991265
43	177	0.009465915851412203
47	177	0.009465915851412203
4	177	0.009465915851412203
70	177	0.009465915851412203
102	140	0.009440276618108014
10	245	0.00943653454452741
43	299	0.009433439955447329
72	240	0.009431713828092549
76	240	0.009431713828092549
36	240	0.009431713828092549
91	90	0.009427624544057775
47	282	0.009419787821524228
43	282	0.009419787821524228
70	282	0.009419787821524228
4	282	0.009419787821524228
99	162	0.009398546527130415
77	296	0.009387979658455578
77	314	0.009377686562387076
75	314	0.009377686562387076
17	299	0.009370453327205465
31	252	0.009350567333693502
65	252	0.009350567333693502
81	252	0.009350567333693502
91	162	0.009346628306406648
72	183	0.0093252889440554
36	183	0.0093252889440554
76	183	0.0093252889440554
0	326	0.00931982274154564
77	276	0.009279431541124691
23	258	0.00925720051070363
23	295	0.00925720051070363
23	257	0.00925720051070363
23	256	0.00925720051070363
23	203	0.00925720051070363
23	327	0.00925720051070363
23	268	0.00925720051070363
91	95	0.009254060912580098
51	205	0.009244925381787235
51	145	0.009244925381787235
51	318	0.009244925381787235
88	318	0.009244925381787235
88	205	0.009244925381787235
88	142	0.009244925381787235
51	142	0.009244925381787235
88	243	0.009244925381787235
88	11	0.009244925381787235
51	243	0.009244925381787235
88	145	0.009244925381787235
88	293	0.009244925381787235
51	293	0.009244925381787235
51	11	0.009244925381787235
51	218	0.009233276880372301
88	218	0.009233276880372301
51	246	0.009233276880372301
88	246	0.009233276880372301
16	72	0.009229952626219949
7	193	0.00922391964031849
0	49	0.009211763842886545
37	66	0.009156684334859246
77	239	0.009150791731417961
16	213	0.009144504138371534
16	314	0.009144504138371534
16	217	0.009144504138371534
72	332	0.009099802076803666
36	332	0.009099802076803666
9	192	0.0090949173823949
7	300	0.009083676244324606
4	292	0.009069805487215202
47	292	0.009069805487215202
70	292	0.009069805487215202
43	292	0.009069805487215202
12	282	0.009055881568624425
32	282	0.009055881568624425
98	282	0.009055881568624425
61	282	0.009055881568624425
6	282	0.009055881568624425
93	20	0.009039734722460389
0	128	0.009022093327476074
99	275	0.00900195503930231
108	161	0.008998053339774584
74	161	0.008998053339774584
77	295	0.008981153300981818
72	254	0.008979998511503665
36	254	0.008979998511503665
76	254	0.008979998511503665
29	148	0.008949957675570764
75	242	0.00894199449737487
77	242	0.00894199449737487
99	242	0.00894199449737487
108	242	0.00894199449737487
0	148	0.008936714312440338
77	12	0.008916132320888911
75	12	0.008916132320888911
33	46	0.008901784604508193
63	46	0.008901784604508193
107	46	0.008901784604508193
95	46	0.008901784604508193
59	46	0.008901784604508193
19	46	0.008901784604508193
62	46	0.008901784604508193
106	46	0.008901784604508193
100	46	0.008901784604508193
56	46	0.008901784604508193
49	46	0.008901784604508193
8	46	0.008901784604508193
44	26	0.008900679592995038
41	26	0.008900679592995038
62	37	0.00889833412802722
8	37	0.00889833412802722
33	42	0.00889833412802722
63	42	0.00889833412802722
59	42	0.00889833412802722
62	42	0.00889833412802722
95	42	0.00889833412802722
56	42	0.00889833412802722
19	42	0.00889833412802722
49	42	0.00889833412802722
19	37	0.00889833412802722
95	37	0.00889833412802722
8	42	0.00889833412802722
63	37	0.00889833412802722
56	37	0.00889833412802722
59	37	0.00889833412802722
49	37	0.00889833412802722
107	42	0.00889833412802722
106	42	0.00889833412802722
100	37	0.00889833412802722
107	37	0.00889833412802722
33	37	0.00889833412802722
100	42	0.00889833412802722
106	37	0.00889833412802722
16	269	0.008894221297943875
71	322	0.008888912380986574
102	322	0.008888912380986574
50	29	0.008885182916375812
37	262	0.008883956544447073
56	324	0.008874189433196194
33	324	0.008874189433196194
8	324	0.008874189433196194
19	324	0.008874189433196194
62	324	0.008874189433196194
100	324	0.008874189433196194
95	324	0.008874189433196194
59	324	0.008874189433196194
107	324	0.008874189433196194
63	324	0.008874189433196194
49	324	0.008874189433196194
106	324	0.008874189433196194
36	184	0.008873784406374128
72	184	0.008873784406374128
76	184	0.008873784406374128
99	22	0.008873656659603085
70	329	0.008864201570921382
43	157	0.008864201570921382
70	157	0.008864201570921382
43	329	0.008864201570921382
74	214	0.00885470633294851
91	214	0.00885470633294851
108	214	0.00885470633294851
53	193	0.00885287901680486
9	193	0.00885287901680486
9	195	0.008816155704115447
47	219	0.008815958317622908
70	219	0.008815958317622908
43	219	0.008815958317622908
4	155	0.008815958317622908
43	155	0.008815958317622908
47	155	0.008815958317622908
70	155	0.008815958317622908
4	219	0.008815958317622908
12	29	0.008811276376762347
7	12	0.008804413892657017
74	266	0.008770539883165254
74	268	0.008770539883165254
108	266	0.008770539883165254
108	268	0.008770539883165254
108	190	0.008770539883165254
74	190	0.008770539883165254
111	167	0.008757687630532812
0	97	0.008741565242768316
0	87	0.008741565242768316
53	315	0.008717996409213336
9	315	0.008717996409213336
13	310	0.00867860511610082
37	106	0.008657241544487776
37	92	0.008657241544487776
37	98	0.008657241544487776
37	104	0.008657241544487776
37	79	0.008657241544487776
37	60	0.008657241544487776
71	305	0.008652926562385237
102	305	0.008652926562385237
74	275	0.008635450894076635
108	275	0.008635450894076635
91	275	0.008635450894076635
5	309	0.00862645710347777
55	309	0.00862645710347777
2	309	0.00862645710347777
103	307	0.00862645710347777
5	307	0.00862645710347777
38	307	0.00862645710347777
28	307	0.00862645710347777
27	307	0.00862645710347777
55	307	0.00862645710347777
2	307	0.00862645710347777
103	309	0.00862645710347777
94	307	0.00862645710347777
92	307	0.00862645710347777
94	309	0.00862645710347777
92	309	0.00862645710347777
27	309	0.00862645710347777
28	309	0.00862645710347777
38	309	0.00862645710347777
6	292	0.00861595004574185
98	292	0.00861595004574185
61	292	0.00861595004574185
32	292	0.00861595004574185
12	292	0.00861595004574185
25	308	0.008611972770021696
105	308	0.008611972770021696
105	315	0.008611972770021696
25	315	0.008611972770021696
32	177	0.008606384532810226
7	185	0.00856348244207284
67	309	0.008551901597476288
68	309	0.008551901597476288
15	309	0.008551901597476288
98	307	0.008551901597476288
19	307	0.008551901597476288
79	307	0.008551901597476288
33	307	0.008551901597476288
32	307	0.008551901597476288
63	309	0.008551901597476288
15	307	0.008551901597476288
84	307	0.008551901597476288
26	307	0.008551901597476288
48	307	0.008551901597476288
69	307	0.008551901597476288
31	307	0.008551901597476288
49	307	0.008551901597476288
47	307	0.008551901597476288
87	307	0.008551901597476288
86	307	0.008551901597476288
10	307	0.008551901597476288
6	307	0.008551901597476288
12	307	0.008551901597476288
14	307	0.008551901597476288
81	307	0.008551901597476288
83	307	0.008551901597476288
95	309	0.008551901597476288
19	309	0.008551901597476288
98	309	0.008551901597476288
65	309	0.008551901597476288
57	309	0.008551901597476288
84	309	0.008551901597476288
62	309	0.008551901597476288
18	309	0.008551901597476288
13	309	0.008551901597476288
41	309	0.008551901597476288
57	307	0.008551901597476288
58	307	0.008551901597476288
78	307	0.008551901597476288
67	307	0.008551901597476288
106	307	0.008551901597476288
107	307	0.008551901597476288
104	307	0.008551901597476288
100	307	0.008551901597476288
13	307	0.008551901597476288
68	307	0.008551901597476288
18	307	0.008551901597476288
41	307	0.008551901597476288
90	307	0.008551901597476288
96	307	0.008551901597476288
109	307	0.008551901597476288
59	307	0.008551901597476288
4	307	0.008551901597476288
56	307	0.008551901597476288
40	307	0.008551901597476288
43	307	0.008551901597476288
97	307	0.008551901597476288
73	307	0.008551901597476288
45	307	0.008551901597476288
46	307	0.008551901597476288
61	307	0.008551901597476288
17	307	0.008551901597476288
70	307	0.008551901597476288
101	307	0.008551901597476288
63	307	0.008551901597476288
65	307	0.008551901597476288
66	307	0.008551901597476288
89	307	0.008551901597476288
70	309	0.008551901597476288
62	307	0.008551901597476288
8	307	0.008551901597476288
22	307	0.008551901597476288
44	307	0.008551901597476288
83	309	0.008551901597476288
61	309	0.008551901597476288
66	309	0.008551901597476288
47	309	0.008551901597476288
48	309	0.008551901597476288
73	309	0.008551901597476288
58	309	0.008551901597476288
96	309	0.008551901597476288
97	309	0.008551901597476288
69	309	0.008551901597476288
46	309	0.008551901597476288
22	309	0.008551901597476288
45	309	0.008551901597476288
44	309	0.008551901597476288
59	309	0.008551901597476288
17	309	0.008551901597476288
12	309	0.008551901597476288
10	309	0.008551901597476288
8	309	0.008551901597476288
95	307	0.008551901597476288
106	309	0.008551901597476288
109	309	0.008551901597476288
107	309	0.008551901597476288
43	309	0.008551901597476288
56	309	0.008551901597476288
4	309	0.008551901597476288
49	309	0.008551901597476288
90	309	0.008551901597476288
104	309	0.008551901597476288
101	309	0.008551901597476288
100	309	0.008551901597476288
78	309	0.008551901597476288
79	309	0.008551901597476288
81	309	0.008551901597476288
89	309	0.008551901597476288
40	309	0.008551901597476288
14	309	0.008551901597476288
26	309	0.008551901597476288
32	309	0.008551901597476288
33	309	0.008551901597476288
6	309	0.008551901597476288
31	309	0.008551901597476288
86	309	0.008551901597476288
87	309	0.008551901597476288
49	282	0.008551223768447396
45	282	0.008551223768447396
78	282	0.008551223768447396
100	282	0.008551223768447396
106	282	0.008551223768447396
62	282	0.008551223768447396
59	282	0.008551223768447396
56	282	0.008551223768447396
95	282	0.008551223768447396
107	282	0.008551223768447396
19	282	0.008551223768447396
63	282	0.008551223768447396
8	282	0.008551223768447396
33	282	0.008551223768447396
101	299	0.0084929810747276
14	299	0.0084929810747276
109	299	0.0084929810747276
72	169	0.008491773359490643
36	169	0.008491773359490643
76	169	0.008491773359490643
15	207	0.008480870000861448
109	207	0.008480870000861448
57	207	0.008480870000861448
58	207	0.008480870000861448
90	207	0.008480870000861448
79	207	0.008480870000861448
89	207	0.008480870000861448
40	207	0.008480870000861448
10	207	0.008480870000861448
73	207	0.008480870000861448
13	207	0.008480870000861448
14	207	0.008480870000861448
101	207	0.008480870000861448
86	207	0.008480870000861448
87	207	0.008480870000861448
48	207	0.008480870000861448
36	91	0.008437079386239034
72	91	0.008437079386239034
37	269	0.008428402959788738
92	270	0.008397499826304031
94	270	0.008397499826304031
28	270	0.008397499826304031
5	270	0.008397499826304031
2	270	0.008397499826304031
55	270	0.008397499826304031
38	270	0.008397499826304031
27	270	0.008397499826304031
103	270	0.008397499826304031
74	258	0.008386243693353803
108	257	0.008386243693353803
74	199	0.008386243693353803
108	17	0.008386243693353803
74	17	0.008386243693353803
74	256	0.008386243693353803
108	258	0.008386243693353803
108	199	0.008386243693353803
108	256	0.008386243693353803
74	257	0.008386243693353803
99	161	0.008386057058560348
36	225	0.00838143561880812
72	225	0.00838143561880812
76	225	0.00838143561880812
81	143	0.008378101274818354
31	143	0.008378101274818354
65	143	0.008378101274818354
29	176	0.00837721152389482
29	188	0.00837721152389482
91	189	0.008367911626672676
108	189	0.008367911626672676
74	189	0.008367911626672676
91	166	0.008367911626672676
108	166	0.008367911626672676
74	166	0.008367911626672676
108	181	0.008367911626672676
74	181	0.008367911626672676
91	181	0.008367911626672676
95	292	0.008362278357208376
45	292	0.008362278357208376
78	292	0.008362278357208376
49	292	0.008362278357208376
59	292	0.008362278357208376
100	292	0.008362278357208376
106	292	0.008362278357208376
107	292	0.008362278357208376
63	292	0.008362278357208376
19	292	0.008362278357208376
8	292	0.008362278357208376
62	292	0.008362278357208376
56	292	0.008362278357208376
33	292	0.008362278357208376
16	130	0.00835732302987355
0	232	0.008349791193275601
39	76	0.008343894094896599
39	112	0.008343894094896599
39	67	0.008343894094896599
39	92	0.008343894094896599
39	83	0.008343894094896599
39	74	0.008343894094896599
59	1	0.008342057669913904
56	1	0.008342057669913904
62	1	0.008342057669913904
78	1	0.008342057669913904
49	1	0.008342057669913904
45	1	0.008342057669913904
63	1	0.008342057669913904
95	1	0.008342057669913904
107	1	0.008342057669913904
8	1	0.008342057669913904
19	1	0.008342057669913904
33	1	0.008342057669913904
106	1	0.008342057669913904
100	1	0.008342057669913904
56	270	0.008328969379667152
4	270	0.008328969379667152
10	270	0.008328969379667152
44	270	0.008328969379667152
41	270	0.008328969379667152
43	270	0.008328969379667152
40	270	0.008328969379667152
45	270	0.008328969379667152
89	270	0.008328969379667152
83	270	0.008328969379667152
95	270	0.008328969379667152
96	270	0.008328969379667152
86	270	0.008328969379667152
84	270	0.008328969379667152
81	270	0.008328969379667152
31	270	0.008328969379667152
62	270	0.008328969379667152
47	270	0.008328969379667152
97	270	0.008328969379667152
48	270	0.008328969379667152
49	270	0.008328969379667152
109	270	0.008328969379667152
98	270	0.008328969379667152
100	270	0.008328969379667152
101	270	0.008328969379667152
87	270	0.008328969379667152
90	270	0.008328969379667152
79	270	0.008328969379667152
80	270	0.008328969379667152
107	270	0.008328969379667152
106	270	0.008328969379667152
104	270	0.008328969379667152
13	270	0.008328969379667152
8	270	0.008328969379667152
6	270	0.008328969379667152
59	270	0.008328969379667152
58	270	0.008328969379667152
60	270	0.008328969379667152
57	270	0.008328969379667152
17	270	0.008328969379667152
65	270	0.008328969379667152
66	270	0.008328969379667152
67	270	0.008328969379667152
68	270	0.008328969379667152
18	270	0.008328969379667152
61	270	0.008328969379667152
73	270	0.008328969379667152
63	270	0.008328969379667152
46	270	0.008328969379667152
14	270	0.008328969379667152
15	270	0.008328969379667152
33	270	0.008328969379667152
22	270	0.008328969379667152
26	270	0.008328969379667152
69	270	0.008328969379667152
70	270	0.008328969379667152
19	270	0.008328969379667152
78	270	0.008328969379667152
32	270	0.008328969379667152
12	270	0.008328969379667152
77	184	0.008314796890307214
75	184	0.008314796890307214
32	155	0.008301037699311616
32	219	0.008301037699311616
7	262	0.008298854842751172
91	22	0.0082694012697756
12	19	0.00826396658224428
32	19	0.00826396658224428
98	19	0.00826396658224428
6	19	0.00826396658224428
61	19	0.00826396658224428
71	148	0.008243699226630995
102	208	0.008243699226630995
102	148	0.008243699226630995
71	208	0.008243699226630995
72	132	0.008241370003147588
24	170	0.008238631708377051
24	161	0.008238631708377051
24	176	0.008238631708377051
24	173	0.008238631708377051
24	226	0.008238631708377051
91	67	0.008235885684461037
50	19	0.008228324928026984
99	195	0.00822586755869085
108	226	0.00819844822416194
74	327	0.00819844822416194
108	327	0.00819844822416194
74	304	0.00819844822416194
108	304	0.00819844822416194
74	226	0.00819844822416194
7	248	0.00818377786505759
37	188	0.008179414125524111
16	293	0.008178812418737984
72	293	0.008178812418737984
76	293	0.008178812418737984
36	293	0.008178812418737984
16	193	0.008164683934466444
21	304	0.008121941105680644
21	210	0.008121941105680644
99	67	0.008103899114007343
12	315	0.00809549534594481
89	308	0.00809549534594481
32	308	0.00809549534594481
49	308	0.00809549534594481
58	308	0.00809549534594481
57	308	0.00809549534594481
56	308	0.00809549534594481
41	308	0.00809549534594481
62	315	0.00809549534594481
96	315	0.00809549534594481
62	308	0.00809549534594481
95	308	0.00809549534594481
68	308	0.00809549534594481
60	315	0.00809549534594481
60	308	0.00809549534594481
31	308	0.00809549534594481
90	308	0.00809549534594481
47	308	0.00809549534594481
59	315	0.00809549534594481
47	315	0.00809549534594481
104	315	0.00809549534594481
56	315	0.00809549534594481
70	315	0.00809549534594481
98	308	0.00809549534594481
109	308	0.00809549534594481
107	308	0.00809549534594481
57	315	0.00809549534594481
58	315	0.00809549534594481
33	315	0.00809549534594481
98	315	0.00809549534594481
12	308	0.00809549534594481
97	315	0.00809549534594481
15	315	0.00809549534594481
83	315	0.00809549534594481
22	308	0.00809549534594481
33	308	0.00809549534594481
86	315	0.00809549534594481
84	315	0.00809549534594481
101	315	0.00809549534594481
87	315	0.00809549534594481
90	315	0.00809549534594481
89	315	0.00809549534594481
79	315	0.00809549534594481
80	315	0.00809549534594481
44	315	0.00809549534594481
43	315	0.00809549534594481
81	315	0.00809549534594481
78	308	0.00809549534594481
67	308	0.00809549534594481
8	308	0.00809549534594481
15	308	0.00809549534594481
48	308	0.00809549534594481
61	308	0.00809549534594481
86	308	0.00809549534594481
73	308	0.00809549534594481
41	315	0.00809549534594481
40	315	0.00809549534594481
14	308	0.00809549534594481
14	315	0.00809549534594481
13	315	0.00809549534594481
13	308	0.00809549534594481
59	308	0.00809549534594481
6	308	0.00809549534594481
19	308	0.00809549534594481
18	308	0.00809549534594481
17	308	0.00809549534594481
70	308	0.00809549534594481
69	308	0.00809549534594481
49	315	0.00809549534594481
48	315	0.00809549534594481
65	308	0.00809549534594481
40	308	0.00809549534594481
66	308	0.00809549534594481
63	308	0.00809549534594481
63	315	0.00809549534594481
79	308	0.00809549534594481
104	308	0.00809549534594481
43	308	0.00809549534594481
44	308	0.00809549534594481
45	308	0.00809549534594481
83	308	0.00809549534594481
100	308	0.00809549534594481
101	308	0.00809549534594481
87	308	0.00809549534594481
10	308	0.00809549534594481
78	315	0.00809549534594481
46	315	0.00809549534594481
45	315	0.00809549534594481
4	308	0.00809549534594481
26	308	0.00809549534594481
65	315	0.00809549534594481
66	315	0.00809549534594481
96	308	0.00809549534594481
84	308	0.00809549534594481
46	308	0.00809549534594481
97	308	0.00809549534594481
81	308	0.00809549534594481
80	308	0.00809549534594481
106	308	0.00809549534594481
69	315	0.00809549534594481
8	315	0.00809549534594481
68	315	0.00809549534594481
67	315	0.00809549534594481
61	315	0.00809549534594481
10	315	0.00809549534594481
6	315	0.00809549534594481
4	315	0.00809549534594481
100	315	0.00809549534594481
17	315	0.00809549534594481
95	315	0.00809549534594481
109	315	0.00809549534594481
18	315	0.00809549534594481
107	315	0.00809549534594481
22	315	0.00809549534594481
26	315	0.00809549534594481
106	315	0.00809549534594481
32	315	0.00809549534594481
31	315	0.00809549534594481
19	315	0.00809549534594481
73	315	0.00809549534594481
0	65	0.00808669112318684
36	73	0.008082327701576287
72	73	0.008082327701576287
7	125	0.008079761745264879
53	239	0.008078675253317884
2	315	0.00806911804047157
103	308	0.00806911804047157
5	315	0.00806911804047157
27	308	0.00806911804047157
38	308	0.00806911804047157
2	308	0.00806911804047157
94	315	0.00806911804047157
28	315	0.00806911804047157
38	315	0.00806911804047157
5	308	0.00806911804047157
55	308	0.00806911804047157
28	308	0.00806911804047157
27	315	0.00806911804047157
94	308	0.00806911804047157
55	315	0.00806911804047157
103	315	0.00806911804047157
92	315	0.00806911804047157
92	308	0.00806911804047157
16	12	0.008061419462250568
0	127	0.008060244091689152
74	263	0.008059118090354334
108	263	0.008059118090354334
91	263	0.008059118090354334
75	131	0.008007675734074638
99	131	0.008007675734074638
30	315	0.008007237832324213
35	308	0.008007237832324213
85	315	0.008007237832324213
52	308	0.008007237832324213
30	308	0.008007237832324213
50	308	0.008007237832324213
85	308	0.008007237832324213
20	308	0.008007237832324213
50	315	0.008007237832324213
64	308	0.008007237832324213
64	315	0.008007237832324213
20	315	0.008007237832324213
52	315	0.008007237832324213
35	315	0.008007237832324213
99	209	0.00800012053371657
99	286	0.00800012053371657
99	190	0.00795795410730489
99	266	0.00795795410730489
99	268	0.00795795410730489
77	262	0.007956154662618422
3	234	0.007934664435659136
3	287	0.007934664435659136
10	310	0.00793202045019783
37	322	0.007901313333415759
76	131	0.007898650598530831
36	131	0.007898650598530831
72	131	0.007898650598530831
16	131	0.007898650598530831
50	215	0.007882048523830527
53	229	0.0078589795928245
9	229	0.0078589795928245
91	253	0.007837339511854892
108	188	0.0078281411118519
74	188	0.0078281411118519
91	188	0.0078281411118519
70	141	0.007820839373198682
47	252	0.007820839373198682
4	141	0.007820839373198682
70	252	0.007820839373198682
43	252	0.007820839373198682
4	252	0.007820839373198682
43	141	0.007820839373198682
47	141	0.007820839373198682
70	19	0.007819544662717112
4	19	0.007819544662717112
43	19	0.007819544662717112
47	19	0.007819544662717112
32	52	0.007812745103900018
61	15	0.007812745103900018
32	15	0.007812745103900018
12	52	0.007812745103900018
61	23	0.007812745103900018
98	15	0.007812745103900018
61	52	0.007812745103900018
98	52	0.007812745103900018
6	158	0.007812745103900018
12	15	0.007812745103900018
61	158	0.007812745103900018
12	158	0.007812745103900018
6	23	0.007812745103900018
12	23	0.007812745103900018
6	52	0.007812745103900018
32	158	0.007812745103900018
32	23	0.007812745103900018
98	23	0.007812745103900018
98	158	0.007812745103900018
6	15	0.007812745103900018
26	26	0.007798147518685894
46	26	0.007798147518685894
17	26	0.007798147518685894
41	147	0.007791242720706068
17	147	0.007791242720706068
44	147	0.007791242720706068
68	147	0.007791242720706068
97	147	0.007791242720706068
46	147	0.007791242720706068
96	147	0.007791242720706068
69	147	0.007791242720706068
26	147	0.007791242720706068
66	147	0.007791242720706068
13	47	0.007772088022987295
58	47	0.007772088022987295
48	47	0.007772088022987295
86	47	0.007772088022987295
40	47	0.007772088022987295
50	158	0.007770833853673558
50	52	0.007770833853673558
50	23	0.007770833853673558
99	257	0.007769762300903724
99	256	0.007769762300903724
99	17	0.007769762300903724
99	199	0.007769762300903724
99	218	0.007769762300903724
99	258	0.007769762300903724
16	189	0.007744733017731771
16	166	0.007744733017731771
16	181	0.007744733017731771
31	215	0.007741683784383589
81	215	0.007741683784383589
65	215	0.007741683784383589
91	218	0.0077118766934623825
77	195	0.00768476303724547
75	195	0.00768476303724547
99	184	0.007671611852069697
82	239	0.007661255042652308
75	95	0.007649817969600014
99	95	0.007649817969600014
74	209	0.007633022826123042
108	286	0.007633022826123042
74	286	0.007633022826123042
108	209	0.007633022826123042
16	162	0.007629260731308224
16	188	0.0076209624315249
53	195	0.00759965855312676
0	68	0.007595002889371859
0	107	0.007595002889371859
0	229	0.007595002889371859
76	250	0.007579967700833328
16	250	0.007579967700833328
36	250	0.007579967700833328
72	250	0.007579967700833328
75	190	0.007575527353844132
75	266	0.007575527353844132
77	266	0.007575527353844132
77	190	0.007575527353844132
77	268	0.007575527353844132
75	268	0.007575527353844132
77	317	0.007561872451648132
75	317	0.007561872451648132
33	177	0.007543331522584093
49	177	0.007543331522584093
106	177	0.007543331522584093
63	177	0.007543331522584093
8	177	0.007543331522584093
62	177	0.007543331522584093
19	177	0.007543331522584093
95	177	0.007543331522584093
100	177	0.007543331522584093
59	177	0.007543331522584093
107	177	0.007543331522584093
56	177	0.007543331522584093
45	177	0.007543331522584093
44	29	0.007531798042582948
69	29	0.007531798042582948
17	29	0.007531798042582948
46	29	0.007531798042582948
26	29	0.007531798042582948
41	29	0.007531798042582948
96	29	0.007531798042582948
68	29	0.007531798042582948
66	29	0.007531798042582948
36	239	0.007488170082336877
72	239	0.007488170082336877
76	239	0.007488170082336877
16	239	0.007488170082336877
70	52	0.007483870015488893
4	23	0.007483870015488893
4	158	0.007483870015488893
70	158	0.007483870015488893
43	158	0.007483870015488893
47	15	0.007483870015488893
47	158	0.007483870015488893
43	23	0.007483870015488893
47	52	0.007483870015488893
43	15	0.007483870015488893
70	23	0.007483870015488893
47	23	0.007483870015488893
4	15	0.007483870015488893
70	15	0.007483870015488893
4	52	0.007483870015488893
43	52	0.007483870015488893
111	211	0.007454108699124916
102	99	0.007450359958127523
71	99	0.007450359958127523
3	295	0.007440594307333809
3	257	0.007440594307333809
3	261	0.007440594307333809
3	330	0.007440594307333809
3	253	0.007440594307333809
3	173	0.007440594307333809
3	268	0.007440594307333809
3	258	0.007440594307333809
3	123	0.007440594307333809
3	314	0.007440594307333809
3	169	0.007440594307333809
3	194	0.007440594307333809
3	12	0.007440594307333809
3	69	0.007440594307333809
3	171	0.007440594307333809
3	172	0.007440594307333809
3	54	0.007440594307333809
3	305	0.007440594307333809
3	288	0.007440594307333809
3	14	0.007440594307333809
3	266	0.007440594307333809
3	320	0.007440594307333809
3	88	0.007440594307333809
3	197	0.007440594307333809
3	89	0.007440594307333809
3	193	0.007440594307333809
3	272	0.007440594307333809
3	199	0.007440594307333809
3	304	0.007440594307333809
3	167	0.007440594307333809
3	240	0.007440594307333809
3	239	0.007440594307333809
3	22	0.007440594307333809
3	203	0.007440594307333809
3	144	0.007440594307333809
3	317	0.007440594307333809
3	25	0.007440594307333809
3	140	0.007440594307333809
3	210	0.007440594307333809
3	291	0.007440594307333809
3	250	0.007440594307333809
3	285	0.007440594307333809
3	328	0.007440594307333809
3	175	0.007440594307333809
3	229	0.007440594307333809
3	75	0.007440594307333809
3	233	0.007440594307333809
3	213	0.007440594307333809
3	71	0.007440594307333809
3	230	0.007440594307333809
3	111	0.007440594307333809
3	313	0.007440594307333809
3	226	0.007440594307333809
3	212	0.007440594307333809
3	327	0.007440594307333809
3	146	0.007440594307333809
3	161	0.007440594307333809
3	190	0.007440594307333809
3	84	0.007440594307333809
3	283	0.007440594307333809
3	284	0.007440594307333809
3	326	0.007440594307333809
3	269	0.007440594307333809
3	192	0.007440594307333809
3	227	0.007440594307333809
3	16	0.007440594307333809
3	259	0.007440594307333809
3	260	0.007440594307333809
3	276	0.007440594307333809
3	163	0.007440594307333809
3	254	0.007440594307333809
3	50	0.007440594307333809
3	170	0.007440594307333809
3	97	0.007440594307333809
3	216	0.007440594307333809
3	18	0.007440594307333809
3	96	0.007440594307333809
3	256	0.007440594307333809
3	303	0.007440594307333809
3	49	0.007440594307333809
3	217	0.007440594307333809
3	17	0.007440594307333809
3	128	0.007440594307333809
3	162	0.007440594307333809
3	271	0.007440594307333809
12	20	0.007424405113918381
91	121	0.0073947592477572105
75	142	0.007388922524532725
77	142	0.007388922524532725
75	234	0.007388922524532725
77	234	0.007388922524532725
77	14	0.007375798462008116
37	62	0.007366241959316703
62	19	0.007354469307069878
59	19	0.007354469307069878
56	19	0.007354469307069878
95	19	0.007354469307069878
78	19	0.007354469307069878
100	19	0.007354469307069878
19	19	0.007354469307069878
33	19	0.007354469307069878
45	19	0.007354469307069878
63	19	0.007354469307069878
49	19	0.007354469307069878
8	19	0.007354469307069878
106	19	0.007354469307069878
107	19	0.007354469307069878
37	109	0.007351322839374156
68	155	0.007326511525171476
68	219	0.007326511525171476
97	155	0.007326511525171476
97	219	0.007326511525171476
57	29	0.007317665994408787
96	155	0.007310432996731692
66	155	0.007310432996731692
41	219	0.007310432996731692
96	219	0.007310432996731692
17	219	0.007310432996731692
46	219	0.007310432996731692
66	219	0.007310432996731692
26	219	0.007310432996731692
17	155	0.007310432996731692
44	155	0.007310432996731692
41	155	0.007310432996731692
46	155	0.007310432996731692
26	155	0.007310432996731692
69	155	0.007310432996731692
69	219	0.007310432996731692
44	219	0.007310432996731692
7	142	0.007305893618143593
7	234	0.007305893618143593
37	114	0.007290370783715777
102	111	0.007269863888174791
71	114	0.007269863888174791
71	111	0.007269863888174791
71	93	0.007269863888174791
102	114	0.007269863888174791
71	94	0.007269863888174791
102	93	0.007269863888174791
102	94	0.007269863888174791
29	180	0.007257623726645078
29	178	0.007257623726645078
29	182	0.007257623726645078
0	61	0.007256942191408887
0	106	0.007256942191408887
0	122	0.007256942191408887
0	66	0.007256942191408887
0	92	0.007256942191408887
0	118	0.007256942191408887
0	113	0.007256942191408887
0	112	0.007256942191408887
0	115	0.007256942191408887
0	117	0.007256942191408887
0	124	0.007256942191408887
0	79	0.007256942191408887
0	85	0.007256942191408887
0	103	0.007256942191408887
0	98	0.007256942191408887
0	73	0.007256942191408887
0	82	0.007256942191408887
0	81	0.007256942191408887
82	17	0.007251640728337239
82	12	0.007251640728337239
28	33	0.007234759520789449
108	220	0.007224124839229365
74	220	0.007224124839229365
91	220	0.007224124839229365
99	226	0.007217426136194744
99	327	0.007217426136194744
99	304	0.007217426136194744
37	187	0.007210238488942349
28	43	0.007209565698414757
93	315	0.007199923304273828
93	270	0.007199923304273828
93	308	0.007199923304273828
57	26	0.007189882783262564
72	95	0.007189148000175693
36	95	0.007189148000175693
76	95	0.007189148000175693
16	95	0.007189148000175693
49	52	0.007164083914629135
62	52	0.007164083914629135
59	52	0.007164083914629135
49	15	0.007164083914629135
33	15	0.007164083914629135
45	15	0.007164083914629135
107	15	0.007164083914629135
100	23	0.007164083914629135
107	23	0.007164083914629135
56	15	0.007164083914629135
63	15	0.007164083914629135
19	52	0.007164083914629135
56	158	0.007164083914629135
59	158	0.007164083914629135
8	158	0.007164083914629135
45	52	0.007164083914629135
56	52	0.007164083914629135
8	23	0.007164083914629135
8	52	0.007164083914629135
49	23	0.007164083914629135
78	15	0.007164083914629135
62	23	0.007164083914629135
106	15	0.007164083914629135
78	23	0.007164083914629135
45	158	0.007164083914629135
49	158	0.007164083914629135
95	15	0.007164083914629135
100	158	0.007164083914629135
19	23	0.007164083914629135
100	15	0.007164083914629135
106	52	0.007164083914629135
95	158	0.007164083914629135
59	23	0.007164083914629135
63	23	0.007164083914629135
56	23	0.007164083914629135
62	158	0.007164083914629135
19	15	0.007164083914629135
8	15	0.007164083914629135
59	15	0.007164083914629135
45	23	0.007164083914629135
62	15	0.007164083914629135
95	23	0.007164083914629135
106	23	0.007164083914629135
107	158	0.007164083914629135
63	158	0.007164083914629135
78	158	0.007164083914629135
33	23	0.007164083914629135
106	158	0.007164083914629135
95	52	0.007164083914629135
78	52	0.007164083914629135
33	52	0.007164083914629135
33	158	0.007164083914629135
63	52	0.007164083914629135
107	52	0.007164083914629135
100	52	0.007164083914629135
19	158	0.007164083914629135
72	296	0.007156427731092629
36	296	0.007156427731092629
50	1	0.0071435738642680185
75	161	0.007141303535643721
1	308	0.007121795212437248
1	315	0.007121795212437248
53	192	0.007118614650699917
9	258	0.007117600308129152
9	203	0.007117600308129152
9	256	0.007117600308129152
9	257	0.007117600308129152
16	22	0.0071162922029874105
108	291	0.007099466819898955
99	253	0.007081560827143361
0	170	0.007079604543111957
0	167	0.007079604543111957
0	269	0.007079604543111957
0	171	0.007079604543111957
0	253	0.007079604543111957
0	162	0.007079604543111957
0	12	0.007079604543111957
0	317	0.007079604543111957
82	199	0.007065347919086087
36	148	0.007053676497238686
72	148	0.007053676497238686
76	148	0.007053676497238686
82	14	0.007051938629085898
82	209	0.007051938629085898
82	214	0.007051938629085898
23	304	0.0070441062350210994
75	209	0.007037704639371629
77	209	0.007037704639371629
75	286	0.007037704639371629
77	286	0.007037704639371629
69	215	0.007036279116954169
44	215	0.007036279116954169
41	215	0.007036279116954169
68	215	0.007036279116954169
66	215	0.007036279116954169
26	215	0.007036279116954169
96	215	0.007036279116954169
97	215	0.007036279116954169
46	215	0.007036279116954169
84	215	0.007036279116954169
17	215	0.007036279116954169
39	318	0.007010507493624971
36	67	0.007007376518420659
76	67	0.007007376518420659
72	67	0.007007376518420659
58	299	0.0069855223419624645
79	299	0.0069855223419624645
57	299	0.0069855223419624645
86	299	0.0069855223419624645
40	299	0.0069855223419624645
48	299	0.0069855223419624645
7	314	0.006979736531509724
53	17	0.006977108043022643
53	12	0.006977108043022643
98	1	0.0069708743360190895
32	1	0.0069708743360190895
10	47	0.006921122452590844
109	47	0.006921122452590844
39	22	0.006918883872377982
39	229	0.006918883872377982
39	86	0.006918883872377982
39	51	0.006918883872377982
39	75	0.006918883872377982
39	90	0.006918883872377982
39	116	0.006918883872377982
39	55	0.006918883872377982
39	16	0.006918883872377982
39	132	0.006918883872377982
39	291	0.006918883872377982
39	70	0.006918883872377982
39	97	0.006918883872377982
39	95	0.006918883872377982
39	230	0.006918883872377982
39	77	0.006918883872377982
39	129	0.006918883872377982
39	120	0.006918883872377982
39	104	0.006918883872377982
39	119	0.006918883872377982
91	300	0.006898876991729975
108	300	0.006898876991729975
74	300	0.006898876991729975
72	75	0.006895799936611506
91	203	0.006879297083351813
82	194	0.00686431046509081
111	206	0.006857632029882925
16	317	0.006851929500206789
75	258	0.006835178139619385
77	256	0.006835178139619385
75	17	0.006835178139619385
77	17	0.006835178139619385
75	199	0.006835178139619385
77	199	0.006835178139619385
75	257	0.006835178139619385
77	258	0.006835178139619385
75	256	0.006835178139619385
77	257	0.006835178139619385
0	120	0.006816914350550368
99	300	0.006808050163696186
50	20	0.0067987286471873866
100	219	0.006791574211669401
56	219	0.006791574211669401
59	219	0.006791574211669401
45	155	0.006791574211669401
63	155	0.006791574211669401
59	155	0.006791574211669401
62	155	0.006791574211669401
100	155	0.006791574211669401
33	155	0.006791574211669401
95	155	0.006791574211669401
49	155	0.006791574211669401
107	155	0.006791574211669401
56	155	0.006791574211669401
8	155	0.006791574211669401
107	219	0.006791574211669401
45	219	0.006791574211669401
49	219	0.006791574211669401
63	219	0.006791574211669401
8	219	0.006791574211669401
19	219	0.006791574211669401
62	219	0.006791574211669401
95	219	0.006791574211669401
19	155	0.006791574211669401
106	219	0.006791574211669401
106	155	0.006791574211669401
33	219	0.006791574211669401
36	295	0.006779630131568436
72	295	0.006779630131568436
76	214	0.006776106517305665
107	157	0.006752375049433324
63	157	0.006752375049433324
100	157	0.006752375049433324
106	157	0.006752375049433324
8	157	0.006752375049433324
95	157	0.006752375049433324
62	329	0.006752375049433324
33	329	0.006752375049433324
100	329	0.006752375049433324
95	329	0.006752375049433324
49	329	0.006752375049433324
45	329	0.006752375049433324
8	329	0.006752375049433324
33	157	0.006752375049433324
56	157	0.006752375049433324
19	157	0.006752375049433324
59	157	0.006752375049433324
45	157	0.006752375049433324
49	157	0.006752375049433324
62	157	0.006752375049433324
107	329	0.006752375049433324
56	329	0.006752375049433324
106	329	0.006752375049433324
63	329	0.006752375049433324
19	329	0.006752375049433324
59	329	0.006752375049433324
36	115	0.006732007643882644
72	115	0.006732007643882644
36	103	0.006732007643882644
72	103	0.006732007643882644
0	208	0.006716059322901692
62	138	0.006708873830359478
106	138	0.006708873830359478
56	138	0.006708873830359478
8	138	0.006708873830359478
63	138	0.006708873830359478
45	138	0.006708873830359478
95	138	0.006708873830359478
100	138	0.006708873830359478
33	138	0.006708873830359478
107	138	0.006708873830359478
49	138	0.006708873830359478
19	138	0.006708873830359478
59	138	0.006708873830359478
78	138	0.006708873830359478
44	329	0.006693693855016019
44	157	0.006693693855016019
41	157	0.006693693855016019
46	157	0.006693693855016019
26	157	0.006693693855016019
66	157	0.006693693855016019
66	329	0.006693693855016019
69	329	0.006693693855016019
17	329	0.006693693855016019
26	329	0.006693693855016019
41	329	0.006693693855016019
96	329	0.006693693855016019
46	329	0.006693693855016019
96	157	0.006693693855016019
17	157	0.006693693855016019
69	157	0.006693693855016019
7	16	0.006691951360724971
51	167	0.006685775151934748
51	304	0.006685775151934748
51	169	0.006685775151934748
51	192	0.006685775151934748
51	272	0.006685775151934748
51	271	0.006685775151934748
51	162	0.006685775151934748
51	250	0.006685775151934748
51	320	0.006685775151934748
51	17	0.006685775151934748
51	171	0.006685775151934748
51	258	0.006685775151934748
51	254	0.006685775151934748
51	256	0.006685775151934748
51	175	0.006685775151934748
51	253	0.006685775151934748
51	266	0.006685775151934748
51	12	0.006685775151934748
51	18	0.006685775151934748
51	172	0.006685775151934748
51	193	0.006685775151934748
51	163	0.006685775151934748
51	49	0.006685775151934748
51	303	0.006685775151934748
51	287	0.006685775151934748
51	212	0.006685775151934748
51	330	0.006685775151934748
51	226	0.006685775151934748
51	285	0.006685775151934748
51	328	0.006685775151934748
51	22	0.006685775151934748
51	71	0.006685775151934748
51	16	0.006685775151934748
51	284	0.006685775151934748
51	213	0.006685775151934748
51	314	0.006685775151934748
51	327	0.006685775151934748
51	69	0.006685775151934748
51	239	0.006685775151934748
51	240	0.006685775151934748
51	140	0.006685775151934748
51	199	0.006685775151934748
51	203	0.006685775151934748
51	194	0.006685775151934748
51	97	0.006685775151934748
51	161	0.006685775151934748
51	326	0.006685775151934748
51	283	0.006685775151934748
51	197	0.006685775151934748
51	269	0.006685775151934748
51	170	0.006685775151934748
51	96	0.006685775151934748
51	276	0.006685775151934748
51	14	0.006685775151934748
51	295	0.006685775151934748
51	291	0.006685775151934748
51	190	0.006685775151934748
51	268	0.006685775151934748
51	54	0.006685775151934748
51	173	0.006685775151934748
51	229	0.006685775151934748
51	230	0.006685775151934748
51	144	0.006685775151934748
51	146	0.006685775151934748
51	234	0.006685775151934748
51	233	0.006685775151934748
51	210	0.006685775151934748
51	317	0.006685775151934748
51	227	0.006685775151934748
51	75	0.006685775151934748
51	25	0.006685775151934748
51	288	0.006685775151934748
51	128	0.006685775151934748
51	216	0.006685775151934748
51	217	0.006685775151934748
51	257	0.006685775151934748
51	259	0.006685775151934748
51	260	0.006685775151934748
100	143	0.006680324929740483
107	143	0.006680324929740483
95	143	0.006680324929740483
106	143	0.006680324929740483
62	143	0.006680324929740483
59	143	0.006680324929740483
19	143	0.006680324929740483
8	143	0.006680324929740483
78	143	0.006680324929740483
63	143	0.006680324929740483
45	143	0.006680324929740483
33	143	0.006680324929740483
56	143	0.006680324929740483
49	143	0.006680324929740483
0	205	0.0066286445129180105
9	181	0.006591294486077814
9	189	0.006591294486077814
53	189	0.006591294486077814
9	166	0.006591294486077814
53	286	0.006591294486077814
9	188	0.006591294486077814
53	188	0.006591294486077814
9	171	0.006591294486077814
53	171	0.006591294486077814
53	172	0.006591294486077814
53	174	0.006591294486077814
53	181	0.006591294486077814
9	286	0.006591294486077814
53	166	0.006591294486077814
9	172	0.006591294486077814
9	174	0.006591294486077814
98	157	0.0065777202877456125
51	261	0.006572209348212382
37	232	0.0065696632624285215
7	199	0.0065542130737260675
7	17	0.0065542130737260675
31	29	0.006543975227029758
16	220	0.006536987124408826
16	195	0.006536987124408826
82	240	0.006507677928980826
82	254	0.006507677928980826
82	269	0.006507677928980826
82	296	0.006507677928980826
82	276	0.006507677928980826
68	329	0.006495948548287208
68	157	0.006495948548287208
71	262	0.006494813274077244
102	262	0.006494813274077244
23	175	0.006494487079978049
23	190	0.006494487079978049
23	317	0.006494487079978049
23	288	0.006494487079978049
50	138	0.006493715104209098
102	62	0.006474349643838474
12	138	0.006412218542590178
98	138	0.006412218542590178
32	138	0.006412218542590178
7	266	0.006391001617811689
36	185	0.006385634360444768
72	185	0.006385634360444768
76	185	0.006385634360444768
16	185	0.006385634360444768
0	213	0.006381608752761282
0	217	0.006381608752761282
0	314	0.006381608752761282
111	296	0.006378245132276634
111	254	0.006378245132276634
111	276	0.006378245132276634
111	269	0.006378245132276634
111	240	0.006378245132276634
108	318	0.0063745574416419135
74	318	0.0063745574416419135
57	329	0.0063590228263369925
57	157	0.0063590228263369925
71	276	0.0063397722152165395
71	283	0.0063397722152165395
102	283	0.0063397722152165395
102	239	0.0063397722152165395
71	239	0.0063397722152165395
102	276	0.0063397722152165395
97	141	0.006326733293884288
97	252	0.006326733293884288
68	252	0.006326733293884288
68	141	0.006326733293884288
56	301	0.006315309820972966
78	301	0.006315309820972966
100	301	0.006315309820972966
49	301	0.006315309820972966
63	301	0.006315309820972966
8	301	0.006315309820972966
59	301	0.006315309820972966
62	301	0.006315309820972966
95	301	0.006315309820972966
19	301	0.006315309820972966
45	301	0.006315309820972966
33	301	0.006315309820972966
106	301	0.006315309820972966
107	301	0.006315309820972966
71	293	0.0062905262618163805
102	293	0.0062905262618163805
91	291	0.006284436699542208
0	218	0.006271402670046021
71	89	0.006264317862751438
102	89	0.006264317862751438
72	218	0.006246864264832685
36	218	0.006246864264832685
76	218	0.006246864264832685
71	279	0.006243155046497577
77	193	0.006234577722771216
91	14	0.0062007019576921975
89	26	0.0062000024059568485
15	26	0.0062000024059568485
87	26	0.0062000024059568485
74	170	0.006194855287410897
108	171	0.006194855287410897
74	171	0.006194855287410897
74	167	0.006194855287410897
108	170	0.006194855287410897
108	167	0.006194855287410897
29	22	0.006188821578166979
41	252	0.006178465730894167
66	252	0.006178465730894167
69	252	0.006178465730894167
44	252	0.006178465730894167
96	252	0.006178465730894167
17	252	0.006178465730894167
26	252	0.006178465730894167
46	252	0.006178465730894167
96	141	0.006178465730894167
26	141	0.006178465730894167
41	141	0.006178465730894167
44	141	0.006178465730894167
17	141	0.006178465730894167
69	141	0.006178465730894167
66	141	0.006178465730894167
46	141	0.006178465730894167
74	248	0.006169908374685966
108	248	0.006169908374685966
91	248	0.006169908374685966
0	110	0.006145888665263876
98	252	0.006144155829130032
7	295	0.006138772100767687
16	190	0.0061246224604654936
16	268	0.0061246224604654936
16	266	0.0061246224604654936
37	119	0.006121871073717217
37	83	0.006121871073717217
0	89	0.006121441119194614
108	194	0.0061200701227928775
74	194	0.0061200701227928775
99	283	0.0060776994986324545
50	301	0.006070265664931745
7	195	0.00604667868867549
98	301	0.006033251063274018
32	301	0.006033251063274018
12	301	0.006033251063274018
33	35	0.006018490241252627
45	35	0.006018490241252627
78	35	0.006018490241252627
95	35	0.006018490241252627
63	35	0.006018490241252627
49	35	0.006018490241252627
100	35	0.006018490241252627
56	35	0.006018490241252627
107	35	0.006018490241252627
106	35	0.006018490241252627
62	35	0.006018490241252627
59	35	0.006018490241252627
19	35	0.006018490241252627
8	35	0.006018490241252627
59	297	0.00600443446656766
19	297	0.00600443446656766
106	297	0.00600443446656766
33	137	0.00600443446656766
8	40	0.00600443446656766
107	153	0.00600443446656766
78	36	0.00600443446656766
19	153	0.00600443446656766
100	153	0.00600443446656766
59	36	0.00600443446656766
49	36	0.00600443446656766
95	36	0.00600443446656766
107	36	0.00600443446656766
106	36	0.00600443446656766
45	36	0.00600443446656766
63	36	0.00600443446656766
62	36	0.00600443446656766
56	36	0.00600443446656766
100	36	0.00600443446656766
78	153	0.00600443446656766
45	153	0.00600443446656766
33	153	0.00600443446656766
78	297	0.00600443446656766
100	242	0.00600443446656766
19	36	0.00600443446656766
33	36	0.00600443446656766
56	153	0.00600443446656766
8	36	0.00600443446656766
8	153	0.00600443446656766
19	40	0.00600443446656766
95	153	0.00600443446656766
49	153	0.00600443446656766
63	153	0.00600443446656766
62	153	0.00600443446656766
59	153	0.00600443446656766
106	153	0.00600443446656766
95	297	0.00600443446656766
33	40	0.00600443446656766
106	137	0.00600443446656766
95	137	0.00600443446656766
106	242	0.00600443446656766
78	242	0.00600443446656766
100	137	0.00600443446656766
107	242	0.00600443446656766
107	137	0.00600443446656766
100	297	0.00600443446656766
78	40	0.00600443446656766
62	40	0.00600443446656766
45	40	0.00600443446656766
49	40	0.00600443446656766
107	40	0.00600443446656766
63	40	0.00600443446656766
56	40	0.00600443446656766
59	40	0.00600443446656766
8	137	0.00600443446656766
45	242	0.00600443446656766
95	40	0.00600443446656766
100	40	0.00600443446656766
107	297	0.00600443446656766
106	40	0.00600443446656766
49	242	0.00600443446656766
8	242	0.00600443446656766
33	242	0.00600443446656766
62	242	0.00600443446656766
63	242	0.00600443446656766
95	242	0.00600443446656766
59	242	0.00600443446656766
19	242	0.00600443446656766
8	297	0.00600443446656766
56	242	0.00600443446656766
59	137	0.00600443446656766
78	137	0.00600443446656766
63	137	0.00600443446656766
49	297	0.00600443446656766
45	297	0.00600443446656766
56	297	0.00600443446656766
62	297	0.00600443446656766
63	297	0.00600443446656766
56	137	0.00600443446656766
19	137	0.00600443446656766
49	137	0.00600443446656766
62	137	0.00600443446656766
33	297	0.00600443446656766
45	137	0.00600443446656766
0	108	0.005995064964193142
0	86	0.005995064964193142
69	177	0.00599116891254046
26	177	0.00599116891254046
96	177	0.00599116891254046
17	177	0.00599116891254046
44	177	0.00599116891254046
46	177	0.00599116891254046
41	177	0.00599116891254046
66	177	0.00599116891254046
59	141	0.005975931036142665
33	141	0.005975931036142665
49	141	0.005975931036142665
45	141	0.005975931036142665
62	141	0.005975931036142665
95	141	0.005975931036142665
19	141	0.005975931036142665
8	141	0.005975931036142665
100	252	0.005975931036142665
95	252	0.005975931036142665
45	252	0.005975931036142665
33	252	0.005975931036142665
19	252	0.005975931036142665
56	252	0.005975931036142665
63	252	0.005975931036142665
59	252	0.005975931036142665
8	252	0.005975931036142665
100	141	0.005975931036142665
56	141	0.005975931036142665
63	141	0.005975931036142665
107	141	0.005975931036142665
106	141	0.005975931036142665
106	252	0.005975931036142665
107	252	0.005975931036142665
62	252	0.005975931036142665
49	252	0.005975931036142665
111	229	0.005970853043248731
102	53	0.005969605454758747
71	53	0.005969605454758747
36	262	0.0059653104159395
72	262	0.0059653104159395
76	262	0.0059653104159395
16	262	0.0059653104159395
0	95	0.005956059303934076
0	60	0.005956059303934076
0	129	0.005956059303934076
0	55	0.005956059303934076
0	131	0.005956059303934076
0	91	0.005956059303934076
0	104	0.005956059303934076
0	51	0.005956059303934076
37	51	0.005937203631740215
37	112	0.005937203631740215
23	226	0.005934112319700114
50	242	0.005915576347366688
50	137	0.005915576347366688
50	36	0.005915576347366688
50	40	0.005915576347366688
50	153	0.005915576347366688
98	40	0.005902615472663145
98	137	0.005902615472663145
98	242	0.005902615472663145
32	36	0.005902615472663145
12	36	0.005902615472663145
32	242	0.005902615472663145
12	297	0.005902615472663145
12	40	0.005902615472663145
12	153	0.005902615472663145
32	297	0.005902615472663145
32	137	0.005902615472663145
32	153	0.005902615472663145
98	153	0.005902615472663145
98	297	0.005902615472663145
12	137	0.005902615472663145
12	242	0.005902615472663145
32	40	0.005902615472663145
98	36	0.005902615472663145
68	177	0.005899802978644012
97	177	0.005899802978644012
77	103	0.005898792258874172
16	234	0.005895750258238941
16	142	0.005895750258238941
102	0	0.005888256038953799
71	0	0.005888256038953799
31	20	0.005887148318646537
50	157	0.005881396344412778
16	258	0.005877664446436017
16	17	0.005877664446436017
16	203	0.005877664446436017
16	199	0.005877664446436017
16	257	0.005877664446436017
16	256	0.005877664446436017
10	299	0.00587136753317804
37	185	0.005856652630488052
99	194	0.005820771725795811
0	102	0.005798898530945515
0	130	0.005798898530945515
16	161	0.005781343672624031
37	279	0.005766719127548573
77	283	0.005761423734799433
99	90	0.005753851080177874
98	35	0.0057403977797394895
32	35	0.0057403977797394895
37	85	0.005734578410025821
50	252	0.005733964329576537
12	252	0.005733964329576537
7	304	0.005726901662090517
36	90	0.005715272550049357
76	90	0.005715272550049357
72	90	0.005715272550049357
75	226	0.005712454427410206
75	327	0.005712454427410206
77	327	0.005712454427410206
77	226	0.005712454427410206
77	304	0.005712454427410206
75	304	0.005712454427410206
57	20	0.005695001073867906
72	121	0.005691015045497479
69	20	0.005675395255660135
68	20	0.005675395255660135
17	20	0.005675395255660135
96	20	0.005675395255660135
41	20	0.005675395255660135
26	20	0.005675395255660135
46	20	0.005675395255660135
44	20	0.005675395255660135
66	20	0.005675395255660135
111	203	0.0056602987999779105
111	190	0.0056602987999779105
111	210	0.0056602987999779105
111	295	0.0056602987999779105
24	0	0.0056602987999779105
24	295	0.0056602987999779105
24	258	0.0056602987999779105
111	268	0.0056602987999779105
111	327	0.0056602987999779105
24	210	0.0056602987999779105
24	268	0.0056602987999779105
24	190	0.0056602987999779105
24	203	0.0056602987999779105
24	327	0.0056602987999779105
111	0	0.0056602987999779105
111	256	0.0056602987999779105
24	257	0.0056602987999779105
111	257	0.0056602987999779105
111	258	0.0056602987999779105
24	175	0.0056602987999779105
24	317	0.0056602987999779105
111	317	0.0056602987999779105
24	256	0.0056602987999779105
111	175	0.0056602987999779105
111	288	0.0056602987999779105
24	288	0.0056602987999779105
37	229	0.005655979856687685
99	318	0.005644437059721427
82	0	0.005634916408809449
16	291	0.0056330511361975255
37	326	0.005619005657924043
71	214	0.005601343860864692
82	227	0.005562018268450946
45	147	0.005560107284897169
49	147	0.005560107284897169
78	147	0.005560107284897169
95	147	0.005560107284897169
56	147	0.005560107284897169
62	147	0.005560107284897169
107	147	0.005560107284897169
8	147	0.005560107284897169
106	147	0.005560107284897169
59	147	0.005560107284897169
100	147	0.005560107284897169
63	147	0.005560107284897169
19	147	0.005560107284897169
33	147	0.005560107284897169
77	95	0.005549099123301076
72	130	0.005547287772670954
40	282	0.005545686253404438
48	282	0.005545686253404438
86	282	0.005545686253404438
73	282	0.005545686253404438
57	282	0.005545686253404438
58	282	0.005545686253404438
90	282	0.005545686253404438
89	282	0.005545686253404438
87	282	0.005545686253404438
79	282	0.005545686253404438
13	282	0.005545686253404438
15	282	0.005545686253404438
109	282	0.005545686253404438
101	282	0.005545686253404438
10	282	0.005545686253404438
14	282	0.005545686253404438
37	73	0.005544227982071456
99	167	0.005514589557436208
99	171	0.005514589557436208
99	170	0.005514589557436208
90	39	0.005502298219604187
89	39	0.005502298219604187
14	39	0.005502298219604187
13	39	0.005502298219604187
87	39	0.005502298219604187
10	39	0.005502298219604187
86	39	0.005502298219604187
79	39	0.005502298219604187
48	39	0.005502298219604187
101	39	0.005502298219604187
58	39	0.005502298219604187
15	39	0.005502298219604187
40	39	0.005502298219604187
109	39	0.005502298219604187
73	39	0.005502298219604187
102	181	0.005495330287256061
102	220	0.005495330287256061
71	166	0.005495330287256061
102	195	0.005495330287256061
71	179	0.005495330287256061
71	195	0.005495330287256061
71	181	0.005495330287256061
102	179	0.005495330287256061
102	166	0.005495330287256061
71	186	0.005495330287256061
102	186	0.005495330287256061
71	187	0.005495330287256061
102	187	0.005495330287256061
102	189	0.005495330287256061
71	189	0.005495330287256061
71	176	0.005495330287256061
71	220	0.005495330287256061
102	176	0.005495330287256061
75	291	0.005489768988199019
77	291	0.005489768988199019
13	1	0.0054448848093498585
89	1	0.0054448848093498585
90	1	0.0054448848093498585
14	1	0.0054448848093498585
15	1	0.0054448848093498585
109	1	0.0054448848093498585
79	1	0.0054448848093498585
48	1	0.0054448848093498585
58	1	0.0054448848093498585
86	1	0.0054448848093498585
10	1	0.0054448848093498585
40	1	0.0054448848093498585
73	1	0.0054448848093498585
87	1	0.0054448848093498585
101	1	0.0054448848093498585
71	91	0.005416009631595754
0	179	0.00540446909199329
0	195	0.00540446909199329
0	189	0.00540446909199329
0	166	0.00540446909199329
0	181	0.00540446909199329
0	214	0.00540446909199329
0	176	0.00540446909199329
0	220	0.00540446909199329
0	188	0.00540446909199329
10	46	0.0053850712522992466
91	269	0.005354295349493736
37	82	0.005348475124124687
37	81	0.005348475124124687
37	117	0.005348475124124687
37	61	0.005348475124124687
37	113	0.005348475124124687
37	129	0.005348475124124687
37	118	0.005348475124124687
37	124	0.005348475124124687
53	194	0.005335362139266779
89	292	0.00529917752890465
40	292	0.00529917752890465
90	292	0.00529917752890465
87	292	0.00529917752890465
48	292	0.00529917752890465
79	292	0.00529917752890465
73	292	0.00529917752890465
86	292	0.00529917752890465
109	292	0.00529917752890465
101	292	0.00529917752890465
58	292	0.00529917752890465
57	292	0.00529917752890465
14	292	0.00529917752890465
15	292	0.00529917752890465
13	292	0.00529917752890465
10	292	0.00529917752890465
75	318	0.005228830036589938
77	318	0.005228830036589938
72	253	0.005192492638266121
76	253	0.005192492638266121
36	253	0.005192492638266121
102	109	0.005170093862576555
71	167	0.0051579034857738345
102	167	0.0051579034857738345
71	162	0.0051579034857738345
71	326	0.0051579034857738345
102	162	0.0051579034857738345
102	326	0.0051579034857738345
71	317	0.0051579034857738345
102	212	0.0051579034857738345
71	12	0.0051579034857738345
71	171	0.0051579034857738345
102	170	0.0051579034857738345
102	171	0.0051579034857738345
71	170	0.0051579034857738345
102	12	0.0051579034857738345
102	317	0.0051579034857738345
71	253	0.0051579034857738345
102	253	0.0051579034857738345
71	212	0.0051579034857738345
99	176	0.005157378946363431
99	179	0.005157378946363431
77	194	0.005151184879100233
75	194	0.005151184879100233
7	318	0.005150340130184103
7	184	0.005145081711716588
99	314	0.005124917870692441
76	14	0.005113772446993778
102	234	0.005096691986074469
71	234	0.005096691986074469
99	16	0.005082684823035289
78	157	0.0050802205325187035
78	329	0.0050802205325187035
50	219	0.00504676595226339
12	219	0.00504676595226339
12	155	0.00504676595226339
50	155	0.00504676595226339
72	214	0.0050372632546139854
36	214	0.0050372632546139854
71	259	0.005015800106765764
73	143	0.0050111860385709415
89	143	0.0050111860385709415
40	143	0.0050111860385709415
48	143	0.0050111860385709415
109	143	0.0050111860385709415
79	143	0.0050111860385709415
101	143	0.0050111860385709415
13	143	0.0050111860385709415
87	143	0.0050111860385709415
10	143	0.0050111860385709415
86	143	0.0050111860385709415
57	143	0.0050111860385709415
14	143	0.0050111860385709415
90	143	0.0050111860385709415
58	143	0.0050111860385709415
15	143	0.0050111860385709415
32	143	0.0050072901278534546
98	143	0.0050072901278534546
12	143	0.0050072901278534546
102	142	0.004983110843011596
71	142	0.004983110843011596
102	218	0.004983110843011596
71	218	0.004983110843011596
102	205	0.004983110843011596
71	205	0.004983110843011596
16	226	0.004894687731895857
16	304	0.004894687731895857
16	327	0.004894687731895857
37	65	0.004893780036653764
0	121	0.0048906712312422555
0	83	0.0048906712312422555
91	12	0.004884096268348713
37	120	0.00484018834840085
98	219	0.004832801202340027
98	155	0.004832801202340027
71	226	0.004824722343276164
102	172	0.004824722343276164
102	266	0.004824722343276164
102	175	0.004824722343276164
71	172	0.004824722343276164
102	227	0.004824722343276164
102	173	0.004824722343276164
71	173	0.004824722343276164
71	256	0.004824722343276164
102	268	0.004824722343276164
71	209	0.004824722343276164
102	213	0.004824722343276164
71	175	0.004824722343276164
102	226	0.004824722343276164
71	210	0.004824722343276164
71	266	0.004824722343276164
102	257	0.004824722343276164
71	217	0.004824722343276164
102	217	0.004824722343276164
102	314	0.004824722343276164
102	238	0.004824722343276164
71	238	0.004824722343276164
71	285	0.004824722343276164
102	102	0.004824722343276164
102	286	0.004824722343276164
102	203	0.004824722343276164
102	209	0.004824722343276164
71	227	0.004824722343276164
71	268	0.004824722343276164
102	199	0.004824722343276164
102	194	0.004824722343276164
71	102	0.004824722343276164
102	304	0.004824722343276164
71	314	0.004824722343276164
71	303	0.004824722343276164
102	96	0.004824722343276164
71	272	0.004824722343276164
102	25	0.004824722343276164
71	130	0.004824722343276164
102	130	0.004824722343276164
71	257	0.004824722343276164
71	96	0.004824722343276164
102	258	0.004824722343276164
71	258	0.004824722343276164
71	190	0.004824722343276164
71	327	0.004824722343276164
102	303	0.004824722343276164
102	272	0.004824722343276164
102	190	0.004824722343276164
71	25	0.004824722343276164
102	17	0.004824722343276164
102	256	0.004824722343276164
71	203	0.004824722343276164
71	17	0.004824722343276164
71	304	0.004824722343276164
102	327	0.004824722343276164
71	286	0.004824722343276164
102	285	0.004824722343276164
71	199	0.004824722343276164
71	194	0.004824722343276164
71	213	0.004824722343276164
102	210	0.004824722343276164
0	293	0.0048036238751604145
0	142	0.0048036238751604145
76	72	0.004796773922874693
82	285	0.004785824663600795
82	192	0.004785824663600795
16	318	0.004767720750665397
75	179	0.00476097022365367
77	176	0.00476097022365367
75	176	0.00476097022365367
77	179	0.00476097022365367
91	193	0.004754012484677445
36	314	0.004731575335596633
76	314	0.004731575335596633
72	213	0.004731575335596633
76	213	0.004731575335596633
72	314	0.004731575335596633
76	217	0.004731575335596633
36	217	0.004731575335596633
36	213	0.004731575335596633
72	217	0.004731575335596633
7	214	0.004706802872215115
75	170	0.004690871024322678
75	167	0.004690871024322678
77	167	0.004690871024322678
77	170	0.004690871024322678
75	171	0.004690871024322678
77	171	0.004690871024322678
77	161	0.004690513086602978
13	299	0.004674721150623545
73	299	0.004674721150623545
90	299	0.004674721150623545
37	89	0.004669984854337066
37	205	0.004649581366810263
0	0	0.004638102712936567
0	268	0.004638102712936567
0	227	0.004638102712936567
0	210	0.004638102712936567
0	226	0.004638102712936567
0	276	0.004638102712936567
0	194	0.004638102712936567
0	203	0.004638102712936567
0	190	0.004638102712936567
0	199	0.004638102712936567
0	17	0.004638102712936567
0	163	0.004638102712936567
0	193	0.004638102712936567
0	327	0.004638102712936567
0	14	0.004638102712936567
0	304	0.004638102712936567
0	234	0.004638102712936567
0	172	0.004638102712936567
0	209	0.004638102712936567
0	286	0.004638102712936567
0	239	0.004638102712936567
0	266	0.004638102712936567
0	257	0.004638102712936567
0	173	0.004638102712936567
0	285	0.004638102712936567
0	175	0.004638102712936567
0	258	0.004638102712936567
0	256	0.004638102712936567
0	303	0.004638102712936567
0	283	0.004638102712936567
0	161	0.004638102712936567
0	233	0.004638102712936567
7	174	0.004624260071447332
7	194	0.004606784237427672
59	29	0.004606665683591732
8	29	0.004606665683591732
49	29	0.004606665683591732
63	29	0.004606665683591732
56	29	0.004606665683591732
78	29	0.004606665683591732
45	29	0.004606665683591732
19	29	0.004606665683591732
62	29	0.004606665683591732
33	29	0.004606665683591732
107	29	0.004606665683591732
106	29	0.004606665683591732
95	29	0.004606665683591732
100	29	0.004606665683591732
37	283	0.004603433150285216
37	276	0.004603433150285216
37	239	0.004603433150285216
14	19	0.0045952172318512825
48	19	0.0045952172318512825
40	19	0.0045952172318512825
10	19	0.0045952172318512825
58	19	0.0045952172318512825
57	19	0.0045952172318512825
13	19	0.0045952172318512825
87	19	0.0045952172318512825
86	19	0.0045952172318512825
90	19	0.0045952172318512825
89	19	0.0045952172318512825
109	19	0.0045952172318512825
15	19	0.0045952172318512825
79	19	0.0045952172318512825
101	19	0.0045952172318512825
73	19	0.0045952172318512825
71	332	0.004594125731002725
37	217	0.004592053100034605
37	213	0.004592053100034605
37	314	0.004592053100034605
37	214	0.004590868478052065
37	293	0.004584793686746827
74	0	0.004583723217869751
108	210	0.004583723217869751
108	0	0.004583723217869751
74	173	0.004583723217869751
74	172	0.004583723217869751
108	172	0.004583723217869751
108	285	0.004583723217869751
74	285	0.004583723217869751
74	210	0.004583723217869751
108	173	0.004583723217869751
74	175	0.004583723217869751
108	175	0.004583723217869751
71	140	0.004558059820083705
37	74	0.004547633963663792
7	203	0.0045467792995765675
78	219	0.004495802761164179
78	155	0.004495802761164179
7	263	0.004468136418617867
91	317	0.004465373845993058
78	252	0.004459791805698505
78	141	0.004459791805698505
37	86	0.004396201457315193
72	72	0.0043700372488084055
36	72	0.0043700372488084055
57	23	0.004363809297571935
79	23	0.004363809297571935
73	23	0.004363809297571935
48	23	0.004363809297571935
90	23	0.004363809297571935
109	15	0.004363809297571935
86	15	0.004363809297571935
87	23	0.004363809297571935
89	23	0.004363809297571935
109	23	0.004363809297571935
101	23	0.004363809297571935
86	23	0.004363809297571935
40	23	0.004363809297571935
79	52	0.004363809297571935
13	158	0.004363809297571935
10	158	0.004363809297571935
101	52	0.004363809297571935
87	52	0.004363809297571935
89	52	0.004363809297571935
90	52	0.004363809297571935
101	15	0.004363809297571935
15	15	0.004363809297571935
73	15	0.004363809297571935
58	15	0.004363809297571935
13	15	0.004363809297571935
14	15	0.004363809297571935
40	15	0.004363809297571935
79	15	0.004363809297571935
89	15	0.004363809297571935
90	15	0.004363809297571935
48	15	0.004363809297571935
87	15	0.004363809297571935
109	52	0.004363809297571935
58	158	0.004363809297571935
14	158	0.004363809297571935
15	158	0.004363809297571935
57	158	0.004363809297571935
73	52	0.004363809297571935
15	23	0.004363809297571935
10	23	0.004363809297571935
57	15	0.004363809297571935
10	15	0.004363809297571935
14	23	0.004363809297571935
58	23	0.004363809297571935
90	158	0.004363809297571935
89	158	0.004363809297571935
15	52	0.004363809297571935
13	23	0.004363809297571935
48	52	0.004363809297571935
87	158	0.004363809297571935
86	158	0.004363809297571935
101	158	0.004363809297571935
40	52	0.004363809297571935
57	52	0.004363809297571935
58	52	0.004363809297571935
13	52	0.004363809297571935
14	52	0.004363809297571935
86	52	0.004363809297571935
10	52	0.004363809297571935
48	158	0.004363809297571935
40	158	0.004363809297571935
109	158	0.004363809297571935
79	158	0.004363809297571935
73	158	0.004363809297571935
53	285	0.004352937347788285
53	304	0.004352937347788285
7	166	0.0043523064263131335
7	181	0.0043523064263131335
7	189	0.0043523064263131335
43	215	0.0043491516784606365
47	215	0.0043491516784606365
4	215	0.0043491516784606365
70	215	0.0043491516784606365
7	291	0.004321404303605534
71	62	0.004316607191816531
71	233	0.004315534881702356
71	193	0.004315534881702356
71	14	0.004315534881702356
71	163	0.004315534881702356
71	57	0.004315534881702356
71	161	0.004315534881702356
71	65	0.004315534881702356
109	26	0.004290191524742299
101	26	0.004290191524742299
10	26	0.004290191524742299
14	26	0.004290191524742299
72	269	0.004289342639669952
36	269	0.004289342639669952
76	269	0.004289342639669952
102	55	0.004286255632745682
102	107	0.004286255632745682
102	67	0.004286255632745682
71	68	0.004286255632745682
71	74	0.004286255632745682
71	55	0.004286255632745682
102	68	0.004286255632745682
102	74	0.004286255632745682
71	107	0.004286255632745682
71	67	0.004286255632745682
76	283	0.004284127168743321
72	283	0.004284127168743321
36	283	0.004284127168743321
16	283	0.004284127168743321
37	102	0.004274620913602768
37	130	0.004274620913602768
7	14	0.004265790571135024
9	209	0.0042539966776616684
9	268	0.0042539966776616684
9	214	0.0042539966776616684
9	14	0.0042539966776616684
9	190	0.0042539966776616684
9	317	0.0042539966776616684
9	288	0.0042539966776616684
9	327	0.0042539966776616684
9	210	0.0042539966776616684
9	175	0.0042539966776616684
9	0	0.0042539966776616684
23	210	0.004237527188995839
71	66	0.004225077945727767
102	66	0.004225077945727767
99	182	0.00420369401883917
99	180	0.00420369401883917
99	178	0.00420369401883917
12	177	0.004163585808688599
50	177	0.004163585808688599
48	138	0.00413911702331876
73	138	0.00413911702331876
79	138	0.00413911702331876
101	138	0.00413911702331876
58	138	0.00413911702331876
57	138	0.00413911702331876
86	138	0.00413911702331876
13	138	0.00413911702331876
14	138	0.00413911702331876
15	138	0.00413911702331876
10	138	0.00413911702331876
90	138	0.00413911702331876
89	138	0.00413911702331876
87	138	0.00413911702331876
109	138	0.00413911702331876
40	138	0.00413911702331876
36	12	0.0041244136812302375
72	12	0.0041244136812302375
76	12	0.0041244136812302375
99	234	0.004104269752790129
99	172	0.004104269752790129
99	0	0.004104269752790129
99	173	0.004104269752790129
99	175	0.004104269752790129
99	210	0.004104269752790129
99	285	0.004104269752790129
99	142	0.004104269752790129
74	195	0.0040786583156372045
91	195	0.0040786583156372045
108	195	0.0040786583156372045
76	317	0.004077523137995172
72	317	0.004077523137995172
36	317	0.004077523137995172
100	215	0.004072168805123747
107	215	0.004072168805123747
56	215	0.004072168805123747
49	215	0.004072168805123747
63	215	0.004072168805123747
106	215	0.004072168805123747
62	215	0.004072168805123747
78	215	0.004072168805123747
45	215	0.004072168805123747
59	215	0.004072168805123747
95	215	0.004072168805123747
19	215	0.004072168805123747
8	215	0.004072168805123747
33	215	0.004072168805123747
7	188	0.004062111927634778
98	177	0.004035008947976508
37	166	0.0040280657822964324
37	189	0.0040280657822964324
37	181	0.0040280657822964324
37	176	0.0040280657822964324
37	179	0.0040280657822964324
37	220	0.0040280657822964324
37	195	0.0040280657822964324
72	162	0.0040208640494743654
36	162	0.0040208640494743654
76	162	0.0040208640494743654
16	194	0.004017382555788246
78	177	0.004004778562227109
37	171	0.00399731856284188
37	162	0.00399731856284188
37	317	0.00399731856284188
37	253	0.00399731856284188
37	170	0.00399731856284188
37	167	0.00399731856284188
37	12	0.00399731856284188
77	180	0.003990225659145183
77	182	0.003990225659145183
75	178	0.003990225659145183
75	182	0.003990225659145183
77	178	0.003990225659145183
75	180	0.003990225659145183
71	92	0.0039727298496090935
71	79	0.0039727298496090935
102	90	0.0039727298496090935
102	79	0.0039727298496090935
102	106	0.0039727298496090935
71	106	0.0039727298496090935
102	98	0.0039727298496090935
71	83	0.0039727298496090935
102	87	0.0039727298496090935
71	98	0.0039727298496090935
71	87	0.0039727298496090935
71	108	0.0039727298496090935
71	77	0.0039727298496090935
102	76	0.0039727298496090935
71	76	0.0039727298496090935
102	108	0.0039727298496090935
102	92	0.0039727298496090935
102	83	0.0039727298496090935
102	60	0.0039727298496090935
71	104	0.0039727298496090935
102	77	0.0039727298496090935
102	97	0.0039727298496090935
71	60	0.0039727298496090935
71	97	0.0039727298496090935
102	104	0.0039727298496090935
71	90	0.0039727298496090935
71	119	0.0039727298496090935
102	119	0.0039727298496090935
0	132	0.003941730862469498
0	119	0.003941730862469498
0	75	0.003941730862469498
37	77	0.00392356984363507
37	76	0.00392356984363507
37	90	0.00392356984363507
16	167	0.003916835457962531
16	171	0.003916835457962531
16	170	0.003916835457962531
75	16	0.0039015210451818494
91	16	0.0039015210451818494
91	234	0.003855689948675286
91	142	0.003855689948675286
102	73	0.003842735495191084
16	276	0.0038370968693040783
72	276	0.0038370968693040783
36	276	0.0038370968693040783
76	276	0.0038370968693040783
37	110	0.0038116868253700725
14	301	0.003797350055705932
48	301	0.003797350055705932
58	301	0.003797350055705932
79	301	0.003797350055705932
86	301	0.003797350055705932
87	301	0.003797350055705932
73	301	0.003797350055705932
89	301	0.003797350055705932
101	301	0.003797350055705932
15	301	0.003797350055705932
90	301	0.003797350055705932
109	301	0.003797350055705932
10	301	0.003797350055705932
13	301	0.003797350055705932
40	301	0.003797350055705932
57	301	0.003797350055705932
37	103	0.0037920278220858958
37	115	0.0037920278220858958
71	185	0.003766710414003593
102	185	0.003766710414003593
82	258	0.0037518524346453405
82	256	0.0037518524346453405
82	327	0.0037518524346453405
82	268	0.0037518524346453405
82	203	0.0037518524346453405
82	257	0.0037518524346453405
82	295	0.0037518524346453405
14	147	0.0037392499974462723
10	147	0.0037392499974462723
87	147	0.0037392499974462723
86	147	0.0037392499974462723
48	147	0.0037392499974462723
57	147	0.0037392499974462723
89	147	0.0037392499974462723
90	147	0.0037392499974462723
73	147	0.0037392499974462723
79	147	0.0037392499974462723
58	147	0.0037392499974462723
101	147	0.0037392499974462723
15	147	0.0037392499974462723
13	147	0.0037392499974462723
40	147	0.0037392499974462723
109	147	0.0037392499974462723
108	184	0.0037189651458016952
74	184	0.0037189651458016952
91	184	0.0037189651458016952
16	179	0.003714886506190063
16	176	0.003714886506190063
7	269	0.0036916185250602885
107	20	0.0036557641451065446
78	20	0.0036557641451065446
33	20	0.0036557641451065446
95	20	0.0036557641451065446
19	20	0.0036557641451065446
106	20	0.0036557641451065446
100	20	0.0036557641451065446
62	20	0.0036557641451065446
56	20	0.0036557641451065446
8	20	0.0036557641451065446
63	20	0.0036557641451065446
59	20	0.0036557641451065446
49	20	0.0036557641451065446
45	20	0.0036557641451065446
98	29	0.0036205562570295613
32	29	0.0036205562570295613
76	181	0.0036068058793374005
72	181	0.0036068058793374005
76	189	0.0036068058793374005
36	166	0.0036068058793374005
72	166	0.0036068058793374005
72	189	0.0036068058793374005
36	181	0.0036068058793374005
76	166	0.0036068058793374005
36	189	0.0036068058793374005
102	75	0.003596439040138419
102	72	0.003596439040138419
102	22	0.003596439040138419
102	86	0.003596439040138419
87	35	0.003573968102644128
73	35	0.003573968102644128
79	35	0.003573968102644128
40	35	0.003573968102644128
109	35	0.003573968102644128
86	35	0.003573968102644128
90	35	0.003573968102644128
14	35	0.003573968102644128
89	35	0.003573968102644128
101	35	0.003573968102644128
13	35	0.003573968102644128
58	35	0.003573968102644128
10	35	0.003573968102644128
15	35	0.003573968102644128
48	35	0.003573968102644128
58	26	0.0035735272232020137
79	26	0.0035735272232020137
73	26	0.0035735272232020137
86	26	0.0035735272232020137
40	26	0.0035735272232020137
13	26	0.0035735272232020137
90	26	0.0035735272232020137
48	26	0.0035735272232020137
91	190	0.003567263991483104
91	268	0.003567263991483104
91	266	0.003567263991483104
37	234	0.0035601457796094814
15	297	0.0035585392304331095
109	242	0.0035585392304331095
79	242	0.0035585392304331095
101	242	0.0035585392304331095
40	36	0.0035585392304331095
86	36	0.0035585392304331095
13	297	0.0035585392304331095
40	137	0.0035585392304331095
40	153	0.0035585392304331095
14	153	0.0035585392304331095
87	137	0.0035585392304331095
73	137	0.0035585392304331095
10	153	0.0035585392304331095
40	297	0.0035585392304331095
48	297	0.0035585392304331095
10	297	0.0035585392304331095
109	137	0.0035585392304331095
101	297	0.0035585392304331095
109	297	0.0035585392304331095
90	36	0.0035585392304331095
89	36	0.0035585392304331095
79	36	0.0035585392304331095
13	40	0.0035585392304331095
40	40	0.0035585392304331095
79	40	0.0035585392304331095
73	40	0.0035585392304331095
101	40	0.0035585392304331095
89	137	0.0035585392304331095
48	40	0.0035585392304331095
101	137	0.0035585392304331095
86	137	0.0035585392304331095
90	137	0.0035585392304331095
13	153	0.0035585392304331095
15	153	0.0035585392304331095
15	40	0.0035585392304331095
14	40	0.0035585392304331095
89	242	0.0035585392304331095
48	153	0.0035585392304331095
90	242	0.0035585392304331095
58	153	0.0035585392304331095
86	153	0.0035585392304331095
10	137	0.0035585392304331095
58	137	0.0035585392304331095
57	137	0.0035585392304331095
58	40	0.0035585392304331095
15	137	0.0035585392304331095
10	40	0.0035585392304331095
57	153	0.0035585392304331095
13	137	0.0035585392304331095
14	137	0.0035585392304331095
79	137	0.0035585392304331095
79	297	0.0035585392304331095
90	297	0.0035585392304331095
58	242	0.0035585392304331095
57	242	0.0035585392304331095
48	137	0.0035585392304331095
40	242	0.0035585392304331095
89	297	0.0035585392304331095
73	297	0.0035585392304331095
57	36	0.0035585392304331095
79	153	0.0035585392304331095
73	153	0.0035585392304331095
90	153	0.0035585392304331095
89	153	0.0035585392304331095
109	40	0.0035585392304331095
73	242	0.0035585392304331095
10	242	0.0035585392304331095
57	40	0.0035585392304331095
57	297	0.0035585392304331095
58	297	0.0035585392304331095
14	242	0.0035585392304331095
15	242	0.0035585392304331095
10	36	0.0035585392304331095
109	153	0.0035585392304331095
13	242	0.0035585392304331095
48	242	0.0035585392304331095
15	36	0.0035585392304331095
14	36	0.0035585392304331095
58	36	0.0035585392304331095
13	36	0.0035585392304331095
14	297	0.0035585392304331095
86	40	0.0035585392304331095
87	153	0.0035585392304331095
101	153	0.0035585392304331095
86	242	0.0035585392304331095
87	242	0.0035585392304331095
73	36	0.0035585392304331095
86	297	0.0035585392304331095
87	36	0.0035585392304331095
101	36	0.0035585392304331095
109	36	0.0035585392304331095
87	297	0.0035585392304331095
48	36	0.0035585392304331095
90	40	0.0035585392304331095
89	40	0.0035585392304331095
87	40	0.0035585392304331095
75	210	0.0035571806649253596
77	210	0.0035571806649253596
75	285	0.0035571806649253596
75	173	0.0035571806649253596
77	172	0.0035571806649253596
75	0	0.0035571806649253596
77	173	0.0035571806649253596
77	0	0.0035571806649253596
75	175	0.0035571806649253596
77	285	0.0035571806649253596
75	172	0.0035571806649253596
77	175	0.0035571806649253596
76	188	0.003547334204743985
72	188	0.003547334204743985
36	188	0.003547334204743985
91	256	0.0035224964265511706
91	17	0.0035224964265511706
91	258	0.0035224964265511706
91	199	0.0035224964265511706
91	257	0.0035224964265511706
111	173	0.0035112232152464387
111	176	0.0035112232152464387
111	161	0.0035112232152464387
111	170	0.0035112232152464387
111	226	0.0035112232152464387
0	318	0.0035074832850779977
76	193	0.003500094827471848
36	14	0.003488303598497946
72	14	0.003488303598497946
53	257	0.003487273576410178
53	256	0.003487273576410178
53	203	0.003487273576410178
53	258	0.003487273576410178
91	161	0.0034763815499054282
37	75	0.0034112713362897218
37	193	0.0033979399578933085
37	14	0.0033979399578933085
37	233	0.0033979399578933085
37	163	0.0033979399578933085
37	161	0.0033979399578933085
37	218	0.0033520682349442196
37	142	0.0033520682349442196
82	304	0.003349588486350454
57	219	0.0033363303232715295
10	219	0.0033363303232715295
40	219	0.0033363303232715295
48	219	0.0033363303232715295
58	219	0.0033363303232715295
14	219	0.0033363303232715295
14	155	0.0033363303232715295
15	219	0.0033363303232715295
48	155	0.0033363303232715295
40	155	0.0033363303232715295
15	155	0.0033363303232715295
109	155	0.0033363303232715295
87	155	0.0033363303232715295
58	155	0.0033363303232715295
109	219	0.0033363303232715295
13	155	0.0033363303232715295
90	155	0.0033363303232715295
89	155	0.0033363303232715295
101	155	0.0033363303232715295
13	219	0.0033363303232715295
87	219	0.0033363303232715295
90	219	0.0033363303232715295
73	219	0.0033363303232715295
101	219	0.0033363303232715295
86	219	0.0033363303232715295
89	219	0.0033363303232715295
79	219	0.0033363303232715295
10	155	0.0033363303232715295
73	155	0.0033363303232715295
86	155	0.0033363303232715295
79	155	0.0033363303232715295
57	155	0.0033363303232715295
48	157	0.003324561117213157
10	157	0.003324561117213157
15	157	0.003324561117213157
89	157	0.003324561117213157
86	157	0.003324561117213157
101	157	0.003324561117213157
73	329	0.003324561117213157
79	157	0.003324561117213157
87	329	0.003324561117213157
58	329	0.003324561117213157
109	329	0.003324561117213157
90	329	0.003324561117213157
73	157	0.003324561117213157
87	157	0.003324561117213157
89	329	0.003324561117213157
109	157	0.003324561117213157
40	157	0.003324561117213157
90	157	0.003324561117213157
14	157	0.003324561117213157
13	157	0.003324561117213157
58	157	0.003324561117213157
86	329	0.003324561117213157
48	329	0.003324561117213157
40	329	0.003324561117213157
14	329	0.003324561117213157
10	329	0.003324561117213157
13	329	0.003324561117213157
15	329	0.003324561117213157
79	329	0.003324561117213157
101	329	0.003324561117213157
37	0	0.003321060351984018
37	286	0.003321060351984018
37	194	0.003321060351984018
37	266	0.003321060351984018
37	209	0.003321060351984018
37	210	0.003321060351984018
37	258	0.003321060351984018
37	203	0.003321060351984018
37	199	0.003321060351984018
37	256	0.003321060351984018
37	173	0.003321060351984018
37	172	0.003321060351984018
37	175	0.003321060351984018
37	268	0.003321060351984018
37	327	0.003321060351984018
37	227	0.003321060351984018
37	190	0.003321060351984018
37	17	0.003321060351984018
37	257	0.003321060351984018
37	285	0.003321060351984018
37	304	0.003321060351984018
37	226	0.003321060351984018
37	303	0.003321060351984018
82	173	0.003307188607856234
82	170	0.003307188607856234
82	161	0.003307188607856234
82	176	0.003307188607856234
72	220	0.0032778472125761476
76	220	0.0032778472125761476
76	195	0.0032778472125761476
36	195	0.0032778472125761476
72	195	0.0032778472125761476
36	220	0.0032778472125761476
12	215	0.0032765206002212874
32	215	0.0032765206002212874
6	215	0.0032765206002212874
98	215	0.0032765206002212874
61	215	0.0032765206002212874
91	286	0.003240815270872352
91	209	0.003240815270872352
0	76	0.0032168865416505312
0	74	0.0032168865416505312
0	72	0.0032168865416505312
7	285	0.0032155727832666654
10	29	0.0032110246079269772
73	29	0.0032110246079269772
89	29	0.0032110246079269772
87	29	0.0032110246079269772
109	29	0.0032110246079269772
101	29	0.0032110246079269772
14	29	0.0032110246079269772
13	29	0.0032110246079269772
40	29	0.0032110246079269772
58	29	0.0032110246079269772
86	29	0.0032110246079269772
79	29	0.0032110246079269772
90	29	0.0032110246079269772
15	29	0.0032110246079269772
48	29	0.0032110246079269772
91	304	0.0031994444317686413
91	226	0.0031994444317686413
91	327	0.0031994444317686413
7	317	0.0031932217207487424
76	22	0.0031179618495024977
37	67	0.003086264716221258
57	252	0.003016210890986976
89	252	0.003016210890986976
79	252	0.003016210890986976
14	252	0.003016210890986976
10	141	0.003016210890986976
13	252	0.003016210890986976
15	252	0.003016210890986976
73	252	0.003016210890986976
90	252	0.003016210890986976
101	252	0.003016210890986976
58	141	0.003016210890986976
87	141	0.003016210890986976
79	141	0.003016210890986976
73	141	0.003016210890986976
86	141	0.003016210890986976
10	252	0.003016210890986976
57	141	0.003016210890986976
109	141	0.003016210890986976
48	252	0.003016210890986976
101	141	0.003016210890986976
90	141	0.003016210890986976
58	252	0.003016210890986976
89	141	0.003016210890986976
40	252	0.003016210890986976
86	252	0.003016210890986976
87	252	0.003016210890986976
15	141	0.003016210890986976
109	252	0.003016210890986976
48	141	0.003016210890986976
40	141	0.003016210890986976
13	141	0.003016210890986976
14	141	0.003016210890986976
99	291	0.002986254775211523
37	121	0.0029262790693837344
37	132	0.0029262790693837344
37	95	0.0028972005962122896
37	131	0.0028972005962122896
76	291	0.002888936034986557
72	291	0.002888936034986557
36	291	0.002888936034986557
36	234	0.0028449857922968036
76	142	0.0028449857922968036
76	234	0.0028449857922968036
72	234	0.0028449857922968036
72	142	0.0028449857922968036
36	142	0.0028449857922968036
72	17	0.0028272583024676803
36	258	0.0028272583024676803
76	256	0.0028272583024676803
76	257	0.0028272583024676803
72	256	0.0028272583024676803
36	256	0.0028272583024676803
36	203	0.0028272583024676803
76	199	0.0028272583024676803
36	199	0.0028272583024676803
72	199	0.0028272583024676803
36	257	0.0028272583024676803
72	203	0.0028272583024676803
76	17	0.0028272583024676803
76	203	0.0028272583024676803
36	17	0.0028272583024676803
72	258	0.0028272583024676803
76	258	0.0028272583024676803
72	257	0.0028272583024676803
16	175	0.0028054832837913816
16	285	0.0028054832837913816
16	0	0.0028054832837913816
16	173	0.0028054832837913816
16	286	0.0028054832837913816
16	172	0.0028054832837913816
16	209	0.0028054832837913816
16	210	0.0028054832837913816
71	109	0.00275073085683934
82	175	0.0027195607859519136
82	190	0.0027195607859519136
82	288	0.0027195607859519136
82	317	0.0027195607859519136
72	268	0.002670139099066762
36	268	0.002670139099066762
72	190	0.002670139099066762
76	268	0.002670139099066762
72	266	0.002670139099066762
36	266	0.002670139099066762
36	190	0.002670139099066762
76	266	0.002670139099066762
76	190	0.002670139099066762
32	20	0.0026488470662418217
98	20	0.0026488470662418217
91	318	0.0025997606420302666
76	161	0.002599060247487142
37	70	0.002577866398857413
36	327	0.002565382684343435
72	327	0.002565382684343435
72	304	0.002565382684343435
72	226	0.002565382684343435
36	226	0.002565382684343435
36	304	0.002565382684343435
76	304	0.002565382684343435
76	327	0.002565382684343435
76	226	0.002565382684343435
0	116	0.0025619472542210775
0	90	0.0025619472542210775
0	70	0.0025619472542210775
0	291	0.0025619472542210775
0	77	0.0025619472542210775
10	177	0.0025484016138068158
86	177	0.0025484016138068158
14	177	0.0025484016138068158
101	177	0.0025484016138068158
89	177	0.0025484016138068158
48	177	0.0025484016138068158
90	177	0.0025484016138068158
58	177	0.0025484016138068158
73	177	0.0025484016138068158
79	177	0.0025484016138068158
87	177	0.0025484016138068158
15	177	0.0025484016138068158
13	177	0.0025484016138068158
40	177	0.0025484016138068158
109	177	0.0025484016138068158
57	177	0.0025484016138068158
86	215	0.0024932065280683473
15	215	0.0024932065280683473
87	215	0.0024932065280683473
57	215	0.0024932065280683473
79	215	0.0024932065280683473
13	215	0.0024932065280683473
58	215	0.0024932065280683473
109	215	0.0024932065280683473
48	215	0.0024932065280683473
101	215	0.0024932065280683473
90	215	0.0024932065280683473
40	215	0.0024932065280683473
10	215	0.0024932065280683473
73	215	0.0024932065280683473
14	215	0.0024932065280683473
89	215	0.0024932065280683473
7	190	0.0024415094977153795
7	268	0.0024415094977153795
7	169	0.0024415094977153795
7	258	0.0024353164531209694
7	256	0.0024353164531209694
7	257	0.0024353164531209694
37	318	0.002428401423769366
102	16	0.0024273167215159396
71	16	0.0024273167215159396
77	16	0.0024159261171156844
91	167	0.002410846756913568
91	170	0.002410846756913568
91	171	0.002410846756913568
0	105	0.0023995206139053636
53	206	0.002399492807642882
9	206	0.002399492807642882
9	167	0.002399492807642882
53	167	0.002399492807642882
74	176	0.0023846938620467116
74	179	0.0023846938620467116
108	179	0.0023846938620467116
91	176	0.0023846938620467116
91	179	0.0023846938620467116
108	176	0.0023846938620467116
91	194	0.0023750897845310876
37	72	0.0023598603716065295
0	182	0.0023530265243174513
0	178	0.0023530265243174513
0	180	0.0023530265243174513
71	182	0.002320594864212591
71	178	0.002320594864212591
102	182	0.002320594864212591
102	180	0.002320594864212591
71	180	0.002320594864212591
102	178	0.002320594864212591
102	232	0.002320594864212591
71	232	0.002320594864212591
72	193	0.0022739695191918608
36	193	0.0022739695191918608
7	254	0.0022694268357364225
7	327	0.0022694268357364225
7	226	0.0022694268357364225
7	161	0.0022562960125678383
102	70	0.0022476638401728245
71	70	0.0022476638401728245
71	85	0.0022476638401728245
102	85	0.0022476638401728245
102	112	0.0022361761736246787
71	51	0.0022361761736246787
102	51	0.0022361761736246787
71	112	0.0022361761736246787
72	22	0.002232884878321401
36	22	0.002232884878321401
36	318	0.0022175320334710076
76	318	0.0022175320334710076
72	318	0.0022175320334710076
9	295	0.0022060061117799607
79	20	0.0021904594060980455
90	20	0.0021904594060980455
87	20	0.0021904594060980455
73	20	0.0021904594060980455
14	20	0.0021904594060980455
10	20	0.0021904594060980455
15	20	0.0021904594060980455
13	20	0.0021904594060980455
40	20	0.0021904594060980455
48	20	0.0021904594060980455
86	20	0.0021904594060980455
58	20	0.0021904594060980455
89	20	0.0021904594060980455
101	20	0.0021904594060980455
109	20	0.0021904594060980455
0	67	0.0021770434751148897
82	210	0.002131580117063109
82	226	0.0020790122525721484
7	286	0.002077474895852326
7	209	0.002077474895852326
71	81	0.002074610335647087
102	81	0.002074610335647087
102	82	0.002074610335647087
102	117	0.002074610335647087
71	82	0.002074610335647087
71	61	0.002074610335647087
71	129	0.002074610335647087
102	129	0.002074610335647087
71	124	0.002074610335647087
71	117	0.002074610335647087
102	124	0.002074610335647087
71	118	0.002074610335647087
71	113	0.002074610335647087
102	113	0.002074610335647087
102	61	0.002074610335647087
102	118	0.002074610335647087
76	170	0.0020288890893873056
36	167	0.0020288890893873056
36	171	0.0020288890893873056
72	170	0.0020288890893873056
76	171	0.0020288890893873056
76	167	0.0020288890893873056
72	167	0.0020288890893873056
72	171	0.0020288890893873056
36	170	0.0020288890893873056
71	73	0.002028884375819095
53	14	0.0020028989613581336
53	288	0.0020028989613581336
53	210	0.0020028989613581336
53	175	0.0020028989613581336
53	268	0.0020028989613581336
53	190	0.0020028989613581336
53	209	0.0020028989613581336
53	214	0.0020028989613581336
53	295	0.0020028989613581336
53	317	0.0020028989613581336
53	327	0.0020028989613581336
53	0	0.0020028989613581336
91	180	0.0019253422981567179
108	178	0.0019253422981567179
91	182	0.0019253422981567179
108	182	0.0019253422981567179
91	178	0.0019253422981567179
108	180	0.0019253422981567179
74	180	0.0019253422981567179
74	182	0.0019253422981567179
74	178	0.0019253422981567179
76	16	0.0019091852846486756
72	16	0.0019091852846486756
36	16	0.0019091852846486756
16	16	0.0019091852846486756
71	318	0.0018989929390265158
102	318	0.0018989929390265158
37	116	0.0018618208740252302
37	291	0.0018618208740252302
71	75	0.0018597402173237112
71	72	0.0018597402173237112
71	86	0.0018597402173237112
71	22	0.0018597402173237112
37	16	0.001837852757365281
16	178	0.0018110017991631777
16	182	0.0018110017991631777
16	180	0.0018110017991631777
36	161	0.001796705338566472
72	161	0.001796705338566472
102	110	0.0017931350222711723
102	103	0.0017931350222711723
102	115	0.0017931350222711723
37	180	0.0017638693633416063
37	178	0.0017638693633416063
37	182	0.0017638693633416063
76	179	0.0017397494434658962
36	179	0.0017397494434658962
72	179	0.0017397494434658962
76	176	0.0017397494434658962
36	176	0.0017397494434658962
72	176	0.0017397494434658962
91	173	0.001709119452279845
91	172	0.001709119452279845
91	175	0.001709119452279845
91	210	0.001709119452279845
91	285	0.001709119452279845
91	0	0.001709119452279845
72	194	0.0017033214071253053
76	194	0.0017033214071253053
36	194	0.0017033214071253053
71	132	0.0016973040243009132
102	132	0.0016973040243009132
71	116	0.0016973040243009132
102	291	0.0016973040243009132
102	116	0.0016973040243009132
71	120	0.0016973040243009132
102	120	0.0016973040243009132
71	291	0.0016973040243009132
102	121	0.0016973040243009132
71	229	0.0016973040243009132
71	230	0.0016973040243009132
71	121	0.0016973040243009132
102	229	0.0016973040243009132
102	230	0.0016973040243009132
0	16	0.0016959562854136907
0	22	0.0016959562854136907
7	171	0.0016373539631783676
7	240	0.0016373539631783676
7	170	0.0016373539631783676
7	167	0.0016373539631783676
53	173	0.0016219840305928006
53	170	0.0016219840305928006
9	173	0.0016219840305928006
53	240	0.0016219840305928006
53	269	0.0016219840305928006
9	170	0.0016219840305928006
53	226	0.0016219840305928006
9	226	0.0016219840305928006
53	176	0.0016219840305928006
53	296	0.0016219840305928006
9	161	0.0016219840305928006
53	161	0.0016219840305928006
9	176	0.0016219840305928006
9	269	0.0016219840305928006
9	240	0.0016219840305928006
9	296	0.0016219840305928006
53	276	0.0016219840305928006
9	276	0.0016219840305928006
9	254	0.0016219840305928006
53	254	0.0016219840305928006
37	22	0.0015191764064781575
36	173	0.0012437425166985164
36	286	0.0012437425166985164
76	286	0.0012437425166985164
72	175	0.0012437425166985164
36	285	0.0012437425166985164
76	210	0.0012437425166985164
76	173	0.0012437425166985164
72	173	0.0012437425166985164
76	175	0.0012437425166985164
36	172	0.0012437425166985164
36	175	0.0012437425166985164
76	172	0.0012437425166985164
72	172	0.0012437425166985164
72	286	0.0012437425166985164
72	210	0.0012437425166985164
72	209	0.0012437425166985164
76	285	0.0012437425166985164
76	0	0.0012437425166985164
72	285	0.0012437425166985164
36	0	0.0012437425166985164
36	210	0.0012437425166985164
76	209	0.0012437425166985164
36	209	0.0012437425166985164
72	0	0.0012437425166985164
71	115	0.0012263978561901964
71	110	0.0012263978561901964
71	103	0.0012263978561901964
7	176	0.0011858516717152686
7	179	0.0011858516717152686
7	175	0.0011457740796114548
7	210	0.0011457740796114548
7	0	0.0011457740796114548
7	172	0.0011457740796114548
7	173	0.0011457740796114548
37	105	0.0011290541359066228
7	180	0.000960471255010285
7	182	0.000960471255010285
7	178	0.000960471255010285
102	131	0.0009262126559887707
102	95	0.0009262126559887707
71	105	0.0009262126559887707
71	95	0.0009262126559887707
102	105	0.0009262126559887707
71	131	0.0009262126559887707
36	180	0.0008500264430947004
76	182	0.0008500264430947004
36	178	0.0008500264430947004
72	180	0.0008500264430947004
76	178	0.0008500264430947004
72	178	0.0008500264430947004
76	180	0.0008500264430947004
36	182	0.0008500264430947004
72	182	0.0008500264430947004
